entry_ts,exit_ts,direction,gross_return,net_return,hold_bars,regime,confidence,conviction
1701389340000,1701390240000,SHORT,0.0012212056958682915,-0.0009787943041317086,12,BEAR,0.9999998220013602,0.9999973199136324
1701389460000,1701390300000,SHORT,5.674314955423329e-05,-0.002143256850445767,12,BEAR,0.9999999994469747,0.9999999887599408
1701389520000,1701390420000,SHORT,0.00011606523381986159,-0.0020839347661801384,12,BEAR,0.9999999999979748,0.9999999999472482
1701389640000,1701390480000,SHORT,2.5795268117518277e-06,-0.0021974204731882484,12,BEAR,0.9999999999744501,0.9999999994056513
1701389700000,1701390540000,SHORT,-0.00032244168319717697,-0.002522441683197177,12,BEAR,0.9999999149973554,0.9999986629426082
1701389820000,1701390600000,SHORT,0.0002631117347834839,-0.0019368882652165162,12,BEAR,0.9999999585900451,0.9999993215256402
1701389880000,1701390720000,SHORT,-0.00011349947248544384,-0.002313499472485444,12,BEAR,0.9999999051974211,0.9999985182105995
1701389940000,1701390840000,SHORT,-0.0002244194115053478,-0.0024244194115053477,12,BEAR,0.9999999993192134,0.9999999862934298
1701390000000,1701391140000,SHORT,-0.00014444232366425785,-0.002344442323664258,12,BEAR,0.9999999996774149,0.9999999932830246
1701399420000,1701400320000,SHORT,0.0006105458381977263,-0.001589454161802274,12,BEAR,0.9999999999979706,0.9999999999471378
1701399540000,1701400380000,SHORT,0.00010734687096643084,-0.0020926531290335693,12,BEAR,0.9999999999949513,0.9999999998735694
1701422100000,1701422820000,SHORT,-0.0032625193507233884,-0.005462519350723389,12,BEAR,0.9999995676906536,0.9999938400122185
1701422220000,1701422940000,SHORT,-0.0005400924437299036,-0.002740092443729904,12,BEAR,0.9999999906625568,0.9999998343456361
1701422340000,1701423060000,SHORT,-0.0025100439446132414,-0.0047100439446132415,12,BEAR,0.9595660060288607,0.8458774203792541
1701422460000,1701423180000,SHORT,-0.0008205339241847824,-0.0030205339241847827,12,BEAR,0.9999999999979606,0.9999999999468877
1701422880000,1701423600000,SHORT,-0.0017651673640168462,-0.0039651673640168465,12,BEAR,0.9999999999090511,0.9999999979981021
1701422940000,1701423660000,SHORT,-0.00031383773333835475,-0.002513837733338355,12,BEAR,0.9999999999793656,0.9999999995154242
1701424620000,1701425340000,SHORT,0.0010417684018621245,-0.0011582315981378756,12,BEAR,0.9999999331465482,0.9999989338043357
1701424680000,1701425400000,SHORT,0.0003281283658205099,-0.0018718716341794902,12,BEAR,0.9999999999937607,0.9999999998452859
1701424740000,1701425460000,SHORT,0.0008264524902516173,-0.001373547509748383,12,BEAR,0.9999999981929949,0.9999999652348447
1701424860000,1701425580000,SHORT,0.0044529643163799745,0.0022529643163799744,12,BEAR,0.9999999982420259,0.9999999661338471
1701424920000,1701425640000,SHORT,0.004040489750283295,0.001840489750283295,12,BEAR,0.9999999999979429,0.9999999999464425
1701424980000,1701425700000,SHORT,0.0029434419014083783,0.0007434419014083781,12,BEAR,0.9999999643825379,0.9999994115450042
1701425040000,1701425760000,SHORT,0.005435528934142071,0.003235528934142071,12,BEAR,0.9999800842188404,0.9997856532454101
1701425100000,1701425820000,SHORT,0.004375,0.0021750000000000003,12,BEAR,0.9999999999876922,0.9999999997041881
1701425160000,1701425880000,SHORT,0.003745262130821408,0.001545262130821408,12,BEAR,0.9999999181086423,0.9999987091019374
1701425220000,1701425940000,SHORT,0.001603077909586406,-0.0005969220904135941,12,BEAR,0.9999999989710717,0.9999999796740512
1701425280000,1701426000000,SHORT,0.0018744001543622563,-0.00032559984563774384,12,BEAR,0.9999999402688695,0.9999990412671114
1701425340000,1701426060000,SHORT,0.0020656547298229266,-0.00013434527017707355,12,BEAR,0.9999999982167962,0.9999999656711395
1701425400000,1701426120000,SHORT,0.002242528870993202,4.252887099320205e-05,12,BEAR,0.9999999996568559,0.9999999928745567
1701425460000,1701426180000,SHORT,0.0002982702830057168,-0.0019017297169942834,12,BEAR,0.9999999999979885,0.9999999999475911
1701437100000,1701437940000,SHORT,0.0010493232369603565,-0.0011506767630396436,12,BEAR,0.999999999997959,0.9999999999468472
1701448020000,1701448740000,SHORT,-0.0019206306279234424,-0.0041206306279234425,12,BEAR,0.9999999999979737,0.999999999947216
1701448080000,1701448800000,SHORT,-0.00028769851197326155,-0.0024876985119732615,12,BEAR,0.9999999999796201,0.9999999995211486
1701448140000,1701448860000,SHORT,-0.0001925987068371813,-0.0023925987068371814,12,BEAR,0.9999999997925085,0.9999999955943791
1701448200000,1701448920000,SHORT,-0.0024886781434912903,-0.00468867814349129,12,BEAR,0.9263626448239478,0.7606547566970867
1701448260000,1701448980000,SHORT,0.0011926043528808043,-0.0010073956471191958,12,BEAR,0.9974198215269283,0.9836571606389178
1701448320000,1701449040000,SHORT,3.252081332059794e-05,-0.0021674791866794023,12,BEAR,0.9999999999831325,0.9999999996003037
1701448680000,1701449400000,SHORT,-0.0009600000000000363,-0.0031600000000000365,12,BEAR,0.9999999999684439,0.9999999992726879
1701448800000,1701449520000,SHORT,0.00011754731279350852,-0.0020824526872064916,12,BEAR,0.9999993514048723,0.9999909976527876
1701449280000,1701450000000,SHORT,-0.0008645849992005293,-0.0030645849992005296,12,BEAR,0.9999998520839288,0.9999977479324889
1701449340000,1701450060000,SHORT,0.0008663953459338616,-0.0013336046540661384,12,BEAR,0.9999986586494041,0.9999822695553363
1701542280000,1701543060000,SHORT,-0.0023255872107707195,-0.00452558721077072,12,BEAR,0.9999999100580043,0.9999985898732657
1701542340000,1701543120000,SHORT,-0.000716546992500084,-0.002916546992500084,12,BEAR,0.999998392903767,0.9999790212501654
1701542460000,1701543300000,SHORT,-0.0011627121949755832,-0.0033627121949755833,12,BEAR,0.9999999998236423,0.9999999962286116
1701545100000,1701545820000,SHORT,0.0015308944374209862,-0.0006691055625790139,12,BEAR,0.9999999999137785,0.9999999980977686
1701545220000,1701545940000,SHORT,0.0012654886685726037,-0.0009345113314273964,12,BEAR,0.9999999988185266,0.9999999768101914
1701545700000,1701546480000,SHORT,-0.001230854405742082,-0.003430854405742082,12,BEAR,0.9999999994241745,0.999999988317951
1701545760000,1701546540000,SHORT,-0.0025927758535379247,-0.004792775853537925,12,BEAR,0.9999999948761439,0.9999999062957972
1701609120000,1701609840000,SHORT,0.0014339899669643594,-0.0007660100330356408,12,BEAR,0.9999999999979559,0.9999999999467671
1701609240000,1701609960000,SHORT,-0.0015688735487919675,-0.0037688735487919674,12,BEAR,0.9999999984875672,0.9999999706560366
1701612360000,1701613140000,SHORT,0.0014764513345507078,-0.0007235486654492923,12,BEAR,0.9999999999968066,0.9999999999183374
1701619620000,1701620340000,SHORT,-0.0015639662183296842,-0.0037639662183296843,12,BEAR,0.9999999999979611,0.9999999999468993
1701642120000,1701642840000,SHORT,-0.005578431038925052,-0.007778431038925053,12,BEAR,0.999989360775739,0.9998794219310787
1701643320000,1701644040000,SHORT,-0.0009299442033476581,-0.003129944203347658,12,BEAR,0.9999975010169111,0.9999683828907887
1701643440000,1701644160000,SHORT,-0.0032459328655563236,-0.005445932865556323,12,BEAR,0.9999999999780839,0.9999999994866724
1701643500000,1701644220000,SHORT,-0.0020876978584729628,-0.004287697858472963,12,BEAR,0.9999541502197848,0.9995413354797344
1701643560000,1701644280000,SHORT,-0.0018616196090597763,-0.004061619609059776,12,BEAR,0.99999999980714,0.9999999958918381
1701643620000,1701644340000,SHORT,-0.0007864450746759847,-0.002986445074675985,12,BEAR,0.9999999997970532,0.9999999956866417
1701643680000,1701644400000,SHORT,0.0006190034045188656,-0.0015809965954811345,12,BEAR,0.9999999997579035,0.9999999948944119
1701643740000,1701644460000,SHORT,0.001340317176140454,-0.0008596828238595462,12,BEAR,0.9999999999979706,0.9999999999471385
1701643860000,1701644580000,SHORT,0.00018164864308463615,-0.002018351356915364,12,BEAR,0.9999999993292249,0.9999999864858374
1701643920000,1701644640000,SHORT,-0.0025768822391481414,-0.004776882239148142,12,BEAR,0.9999999999955388,0.9999999998876384
1701643980000,1701644700000,SHORT,-0.0004063841007059209,-0.002606384100705921,12,BEAR,0.9999998571935714,0.9999978211581895
1701644040000,1701644820000,SHORT,-0.001238773614122125,-0.003438773614122125,12,BEAR,0.9999999220868518,0.9999987682803616
1701644100000,1701644880000,SHORT,-0.002863302730069453,-0.005063302730069453,12,BEAR,0.9999999967444962,0.9999999391170908
1701646500000,1701647280000,SHORT,-0.0019150531918767145,-0.004115053191876715,12,BEAR,0.9999999879603975,0.9999997891949785
1701651240000,1701652020000,SHORT,0.001908433734939689,-0.0002915662650603112,12,BEAR,0.9999999999513989,0.9999999989007619
1701651840000,1701652560000,SHORT,-0.004254887811423829,-0.006454887811423829,12,BEAR,0.999999995226763,0.9999999123993443
1701652620000,1701653340000,SHORT,-0.007579541961266488,-0.009779541961266488,12,BEAR,0.9999999985353292,0.9999999715397148
1701653220000,1701653940000,SHORT,-0.0009324598577223307,-0.003132459857722331,12,BEAR,0.9993922977341826,0.9953504483954402
1701653280000,1701654000000,SHORT,-0.0024394552042507713,-0.0046394552042507715,12,BEAR,0.9999999994510146,0.9999999888383383
1701653340000,1701654060000,SHORT,-0.001325261000142979,-0.0035252610001429794,12,BEAR,0.9999657878450875,0.9996486360369375
1701653880000,1701654600000,SHORT,0.0002615373641788916,-0.0019384626358211086,12,BEAR,0.99999999719976,0.9999999472462466
1701654540000,1701655260000,SHORT,0.00301476951754167,0.00081476951754167,12,BEAR,0.9999999998716499,0.999999997216859
1701654600000,1701655320000,SHORT,0.0027611301369862666,0.0005611301369862665,12,BEAR,0.9999999168627044,0.9999986906043651
1701655200000,1701655920000,SHORT,8.574756393549271e-05,-0.0021142524360645075,12,BEAR,0.9999999999904486,0.9999999997677639
1701655260000,1701655980000,SHORT,-0.0006105006105005758,-0.002810500610500576,12,BEAR,0.9999852596306017,0.9998373168409035
1701655500000,1701656220000,SHORT,-0.0006783093855088796,-0.00287830938550888,12,BEAR,0.9999999999979757,0.9999999999472654
1701655620000,1701656340000,SHORT,0.0007777533901458776,-0.0014222466098541226,12,BEAR,0.999999992335455,0.9999998626455081
1701656940000,1701657660000,SHORT,-0.0015272450025016926,-0.003727245002501693,12,BEAR,0.999999999997985,0.9999999999474981
1701657000000,1701657720000,SHORT,-0.0004405800414859693,-0.0026405800414859696,12,BEAR,0.9999999999979863,0.9999999999475334
1701666060000,1701666780000,SHORT,-0.006871310507674144,-0.009071310507674145,12,BEAR,0.9999936186549151,0.9999247088054515
1701666840000,1701667560000,SHORT,-0.002330203710960772,-0.004530203710960772,12,BEAR,0.9999999999917274,0.9999999997975147
1701666900000,1701667620000,SHORT,0.0005784556872499553,-0.001621544312750045,12,BEAR,0.9999969757500602,0.999962262398588
1701666960000,1701667680000,SHORT,-0.0003184057238110951,-0.0025184057238110953,12,BEAR,0.9999999999978331,0.9999999999436882
1701667020000,1701667740000,SHORT,-0.0011659687276394902,-0.0033659687276394903,12,BEAR,0.9999999211568772,0.9999987544301236
1701667080000,1701667800000,SHORT,-0.0023899261913862785,-0.004589926191386279,12,BEAR,0.9999999999970822,0.9999999999250896
1701667140000,1701667860000,SHORT,-0.001157233883058505,-0.003357233883058505,12,BEAR,0.9999999973724534,0.9999999503469088
1701667200000,1701667920000,SHORT,0.00020128070701015167,-0.0019987192929898485,12,BEAR,0.9999999999979728,0.999999999947195
1701667260000,1701667980000,SHORT,0.00010078093505964615,-0.002099219064940354,12,BEAR,0.9999999875766706,0.9999997828312195
1701667320000,1701668040000,SHORT,0.0005993407252022435,-0.0016006592747977565,12,BEAR,0.9999999999886362,0.9999999997258882
1701667440000,1701668160000,SHORT,0.005480410447761194,0.003280410447761194,12,BEAR,0.9992515825383728,0.9944157650170968
1701667500000,1701668220000,SHORT,0.003218460604220502,0.0010184606042205019,12,BEAR,0.9999999974178847,0.9999999511641732
1701667560000,1701668280000,SHORT,-0.0002996703626012069,-0.002499670362601207,12,BEAR,0.997663742342517,0.9849907100356554
1701667620000,1701668340000,SHORT,-0.0015489089682064953,-0.0037489089682064955,12,BEAR,0.9999998359141772,0.9999975172392097
1701667680000,1701668400000,SHORT,-0.0005991611743558677,-0.002799161174355868,12,BEAR,0.9999999527936594,0.9999992321862637
1701667740000,1701668460000,SHORT,-0.0015184463107379208,-0.003718446310737921,12,BEAR,0.9999999998271863,0.9999999963011021
1701667800000,1701668520000,SHORT,-0.0014202418388740165,-0.003620241838874017,12,BEAR,0.9999999998804936,0.9999999974005596
1701667860000,1701668580000,SHORT,-0.0014647592038822797,-0.00366475920388228,12,BEAR,0.9999998880022878,0.9999982664402887
1701668340000,1701669060000,SHORT,-0.001396775484133545,-0.003596775484133545,12,BEAR,0.9999999973486106,0.9999999499182326
1701669480000,1701670200000,SHORT,0.001981684571769621,-0.00021831542823037928,12,BEAR,0.9999998975463585,0.9999984058613155
1701669540000,1701670260000,SHORT,0.0019755525373501884,-0.0002244474626498117,12,BEAR,0.9999999997873327,0.9999999954893718
1701669660000,1701670380000,SHORT,0.0045063174522671666,0.0023063174522671664,12,BEAR,0.999998437862538,0.9999795677881989
1701669960000,1701670680000,SHORT,-0.0017497914968076574,-0.003949791496807658,12,BEAR,0.9999999999979742,0.9999999999472287
1701670020000,1701670740000,SHORT,-0.0025613221657193796,-0.004761322165719379,12,BEAR,0.9999999997899346,0.9999999955421488
1701670140000,1701670860000,SHORT,-0.008291377341893015,-0.010491377341893015,12,BEAR,0.9999999581889117,0.9999993153202389
1701670200000,1701670920000,SHORT,-0.0075780582043458,-0.0097780582043458,12,BEAR,0.9999804378910659,0.9997891406446242
1701670260000,1701670980000,SHORT,-0.006314207082649586,-0.008514207082649586,12,BEAR,0.9999999999979656,0.9999999999470119
1701670320000,1701671040000,SHORT,-0.006386460330076139,-0.008586460330076139,12,BEAR,0.9999999999928973,0.9999999998249265
1701670380000,1701671100000,SHORT,-0.005739605145079236,-0.007939605145079236,12,BEAR,0.9999999998195808,0.9999999961455972
1701670740000,1701671460000,SHORT,-0.00515384615384612,-0.0073538461538461206,12,BEAR,0.9999999999979856,0.9999999999475145
1701670800000,1701671520000,SHORT,-0.0020640195092891836,-0.004264019509289184,12,BEAR,0.9968456083928287,0.980597863814494
1701670920000,1701671640000,SHORT,0.004773695753984127,0.0025736957539841273,12,BEAR,0.9999999548106462,0.999999263196053
1701671040000,1701671760000,SHORT,0.0021950607648567287,-4.939235143271419e-06,12,BEAR,0.9999999898311728,0.9999998203864752
1701671100000,1701671820000,SHORT,0.0024351705548843507,0.00023517055488435053,12,BEAR,0.9999999999966371,0.999999999914205
1701671220000,1701671940000,SHORT,0.005308880308880208,0.003108880308880208,12,BEAR,0.9999983847896405,0.999978922734256
1701671280000,1701672000000,SHORT,0.005641961538194036,0.003441961538194036,12,BEAR,0.9999999983181126,0.9999999675316306
1701671340000,1701672060000,SHORT,0.00614854780246783,0.00394854780246783,12,BEAR,0.9999999999019158,0.9999999978481316
1701671400000,1701672120000,SHORT,0.005125183000819042,0.002925183000819042,12,BEAR,0.9999999999979667,0.9999999999470403
1701671580000,1701672300000,SHORT,0.004165426956263118,0.001965426956263118,12,BEAR,0.9999992459660846,0.9999896375735086
1701671640000,1701672360000,SHORT,0.003151913861665294,0.0009519138616652938,12,BEAR,0.9749291862374562,0.8933507496803067
1701671700000,1701672420000,SHORT,0.0008947211452430998,-0.0013052788547569002,12,BEAR,0.9999999999973446,0.9999999999315491
1701671760000,1701672480000,SHORT,0.001487544434279034,-0.000712455565720966,12,BEAR,0.999999999967674,0.9999999992557352
1701671880000,1701672600000,SHORT,0.0009980319183666533,-0.0012019680816333469,12,BEAR,0.9999999982742083,0.9999999667247407
1701671940000,1701672660000,SHORT,-0.000200612100175385,-0.0024006121001753852,12,BEAR,0.9999999624228483,0.9999993810005392
1701673140000,1701673860000,SHORT,-0.0021191743172913526,-0.004319174317291353,12,BEAR,0.9999999999948028,0.9999999998700229
1701673200000,1701673920000,SHORT,-0.00041093843395095223,-0.0026109384339509526,12,BEAR,0.9924050506089847,0.9593747017614948
1701673260000,1701673980000,SHORT,0.0001586934858658459,-0.002041306514134154,12,BEAR,0.9999999999979594,0.9999999999468557
1701673380000,1701674160000,SHORT,-0.0007674883535392284,-0.0029674883535392286,12,BEAR,0.9999999999976367,0.9999999999387913
1701681060000,1701681780000,SHORT,-0.0009330436720141926,-0.003133043672014193,12,BEAR,0.9999999932605418,0.9999998784337312
1701681120000,1701681840000,SHORT,-0.00209140849390703,-0.00429140849390703,12,BEAR,0.9999999999979637,0.9999999999469659
1701688140000,1701688860000,SHORT,0.012426035502958547,0.010226035502958546,12,BEAR,0.999999999754818,0.9999999948322299
1701688200000,1701688920000,SHORT,0.006932573379565843,0.004732573379565843,12,BEAR,0.99999999973478,0.9999999944292772
1701688260000,1701688980000,SHORT,0.005487848666028884,0.003287848666028884,12,BEAR,0.9999999784034338,0.9999996333530469
1701688380000,1701689100000,SHORT,0.0015071169411108687,-0.0006928830588891315,12,BEAR,0.9999999997332251,0.9999999943979916
1701689460000,1701690180000,SHORT,0.00034928396786587494,-0.0018507160321341253,12,BEAR,0.9999999999979665,0.999999999947037
1701691260000,1701691980000,SHORT,0.0008957897879962811,-0.001304210212003719,12,BEAR,0.9999999986504094,0.9999999736747779
1701692640000,1701693360000,SHORT,0.003857566765578669,0.0016575667655786687,12,BEAR,0.9999999999979706,0.9999999999471384
1701692760000,1701693480000,SHORT,0.004901142517990982,0.0027011425179909823,12,BEAR,0.9999999998270861,0.9999999962990489
1701695520000,1701696240000,SHORT,-0.0012612211588395414,-0.0034612211588395418,12,BEAR,0.9999999998505807,0.9999999967814327
1701695580000,1701696300000,SHORT,-0.0010929189503348076,-0.003292918950334808,12,BEAR,0.999998633516569,0.9999819604307872
1701695640000,1701696360000,SHORT,-0.0019267331323904137,-0.004126733132390413,12,BEAR,0.9999999999963998,0.9999999999084267
1701695700000,1701696420000,SHORT,-0.00032891079568610535,-0.0025289107956861056,12,BEAR,0.9999992489759224,0.9999896762024197
1701695880000,1701696600000,SHORT,0.0025535694459864885,0.0003535694459864884,12,BEAR,0.9999999999979723,0.9999999999471818
1701700260000,1701700980000,SHORT,-0.002082691248027149,-0.004282691248027149,12,BEAR,0.9999999999923572,0.9999999998122628
1701700380000,1701701100000,SHORT,-0.0029904306220095694,-0.00519043062200957,12,BEAR,0.999999999997982,0.9999999999474247
1701700500000,1701701220000,SHORT,-0.004179757630161648,-0.006379757630161648,12,BEAR,0.9998831881868642,0.9989308969837742
1701700560000,1701701280000,SHORT,-0.004658406880972023,-0.006858406880972024,12,BEAR,0.9999999999979661,0.9999999999470242
1701700620000,1701701340000,SHORT,-0.0023909145248056022,-0.004590914524805602,12,BEAR,0.999651299807954,0.9971557340087996
1701700680000,1701701400000,SHORT,-0.0010359019346168903,-0.00323590193461689,12,BEAR,0.9999999997671223,0.99999999508041
1701700740000,1701701460000,SHORT,-0.0008138328261452879,-0.003013832826145288,12,BEAR,0.9999998823316363,0.9999981839576803
1701700800000,1701701520000,SHORT,0.00022138329604772558,-0.0019786167039522744,12,BEAR,0.9999999999979797,0.9999999999473675
1701700860000,1701701580000,SHORT,-0.000736603604695581,-0.0029366036046955812,12,BEAR,0.9999999859188375,0.9999997554578305
1701700920000,1701701700000,SHORT,-0.0003003919066503381,-0.0025003919066503384,12,BEAR,0.9999999801752365,0.9999996618876678
1701700980000,1701701760000,SHORT,-0.0011929615269906867,-0.003392961526990687,12,BEAR,0.9999999999979766,0.9999999999472883
1701702840000,1701703560000,SHORT,0.0010074885316555314,-0.0011925114683444687,12,BEAR,0.9999999996029434,0.9999999918086085
1701702900000,1701703620000,SHORT,4.671150971531428e-06,-0.002195328849028469,12,BEAR,0.9999999704050494,0.9999995060546564
1701703020000,1701703740000,SHORT,0.002188449848024282,-1.1550151975717963e-05,12,BEAR,0.9999998297640762,0.9999974298850165
1701703740000,1701704580000,SHORT,-0.0013660946096670673,-0.0035660946096670674,12,BEAR,0.9999999531632521,0.9999992378625132
1701704400000,1701705120000,SHORT,-0.0024110910186859896,-0.00461109101868599,12,BEAR,0.9999995632478463,0.9999937807713472
1701704460000,1701705180000,SHORT,0.0009022556390977785,-0.0012977443609022217,12,BEAR,0.9999999226543279,0.9999987767367542
1701704520000,1701705240000,SHORT,0.001171405498798111,-0.001028594501201889,12,BEAR,0.9999999999979517,0.9999999999466642
1701704640000,1701705360000,SHORT,0.0034070552973270423,0.0012070552973270422,12,BEAR,0.9999999999979265,0.9999999999460301
1701705900000,1701706620000,SHORT,0.0020375385408973484,-0.00016246145910265176,12,BEAR,0.989972567636339,0.9489105010161624
1701707100000,1701707880000,SHORT,-0.00048045711392927205,-0.002680457113929272,12,BEAR,0.9999999999503457,0.9999999988779771
1701707160000,1701707940000,SHORT,0.00022482119689181288,-0.0019751788031081873,12,BEAR,0.9999999957596565,0.9999999217214992
1701707280000,1701708060000,SHORT,0.0001263317471680974,-0.002073668252831903,12,BEAR,0.9999975529397411,0.9999689930498087
1701709020000,1701709800000,SHORT,-0.0037638350616248754,-0.005963835061624876,12,BEAR,0.9999999999979807,0.9999999999473925
1701709080000,1701709860000,SHORT,-0.003879438973440628,-0.006079438973440628,12,BEAR,0.9999998426147269,0.9999976126510862
1701709140000,1701709920000,SHORT,-0.0032849476759751486,-0.005484947675975149,12,BEAR,0.9999999209035817,0.9999987506595551
1701709200000,1701709980000,SHORT,-0.0022223568163923612,-0.004422356816392361,12,BEAR,0.9999999981013461,0.9999999635574259
1701709260000,1701710040000,SHORT,-0.0003520404356908046,-0.002552040435690805,12,BEAR,0.9999994101914929,0.9999917625879537
1701719520000,1701720240000,SHORT,0.0006407913426083299,-0.0015592086573916703,12,BEAR,0.9999863643459597,0.999848542207939
1701719580000,1701720300000,SHORT,0.0010419674933865918,-0.0011580325066134084,12,BEAR,0.9999999952969778,0.9999999136243981
1701719700000,1701720420000,SHORT,0.00019874008032793374,-0.0020012599196720664,12,BEAR,0.9999999999971352,0.9999999999263944
1701719760000,1701720480000,SHORT,0.0032656148742299753,0.0010656148742299752,12,BEAR,0.9999999244039168,0.9999988028328172
1701719820000,1701720540000,SHORT,0.0038094096106885845,0.0016094096106885844,12,BEAR,0.9999999995755842,0.9999999912702955
1701719880000,1701720600000,SHORT,0.0029006928406466177,0.0007006928406466176,12,BEAR,0.9999999998454775,0.9999999966763637
1701719940000,1701720660000,SHORT,0.0029550827423167852,0.0007550827423167851,12,BEAR,0.9999999999603784,0.9999999990958374
1701720060000,1701720780000,SHORT,0.0029594554601953243,0.0007594554601953241,12,BEAR,0.9998401674432803,0.9985827779801135
1701720120000,1701720840000,SHORT,0.0035490426833074767,0.0013490426833074765,12,BEAR,0.999999999599778,0.9999999917462363
1701720180000,1701720900000,SHORT,0.002940387177968578,0.0007403871779685777,12,BEAR,0.9999999999979646,0.9999999999469895
1701720240000,1701720960000,SHORT,0.0026273087330816363,0.00042730873308163613,12,BEAR,0.9999999999979735,0.9999999999472104
1701720300000,1701721020000,SHORT,0.00406120485494372,0.0018612048549437195,12,BEAR,0.9999984545495224,0.9999797709403071
1701720780000,1701721500000,SHORT,-0.001187295933511529,-0.003387295933511529,12,BEAR,0.999999997498209,0.9999999526113177
1701720840000,1701721560000,SHORT,-0.002401525839025839,-0.004601525839025839,12,BEAR,0.9999999998908343,0.9999999976161418
1701727200000,1701727920000,SHORT,-0.004994201920989147,-0.007194201920989147,12,BEAR,0.9999998639113115,0.9999979176837475
1701727260000,1701727980000,SHORT,-0.007984405782624278,-0.010184405782624278,12,BEAR,0.9999999989548587,0.999999979368747
1701728340000,1701729060000,SHORT,0.0054672922840523774,0.0032672922840523773,12,BEAR,0.999999999926589,0.9999999983690494
1701728400000,1701729120000,SHORT,0.0034226255249055386,0.0012226255249055385,12,BEAR,0.9999995276515459,0.9999933075779645
1701728460000,1701729180000,SHORT,0.0032579866560208514,0.0010579866560208513,12,BEAR,0.9999630381249643,0.9996229969405094
1701728520000,1701729240000,SHORT,0.002936857562408223,0.0007368575624082229,12,BEAR,0.9999999477849127,0.999999155512715
1701728580000,1701729300000,SHORT,0.0038350976769349226,0.0016350976769349225,12,BEAR,0.999998748349364,0.99998337638468
1701728700000,1701729420000,SHORT,0.0035043357565929614,0.0013043357565929612,12,BEAR,0.999999999973206,0.9999999993780082
1701729960000,1701730740000,SHORT,-0.0002955082742317457,-0.002495508274231746,12,BEAR,0.9999971759559212,0.9999645845675718
1701730020000,1701730800000,SHORT,0.0009103974786149354,-0.0012896025213850648,12,BEAR,0.9999999995285963,0.9999999903495029
1701730080000,1701730860000,SHORT,0.001747976878612683,-0.00045202312138731705,12,BEAR,0.9999999999979723,0.99999999994718
1701730140000,1701730920000,SHORT,0.0008924607872151188,-0.0013075392127848812,12,BEAR,0.9999998889736997,0.999998280595885
1701730200000,1701730980000,SHORT,0.002805256164181275,0.0006052561641812747,12,BEAR,0.9982969795723431,0.9885683747527426
1701730260000,1701731040000,SHORT,-4.6267272151034885e-05,-0.002246267272151035,12,BEAR,0.9529890569735276,0.8274020126618957
1701730320000,1701731100000,SHORT,0.00021029959603986322,-0.001989700403960137,12,BEAR,0.9999999988181167,0.9999999768025084
1701730380000,1701731160000,SHORT,-0.0005881345021928029,-0.0027881345021928032,12,BEAR,0.9999769804496633,0.999755283168139
1701730440000,1701731220000,SHORT,0.0011834319526626547,-0.0010165680473373454,12,BEAR,0.9996037360992485,0.9968138978386161
1701730500000,1701731280000,SHORT,0.001655373036120311,-0.000544626963879689,12,BEAR,0.9999999977863507,0.999999957821872
1701730620000,1701731340000,SHORT,0.0007319579297365896,-0.0014680420702634107,12,BEAR,0.9999999998640321,0.9999999970590947
1701730860000,1701731640000,SHORT,-0.00014823599169881818,-0.0023482359916988183,12,BEAR,0.999999968449655,0.9999994752567964
1701732840000,1701733680000,SHORT,-0.00019870196784259442,-0.0023987019678425947,12,BEAR,0.9999999019099534,0.9999984698705566
1701736680000,1701737580000,SHORT,-0.00015724870269827004,-0.0023572487026982704,12,BEAR,0.9999999999979605,0.999999999946884
1701747960000,1701749160000,SHORT,-0.002052320236249024,-0.004252320236249024,12,BEAR,0.9999999999979211,0.9999999999458953
1701748200000,1701749280000,SHORT,-6.485324636811708e-05,-0.002264853246368117,12,BEAR,0.9999948727205071,0.999938483900397
1701760020000,1701760740000,SHORT,0.0006348732120849304,-0.0015651267879150696,12,BEAR,0.9999999973709487,0.9999999503198681
1701765660000,1701766680000,SHORT,-0.003737125148117799,-0.005937125148117799,12,BEAR,0.9999998446849887,0.9999976421824145
1701765960000,1701766920000,SHORT,-0.0025047723858189945,-0.004704772385818994,12,BEAR,0.9994406204050679,0.9956779664404849
1701766020000,1701766980000,SHORT,-0.002335084646818447,-0.004535084646818448,12,BEAR,0.9999999993811916,0.9999999874869118
1701766680000,1701767400000,SHORT,-0.00023051775685252866,-0.0024305177568525287,12,BEAR,0.9999999999979731,0.9999999999471995
1701766800000,1701767520000,SHORT,-0.0021033093310449643,-0.004303309331044964,12,BEAR,0.9999999999522233,0.9999999989185908
1701782460000,1701783180000,SHORT,1.3880663310597073e-05,-0.002186119336689403,12,BEAR,0.9999999999649974,0.9999999991969224
1701782520000,1701783240000,SHORT,0.0010881216848096953,-0.0011118783151903048,12,BEAR,0.9999999999966006,0.9999999999133115
1701786780000,1701787500000,SHORT,-0.0014759280962829762,-0.0036759280962829766,12,BEAR,0.8450538751101684,0.6075107099051202
1701786840000,1701787560000,SHORT,-0.0007406555491661206,-0.002940655549166121,12,BEAR,0.9999999999299689,0.9999999984409484
1701786900000,1701787620000,SHORT,-8.96483715027177e-05,-0.002289648371502718,12,BEAR,0.9999999999979645,0.999999999946986
1701786960000,1701787680000,SHORT,-0.0007383553766532156,-0.0029383553766532157,12,BEAR,0.9999999998644846,0.9999999970684585
1701787020000,1701787740000,SHORT,0.0003353908566940528,-0.0018646091433059473,12,BEAR,0.9999999726465408,0.9999995415038719
1701787260000,1701787980000,SHORT,-0.0013366519174041298,-0.00353665191740413,12,BEAR,0.9999999999174162,0.9999999981746197
1701787380000,1701788100000,SHORT,0.0005655900529723032,-0.001634409947027697,12,BEAR,0.9999999998493662,0.9999999967564077
1701787440000,1701788160000,SHORT,-0.00029420417769939025,-0.0024942041776993902,12,BEAR,0.9999999999979733,0.9999999999472058
1701790980000,1701791700000,SHORT,0.0014654161781946073,-0.0007345838218053929,12,BEAR,0.9999999998122866,0.9999999959967201
1701791100000,1701791820000,SHORT,0.00014212783711226243,-0.0020578721628877377,12,BEAR,0.9998109073502257,0.9983522687629723
1701791160000,1701791880000,SHORT,-0.0010967428115163252,-0.0032967428115163256,12,BEAR,0.9999999999926449,0.9999999998189942
1701791220000,1701791940000,SHORT,-0.0014559350019175503,-0.0036559350019175502,12,BEAR,0.9999999995331849,0.999999990439222
1701791280000,1701792000000,SHORT,-0.0012492651381540605,-0.0034492651381540606,12,BEAR,0.9999999999979694,0.9999999999471098
1701791340000,1701792060000,SHORT,0.0020431515440584315,-0.00015684845594156858,12,BEAR,0.9999999999942276,0.9999999998563373
1701791460000,1701792180000,SHORT,0.0018480044994892161,-0.000351995500510784,12,BEAR,0.9999999999951227,0.9999999998776613
1701791580000,1701792300000,SHORT,0.0031002348106838194,0.0009002348106838193,12,BEAR,0.9999999980220018,0.999999962108495
1701793440000,1701794160000,SHORT,-0.00029546021937352027,-0.0024954602193735203,12,BEAR,0.9999999974067819,0.9999999509645013
1701794160000,1701794880000,SHORT,-0.008792497069167644,-0.010992497069167644,12,BEAR,0.9999999974739749,0.9999999521744971
1701794760000,1701795480000,SHORT,-0.004019944759942788,-0.006219944759942787,12,BEAR,0.9999981462901462,0.9999760428835163
1701794820000,1701795540000,SHORT,-0.0013716048231358323,-0.0035716048231358324,12,BEAR,0.9871963771377624,0.9376305538353367
1701794880000,1701795600000,SHORT,-0.0002882590063917319,-0.0024882590063917322,12,BEAR,0.9999987836731511,0.999983813836843
1701794940000,1701795660000,SHORT,-0.0014522218995062445,-0.0036522218995062444,12,BEAR,0.9999999994243118,0.9999999883205876
1701795000000,1701795720000,SHORT,-0.004689307787251423,-0.006889307787251423,12,BEAR,0.9999989880700443,0.9999863643682494
1701795060000,1701795780000,SHORT,-0.005579545454545454,-0.007779545454545454,12,BEAR,0.9999999417341959,0.9999990634692026
1701795120000,1701795840000,SHORT,-0.0072226811302335756,-0.009422681130233576,12,BEAR,0.9999845188033543,0.9998298316515111
1701795240000,1701795960000,SHORT,-0.005456022907557272,-0.0076560229075572726,12,BEAR,0.999999994968702,0.9999999079048693
1701795660000,1701796380000,SHORT,-0.006654672998839841,-0.008854672998839842,12,BEAR,0.9999999999905147,0.9999999997692964
1701795720000,1701796440000,SHORT,-0.007058823529411765,-0.009258823529411766,12,BEAR,0.9999576539656484,0.9995733214492176
1701795780000,1701796500000,SHORT,-0.008764733136703234,-0.010964733136703235,12,BEAR,0.9999993164274313,0.9999905448561022
1701795840000,1701796560000,SHORT,-0.005785962320078227,-0.007985962320078227,12,BEAR,0.9999999999550666,0.9999999989802347
1701795900000,1701796620000,SHORT,-0.004724138399590677,-0.006924138399590676,12,BEAR,0.99998822782205,0.9998676660921806
1701795960000,1701796680000,SHORT,-0.0034772529701535453,-0.005677252970153545,12,BEAR,0.9999999997656965,0.9999999950515991
1701796020000,1701796740000,SHORT,-0.0013049043597826461,-0.003504904359782646,12,BEAR,0.9999999988739052,0.9999999778476677
1701796140000,1701796860000,SHORT,-0.005793742757821553,-0.007993742757821554,12,BEAR,0.9999999974602974,0.9999999519280659
1701796260000,1701796980000,SHORT,-0.003434835236305792,-0.005634835236305792,12,BEAR,0.9996755654944752,0.9973323593795468
1701796320000,1701797040000,SHORT,-0.004866174559630313,-0.007066174559630312,12,BEAR,0.999999994277552,0.9999998959252762
1701796380000,1701797100000,SHORT,-0.004701979152833487,-0.006901979152833488,12,BEAR,0.6642160942904334,0.4190859807710018
1701798060000,1701798780000,SHORT,-0.0005452489597812178,-0.002745248959781218,12,BEAR,0.9999999999726056,0.9999999993646713
1701798120000,1701798840000,SHORT,-0.0019207119379290624,-0.0041207119379290625,12,BEAR,0.9999999981290509,0.9999999640640448
1701798240000,1701798960000,SHORT,-0.002015858083590915,-0.004215858083590915,12,BEAR,0.9999999999861247,0.9999999996682991
1701798300000,1701799020000,SHORT,0.0005148662019439557,-0.0016851337980560445,12,BEAR,0.9999999999979472,0.9999999999465474
1701798360000,1701799080000,SHORT,-0.0008613437857961054,-0.0030613437857961055,12,BEAR,0.9999999999979603,0.9999999999468793
1701798420000,1701799200000,SHORT,0.0011030380436481857,-0.0010969619563518144,12,BEAR,0.9995752501721793,0.9966117058172163
1701798480000,1701799260000,SHORT,0.002400925528873642,0.00020092552887364173,12,BEAR,0.9999999999979553,0.9999999999467537
1701798540000,1701799320000,SHORT,-0.0004005693007268756,-0.0026005693007268758,12,BEAR,0.9999995502538002,0.9999936077419797
1701798600000,1701799380000,SHORT,-0.0023042350096215965,-0.004504235009621597,12,BEAR,0.9999999997286962,0.9999999943071922
1701798660000,1701799440000,SHORT,0.0005510244146201521,-0.001648975585379848,12,BEAR,0.9936038004635389,0.9647831827250725
1701798720000,1701799500000,SHORT,0.003993105045610099,0.0017931050456100992,12,BEAR,0.9989762082471239,0.9926531880887121
1701798780000,1701799560000,SHORT,0.0002523752305993942,-0.001947624769400606,12,BEAR,0.8419873421952306,0.6028083114065415
1701798840000,1701799620000,SHORT,0.0001986212560451485,-0.0020013787439548516,12,BEAR,0.9999999999843228,0.9999999996272814
1701799080000,1701799860000,SHORT,-0.003138405001777121,-0.005338405001777121,12,BEAR,0.999999990573649,0.9999998328497547
1701799800000,1701800520000,SHORT,-0.002263624117967154,-0.0044636241179671545,12,BEAR,0.9999999994012425,0.9999999878742226
1701799860000,1701800580000,SHORT,-0.0019676222521810504,-0.0041676222521810505,12,BEAR,0.9999999999368554,0.9999999985879443
1701800220000,1701800940000,SHORT,-0.0010352036011727855,-0.003235203601172786,12,BEAR,0.9999999999893576,0.999999999742514
1701800460000,1701801180000,SHORT,0.001117656077449409,-0.0010823439225505912,12,BEAR,0.9999997520826379,0.9999963419341166
1701800520000,1701801240000,SHORT,-0.00255667974304148,-0.0047566797430414805,12,BEAR,0.9999368954864456,0.999387073565359
1701801180000,1701801900000,SHORT,-0.003394535820583401,-0.005594535820583401,12,BEAR,0.9999996395433903,0.9999948042028605
1701801300000,1701802020000,SHORT,-0.0011357183418513178,-0.0033357183418513178,12,BEAR,0.9999999998588122,0.9999999969511807
1701802560000,1701803280000,SHORT,0.001417635384179189,-0.000782364615820811,12,BEAR,0.9999999999829872,0.9999999995970354
1701802680000,1701803400000,SHORT,-0.00023289910588924204,-0.0024328991058892423,12,BEAR,0.999999999991058,0.9999999997819317
1701802740000,1701803460000,SHORT,-0.0015341645796699557,-0.003734164579669956,12,BEAR,0.9999999999979712,0.9999999999471513
1701802860000,1701803580000,SHORT,-0.004002668445630421,-0.006202668445630421,12,BEAR,0.9929776013175519,0.961934429099074
1701803100000,1701803820000,SHORT,-0.000279889288237065,-0.002479889288237065,12,BEAR,0.9999910345114345,0.9998969941242705
1701804240000,1701804960000,SHORT,0.00024108430430593055,-0.0019589156956940695,12,BEAR,0.9999999999846293,0.9999999996342646
1701804360000,1701805080000,SHORT,0.002826455624646693,0.000626455624646693,12,BEAR,0.999999999980967,0.9999999995514234
1701804420000,1701805140000,SHORT,0.0024308835011800835,0.00023088350118008341,12,BEAR,0.9986346132101944,0.9905599280400496
1701804480000,1701805200000,SHORT,0.005371783997738132,0.003171783997738132,12,BEAR,0.9999999999936996,0.9999999998438334
1701804720000,1701805440000,SHORT,0.0019896837776517944,-0.0002103162223482057,12,BEAR,0.9999999986361631,0.999999973410032
1701804780000,1701805500000,SHORT,0.0021086474501108327,-9.135254988916746e-05,12,BEAR,0.9999999999979762,0.9999999999472776
1701804840000,1701805560000,SHORT,0.004340573522059148,0.002140573522059148,12,BEAR,0.9532103682809369,0.8280087076082022
1701804900000,1701805620000,SHORT,0.006616528720995943,0.004416528720995943,12,BEAR,0.9999995543862386,0.9999936627322071
1701804960000,1701805680000,SHORT,0.004068449055894195,0.0018684490558941945,12,BEAR,0.9999999999979614,0.9999999999469064
1701805020000,1701805740000,SHORT,0.0014313125091395405,-0.0007686874908604596,12,BEAR,0.999997017328111,0.999962743638592
1701805140000,1701805860000,SHORT,0.0004079822616408305,-0.0017920177383591697,12,BEAR,0.9999999999978576,0.999999999944304
1701805200000,1701805920000,SHORT,-0.0008549779704377486,-0.0030549779704377488,12,BEAR,0.9999999350243669,0.9999989620668913
1701805260000,1701805980000,SHORT,-0.0014153919991468623,-0.0036153919991468624,12,BEAR,0.9999999999119198,0.9999999980585569
1701805320000,1701806040000,SHORT,-0.0008549779704377486,-0.0030549779704377488,12,BEAR,0.9999996747356257,0.9999952810636773
1701805740000,1701806460000,SHORT,-0.000654554813973303,-0.0028545548139733033,12,BEAR,0.9999992444985059,0.9999896187422229
1701806940000,1701807660000,SHORT,0.007708867747578466,0.005508867747578465,12,BEAR,0.9999999607646396,0.9999993552278358
1701807000000,1701807720000,SHORT,0.005491350623956751,0.0032913506239567506,12,BEAR,0.999999906302512,0.9999985344832703
1701807960000,1701808680000,SHORT,-0.004496209954233344,-0.006696209954233345,12,BEAR,0.9999999999708226,0.9999999993251864
1701808020000,1701808740000,SHORT,-0.0033052026834141514,-0.0055052026834141515,12,BEAR,0.8575465000315573,0.627354958833493
1701808080000,1701808800000,SHORT,-0.0021657030179471964,-0.004365703017947196,12,BEAR,0.9999999867621775,0.9999997693590265
1701808200000,1701808920000,SHORT,-0.0010623063851962391,-0.003262306385196239,12,BEAR,0.9999999645175717,0.9999994136533182
1701808260000,1701808980000,SHORT,-0.0017089148390770888,-0.0039089148390770885,12,BEAR,0.9999999999964551,0.9999999999097741
1701808320000,1701809040000,SHORT,-0.0011456257118451026,-0.0033456257118451025,12,BEAR,0.999999999966872,0.9999999992381028
1701808380000,1701809100000,SHORT,-0.0025967899492881493,-0.004796789949288149,12,BEAR,0.9999998646007702,0.9999979276073174
1701813720000,1701814440000,SHORT,-0.005705137277101613,-0.007905137277101614,12,BEAR,0.9999964722599526,0.9999564741732175
1701813960000,1701814680000,SHORT,-0.005646286743923056,-0.007846286743923056,12,BEAR,0.9999999999974731,0.9999999999347303
1701814020000,1701814740000,SHORT,-0.0074016696789741265,-0.009601669678974127,12,BEAR,0.9999999999979712,0.9999999999471509
1701814080000,1701814800000,SHORT,-0.004976198871650276,-0.007176198871650276,12,BEAR,0.9999996644299468,0.9999951410768869
1701814140000,1701814860000,SHORT,-0.0026301065699798104,-0.0048301065699798106,12,BEAR,0.9999999999406383,0.9999999986689735
1701814200000,1701814920000,SHORT,-0.002732722143864598,-0.004932722143864598,12,BEAR,0.9999999999979766,0.9999999999472915
1701814320000,1701815040000,SHORT,-0.0036390902054601743,-0.005839090205460175,12,BEAR,0.9999989184484488,0.9999854917306681
1701814380000,1701815100000,SHORT,-0.002533070644525689,-0.004733070644525689,12,BEAR,0.9999999995989388,0.9999999917296986
1701814740000,1701815460000,SHORT,-0.0004578363399380378,-0.002657836339938038,12,BEAR,0.9794996319276814,0.9089941724247765
1701814860000,1701815580000,SHORT,-0.002249718785151728,-0.004449718785151728,12,BEAR,0.9999935486542966,0.9999239469591319
1701814920000,1701815640000,SHORT,-0.002898901098901131,-0.0050989010989011315,12,BEAR,0.9999999997691449,0.9999999951212547
1701815040000,1701815760000,SHORT,-0.0007186064293365737,-0.002918606429336574,12,BEAR,0.9999808300179855,0.9997930140367511
1701815160000,1701815880000,SHORT,0.0006265362186130727,-0.0015734637813869276,12,BEAR,0.9999999973551525,0.999999950035821
1701815220000,1701815940000,SHORT,0.0012477234519473242,-0.0009522765480526759,12,BEAR,0.999999999741265,0.9999999945595379
1701815280000,1701816000000,SHORT,0.002518891687657526,0.00031889168765752594,12,BEAR,0.9999999999979661,0.9999999999470258
1701815340000,1701816060000,SHORT,0.003808662248356149,0.0016086622483561489,12,BEAR,0.999999999860468,0.9999999969854139
1701817860000,1701818640000,SHORT,-0.001293789370208998,-0.003493789370208998,12,BEAR,0.9999999991773643,0.9999999835804622
1701818100000,1701818880000,SHORT,-0.0021672325919968928,-0.004367232591996893,12,BEAR,0.9999999999378348,0.9999999986088955
1701818340000,1701819120000,SHORT,0.0008068534039954354,-0.0013931465960045648,12,BEAR,0.9999999999730801,0.9999999993751998
1701819600000,1701820380000,SHORT,-0.0011123470522803114,-0.0033123470522803114,12,BEAR,0.9999999999979746,0.9999999999472392
1701819840000,1701820680000,SHORT,0.0026367831245880024,0.0004367831245880023,12,BEAR,0.9999999967229594,0.9999999387340294
1701819900000,1701820740000,SHORT,0.0029785504826964787,0.0007785504826964785,12,BEAR,0.9999999561972595,0.9999992845617236
1701820020000,1701820860000,SHORT,0.002384178206323823,0.00018417820632382273,12,BEAR,0.9999999981552892,0.9999999645442089
1701820140000,1701820920000,SHORT,0.0016879401408450064,-0.0005120598591549937,12,BEAR,0.999999999997614,0.9999999999382286
1701821340000,1701822120000,SHORT,0.0013674076944757288,-0.0008325923055242713,12,BEAR,0.9999634113089211,0.9996264653630068
1701821580000,1701822360000,SHORT,-0.0014624365560610745,-0.0036624365560610746,12,BEAR,0.9999999999979815,0.9999999999474133
1701821640000,1701822420000,SHORT,-0.0008937674615679991,-0.003093767461567999,12,BEAR,0.9999999996732359,0.9999999931998914
1701821760000,1701822540000,SHORT,0.0012522929307182806,-0.0009477070692817196,12,BEAR,0.9999999999979629,0.9999999999469474
1701822240000,1701822960000,SHORT,0.003283775902102917,0.001083775902102917,12,BEAR,0.9999999999979753,0.9999999999472563
1701822480000,1701823200000,SHORT,-0.00035313228335334413,-0.0025531322833533443,12,BEAR,0.9999999999979696,0.999999999947115
1701822540000,1701823260000,SHORT,-0.001631346578366478,-0.003831346578366478,12,BEAR,0.9999999999716895,0.9999999993443959
1701822600000,1701823320000,SHORT,-0.0011331131898351776,-0.0033331131898351775,12,BEAR,0.9999999999979824,0.9999999999474345
1701822660000,1701823380000,SHORT,-0.0009807039864292095,-0.0031807039864292096,12,BEAR,0.9999999999979868,0.9999999999475457
1701825240000,1701825960000,SHORT,0.00253456170547636,0.00033456170547635977,12,BEAR,0.9999999999158297,0.9999999981410892
1701825300000,1701826020000,SHORT,0.0016563876651981737,-0.0005436123348018264,12,BEAR,0.9999999767697901,0.9999996071610646
1701826800000,1701827580000,SHORT,0.00036705767891294643,-0.0018329423210870538,12,BEAR,0.9999914441352594,0.9999013361479088
1701826860000,1701827820000,SHORT,-0.0011331444759206154,-0.0033331444759206155,12,BEAR,0.9999999999979721,0.999999999947175
1701826980000,1701828120000,SHORT,0.00043315395750226067,-0.0017668460424977396,12,BEAR,0.9999999999979647,0.9999999999469912
1701830340000,1701831300000,SHORT,-0.002601402630208654,-0.004801402630208654,12,BEAR,0.9999999983741142,0.9999999685624142
1701830400000,1701831360000,SHORT,-0.002648777819364837,-0.004848777819364837,12,BEAR,0.9999999987866537,0.9999999762142323
1701840660000,1701841440000,SHORT,0.0010172126596336016,-0.0011827873403663985,12,BEAR,0.9999999999979807,0.9999999999473921
1701840720000,1701841500000,SHORT,0.00017777777777777779,-0.002022222222222222,12,BEAR,0.9999999999979833,0.9999999999474571
1701857820000,1701858540000,SHORT,-0.00696188286383837,-0.00916188286383837,12,BEAR,0.9999999990150901,0.9999999805041503
1701858120000,1701858840000,SHORT,-0.0012841563641472324,-0.0034841563641472327,12,BEAR,0.9999999999635169,0.9999999991644379
1701859620000,1701860400000,SHORT,-0.0007853835069462901,-0.0029853835069462904,12,BEAR,0.9999999996606749,0.9999999929503011
1701859740000,1701860520000,SHORT,0.0008411428974070859,-0.0013588571025929142,12,BEAR,0.999999999997972,0.9999999999471724
1701861240000,1701861960000,SHORT,0.0011613166316497385,-0.0010386833683502616,12,BEAR,0.9999988180946443,0.9999842410132576
1701861300000,1701862020000,SHORT,0.0002285288290227821,-0.001971471170977218,12,BEAR,0.9999999996383017,0.999999992506859
1701861420000,1701862140000,SHORT,0.003672694105978902,0.001472694105978902,12,BEAR,0.9999998862824521,0.9999982413972774
1701861660000,1701862380000,SHORT,0.003978402955384988,0.0017784029553849878,12,BEAR,0.9998675618029405,0.9988030150734034
1701861720000,1701862440000,SHORT,0.0061234311618550506,0.00392343116185505,12,BEAR,0.999999990643234,0.9999998340204969
1701861840000,1701862560000,SHORT,0.0008544574195386253,-0.0013455425804613748,12,BEAR,0.9999972674870392,0.9999656504792084
1701861960000,1701862680000,SHORT,0.003976143141153178,0.0017761431411531781,12,BEAR,0.9998013092408597,0.9982775874748381
1701862380000,1701863100000,SHORT,-0.0037089871611983207,-0.005908987161198321,12,BEAR,0.9999832139154924,0.999816724884158
1701862440000,1701863160000,SHORT,-0.004280008033383235,-0.006480008033383234,12,BEAR,0.9999999978126556,0.9999999582991985
1701862560000,1701863280000,SHORT,-0.002280501710376315,-0.004480501710376315,12,BEAR,0.9979042597503754,0.9863284335413616
1701862620000,1701863340000,SHORT,-0.0032509463371186817,-0.005450946337118682,12,BEAR,0.9999999449764838,0.9999991127157258
1701862740000,1701863460000,SHORT,-0.002897867409778088,-0.005097867409778088,12,BEAR,0.9999954580056888,0.9999450049204158
1701862800000,1701863520000,SHORT,-0.0017069701280228243,-0.003906970128022824,12,BEAR,0.9999999993919158,0.9999999876939902
1701862860000,1701863580000,SHORT,-0.002110885949943117,-0.004310885949943118,12,BEAR,0.9999999999665657,0.9999999992313593
1701862920000,1701863640000,SHORT,-0.0018303952232016246,-0.004030395223201625,12,BEAR,0.9999999999979788,0.9999999999473432
1701864420000,1701865140000,SHORT,0.0006346967559944224,-0.0015653032440055778,12,BEAR,0.9999985283925562,0.9999806719197114
1701864660000,1701865380000,SHORT,0.003069086390485516,0.0008690863904855157,12,BEAR,0.9999996565031256,0.9999950335997265
1701864840000,1701865620000,SHORT,0.0003087481585377687,-0.0018912518414622315,12,BEAR,0.9997975135764537,0.9982481716850217
1701864960000,1701865740000,SHORT,0.0011630036832127391,-0.001036996316787261,12,BEAR,0.9999997227036058,0.9999959367097783
1701865020000,1701865800000,SHORT,0.0005641748942171752,-0.0016358251057828248,12,BEAR,0.9999569707867803,0.999567064599792
1701865860000,1701866640000,SHORT,-0.002435366989547267,-0.004635366989547267,12,BEAR,0.9999997909244729,0.9999968826220416
1701865920000,1701866700000,SHORT,-0.0023063431037479314,-0.004506343103747932,12,BEAR,0.999999999997966,0.9999999999470224
1701865980000,1701866760000,SHORT,-0.003908307964968415,-0.0061083079649684145,12,BEAR,0.9992937154636578,0.9946928709892079
1701866040000,1701866820000,SHORT,-0.003103721158869426,-0.005303721158869426,12,BEAR,0.9999999999979624,0.9999999999469346
1701866460000,1701867240000,SHORT,-0.0009771169767471286,-0.0031771169767471287,12,BEAR,0.999992972348796,0.9999177004024072
1701866700000,1701867480000,SHORT,0.0020177978996457147,-0.00018220210035428544,12,BEAR,0.9999999999473018,0.9999999988122577
1701866940000,1701867720000,SHORT,0.001241930201324579,-0.0009580697986754211,12,BEAR,0.9999993644975221,0.9999911675789646
1701867360000,1701868080000,SHORT,-0.0005633802816901088,-0.002763380281690109,12,BEAR,0.9999999999970505,0.9999999999243128
1701869160000,1701869880000,SHORT,-2.8601916328458034e-05,-0.002228601916328458,12,BEAR,0.9999999982784616,0.9999999668028677
1701869220000,1701869940000,SHORT,0.00044434472351633056,-0.0017556552764836696,12,BEAR,0.9999999926663896,0.9999998682811557
1701869340000,1701870060000,SHORT,-0.0014038165297742893,-0.0036038165297742897,12,BEAR,0.9999999999979744,0.9999999999472332
1701869460000,1701870180000,SHORT,0.0019696117051209586,-0.00023038829487904153,12,BEAR,0.9999942927254468,0.9999320819636087
1701873480000,1701874200000,SHORT,-0.0034845663026348817,-0.005684566302634882,12,BEAR,0.9999999479364426,0.999999157825658
1701873540000,1701874260000,SHORT,-0.0023987054045830182,-0.004598705404583018,12,BEAR,0.9999999994153755,0.9999999881475965
1701873600000,1701874320000,SHORT,-0.0015309206259568576,-0.003730920625956858,12,BEAR,0.9999999999937648,0.9999999998453818
1701873660000,1701874380000,SHORT,-0.0016934801016087098,-0.0038934801016087097,12,BEAR,0.9999999999979805,0.9999999999473856
1701873720000,1701874440000,SHORT,0.00045372850296021604,-0.001746271497039784,12,BEAR,0.9999999999952239,0.9999999998800874
1701873780000,1701874500000,SHORT,0.0019076461887733624,-0.0002923538112266377,12,BEAR,0.9824392020675831,0.9195458148759267
1701873840000,1701874560000,SHORT,0.0025463166213012555,0.0003463166213012554,12,BEAR,0.9999999999763759,0.9999999994485238
1701873900000,1701874620000,SHORT,0.0028071330589849426,0.0006071330589849425,12,BEAR,0.9999999461706153,0.999999130896471
1701873960000,1701874680000,SHORT,0.002530995363866159,0.0003309953638661587,12,BEAR,0.9999999999979718,0.9999999999471693
1701874020000,1701874740000,SHORT,0.0014068655036578504,-0.0007931344963421497,12,BEAR,0.9999999998017606,0.9999999957823519
1701874080000,1701874800000,SHORT,0.0015815858532753386,-0.0006184141467246616,12,BEAR,0.9999999998492449,0.9999999967539149
1701874140000,1701874860000,SHORT,0.0017610594533671458,-0.0004389405466328543,12,BEAR,0.9999999997848136,0.9999999954383038
1701874200000,1701874920000,SHORT,0.0030441734607815256,0.0008441734607815255,12,BEAR,0.894686617658037,0.6936105381919928
1701874260000,1701874980000,SHORT,0.0018607065406253942,-0.0003392934593746059,12,BEAR,0.9999999063160575,0.9999985346827506
1701874320000,1701875040000,SHORT,0.00011893853961097088,-0.0020810614603890294,12,BEAR,0.9999999824055819,0.9999996980138709
1701874380000,1701875100000,SHORT,0.0012459495632572235,-0.0009540504367427766,12,BEAR,0.9999999995361455,0.9999999904971508
1701874440000,1701875160000,SHORT,-9.69568762257653e-05,-0.0022969568762257653,12,BEAR,0.9999999988450953,0.9999999773076604
1701876000000,1701876720000,SHORT,0.002920580060263139,0.0007205800602631388,12,BEAR,0.9619888710594325,0.8529316795889211
1701877500000,1701878220000,SHORT,-0.00028984545263457446,-0.0024898454526345744,12,BEAR,0.9999999999979655,0.9999999999470115
1701877560000,1701878280000,SHORT,0.002261803788521378,6.1803788521378e-05,12,BEAR,0.9999999998857382,0.9999999975097674
1701877680000,1701878460000,SHORT,0.0016997167138810842,-0.0005002832861189159,12,BEAR,0.9999999998743634,0.9999999972731748
1701879540000,1701880320000,SHORT,-0.0031154093449023285,-0.005315409344902329,12,BEAR,0.9999999612925072,0.9999993634251938
1701879660000,1701880440000,SHORT,-0.0012455500295928876,-0.0034455500295928875,12,BEAR,0.9999999822996581,0.9999996962926118
1701882240000,1701882960000,SHORT,-0.004052163032689281,-0.006252163032689282,12,BEAR,0.9981089872324532,0.9874868601810265
1701882780000,1701883500000,SHORT,0.0015990111204954316,-0.0006009888795045686,12,BEAR,0.9999999243520901,0.9999988020592936
1701885360000,1701886200000,SHORT,-0.00012588923072839265,-0.002325889230728393,12,BEAR,0.9999999999979559,0.9999999999467682
1701891780000,1701892500000,SHORT,0.003373337230435193,0.001173337230435193,12,BEAR,0.9999999999949339,0.9999999998731585
1701896880000,1701897720000,SHORT,0.0010015188597277307,-0.0011984811402722694,12,BEAR,0.9999999999979582,0.9999999999468268
1701897000000,1701897840000,SHORT,-0.0006533125159175719,-0.002853312515917572,12,BEAR,0.9999963716188726,0.9999553253498327
1701897060000,1701897960000,SHORT,0.0013599936312493365,-0.0008400063687506636,12,BEAR,0.9999723186292367,0.9997103708923022
1701897240000,1701898140000,SHORT,-0.000783855239208737,-0.002983855239208737,12,BEAR,0.9999956151542865,0.9999467671568845
1701897360000,1701898260000,SHORT,-0.0006072695035461316,-0.0028072695035461317,12,BEAR,0.9999999999922374,0.9999999998094549
1701898680000,1701899400000,SHORT,-0.003180486505681883,-0.005380486505681883,12,BEAR,0.9999999711720062,0.9999995181660467
1701898740000,1701899460000,SHORT,-0.001144030312369181,-0.0033440303123691813,12,BEAR,0.9999999953790529,0.9999999150575921
1701898800000,1701899520000,SHORT,-0.0011433737502658686,-0.0033433737502658687,12,BEAR,0.999999999909968,0.999999998017425
1701898860000,1701899580000,SHORT,-0.0009575295736999512,-0.0031575295736999513,12,BEAR,0.9999999999979753,0.9999999999472561
1701903180000,1701903900000,SHORT,0.0002840102243681418,-0.0019159897756318583,12,BEAR,0.9999999999663043,0.9999999992256204
1701903240000,1701903960000,SHORT,-0.001295417377701837,-0.003495417377701837,12,BEAR,0.9999999950811942,0.9999999098625253
1701940680000,1701941400000,SHORT,0.004494281228975139,0.002294281228975139,12,BEAR,0.9999912904592352,0.9998997051302482
1701940800000,1701941520000,SHORT,0.0047398988881277365,0.0025398988881277364,12,BEAR,0.9999562398087108,0.999560380914982
1701941100000,1701941820000,SHORT,-0.0021678398815004898,-0.00436783988150049,12,BEAR,0.9999996818412142,0.9999953777546446
1701941160000,1701941880000,SHORT,-0.002430150092201329,-0.0046301500922013294,12,BEAR,0.9999353968225119,0.9993738974844543
1701941280000,1701942000000,SHORT,-0.007213114754098361,-0.00941311475409836,12,BEAR,0.999999999674033,0.9999999932156581
1701941580000,1701942300000,SHORT,-0.007194244604316547,-0.009394244604316548,12,BEAR,0.9999999979201432,0.9999999602526666
1701941700000,1701942420000,SHORT,-0.008079373781128923,-0.010279373781128923,12,BEAR,0.9999999979712532,0.9999999611833157
1701942180000,1701942900000,SHORT,-0.0022960930611440754,-0.0044960930611440755,12,BEAR,0.9999993703406441,0.9999912434944247
1701942420000,1701943140000,SHORT,0.004083088169742291,0.0018830881697422907,12,BEAR,0.9999999982441571,0.9999999661729947
1701943500000,1701944220000,SHORT,0.0004261427353877899,-0.0017738572646122102,12,BEAR,0.9999938913736817,0.9999276836570692
1701944400000,1701945180000,SHORT,-0.0049019607843136925,-0.007101960784313693,12,BEAR,0.9999999523165599,0.999999224862767
1701944460000,1701945240000,SHORT,-0.004876675301272666,-0.007076675301272666,12,BEAR,0.9999999998587418,0.999999996949742
1701951960000,1701952680000,SHORT,-0.0020658829678424496,-0.00426588296784245,12,BEAR,0.9999999898310813,0.9999998203849669
1701952020000,1701952740000,SHORT,-0.002017291066282388,-0.004217291066282388,12,BEAR,0.9999999979969271,0.9999999616512278
1701952140000,1701952860000,SHORT,-0.0008723100027878603,-0.00307231000278786,12,BEAR,0.9982509018388439,0.9883016160765384
1701952260000,1701952980000,SHORT,0.00010332806210462516,-0.002096671937895375,12,BEAR,0.9999653247082484,0.9996443039655947
1701954180000,1701955140000,SHORT,0.004285714285714286,0.002085714285714286,12,BEAR,0.999999998531913,0.9999999714764662
1701954240000,1701955260000,SHORT,0.0017041299432628578,-0.0004958700567371424,12,BEAR,0.9999889962618943,0.9998756281846917
1701954360000,1701955440000,SHORT,0.003718503470155863,0.001518503470155863,12,BEAR,0.9999996777764767,0.9999953224253018
1701959400000,1701960180000,SHORT,-0.0008571147235748092,-0.003057114723574809,12,BEAR,0.9999999990583079,0.9999999813208605
1701959520000,1701960300000,SHORT,0.002088662027677564,-0.00011133797232243609,12,BEAR,0.9999999992971146,0.9999999858691011
1701962460000,1701963180000,SHORT,-0.0009572310924650994,-0.0031572310924650997,12,BEAR,0.9999918116396301,0.9999052468766525
1701962580000,1701963300000,SHORT,-0.0034727079350488476,-0.005672707935048848,12,BEAR,0.9999999977451165,0.9999999570742276
1701962760000,1701963480000,SHORT,-0.0007058839198310237,-0.0029058839198310236,12,BEAR,0.999994542711683,0.9999348343735611
1701962820000,1701963540000,SHORT,-0.0004811850012195288,-0.002681185001219529,12,BEAR,0.9999999997629463,0.9999999949961215
1701962940000,1701963660000,SHORT,0.0002835270768357411,-0.001916472923164259,12,BEAR,0.9999950947120553,0.9999409496840632
1701963060000,1701963780000,SHORT,0.0015925574481921155,-0.0006074425518078847,12,BEAR,0.9999816980295019,0.9998016143622646
1701963180000,1701963900000,SHORT,-0.0017040613462083664,-0.0039040613462083666,12,BEAR,0.999999966849761,0.9999994501405439
1701963240000,1701963960000,SHORT,-0.00041737616915269604,-0.002617376169152696,12,BEAR,0.9999999999091413,0.9999999980000089
1701964140000,1701964860000,SHORT,0.0011862027295991226,-0.0010137972704008776,12,BEAR,0.9999999999966519,0.9999999999145631
1701965160000,1701965880000,SHORT,0.0029900982175013005,0.0007900982175013003,12,BEAR,0.9999985004328085,0.9999803303871648
1701967020000,1701967740000,SHORT,-0.0013513453443041886,-0.0035513453443041885,12,BEAR,0.9999999985106455,0.999999971082868
1701968340000,1701969060000,SHORT,0.0028425241614553724,0.0006425241614553723,12,BEAR,0.9999999999820262,0.9999999995753044
1701970980000,1701971700000,SHORT,-0.0029635939741749708,-0.005163593974174971,12,BEAR,0.9999995095580287,0.9999930680031902
1701971040000,1701971760000,SHORT,-0.0008638322822627605,-0.0030638322822627607,12,BEAR,0.9999998918825487,0.9999983230305337
1701971580000,1701972360000,SHORT,0.0008452102516400127,-0.0013547897483599874,12,BEAR,0.9999999724615727,0.999999538572488
1701971700000,1701972480000,SHORT,0.00152435617185433,-0.0006756438281456702,12,BEAR,0.9999999965585101,0.9999999358133281
1702008900000,1702009740000,SHORT,0.0002226581373756176,-0.0019773418626243826,12,BEAR,0.9999999999979744,0.9999999999472354
1702008960000,1702009800000,SHORT,-0.0021745239465267834,-0.004374523946526784,12,BEAR,0.9998023197944528,0.9982854301789806
1702036320000,1702037040000,SHORT,0.0014182382329506558,-0.0007817617670493444,12,BEAR,0.9999999999979836,0.999999999947465
1702038180000,1702039020000,SHORT,6.865211537095496e-05,-0.0021313478846290454,12,BEAR,0.99999999999798,0.9999999999473742
1702038240000,1702039080000,SHORT,-0.0021827135299402516,-0.004382713529940251,12,BEAR,0.9999997883060102,0.9999968459784092
1702038300000,1702039140000,SHORT,-0.0033732842108534513,-0.005573284210853451,12,BEAR,0.9999975251374279,0.9999686662139995
1702038360000,1702039200000,SHORT,-0.0040106328405539945,-0.006210632840553995,12,BEAR,0.9999999999132048,0.9999999980856665
1702038420000,1702039260000,SHORT,-0.0028251845018450504,-0.00502518450184505,12,BEAR,0.999989187421394,0.9998776163190164
1702038480000,1702039320000,SHORT,-0.0017571343421159539,-0.003957134342115954,12,BEAR,0.9999999999203942,0.9999999982376316
1702038540000,1702039380000,SHORT,-0.002920213379725505,-0.005120213379725505,12,BEAR,0.9999996586439432,0.9999950626098076
1702038600000,1702039440000,SHORT,-0.0019886004642285663,-0.004188600464228566,12,BEAR,0.9999994359476825,0.9999920993799448
1702038780000,1702039560000,SHORT,-0.0017043515263807502,-0.00390435152638075,12,BEAR,0.9999992899543724,0.9999902032399799
1702069020000,1702069740000,SHORT,0.002308662503218662,0.00010866250321866187,12,BEAR,0.9999999999593706,0.9999999990738532
1702070700000,1702071420000,SHORT,0.0021175052883447717,-8.249471165522847e-05,12,BEAR,0.9999999999518059,0.999999998909553
1702070820000,1702071540000,SHORT,-0.0008347245409015342,-0.0030347245409015344,12,BEAR,0.999976839717582,0.9997539155621041
1702071420000,1702072140000,SHORT,0.003616302683448628,0.001416302683448628,12,BEAR,0.9999999999679086,0.9999999992608907
1702071660000,1702072380000,SHORT,0.002468705779906421,0.00026870577990642085,12,BEAR,0.9999999365943947,0.9999989857348894
1702071720000,1702072440000,SHORT,0.0019770556910649805,-0.0002229443089350196,12,BEAR,0.9999999997190072,0.999999994113052
1702071780000,1702072500000,SHORT,0.0004468645368303572,-0.001753135463169643,12,BEAR,0.9999999999755209,0.9999999994294787
1702071840000,1702072560000,SHORT,0.001864533779427365,-0.0003354662205726352,12,BEAR,0.9999999226163674,0.9999987761710623
1702072080000,1702072800000,SHORT,-0.0045718101531283615,-0.006771810153128362,12,BEAR,0.9999999985546608,0.9999999718977686
1702166580000,1702167480000,SHORT,0.0006988058381246914,-0.0015011941618753087,12,BEAR,0.9999999999979782,0.9999999999473294
1702260240000,1702260960000,SHORT,0.03373495601793023,0.03153495601793023,12,BEAR,0.9999999964518819,0.9999999339233847
1702260300000,1702261020000,SHORT,0.030203714124929722,0.028003714124929722,12,BEAR,0.9999999942117944,0.9999998947896311
1702260360000,1702261080000,SHORT,0.02477602035173097,0.02257602035173097,12,BEAR,0.944362123249762,0.8044876009701779
1702260480000,1702261200000,SHORT,0.02136320162456425,0.01916320162456425,12,BEAR,0.9999610412160591,0.9996044948457558
1702260540000,1702261260000,SHORT,0.01924176163170508,0.01704176163170508,12,BEAR,0.9999999999978868,0.9999999999450373
1702260600000,1702261320000,SHORT,0.017677502021973594,0.015477502021973594,12,BEAR,0.9999978895274586,0.999972973718602
1702261980000,1702262700000,SHORT,0.005629362756136005,0.003429362756136005,12,BEAR,0.9633572227590784,0.8569797109806612
1702262220000,1702262940000,SHORT,0.008130904338783112,0.005930904338783112,12,BEAR,0.999992830095655,0.9999161652875445
1702262280000,1702263000000,SHORT,0.0038485839332574254,0.0016485839332574252,12,BEAR,0.999984357287864,0.999828204066504
1702262520000,1702263240000,SHORT,-0.0005655377456049638,-0.002765537745604964,12,BEAR,0.9999999999974338,0.9999999999337558
1702263060000,1702263780000,SHORT,-0.00023793243642821626,-0.0024379324364282163,12,BEAR,0.999995551312099,0.9999460506337432
1702263120000,1702263840000,SHORT,0.0015787287079352225,-0.0006212712920647776,12,BEAR,0.9999999935960355,0.9999998841872956
1702263180000,1702263900000,SHORT,0.0008373412684682862,-0.0013626587315317138,12,BEAR,0.9999996053000749,0.9999943432095352
1702263240000,1702263960000,SHORT,-0.00017302594697100778,-0.002373025946971008,12,BEAR,0.9999999995756849,0.9999999912723007
1702263360000,1702264080000,SHORT,-0.0023070314809341156,-0.004507031480934115,12,BEAR,0.9999999999038016,0.9999999978877275
1702263420000,1702264140000,SHORT,-0.003249206763711457,-0.005449206763711457,12,BEAR,0.9999999998177358,0.9999999961079332
1702263780000,1702264500000,SHORT,-0.005353361093212585,-0.007553361093212585,12,BEAR,0.9999980690197731,0.9999751160318509
1702263900000,1702264620000,SHORT,-0.003615359042553326,-0.005815359042553326,12,BEAR,0.9999890606250783,0.9998762972470977
1702263960000,1702264680000,SHORT,-0.004133451431945776,-0.006333451431945776,12,BEAR,0.9999981551117333,0.9999761488820064
1702264020000,1702264740000,SHORT,-0.0038359398052523206,-0.00603593980525232,12,BEAR,0.9999999999979771,0.9999999999473043
1702264080000,1702264800000,SHORT,-0.0030067530983381064,-0.0052067530983381065,12,BEAR,0.9999997335569124,0.999996086062275
1702264140000,1702264860000,SHORT,-0.0030613161586356403,-0.0052613161586356405,12,BEAR,0.9999999897238577,0.9999998185892982
1702264680000,1702265400000,SHORT,-0.002478590855630563,-0.004678590855630563,12,BEAR,0.9999825804791713,0.9998103961797972
1702265640000,1702266360000,SHORT,-0.001163455164689512,-0.003363455164689512,12,BEAR,0.9999999993680124,0.999999987232681
1702266000000,1702266720000,SHORT,0.004084014002333822,0.0018840140023338218,12,BEAR,0.9999997514419044,0.9999963330639645
1702266060000,1702266780000,SHORT,0.005734815926506972,0.0035348159265069716,12,BEAR,0.9988466836125617,0.9918488372674625
1702266120000,1702266840000,SHORT,0.0037934053107674683,0.0015934053107674682,12,BEAR,0.9998360454802719,0.9985500291261924
1702266180000,1702266900000,SHORT,0.0016856088291186163,-0.0005143911708813838,12,BEAR,0.9999980685306946,0.9999751101745155
1702266240000,1702266960000,SHORT,0.0027825269179234786,0.0005825269179234784,12,BEAR,0.9999999621645403,0.9999993769814419
1702266300000,1702267020000,SHORT,0.0012685714285714286,-0.0009314285714285715,12,BEAR,0.9999999999969984,0.9999999999230311
1702266420000,1702267140000,SHORT,0.0019249278152070294,-0.00027507218479297076,12,BEAR,0.9999999999963366,0.9999999999068928
1702266540000,1702267260000,SHORT,0.002288329519450801,8.832951945080079e-05,12,BEAR,0.9999999999927297,0.9999999998209952
1702268400000,1702269360000,SHORT,0.0007679926419866971,-0.001432007358013303,12,BEAR,0.999999999974976,0.9999999994173322
1702268580000,1702269420000,SHORT,-0.0011788977306218015,-0.0033788977306218014,12,BEAR,0.9999999999948012,0.9999999998699843
1702268640000,1702269480000,SHORT,-0.0003960669629492502,-0.0025960669629492505,12,BEAR,0.9999999072491081,0.9999985484315552
1702268700000,1702269540000,SHORT,0.0005291431332175353,-0.0016708568667824649,12,BEAR,0.9999999999979725,0.9999999999471874
1702274520000,1702275360000,SHORT,0.00041304673889219144,-0.0017869532611078087,12,BEAR,0.9999998692161999,0.9999979941210317
1702274580000,1702275420000,SHORT,0.003464033018867958,0.0012640330188679579,12,BEAR,0.9767440215040102,0.899460744393635
1702275780000,1702276500000,SHORT,-0.003560830860534091,-0.005760830860534092,12,BEAR,0.9999977855568191,0.9999717392246612
1702275840000,1702276560000,SHORT,-0.001777777777777845,-0.003977777777777846,12,BEAR,0.9999999719521441,0.9999995305047058
1702275900000,1702276620000,SHORT,-0.001091854579774883,-0.003291854579774883,12,BEAR,0.9999999999979663,0.9999999999470284
1702275960000,1702276680000,SHORT,-0.0001227215471251415,-0.0023227215471251414,12,BEAR,0.9999999999979706,0.9999999999471393
1702276920000,1702277760000,SHORT,-0.0063347809086640025,-0.008534780908664002,12,BEAR,0.9999999999979771,0.9999999999472988
1702277400000,1702278120000,SHORT,-0.0060461280060252675,-0.008246128006025267,12,BEAR,0.9999821273498375,0.9998058818451118
1702277460000,1702278180000,SHORT,-0.005674378000872914,-0.007874378000872914,12,BEAR,0.9999999999979556,0.9999999999467655
1702277580000,1702278300000,SHORT,-0.004243206490423365,-0.006443206490423365,12,BEAR,0.8412276947320512,0.6016534066286962
1702277700000,1702278420000,SHORT,-0.002589648764512119,-0.004789648764512119,12,BEAR,0.9999998667948667,0.9999979592085433
1702277760000,1702278480000,SHORT,-0.0017289144854064694,-0.00392891448540647,12,BEAR,0.9999999999607488,0.9999999991039205
1702279500000,1702280640000,SHORT,0.002649870376791394,0.0004498703767913939,12,BEAR,0.9999999999878337,0.999999999707436
1702279560000,1702280700000,SHORT,0.003210836515863556,0.001010836515863556,12,BEAR,0.9999999988987497,0.9999999783139184
1702283760000,1702284540000,SHORT,-0.0012340345345827743,-0.0034340345345827746,12,BEAR,0.9999999993197887,0.9999999863044262
1702288860000,1702289580000,SHORT,0.00020071802310984372,-0.0019992819768901563,12,BEAR,0.9999999999979701,0.9999999999471241
1702302900000,1702303620000,SHORT,0.004016812210005405,0.001816812210005405,12,BEAR,0.9999999999979603,0.9999999999468787
1702302960000,1702303680000,SHORT,0.003101207099392815,0.000901207099392815,12,BEAR,0.9999999981639421,0.9999999647026178
1702303200000,1702303920000,SHORT,0.0016667742500667548,-0.0005332257499332453,12,BEAR,0.9999999999634325,0.9999999991626111
1702303440000,1702304220000,SHORT,0.0011386502614975829,-0.0010613497385024173,12,BEAR,0.999403578883766,0.9954265851685955
1702303500000,1702304280000,SHORT,0.0022945776478157697,9.457764781576955e-05,12,BEAR,0.9999998717261287,0.9999980303539031
1702303560000,1702304340000,SHORT,0.0020124439192807904,-0.0001875560807192097,12,BEAR,0.9999999999979703,0.9999999999471304
1702303620000,1702304400000,SHORT,0.0007595082818722561,-0.001440491718127744,12,BEAR,0.9999999999979777,0.9999999999473171
1702303680000,1702304460000,SHORT,0.0010623556581986144,-0.0011376443418013857,12,BEAR,0.9999999999979833,0.9999999999474568
1702303800000,1702304580000,SHORT,0.002889193769671603,0.0006891937696716028,12,BEAR,0.9998328098178353,0.9985243881206699
1702303980000,1702304760000,SHORT,0.002675319942895757,0.0004753199428957568,12,BEAR,0.9999887322395359,0.9998728872080827
1702305180000,1702305960000,SHORT,-0.004719817219817355,-0.006919817219817355,12,BEAR,0.9999999999729987,0.9999999993734007
1702305420000,1702306200000,SHORT,0.0007197547297343388,-0.0014802452702656612,12,BEAR,0.9999996521480262,0.9999949746215242
1702305480000,1702306260000,SHORT,0.001104190391007745,-0.0010958096089922552,12,BEAR,0.9999999999979668,0.9999999999470442
1702306020000,1702306800000,SHORT,0.0043487769784173,0.0021487769784172997,12,BEAR,0.9999999841987492,0.9999997272443609
1702309800000,1702310580000,SHORT,0.0017577256558470766,-0.0004422743441529235,12,BEAR,0.9999999999979575,0.9999999999468097
1702309860000,1702310640000,SHORT,0.004384707840236619,0.0021847078402366187,12,BEAR,0.9997970953569347,0.9982449345349803
1702310820000,1702311540000,SHORT,0.0061336142054319665,0.003933614205431967,12,BEAR,0.999999999992313,0.9999999998112176
1702312800000,1702313580000,SHORT,0.004069150105140782,0.001869150105140782,12,BEAR,0.9999999999979783,0.9999999999473297
1702312860000,1702313640000,SHORT,0.0006862049620038534,-0.0015137950379961467,12,BEAR,0.9999999001743874,0.9999984443908642
1702315200000,1702316040000,SHORT,-0.0015131379543494312,-0.003713137954349431,12,BEAR,0.9999999993668979,0.9999999872111494
1702315680000,1702316520000,SHORT,0.002454210155688923,0.00025421015568892306,12,BEAR,0.9999999999967356,0.9999999999166068
1702316580000,1702317360000,SHORT,0.005146005099477126,0.0029460050994771256,12,BEAR,0.9999999988666063,0.9999999777107866
1702316640000,1702317420000,SHORT,0.0037626567385337984,0.0015626567385337983,12,BEAR,0.9999569088512364,0.9995664978576196
1702316700000,1702317480000,SHORT,0.0035710373024215713,0.0013710373024215712,12,BEAR,0.9999997650157405,0.9999965213041027
1702316940000,1702317720000,SHORT,0.004204862588175932,0.0020048625881759316,12,BEAR,0.9999999377638622,0.9999990033873731
1702317000000,1702317780000,SHORT,0.004296329887075145,0.0020963298870751448,12,BEAR,0.9999999999964744,0.9999999999102417
1702317300000,1702318020000,SHORT,0.003800846871799851,0.001600846871799851,12,BEAR,0.9999999053316104,0.9999985201858153
1702317360000,1702318080000,SHORT,0.005275514690063478,0.003075514690063478,12,BEAR,0.9289763585865785,0.7667250038978382
1702318260000,1702318980000,SHORT,0.003762324857291126,0.001562324857291126,12,BEAR,0.9999995673284475,0.9999938351809288
1702318320000,1702319040000,SHORT,0.0036538416117526886,0.0014538416117526884,12,BEAR,0.9999909145930516,0.9998957262454637
1702318380000,1702319100000,SHORT,0.0008330552538096206,-0.0013669447461903796,12,BEAR,0.9999876557887596,0.9998617688688808
1702318500000,1702319220000,SHORT,0.005267625560009466,0.0030676255600094655,12,BEAR,0.9999965010459506,0.9999568032443343
1702318620000,1702319340000,SHORT,0.010311392261859868,0.008111392261859867,12,BEAR,0.9999999999979603,0.99999999994688
1702318680000,1702319400000,SHORT,0.011813515885884262,0.009613515885884261,12,BEAR,0.9997689809804968,0.9980290434988677
1702318740000,1702319460000,SHORT,0.011315586991663348,0.009115586991663347,12,BEAR,0.9999999970086766,0.9999999438266371
1702318860000,1702319580000,SHORT,0.001741341139834114,-0.000458658860165886,12,BEAR,0.9999999990891413,0.9999999819046427
1702318920000,1702319640000,SHORT,0.000707580099723693,-0.001492419900276307,12,BEAR,0.9999967483973456,0.9999596399530231
1702318980000,1702319700000,SHORT,0.0013046206300535946,-0.0008953793699464055,12,BEAR,0.999999999997964,0.9999999999469704
1702319040000,1702319760000,SHORT,-0.0008296925633470272,-0.0030296925633470275,12,BEAR,0.9999999999587125,0.9999999990595092
1702319100000,1702319820000,SHORT,-0.0006371553972273426,-0.0028371553972273427,12,BEAR,0.999998611861102,0.9999816944144004
1702319340000,1702320060000,SHORT,-0.007918306887379052,-0.010118306887379053,12,BEAR,0.999999999981382,0.9999999995607444
1702319400000,1702320120000,SHORT,-0.006787055537165678,-0.008987055537165679,12,BEAR,0.999999954737097,0.9999992620638622
1702319640000,1702320360000,SHORT,-0.002299487529246794,-0.004499487529246794,12,BEAR,0.9999999999385661,0.9999999986245356
1702320240000,1702320960000,SHORT,-0.006304167161343939,-0.00850416716134394,12,BEAR,0.9999997246802387,0.9999959638809501
1702320480000,1702321200000,SHORT,-0.0008239118579566857,-0.003023911857956686,12,BEAR,0.9999999999979433,0.999999999946451
1702320660000,1702321380000,SHORT,0.0009049773755656452,-0.001295022624434355,12,BEAR,0.9999999992889318,0.9999999857121197
1702320780000,1702321500000,SHORT,-0.0021697453913569397,-0.0043697453913569394,12,BEAR,0.9999999999979703,0.9999999999471318
1702321920000,1702322640000,SHORT,0.00727493179751433,0.00507493179751433,12,BEAR,0.9999999990345254,0.9999999808712002
1702322340000,1702323060000,SHORT,-0.0010910970766698886,-0.003291097076669889,12,BEAR,0.9999999997449247,0.9999999946330717
1702322400000,1702323120000,SHORT,0.0015042811413525914,-0.0006957188586474087,12,BEAR,0.9998936167140049,0.9990172865205295
1702322520000,1702323240000,SHORT,0.0019470543679315395,-0.0002529456320684606,12,BEAR,0.9999999999979576,0.9999999999468131
1702322580000,1702323300000,SHORT,0.0019487240497293786,-0.00025127595027062155,12,BEAR,0.9999999583715687,0.9999993181453666
1702323360000,1702324080000,SHORT,-0.005617132253372717,-0.007817132253372718,12,BEAR,0.9995559261749697,0.9964755428938235
1702323540000,1702324260000,SHORT,-0.00831173817064981,-0.01051173817064981,12,BEAR,0.9999999999979386,0.9999999999463353
1702323600000,1702324320000,SHORT,-0.010588710181211757,-0.012788710181211757,12,BEAR,0.9999999999971534,0.9999999999268375
1702323660000,1702324380000,SHORT,-0.008640287769784243,-0.010840287769784244,12,BEAR,0.9999994709158168,0.9999925583522983
1702323780000,1702324500000,SHORT,-0.0050419445863553415,-0.007241944586355341,12,BEAR,0.9999092796219782,0.9991488198841385
1702323840000,1702324560000,SHORT,-0.0047027216613896895,-0.00690272166138969,12,BEAR,0.9999999999979429,0.9999999999464407
1702323900000,1702324620000,SHORT,-0.004012514087879812,-0.006212514087879812,12,BEAR,0.9999999999821262,0.9999999995775628
1702323960000,1702324680000,SHORT,-0.0031712196943923326,-0.005371219694392333,12,BEAR,0.9999999999673924,0.9999999992495282
1702324020000,1702324740000,SHORT,-0.0022063391193207493,-0.00440633911932075,12,BEAR,0.9999999999979645,0.9999999999469839
1702324080000,1702324800000,SHORT,0.0006364722338986925,-0.0015635277661013077,12,BEAR,0.9999995195900209,0.9999932007594107
1702324140000,1702324860000,SHORT,0.000823936421551621,-0.0013760635784483791,12,BEAR,0.9999999999979503,0.9999999999466266
1702324200000,1702324920000,SHORT,-0.003294089665834225,-0.005494089665834225,12,BEAR,0.9999999995335811,0.9999999904469585
1702324260000,1702324980000,SHORT,-0.004107333231800148,-0.0063073332318001486,12,BEAR,0.9999999999199175,0.9999999982275305
1702324320000,1702325040000,SHORT,-0.0018901344491862912,-0.004090134449186291,12,BEAR,0.9999999971689673,0.9999999466943956
1702324680000,1702325400000,SHORT,0.004320852977167235,0.002120852977167235,12,BEAR,0.9999999998102596,0.9999999959554235
1702324740000,1702325460000,SHORT,0.0023107248028878813,0.00011072480288788116,12,BEAR,0.9999372637337777,0.9993903160828734
1702324800000,1702325520000,SHORT,0.002255212058849425,5.5212058849424695e-05,12,BEAR,0.9999999770565667,0.9999996117511878
1702324860000,1702325580000,SHORT,0.0006083621275563934,-0.0015916378724436069,12,BEAR,0.9999999999979757,0.9999999999472713
1702325160000,1702325880000,SHORT,0.0005590672379461535,-0.0016409327620538466,12,BEAR,0.9996985129851084,0.9975009094623274
1702325220000,1702325940000,SHORT,-0.001261115063662516,-0.003461115063662516,12,BEAR,0.9999999999979591,0.9999999999468484
1702325280000,1702326000000,SHORT,-0.00368139064174303,-0.0058813906417430305,12,BEAR,0.9999991165857227,0.9999879868839748
1702325340000,1702326060000,SHORT,-0.004553466860350048,-0.006753466860350048,12,BEAR,0.9999999998949047,0.999999997701199
1702325400000,1702326120000,SHORT,-0.0022579277558388306,-0.004457927755838831,12,BEAR,0.9999232470422401,0.9992681876312779
1702325460000,1702326180000,SHORT,-7.141037878445254e-05,-0.0022714103787844528,12,BEAR,0.9999999999979667,0.9999999999470411
1702325580000,1702326300000,SHORT,0.0021923879908499213,-7.612009150078855e-06,12,BEAR,0.9999999999464353,0.9999999987935705
1702325640000,1702326360000,SHORT,0.0023289637537192123,0.0001289637537192122,12,BEAR,0.9999998897990704,0.9999982926293446
1702325760000,1702326480000,SHORT,-0.0007759281385818562,-0.002975928138581856,12,BEAR,0.9999999984431919,0.9999999698362192
1702325820000,1702326540000,SHORT,-0.0029564653919639063,-0.0051564653919639065,12,BEAR,0.9999999999979615,0.9999999999469078
1702325940000,1702326720000,SHORT,0.0024501358149970607,0.0002501358149970606,12,BEAR,0.999654431571066,0.9971784407620006
1702326000000,1702326780000,SHORT,0.0034923225843186433,0.0012923225843186432,12,BEAR,0.9999997692423309,0.9999965800616958
1702326240000,1702327020000,SHORT,-0.001597208336903809,-0.0037972083369038094,12,BEAR,0.999999999983434,0.9999999996071447
1702326300000,1702327080000,SHORT,-0.002649991420891014,-0.004849991420891014,12,BEAR,0.9999999999979652,0.9999999999470008
1702326540000,1702327320000,SHORT,0.0013349200354396177,-0.0008650799645603825,12,BEAR,0.999999999487866,0.9999999895548001
1702326660000,1702327380000,SHORT,-0.0019071383163373075,-0.004107138316337308,12,BEAR,0.9999911101538281,0.9998977946294498
1702326720000,1702327500000,SHORT,-0.00528394661736896,-0.00748394661736896,12,BEAR,0.999999848855736,0.9999977017527238
1702326780000,1702327560000,SHORT,-0.005978229815439083,-0.008178229815439083,12,BEAR,0.9999999999979592,0.9999999999468526
1702326900000,1702327680000,SHORT,-0.005524625267665883,-0.007724625267665883,12,BEAR,0.999983599698752,0.9998205898807069
1702328640000,1702329360000,SHORT,-0.006963850705228499,-0.009163850705228498,12,BEAR,0.999999845113712,0.9999976483011286
1702329480000,1702330260000,SHORT,0.0025980841179516472,0.0003980841179516471,12,BEAR,0.9999994440535522,0.9999922055927727
1702329660000,1702330440000,SHORT,-0.004609858876099403,-0.006809858876099403,12,BEAR,0.9999999999495283,0.9999999988602822
1702329780000,1702330560000,SHORT,-0.0030356595724623,-0.0052356595724623,12,BEAR,0.9999999999979658,0.9999999999470183
1702341060000,1702341900000,SHORT,-0.00038608152832462817,-0.0025860815283246285,12,BEAR,0.9999999999979737,0.9999999999472177
1702344240000,1702345320000,SHORT,6.728678789119622e-05,-0.002132713212108804,12,BEAR,0.9999999999787675,0.9999999995020219
1702347780000,1702348500000,SHORT,0.0005404057199867312,-0.001659594280013269,12,BEAR,0.999999618989333,0.9999945271599165
1702347840000,1702348560000,SHORT,-0.0005799793887802535,-0.0027799793887802538,12,BEAR,0.9999999998573832,0.9999999969216801
1702347960000,1702348740000,SHORT,0.0005422580548395954,-0.0016577419451604047,12,BEAR,0.9999925768852541,0.9999134391096896
1702364520000,1702365300000,SHORT,-0.0002640416907933169,-0.002464041690793317,12,BEAR,0.9999979213087858,0.9999733519940617
1702364580000,1702365360000,SHORT,0.0008771462890232074,-0.0013228537109767928,12,BEAR,0.9999999821909175,0.9999996945261631
1702364640000,1702365420000,SHORT,0.0024347721534207717,0.0002347721534207716,12,BEAR,0.9999976487100182,0.9999701211188314
1702364700000,1702365480000,SHORT,0.0030133915675875874,0.0008133915675875873,12,BEAR,0.9999999999795464,0.9999999995194984
1702364760000,1702365540000,SHORT,0.0020589936379410063,-0.00014100636205899384,12,BEAR,0.9999999999979661,0.9999999999470248
1702383420000,1702384200000,SHORT,-0.0011378673445976456,-0.003337867344597646,12,BEAR,0.999999999984823,0.9999999996386787
1702383480000,1702384260000,SHORT,-0.0007018811805503145,-0.0029018811805503145,12,BEAR,0.9999999999979869,0.9999999999475482
1702388280000,1702389000000,SHORT,0.0008560794330953974,-0.0013439205669046029,12,BEAR,0.9999999995093486,0.9999999899735807
1702388400000,1702389120000,SHORT,0.0005914794611068942,-0.001608520538893106,12,BEAR,0.9999868603167524,0.9998536080511188
1702388460000,1702389180000,SHORT,0.001986631194955169,-0.00021336880504483095,12,BEAR,0.9999999999209355,0.9999999982490881
1702393080000,1702393800000,SHORT,-0.00129792821709947,-0.0034979282170994703,12,BEAR,0.9999999999979633,0.9999999999469539
1702393440000,1702394220000,SHORT,-0.0001448489832536905,-0.0023448489832536908,12,BEAR,0.9999999701166772,0.9999995015055015
1702393560000,1702394340000,SHORT,0.0008301561206524315,-0.0013698438793475686,12,BEAR,0.999999999223791,0.9999999844657332
1702393620000,1702394400000,SHORT,0.002461217183770849,0.000261217183770849,12,BEAR,0.9999999999307123,0.9999999984568042
1702394820000,1702395540000,SHORT,-0.0021039975954312853,-0.004303997595431285,12,BEAR,0.9999987325175628,0.9999831806185574
1702394880000,1702395600000,SHORT,-0.0043192633974756195,-0.006519263397475619,12,BEAR,0.9999957052866096,0.999947780186641
1702395000000,1702395720000,SHORT,-0.002816815520864571,-0.005016815520864571,12,BEAR,0.9999999999351616,0.9999999985517283
1702395120000,1702395840000,SHORT,-0.0008995502248875903,-0.0030995502248875903,12,BEAR,0.9999914289767068,0.9999011751539161
1702395660000,1702396380000,SHORT,0.0017725272309757998,-0.00042747276902420036,12,BEAR,0.999989773909993,0.9998837354710346
1702397160000,1702397880000,SHORT,0.003232758620689655,0.001032758620689655,12,BEAR,0.9999998755065015,0.9999980850113795
1702397220000,1702397940000,SHORT,0.002479656504293594,0.00027965650429359395,12,BEAR,0.9999998324230084,0.9999974676264833
1702397280000,1702398000000,SHORT,0.001916068237358039,-0.00028393176264196116,12,BEAR,0.9999999999979734,0.9999999999472089
1702397340000,1702398060000,SHORT,-0.002302133937212821,-0.004502133937212821,12,BEAR,0.9999999999375595,0.9999999986029897
1702397400000,1702398120000,SHORT,-0.0030187614614191343,-0.005218761461419134,12,BEAR,0.9999999996277195,0.9999999922975765
1702397460000,1702398180000,SHORT,-0.002104630186410068,-0.004304630186410068,12,BEAR,0.9999999994246391,0.9999999883269525
1702397520000,1702398240000,SHORT,-0.0031248236555499465,-0.005324823655549947,12,BEAR,0.9999999999393452,0.9999999986412511
1702397640000,1702398420000,SHORT,-0.0024249737079325897,-0.00462497370793259,12,BEAR,0.9999999994480419,0.999999988780643
1702397880000,1702398660000,SHORT,-0.0041457109283196585,-0.006345710928319658,12,BEAR,0.9999997673479526,0.9999965537176211
1702398120000,1702398900000,SHORT,-0.001586877437743706,-0.003786877437743706,12,BEAR,0.9999999999736766,0.999999999388432
1702399440000,1702400220000,SHORT,0.00038158021026698055,-0.0018184197897330196,12,BEAR,0.999999999997957,0.9999999999467936
1702401900000,1702402620000,SHORT,0.002182209794437761,-1.7790205562239272e-05,12,BEAR,0.9999997737252236,0.9999966424595057
1702401960000,1702402680000,SHORT,0.0004187198527619445,-0.0017812801472380556,12,BEAR,0.9999999997846155,0.99999999543426
1702402380000,1702403100000,SHORT,-0.0010802001212855932,-0.003280200121285593,12,BEAR,0.9999969883744767,0.9999624084630476
1702402440000,1702403160000,SHORT,0.00013273287508884914,-0.002067267124911151,12,BEAR,0.9999999646512268,0.999999415740512
1702402500000,1702403220000,SHORT,0.00020152447336913357,-0.0019984755266308665,12,BEAR,0.9999999999979768,0.9999999999472944
1702402560000,1702403280000,SHORT,0.0018343195266272189,-0.00036568047337278125,12,BEAR,0.9999999898567665,0.9999998208152315
1702402620000,1702403340000,SHORT,0.0014485207100591027,-0.0007514792899408975,12,BEAR,0.9999999999979615,0.9999999999469106
1702403940000,1702404660000,SHORT,-0.009796083470150072,-0.011996083470150073,12,BEAR,0.99999311452298,0.9999192372841945
1702404060000,1702404780000,SHORT,-0.007511249074443242,-0.009711249074443241,12,BEAR,0.9999999643882352,0.9999994116339862
1702404180000,1702404900000,SHORT,-0.008874393203883356,-0.011074393203883356,12,BEAR,0.9998202889215743,0.9984256938662132
1702404240000,1702404960000,SHORT,-0.010322925942064715,-0.012522925942064715,12,BEAR,0.9999999999966341,0.9999999999141277
1702404360000,1702405080000,SHORT,-0.00870211235614786,-0.01090211235614786,12,BEAR,0.9999961252907417,0.9999525240839187
1702404420000,1702405140000,SHORT,-0.007460800683965635,-0.009660800683965635,12,BEAR,0.9992583956714345,0.9944604248961503
1702404480000,1702405200000,SHORT,-0.008037405666052449,-0.010237405666052449,12,BEAR,0.9999999999979591,0.9999999999468476
1702404540000,1702405260000,SHORT,-0.00645421445819492,-0.00865421445819492,12,BEAR,0.999999999171694,0.9999999834725017
1702404600000,1702405320000,SHORT,-0.006035031471746151,-0.008235031471746151,12,BEAR,0.9999999843262013,0.9999997293288357
1702404660000,1702405380000,SHORT,-0.006091138512725414,-0.008291138512725414,12,BEAR,0.999999999995667,0.9999999998907254
1702404720000,1702405440000,SHORT,-0.005833747617376035,-0.008033747617376035,12,BEAR,0.9999999036562272,0.9999984955356848
1702406400000,1702407120000,SHORT,-0.0,-0.0022,12,BEAR,0.9999999999939481,0.999999999849722
1702406460000,1702407180000,SHORT,-0.00046162642471515934,-0.0026616264247151596,12,BEAR,0.9999999999979756,0.9999999999472629
1702406520000,1702407240000,SHORT,-0.0003467446998433302,-0.0025467446998433305,12,BEAR,0.9999998992338739,0.9999984305949248
1702406580000,1702407300000,SHORT,-0.0009003601440576572,-0.0031003601440576572,12,BEAR,0.9999999977750273,0.9999999576165183
1702406640000,1702407360000,SHORT,-0.0006871997898527946,-0.0028871997898527947,12,BEAR,0.9999999999979825,0.9999999999474362
1702406700000,1702407420000,SHORT,-0.001038840438329763,-0.003238840438329763,12,BEAR,0.9999999890950926,0.999999808079351
1702406760000,1702407480000,SHORT,-0.0006330686949875027,-0.0028330686949875027,12,BEAR,0.9999999997699143,0.9999999951368382
1702406820000,1702407540000,SHORT,-1.1719647285495295e-05,-0.0022117196472854956,12,BEAR,0.9999999999939742,0.9999999998503419
1702406880000,1702407600000,SHORT,-0.0003371591531684573,-0.0025371591531684573,12,BEAR,0.9999938608791387,0.9999273504772184
1702406940000,1702407660000,SHORT,0.001781100209706377,-0.0004188997902936232,12,BEAR,0.999999999956101,0.9999999990027012
1702407000000,1702407720000,SHORT,0.000369938515282275,-0.0018300614847177252,12,BEAR,0.9999999999978346,0.9999999999437302
1702407060000,1702407780000,SHORT,-0.0002998500749625869,-0.002499850074962587,12,BEAR,0.9999999999299708,0.9999999984410165
1702409520000,1702410240000,SHORT,-0.0002161654135337662,-0.0024161654135337663,12,BEAR,0.9999999868013398,0.9999997700057334
1702409580000,1702410360000,SHORT,0.002165309536041862,-3.469046395813795e-05,12,BEAR,0.9999999999290384,0.9999999984211363
1702409640000,1702410420000,SHORT,0.004476506543668204,0.002276506543668204,12,BEAR,0.9999999999885529,0.9999999997239695
1702409700000,1702410480000,SHORT,0.004065021591031668,0.0018650215910316682,12,BEAR,0.9999999990974389,0.9999999820619557
1702411980000,1702412700000,SHORT,0.0027511478765458626,0.0005511478765458625,12,BEAR,0.999999999997977,0.9999999999472965
1702412580000,1702413420000,SHORT,-0.0037727145422493573,-0.005972714542249357,12,BEAR,0.9999999989914428,0.9999999800579749
1702412640000,1702413600000,SHORT,-0.0039192041000904775,-0.006119204100090477,12,BEAR,0.9999991794895887,0.9999887871129133
1702413840000,1702414620000,SHORT,-0.003328777338907173,-0.0055287773389071735,12,BEAR,0.9999999999959083,0.9999999998965342
1702414020000,1702414740000,SHORT,-0.0009347396703047043,-0.003134739670304704,12,BEAR,0.9999971043192536,0.9999637522221995
1702414080000,1702414800000,SHORT,-0.0010656226381436913,-0.0032656226381436917,12,BEAR,0.9999999994584212,0.9999999889821694
1702414140000,1702414860000,SHORT,0.00044092744867189155,-0.0017590725513281086,12,BEAR,0.9999999999979766,0.9999999999472869
1702414440000,1702415160000,SHORT,-0.0010003818787969263,-0.0032003818787969263,12,BEAR,0.9999999997235649,0.9999999942043606
1702417980000,1702418700000,SHORT,-0.0026662270061473276,-0.004866227006147328,12,BEAR,0.9999999027359472,0.9999984820066927
1702423200000,1702423920000,SHORT,0.001263364979616104,-0.0009366350203838961,12,BEAR,0.9999997857403929,0.9999968101029155
1702428540000,1702429560000,SHORT,0.00017294649409414493,-0.0020270535059058554,12,BEAR,0.9999999999976144,0.9999999999382363
1702430280000,1702431120000,SHORT,0.003686938574477498,0.0014869385744774978,12,BEAR,0.9999999999140007,0.9999999981024578
1702430400000,1702431180000,SHORT,0.0009536112742219271,-0.001246388725778073,12,BEAR,0.9999998978890396,0.9999984108818256
1702430460000,1702431240000,SHORT,0.00039958537141460273,-0.0018004146285853975,12,BEAR,0.9999998654494275,0.9999979398265216
1702430520000,1702431300000,SHORT,0.0020358994589719788,-0.00016410054102802135,12,BEAR,0.9999999999979705,0.999999999947137
1702433400000,1702434120000,SHORT,0.0035064935064935067,0.0013064935064935066,12,BEAR,0.9999999999979643,0.99999999994698
1702433460000,1702434180000,SHORT,0.0016964190651949484,-0.0005035809348050517,12,BEAR,0.9999999890617693,0.999999807523181
1702433520000,1702434240000,SHORT,0.0023238863330873223,0.00012388633308732218,12,BEAR,0.9999999988793086,0.9999999779490161
1702433580000,1702434300000,SHORT,0.0010817259327816065,-0.0011182740672183937,12,BEAR,0.9999999831899047,0.9999997107776422
1702433640000,1702434360000,SHORT,0.003473576932989858,0.001273576932989858,12,BEAR,0.999999993752233,0.9999998868714636
1702438440000,1702439220000,SHORT,0.002112286703934936,-8.771329606506407e-05,12,BEAR,0.9999999999898636,0.9999999997542158
1702440780000,1702441800000,SHORT,-0.0026334803772437563,-0.0048334803772437564,12,BEAR,0.9999999931739255,0.9999998769507735
1702475400000,1702476420000,SHORT,-0.00022883081463759817,-0.002428830814637598,12,BEAR,0.9999991819820164,0.9999888189084402
1702475640000,1702476540000,SHORT,0.003054410475462125,0.0008544104754621249,12,BEAR,0.9999659237899673,0.9996499087128193
1702476540000,1702477320000,SHORT,0.0015014804316406448,-0.0006985195683593553,12,BEAR,0.9999999999979724,0.9999999999471844
1702476600000,1702477380000,SHORT,0.001155774544416637,-0.001044225455583363,12,BEAR,0.9999999999979793,0.9999999999473573
1702480500000,1702481220000,SHORT,0.0015726761397276494,-0.0006273238602723507,12,BEAR,0.9999999999390352,0.9999999986345937
1702480560000,1702481280000,SHORT,0.0027339958400740215,0.0005339958400740214,12,BEAR,0.9999999999620403,0.9999999991321407
1702480680000,1702481400000,SHORT,0.004120894967939589,0.0019208949679395885,12,BEAR,0.9981644849353841,0.9878042835623289
1702481820000,1702482600000,SHORT,0.0008865248226949011,-0.0013134751773050991,12,BEAR,0.9999999999979723,0.9999999999471797
1702481940000,1702482720000,SHORT,0.0024292282528703335,0.00022922825287033334,12,BEAR,0.9999987092555142,0.9999828933006017
1702482000000,1702482780000,SHORT,2.080155318267127e-05,-0.002179198446817329,12,BEAR,0.9999999983047227,0.9999999672854067
1702482060000,1702482840000,SHORT,-0.000235831061725245,-0.002435831061725245,12,BEAR,0.9999999999967039,0.9999999999158257
1702485660000,1702486380000,SHORT,-0.0016842115017514957,-0.0038842115017514956,12,BEAR,0.999999999970386,0.9999999993155444
1702485900000,1702486620000,SHORT,-0.0014518190574986192,-0.0036518190574986193,12,BEAR,0.9999928004336098,0.9999158455169596
1702488180000,1702488900000,SHORT,0.0036575217129431333,0.0014575217129431332,12,BEAR,0.9999999999979676,0.9999999999470647
1702494960000,1702495680000,SHORT,-0.0010728582866293367,-0.0032728582866293366,12,BEAR,0.999991615357044,0.999903156346167
1702495080000,1702495800000,SHORT,-0.003517697340529144,-0.005717697340529144,12,BEAR,0.9999999898416415,0.9999998205618169
1702496460000,1702497180000,SHORT,-0.00044157608695652174,-0.002641576086956522,12,BEAR,0.9655682033576416,0.8636233451731706
1702498020000,1702498740000,SHORT,0.0020052885236318155,-0.00019471147636818467,12,BEAR,0.9999999999806577,0.9999999995444585
1702498140000,1702498860000,SHORT,0.002316155182397089,0.00011615518239708892,12,BEAR,0.9999999969116188,0.9999999420940301
1702498260000,1702498980000,SHORT,0.0005234973247248425,-0.0016765026752751577,12,BEAR,0.9999999999079587,0.9999999979751031
1702498320000,1702499100000,SHORT,0.0012832546603002396,-0.0009167453396997606,12,BEAR,0.9999999990789037,0.9999999817107315
1702498380000,1702499160000,SHORT,0.0003654937570941781,-0.001834506242905822,12,BEAR,0.9999999997082323,0.9999999938975046
1702498440000,1702499220000,SHORT,-0.0002911208151383486,-0.0024911208151383486,12,BEAR,0.9998931203279557,0.9990131540711624
1702498500000,1702499280000,SHORT,-0.0008594561779664456,-0.0030594561779664457,12,BEAR,0.999999999996963,0.9999999999221639
1702498560000,1702499340000,SHORT,0.0008214186035429257,-0.0013785813964570745,12,BEAR,0.9174391513527643,0.7406002720563405
1702498620000,1702499400000,SHORT,0.0006245188366236014,-0.0015754811633763989,12,BEAR,0.999999794715354,0.9999969357258595
1702499220000,1702500060000,SHORT,-0.0037561845168800267,-0.005956184516880026,12,BEAR,0.9999999999979635,0.9999999999469595
1702501800000,1702502640000,SHORT,-0.0014496955639315744,-0.0036496955639315747,12,BEAR,0.9999999158050369,0.9999986749152754
1702502100000,1702502880000,SHORT,0.0019160550956218963,-0.0002839449043781038,12,BEAR,0.999998003162444,0.9999743283054101
1702502340000,1702503180000,SHORT,0.00033955857385398983,-0.0018604414261460104,12,BEAR,0.9999999999826338,0.999999999589046
1702502400000,1702503240000,SHORT,-0.00016310959378924804,-0.002363109593789248,12,BEAR,0.9999999999857401,0.9999999996595546
1702502520000,1702503360000,SHORT,0.0025940483890664837,0.0003940483890664836,12,BEAR,0.999999822271067,0.999997323729137
1702505520000,1702506240000,SHORT,-0.0020086083213772987,-0.004208608321377299,12,BEAR,0.9999999996040303,0.9999999918300405
1702505700000,1702506420000,SHORT,0.005075462946444468,0.002875462946444468,12,BEAR,0.999612671983341,0.9968777025514989
1702505760000,1702506480000,SHORT,0.002400488143957798,0.0002004881439577979,12,BEAR,0.9999968053303373,0.9999602952588535
1702507500000,1702508220000,SHORT,0.001981262340723117,-0.00021873765927688318,12,BEAR,0.99998578798786,0.9998426758829122
1702509660000,1702510440000,SHORT,-0.0019014458675770368,-0.004101445867577037,12,BEAR,0.9999999998186806,0.9999999961272041
1702536480000,1702537260000,SHORT,-0.0011867812909015694,-0.0033867812909015695,12,BEAR,0.9999994689298127,0.9999925322301121
1702536540000,1702537320000,SHORT,-0.0016237290588704209,-0.0038237290588704212,12,BEAR,0.9999999999979766,0.9999999999472887
1702553880000,1702554600000,SHORT,0.001147776183644124,-0.001052223816355876,12,BEAR,0.9999999131793755,0.9999986360190715
1702555680000,1702556580000,SHORT,0.0015134334055620128,-0.0006865665944379873,12,BEAR,0.99999999869876,0.9999999745745057
1702560720000,1702561440000,SHORT,-0.010327530244910003,-0.012527530244910004,12,BEAR,0.9999999999978096,0.9999999999430988
1702563000000,1702563720000,SHORT,-0.002928830114135173,-0.005128830114135173,12,BEAR,0.9999974996420228,0.9999683667475116
1702563360000,1702564080000,SHORT,-0.006021564327485347,-0.008221564327485347,12,BEAR,0.999914717894361,0.9991950453299777
1702563420000,1702564140000,SHORT,-0.003917665108123871,-0.0061176651081238705,12,BEAR,0.9999999994754005,0.9999999893121909
1702565100000,1702565820000,SHORT,-0.0023108793648044744,-0.004510879364804475,12,BEAR,0.9999998107367751,0.9999971608771973
1702565160000,1702565880000,SHORT,-0.0008746355685131527,-0.003074635568513153,12,BEAR,0.9999999986029362,0.9999999727930207
1702565220000,1702565940000,SHORT,-0.0017904939804321,-0.0039904939804321,12,BEAR,0.9999999999979869,0.9999999999475492
1702565280000,1702566000000,SHORT,-0.002504736228504809,-0.004704736228504809,12,BEAR,0.9999999999943782,0.9999999998599234
1702565340000,1702566060000,SHORT,-0.002689250291715286,-0.004889250291715286,12,BEAR,0.9999999999979736,0.9999999999472137
1702565400000,1702566120000,SHORT,-0.0031503386272091027,-0.005350338627209103,12,BEAR,0.9999999999979802,0.9999999999473796
1702565460000,1702566180000,SHORT,-0.002502792277358686,-0.004702792277358686,12,BEAR,0.9999999999979852,0.9999999999475045
1702565520000,1702566240000,SHORT,-0.002561461400326369,-0.004761461400326369,12,BEAR,0.9999999999894464,0.9999999997445814
1702565580000,1702566300000,SHORT,-0.00187308162944423,-0.00407308162944423,12,BEAR,0.999999919446438,0.9999987289825107
1702565640000,1702566360000,SHORT,0.00017292377701930706,-0.002027076222980693,12,BEAR,0.9999999992578524,0.9999999851167993
1702565700000,1702566420000,SHORT,-0.0011612815082997472,-0.0033612815082997476,12,BEAR,0.9999999999979662,0.999999999947028
1702565760000,1702566480000,SHORT,-0.0006347140829176414,-0.0028347140829176414,12,BEAR,0.999998465310675,0.9999799020364766
1702565820000,1702566540000,SHORT,-0.00018644499417921204,-0.002386444994179212,12,BEAR,0.9999999995750851,0.9999999912605265
1702565880000,1702566600000,SHORT,-0.0010422735217010366,-0.003242273521701037,12,BEAR,0.9999999995208828,0.9999999901987812
1702569000000,1702569720000,SHORT,-0.0009113001215067161,-0.003111300121506716,12,BEAR,0.9999999999979461,0.9999999999465211
1702575240000,1702575960000,SHORT,-0.0008485486891385112,-0.0030485486891385113,12,BEAR,0.9999999541261011,0.9999992526626605
1702575300000,1702576020000,SHORT,-0.005154941524689575,-0.007354941524689575,12,BEAR,0.9901033065955791,0.9494577951526193
1702575360000,1702576080000,SHORT,-0.0069410975131863825,-0.009141097513186383,12,BEAR,0.9999999682857292,0.9999994726800299
1702575420000,1702576140000,SHORT,-0.004527027027027027,-0.0067270270270270265,12,BEAR,0.99999999997511,0.9999999994203205
1702576020000,1702576740000,SHORT,0.0008798134436392936,-0.0013201865563607065,12,BEAR,0.9999631214839103,0.9996237713911154
1702576500000,1702577220000,SHORT,0.0036380530020110467,0.0014380530020110466,12,BEAR,0.9999608474069619,0.9996027041723491
1702576560000,1702577280000,SHORT,0.004551493823613969,0.0023514938236139688,12,BEAR,0.9999999999975688,0.9999999999371051
1702576680000,1702577400000,SHORT,0.0024932726562113933,0.0002932726562113932,12,BEAR,0.9999999999979633,0.9999999999469552
1702576800000,1702577520000,SHORT,0.002902421532325659,0.0007024215323256588,12,BEAR,0.9999996415455035,0.9999948312449223
1702576860000,1702577580000,SHORT,0.0016361713141133188,-0.0005638286858866814,12,BEAR,0.9999999756171617,0.9999995887446218
1702577400000,1702578120000,SHORT,-0.0007385923510654563,-0.0029385923510654565,12,BEAR,0.9982780251607284,0.9884585057236406
1702580040000,1702580820000,SHORT,0.0006023550724637352,-0.0015976449275362649,12,BEAR,0.9999999995320884,0.9999999904177993
1702596060000,1702596840000,SHORT,0.0028517195981893275,0.0006517195981893273,12,BEAR,0.9999999999979791,0.9999999999473508
1702606380000,1702607280000,SHORT,-0.001449111030478988,-0.0036491110304789883,12,BEAR,0.9999999999973012,0.9999999999304793
1702606560000,1702607400000,SHORT,0.0009553411949008571,-0.001244658805099143,12,BEAR,0.9999999152640323,0.9999986668949039
1702618560000,1702619280000,SHORT,0.0009626259890812021,-0.001237374010918798,12,BEAR,0.9999997912425477,0.9999968870753705
1702618680000,1702619460000,SHORT,0.0017520596383784036,-0.00044794036162159657,12,BEAR,0.9999999999979735,0.9999999999472154
1702618860000,1702619640000,SHORT,-0.001270659625189563,-0.0034706596251895634,12,BEAR,0.9999999480059487,0.9999991588868062
1702618920000,1702619700000,SHORT,0.0002391009803140193,-0.001960899019685981,12,BEAR,0.9999888164343687,0.9998737606678539
1702645440000,1702646160000,SHORT,2.2812560595532116e-06,-0.002197718743940447,12,BEAR,0.9999999999979673,0.9999999999470544
1702645500000,1702646220000,SHORT,-0.002432000000000033,-0.004632000000000034,12,BEAR,0.999999994336883,0.9999998969504834
1702645560000,1702646280000,SHORT,-0.0035915138768231572,-0.005791513876823157,12,BEAR,0.9999998527822214,0.9999977579300284
1702645620000,1702646340000,SHORT,-0.00090410133240789,-0.00310410133240789,12,BEAR,0.9999736582798767,0.9997231981801633
1702645680000,1702646400000,SHORT,-0.0007465020557341879,-0.0029465020557341882,12,BEAR,0.9999998889480604,0.9999982802221398
1702645800000,1702646520000,SHORT,0.0028421652421651757,0.0006421652421651756,12,BEAR,0.9999810162492591,0.9997948561596812
1702647480000,1702648200000,SHORT,0.00038069203390465775,-0.0018193079660953424,12,BEAR,0.9999999990290019,0.9999999807668292
1702647540000,1702648260000,SHORT,0.00023180449471207003,-0.0019681955052879303,12,BEAR,0.9999999999834354,0.999999999607172
1702647660000,1702648380000,SHORT,0.0005786452353615865,-0.0016213547646384135,12,BEAR,0.9999999932336661,0.9999998779734903
1702654620000,1702655340000,SHORT,-0.0001782725161660085,-0.0023782725161660087,12,BEAR,0.9999999999979476,0.9999999999465594
1702654740000,1702655460000,SHORT,-0.0027740217739799884,-0.004974021773979988,12,BEAR,0.999999990520942,0.9999998319632335
1702654920000,1702655640000,SHORT,-0.0008701039252128274,-0.0030701039252128276,12,BEAR,0.9888952682888779,0.9444586574950837
1702655040000,1702655760000,SHORT,-0.0003594861435486153,-0.0025594861435486154,12,BEAR,0.9999999998964283,0.9999999977330982
1702655100000,1702655820000,SHORT,-0.0035109747023809525,-0.005710974702380953,12,BEAR,0.9998348746350935,0.9985407441115022
1702655220000,1702655940000,SHORT,-0.00299186463495309,-0.00519186463495309,12,BEAR,0.9999999999879149,0.9999999997092949
1702655280000,1702656000000,SHORT,-0.0008853085137940589,-0.003085308513794059,12,BEAR,0.9999999994085685,0.9999999880158782
1702655340000,1702656060000,SHORT,0.0006018518518518519,-0.0015981481481481482,12,BEAR,0.999999954313248,0.999999255541484
1702655400000,1702656120000,SHORT,-0.00016676664944965537,-0.0023667666494496557,12,BEAR,0.9999999999964769,0.9999999999103046
1702658880000,1702659660000,SHORT,-0.0016205423476969472,-0.0038205423476969473,12,BEAR,0.9999999999969431,0.9999999999216834
1702658940000,1702659720000,SHORT,-0.002787171578282359,-0.004987171578282359,12,BEAR,0.9999999999962074,0.9999999999037692
1702661040000,1702661760000,SHORT,-4.61593142572274e-05,-0.0022461593142572276,12,BEAR,0.9999999999979657,0.9999999999470167
1702678980000,1702679700000,SHORT,-0.0006204976437234974,-0.0028204976437234976,12,BEAR,0.9999999999979504,0.9999999999466302
1702744620000,1702745400000,SHORT,0.0019769619247573863,-0.00022303807524261384,12,BEAR,0.9999999999979636,0.9999999999469622
1702777920000,1702778820000,SHORT,-0.0017879583086931148,-0.003987958308693115,12,BEAR,0.9999999955529282,0.9999999180982263
1702777980000,1702778880000,SHORT,-0.0010387332071464844,-0.0032387332071464846,12,BEAR,0.9999996045908301,0.9999943336909114
1702824480000,1702825200000,SHORT,0.0017675692898790377,-0.0004324307101209624,12,BEAR,0.9999999992800946,0.9999999855427202
1702830540000,1702831260000,SHORT,-0.0017215686637480551,-0.003921568663748055,12,BEAR,0.9999999999979609,0.9999999999468924
1702830600000,1702831320000,SHORT,-0.0027896006283550895,-0.00498960062835509,12,BEAR,0.9999999802254529,0.9999996626984187
1702832460000,1702833180000,SHORT,-0.006198090417577394,-0.008398090417577395,12,BEAR,0.9999999999930327,0.9999999998281135
1702832520000,1702833240000,SHORT,-0.005631510715960391,-0.007831510715960392,12,BEAR,0.9999999856960847,0.9999997517938322
1702832580000,1702833300000,SHORT,-0.003832208912754142,-0.006032208912754142,12,BEAR,0.9996490968813858,0.9971397771143147
1702833000000,1702833720000,SHORT,-0.0030445911975698417,-0.005244591197569842,12,BEAR,0.9999992046644718,0.9999891085861083
1702835520000,1702836300000,SHORT,0.0009385999217834068,-0.0012614000782165933,12,BEAR,0.9999999999979522,0.9999999999466774
1702835580000,1702836420000,SHORT,0.001965115743936708,-0.00023488425606329197,12,BEAR,0.9999999999979642,0.9999999999469785
1702835640000,1702836480000,SHORT,0.0020120724346076794,-0.0001879275653923207,12,BEAR,0.9999999999979732,0.9999999999472028
1702835700000,1702836540000,SHORT,0.003099006935324071,0.0008990069353240707,12,BEAR,0.9999999999979744,0.9999999999472344
1702835760000,1702836600000,SHORT,0.006658010332348085,0.004458010332348085,12,BEAR,0.9999996841873011,0.9999954097112155
1702836540000,1702837260000,SHORT,-0.001162562259484888,-0.003362562259484888,12,BEAR,0.9999999932905506,0.9999998789476985
1702836600000,1702837320000,SHORT,-0.0031473652983276534,-0.005347365298327654,12,BEAR,0.9407254955223473,0.7952265649895505
1702836720000,1702837440000,SHORT,-0.002120231213872765,-0.004320231213872766,12,BEAR,0.9999999999979522,0.9999999999466738
1702836960000,1702837680000,SHORT,-0.006554745812245697,-0.008754745812245697,12,BEAR,0.9999999999979424,0.999999999946432
1702837080000,1702837800000,SHORT,-0.00539913817442949,-0.00759913817442949,12,BEAR,0.99957732011163,0.9966263381000461
1702837140000,1702837860000,SHORT,-0.00436665063094391,-0.00656665063094391,12,BEAR,0.9999995041476738,0.9999929964841563
1702837200000,1702837920000,SHORT,-0.0035262364935436724,-0.005726236493543672,12,BEAR,0.9999999999979678,0.9999999999470693
1702837260000,1702837980000,SHORT,-0.0015721382927639748,-0.003772138292763975,12,BEAR,0.9999993327358683,0.9999907557672818
1702837320000,1702838040000,SHORT,-0.0027031398008455975,-0.004903139800845597,12,BEAR,0.999999944806261,0.9999991101260424
1702837380000,1702838100000,SHORT,-0.0015254209908082087,-0.003725420990808209,12,BEAR,0.9999920751281602,0.9999080599446734
1702837800000,1702838580000,SHORT,-0.0015007860712320277,-0.003700786071232028,12,BEAR,0.9999998956356645,0.9999983778871783
1702838400000,1702839120000,SHORT,0.0003978676135763218,-0.0018021323864236783,12,BEAR,0.9999999791940671,0.9999996460690787
1702838460000,1702839240000,SHORT,0.0015978364926570354,-0.0006021635073429647,12,BEAR,0.9998751408293738,0.9988648169154415
1702853580000,1702854540000,SHORT,0.0014753025994090861,-0.000724697400590914,12,BEAR,0.999999999997977,0.9999999999472969
1702856880000,1702857660000,SHORT,0.0016860369945981,-0.0005139630054019002,12,BEAR,0.999999999997342,0.9999999999314899
1702856940000,1702857720000,SHORT,-0.001265268154840705,-0.003465268154840705,12,BEAR,0.9999964685484503,0.9999564317602208
1702857060000,1702857900000,SHORT,0.0005119836913323137,-0.0016880163086676865,12,BEAR,0.999999999995719,0.9999999998919682
1702858080000,1702858800000,SHORT,0.0008452509808433257,-0.0013547490191566744,12,BEAR,0.9999999999793324,0.9999999995146819
1702858140000,1702858860000,SHORT,0.0012115520075134667,-0.0009884479924865334,12,BEAR,0.9999999999979685,0.9999999999470871
1702858260000,1702858980000,SHORT,-0.002055940375379468,-0.0042559403753794686,12,BEAR,0.99999999999798,0.9999999999473739
1702858380000,1702859100000,SHORT,-0.0025410568914404027,-0.004741056891440403,12,BEAR,0.9999999999942168,0.9999999998560831
1702863120000,1702863840000,SHORT,0.005300882223306474,0.0031008822233064737,12,BEAR,0.9999984277515858,0.9999794447737523
1702863420000,1702864140000,SHORT,-0.002333727810650853,-0.004533727810650853,12,BEAR,0.9999991862498497,0.9999888733687492
1702863540000,1702864260000,SHORT,-0.0037967158289654817,-0.005996715828965482,12,BEAR,0.9985680001185534,0.9901615083744776
1702863600000,1702864320000,SHORT,-0.004900100563535248,-0.007100100563535248,12,BEAR,0.9999999999965472,0.99999999991201
1702891500000,1702892220000,SHORT,-0.002718667710483205,-0.004918667710483205,12,BEAR,0.9999999999879138,0.9999999997092733
1702891560000,1702892280000,SHORT,-0.0006228508094692958,-0.002822850809469296,12,BEAR,0.9999905745638928,0.9998921389413464
1702891920000,1702892640000,SHORT,-0.00428163090352348,-0.00648163090352348,12,BEAR,0.9999995582916791,0.9999937147338978
1702895100000,1702895820000,SHORT,0.00609037701428992,0.00389037701428992,12,BEAR,0.9999999991699997,0.9999999834402422
1702895160000,1702895880000,SHORT,0.005697755127266435,0.0034977551272664348,12,BEAR,0.9999990160258542,0.999986715977367
1702895220000,1702895940000,SHORT,0.0025724375571123627,0.0003724375571123625,12,BEAR,0.9999910932883518,0.9998976160957371
1702895280000,1702896000000,SHORT,0.0018400337061800767,-0.00035996629381992344,12,BEAR,0.9999999318152661,0.9999989137966903
1702895340000,1702896060000,SHORT,0.0010650160109788877,-0.0011349839890211124,12,BEAR,0.9999999959238864,0.999999924606392
1702895400000,1702896120000,SHORT,0.002132845825715992,-6.715417428400806e-05,12,BEAR,0.9999988869048365,0.9999850977222706
1702895460000,1702896180000,SHORT,0.0006600078152549273,-0.001539992184745073,12,BEAR,0.999999999996685,0.999999999915369
1702895520000,1702896240000,SHORT,-0.0006461858344619381,-0.002846185834461938,12,BEAR,0.999999999997978,0.999999999947321
1702895580000,1702896300000,SHORT,-1.4291158536550704e-05,-0.002214291158536551,12,BEAR,0.9999999999978703,0.9999999999446186
1702905480000,1702906200000,SHORT,-0.003828940942773562,-0.006028940942773562,12,BEAR,0.9999997748717929,0.9999966584316504
1702909800000,1702910520000,SHORT,-0.0035902496378257286,-0.005790249637825729,12,BEAR,0.9999999999841044,0.9999999996223526
1702909920000,1702910640000,SHORT,-0.0021941930750147814,-0.004394193075014782,12,BEAR,0.999847025991586,0.9986374846635203
1702910100000,1702910820000,SHORT,-0.0015508742559523132,-0.0037508742559523136,12,BEAR,0.999999925763155,0.9999988231320711
1702910220000,1702910940000,SHORT,-0.0033522284171196444,-0.005552228417119645,12,BEAR,0.9999999987017677,0.9999999746304958
1702916160000,1702916880000,SHORT,-0.002391559202813599,-0.0045915592028135995,12,BEAR,0.9999998370489506,0.9999975333799689
1702922220000,1702923060000,SHORT,-3.9765802813011595e-05,-0.0022397658028130117,12,BEAR,0.9999999999979714,0.999999999947157
1702922340000,1702923180000,SHORT,-0.001991569802178543,-0.004191569802178543,12,BEAR,0.9999910648931515,0.9998973155765915
1702922400000,1702923240000,SHORT,-0.0018935443729156513,-0.004093544372915652,12,BEAR,0.9999999999707818,0.9999999993243005
1702922520000,1702923360000,SHORT,-0.0005918945538683213,-0.0027918945538683215,12,BEAR,0.9999999999575987,0.999999999035253
1702933320000,1702934040000,SHORT,-0.009052264102280648,-0.011252264102280649,12,BEAR,0.9999999999925753,0.999999999817364
1702933380000,1702934100000,SHORT,-0.00697424522375796,-0.00917424522375796,12,BEAR,0.9999999013237559,0.9999984612615913
1702933440000,1702934160000,SHORT,-0.0060554210161976865,-0.008255421016197686,12,BEAR,0.9999999506193843,0.9999991988460842
1702933560000,1702934280000,SHORT,-0.00354834650713212,-0.005748346507132121,12,BEAR,0.9998126683578732,0.9983660183763917
1702933680000,1702934400000,SHORT,-0.0010793283467753257,-0.003279328346775326,12,BEAR,0.999999999952314,0.9999999989205444
1702933800000,1702934520000,SHORT,0.0011640035330930769,-0.0010359964669069232,12,BEAR,0.9998835526861161,0.9989339017270432
1702933980000,1702934700000,SHORT,0.000440837545654162,-0.0017591624543458382,12,BEAR,0.999993214180402,0.9999203161558162
1702934040000,1702934760000,SHORT,0.002975898417798661,0.0007758984177986608,12,BEAR,0.999999999997953,0.9999999999466948
1702934280000,1702935000000,SHORT,0.0005904398891158779,-0.001609560110884122,12,BEAR,0.9999994433165879,0.9999921959317501
1702934400000,1702935120000,SHORT,0.0006327364595539115,-0.0015672635404460887,12,BEAR,0.9999999981200065,0.9999999638986182
1702934580000,1702935300000,SHORT,0.00047920588738661646,-0.0017207941126133838,12,BEAR,0.9999884100430262,0.9998695499069985
1702934640000,1702935360000,SHORT,-0.0006192332475698761,-0.002819233247569876,12,BEAR,0.9999777504899776,0.9997627802599159
1702934760000,1702935480000,SHORT,-0.002650595239457604,-0.004850595239457604,12,BEAR,0.9999987123985021,0.999982932098279
1702934820000,1702935540000,SHORT,-0.0014396182954919381,-0.003639618295491938,12,BEAR,0.9997015680751028,0.9975234666183194
1702935060000,1702935780000,SHORT,-0.0021523655457000006,-0.004352365545700001,12,BEAR,0.9999999998909423,0.9999999976183666
1702935180000,1702935900000,SHORT,-0.0033085005125201017,-0.005508500512520102,12,BEAR,0.9999999999979691,0.9999999999470991
1702936320000,1702937040000,SHORT,0.002733677034609092,0.0005336770346090918,12,BEAR,0.9999999998892061,0.9999999975821362
1702936380000,1702937100000,SHORT,0.0026306259523207584,0.0004306259523207583,12,BEAR,0.9999996855030382,0.9999954276400821
1702936500000,1702937220000,SHORT,0.0026860382868488415,0.0004860382868488414,12,BEAR,0.9999999999050435,0.999999997913805
1702936560000,1702937280000,SHORT,0.0032550485074965474,0.0010550485074965472,12,BEAR,0.9999999750334211,0.9999995794367865
1702936680000,1702937400000,SHORT,0.004177722448386027,0.001977722448386027,12,BEAR,0.9999999999823512,0.9999999995826583
1702936920000,1702937640000,SHORT,-0.0029154518950437317,-0.005115451895043732,12,BEAR,0.9999985695518915,0.9999811755697315
1702937100000,1702937820000,SHORT,-0.004932587964485366,-0.007132587964485366,12,BEAR,0.9999999999944792,0.999999999862314
1702937160000,1702937880000,SHORT,-0.0026996338165615735,-0.004899633816561574,12,BEAR,0.9999979621168483,0.9999738383589781
1702938240000,1702938960000,SHORT,0.0007675523507145836,-0.0014324476492854166,12,BEAR,0.9999999999581021,0.9999999990462202
1702941120000,1702941840000,SHORT,0.0018909090909090247,-0.0003090909090909754,12,BEAR,0.9996490192518972,0.9971392150354327
1702941180000,1702941900000,SHORT,0.0022077461909565167,7.74619095651654e-06,12,BEAR,0.9999999999979636,0.9999999999469614
1702944960000,1702945740000,SHORT,0.0033086394013628873,0.0011086394013628872,12,BEAR,0.9999999999979552,0.9999999999467499
1702945080000,1702945860000,SHORT,0.00125378178745683,-0.0009462182125431701,12,BEAR,0.9999999945181649,0.9999999000866057
1702945140000,1702945920000,SHORT,0.0008112898827378668,-0.0013887101172621332,12,BEAR,0.9999999999979563,0.999999999946779
1702946220000,1702946940000,SHORT,0.0017273073022313031,-0.000472692697768697,12,BEAR,0.9999999999979707,0.9999999999471425
1702948680000,1702949460000,SHORT,-0.0032581277231476923,-0.005458127723147693,12,BEAR,0.9999999998874873,0.9999999975462643
1702948740000,1702949520000,SHORT,-0.003316161974070339,-0.005516161974070339,12,BEAR,0.999999995826849,0.9999999229011048
1702949040000,1702949760000,SHORT,-0.0015799292318641825,-0.003779929231864183,12,BEAR,0.9999997844789555,0.9999967924743403
1702949100000,1702949820000,SHORT,0.0009365477582802236,-0.0012634522417197766,12,BEAR,0.9999999859442833,0.9999997558764799
1702949160000,1702949880000,SHORT,0.001580804197385713,-0.0006191958026142872,12,BEAR,0.9999999999979541,0.9999999999467226
1702949220000,1702949940000,SHORT,0.002017527410583674,-0.000182472589416326,12,BEAR,0.9999999838241693,0.9999997211237032
1702949280000,1702950000000,SHORT,-3.8462321631082206e-05,-0.0022384623216310825,12,BEAR,0.99999999999514,0.9999999998780745
1702949400000,1702950120000,SHORT,-0.0016073239640683858,-0.003807323964068386,12,BEAR,0.9999486138903729,0.999491284265056
1702950600000,1702951320000,SHORT,-0.00570409499910944,-0.00790409499910944,12,BEAR,0.9996436186190188,0.9971001497590094
1702950660000,1702951380000,SHORT,-0.0030381944444445755,-0.005238194444444576,12,BEAR,0.8818127612644837,0.6693123065982832
1702950780000,1702951500000,SHORT,-0.0025899280575538914,-0.004789928057553891,12,BEAR,0.9999999997641403,0.9999999950202
1702950960000,1702951680000,SHORT,0.004336180184929898,0.002136180184929898,12,BEAR,0.9999999999924322,0.9999999998139975
1702951080000,1702951800000,SHORT,0.0037962896640641466,0.0015962896640641464,12,BEAR,0.999999999933618,0.9999999985187563
1702951200000,1702951920000,SHORT,0.0036556616948773485,0.0014556616948773484,12,BEAR,0.9408688593608582,0.7955874837355696
1702951380000,1702952100000,SHORT,0.0010582413911391197,-0.0011417586088608804,12,BEAR,0.9999999999979473,0.9999999999465528
1702994820000,1702995540000,SHORT,0.0018522511888683004,-0.0003477488111316997,12,BEAR,0.9980746011120636,0.9872909342481742
1702994880000,1702995600000,SHORT,0.00037699854651159485,-0.0018230014534884053,12,BEAR,0.9999997872600987,0.99999683134987
1702994940000,1702995660000,SHORT,0.0013151092447645047,-0.0008848907552354954,12,BEAR,0.9999999998996215,0.9999999977999889
1702995000000,1702995720000,SHORT,0.0001156840328814521,-0.0020843159671185482,12,BEAR,0.999999998298205,0.9999999671656357
1702995180000,1702995900000,SHORT,-0.0019798469312372236,-0.004179846931237224,12,BEAR,0.9999999999979672,0.999999999947054
1702995720000,1702996440000,SHORT,0.000589829970168215,-0.0016101700298317852,12,BEAR,0.9999984847239416,0.9999801387098213
1702997460000,1702998180000,SHORT,-0.0034955657888403207,-0.005695565788840321,12,BEAR,0.9629804472911567,0.8558603413820851
1702997700000,1702998420000,SHORT,-0.005261806981519641,-0.007461806981519641,12,BEAR,0.9999999999979735,0.9999999999472124
1702998300000,1702999020000,SHORT,-0.0021432317198294536,-0.004343231719829454,12,BEAR,0.9999998801804876,0.9999981527337521
1702998420000,1702999140000,SHORT,-0.002936295161496134,-0.005136295161496134,12,BEAR,0.9999999996598583,0.999999992934113
1703000820000,1703001540000,SHORT,0.0006307079639973762,-0.001569292036002624,12,BEAR,0.9999999999979753,0.9999999999472557
1703000880000,1703001600000,SHORT,0.00022782727958280268,-0.0019721727204171976,12,BEAR,0.9999999999963985,0.9999999999084017
1703001000000,1703001720000,SHORT,-0.0014838689089574292,-0.003683868908957429,12,BEAR,0.9999977557454991,0.9999713860893612
1703001120000,1703001840000,SHORT,-0.0023579269361288244,-0.004557926936128824,12,BEAR,0.9999999997812573,0.9999999953662623
1703001180000,1703001900000,SHORT,-0.0036992437304432042,-0.005899243730443204,12,BEAR,0.7056405086303164,0.4483867585076635
1703005620000,1703006340000,SHORT,0.0033972320044590113,0.0011972320044590112,12,BEAR,0.9999999978983714,0.9999999598565451
1703005680000,1703006400000,SHORT,0.003846889202680384,0.0016468892026803837,12,BEAR,0.9999999995633717,0.9999999910305395
1703005800000,1703006520000,SHORT,0.0008989427050799482,-0.001301057294920052,12,BEAR,0.9999999976390916,0.9999999551549307
1703005860000,1703006580000,SHORT,0.0011049596309112217,-0.0010950403690887785,12,BEAR,0.9999999999979737,0.9999999999472172
1703005980000,1703006700000,SHORT,0.004130747126436815,0.0019307471264368146,12,BEAR,0.9999194385662863,0.9992354265401612
1703007480000,1703008200000,SHORT,0.002144086278768125,-5.591372123187532e-05,12,BEAR,0.9999999999978402,0.9999999999438672
1703008620000,1703009340000,SHORT,-0.0016060056279619504,-0.0038060056279619506,12,BEAR,0.9999999639567605,0.9999994049005609
1703008680000,1703009400000,SHORT,-0.00385299347954953,-0.00605299347954953,12,BEAR,0.999999588791202,0.9999941219439366
1703008920000,1703009640000,SHORT,-0.003254928594859603,-0.005454928594859603,12,BEAR,0.9999741829896153,0.9997282390612352
1703010540000,1703011260000,SHORT,-0.0007236887449169481,-0.0029236887449169482,12,BEAR,0.9999999999979663,0.999999999947029
1703010600000,1703011320000,SHORT,-0.0002480039129506934,-0.0024480039129506936,12,BEAR,0.9999997355857109,0.9999961140247235
1703010660000,1703011380000,SHORT,0.001410485757534058,-0.0007895142424659421,12,BEAR,0.9999999964034014,0.9999999330650778
1703010720000,1703011440000,SHORT,-0.00021129267480443002,-0.00241129267480443,12,BEAR,0.9999999999960819,0.9999999999007261
1703010900000,1703011620000,SHORT,-0.0017883001953799083,-0.003988300195379909,12,BEAR,0.9999999999979716,0.9999999999471633
1703010960000,1703011680000,SHORT,-0.0027731214171891803,-0.00497312141718918,12,BEAR,0.9999999999979787,0.9999999999473415
1703015580000,1703016300000,SHORT,-0.0005975438885683339,-0.002797543888568334,12,BEAR,0.9999999999979694,0.9999999999471066
1703015700000,1703016420000,SHORT,-0.0006589966775583174,-0.0028589966775583175,12,BEAR,0.9999999993950286,0.9999999877541496
1703048160000,1703048880000,SHORT,0.0037592879519570484,0.0015592879519570483,12,BEAR,0.9999999395519195,0.9999990304160247
1703048220000,1703048940000,SHORT,0.0036535072538520182,0.0014535072538520181,12,BEAR,0.9999999999979567,0.9999999999467895
1703048580000,1703049300000,SHORT,0.0011617775196050948,-0.0010382224803949054,12,BEAR,0.9999999925980932,0.9999998671170234
1703048700000,1703049420000,SHORT,0.001275935894437807,-0.0009240641055621931,12,BEAR,0.9999997978444277,0.9999969796068919
1703053380000,1703054100000,SHORT,0.003956168805552613,0.0017561688055526127,12,BEAR,0.9999999999954956,0.9999999998865983
1703067480000,1703068200000,SHORT,-0.0007030977124375718,-0.002903097712437572,12,BEAR,0.9999999999979703,0.9999999999471312
1703067540000,1703068260000,SHORT,-0.0011365440892901373,-0.0033365440892901372,12,BEAR,0.9999999999979777,0.999999999947318
1703067600000,1703068320000,SHORT,-0.00015407238229896183,-0.002354072382298962,12,BEAR,0.9999999460191111,0.9999991285884852
1703080740000,1703081460000,SHORT,0.0024144762443838465,0.0002144762443838464,12,BEAR,0.9999999999962809,0.9999999999055474
1703080860000,1703081580000,SHORT,0.0034742314946924796,0.0012742314946924795,12,BEAR,0.9999999999461928,0.9999999987883517
1703080920000,1703081640000,SHORT,0.004893301300169555,0.002693301300169555,12,BEAR,0.9999999583024459,0.9999993170762241
1703080980000,1703081700000,SHORT,0.005240683229813633,0.0030406832298136327,12,BEAR,0.9999973248095259,0.9999663194350236
1703081040000,1703081760000,SHORT,0.006967842085766198,0.0047678420857661975,12,BEAR,0.9999999999979744,0.9999999999472332
1703081100000,1703081820000,SHORT,0.0034671811088350457,0.0012671811088350456,12,BEAR,0.9999996749450942,0.9999952839119197
1703081160000,1703081880000,SHORT,0.0017218103352883238,-0.0004781896647116763,12,BEAR,0.9999598658752752,0.9995936487611753
1703081220000,1703081940000,SHORT,-0.00011528067518998231,-0.0023152806751899823,12,BEAR,0.9987185827631673,0.9910663990412665
1703081280000,1703082000000,SHORT,-0.0013691881624031221,-0.0035691881624031222,12,BEAR,0.9999999996217652,0.999999992179933
1703081340000,1703082060000,SHORT,-0.001963652482269471,-0.004163652482269471,12,BEAR,0.9999999217372896,0.9999987630731461
1703082300000,1703083020000,SHORT,-0.0016967888987200485,-0.003896788898720049,12,BEAR,0.9999999850911352,0.999999741859047
1703082360000,1703083080000,SHORT,-0.0005975889161589045,-0.0027975889161589045,12,BEAR,0.9999999999979763,0.9999999999472811
1703082420000,1703083140000,SHORT,-0.00103261431965251,-0.00323261431965251,12,BEAR,0.9999999999833573,0.9999999996053994
1703082960000,1703083680000,SHORT,-0.0007885184663096215,-0.002988518466309622,12,BEAR,0.9999995272138584,0.9999933017752475
1703083020000,1703083740000,SHORT,-0.001502275440660056,-0.003702275440660056,12,BEAR,0.9999999999979613,0.999999999946904
1703083080000,1703083800000,SHORT,-0.000526710155148128,-0.002726710155148128,12,BEAR,0.9999999989103432,0.9999999785316555
1703083140000,1703083860000,SHORT,0.0018651463963963004,-0.00033485360360369977,12,BEAR,0.9999999245443947,0.9999988049297103
1703083200000,1703083920000,SHORT,0.0024264269544385913,0.00022642695443859115,12,BEAR,0.999999999997955,0.999999999946744
1703083260000,1703083980000,SHORT,0.002646369045394932,0.000446369045394932,12,BEAR,0.9999999999979663,0.9999999999470295
1703083320000,1703084040000,SHORT,0.0003037626952995064,-0.0018962373047004938,12,BEAR,0.9999999997980723,0.9999999957073614
1703083380000,1703084100000,SHORT,-0.00047347963487012344,-0.002673479634870124,12,BEAR,0.9999999997881845,0.9999999955066344
1703083440000,1703084160000,SHORT,-0.0005663000773428647,-0.002766300077342865,12,BEAR,0.9999996237310752,0.9999945909811536
1703083500000,1703084220000,SHORT,0.003067781690140877,0.0008677816901408769,12,BEAR,0.9999999999877416,0.9999999997053215
1703083560000,1703084280000,SHORT,0.0029327900447948065,0.0007327900447948064,12,BEAR,0.9999999999971686,0.9999999999272137
1703084880000,1703085600000,SHORT,-0.0010550725911923418,-0.003255072591192342,12,BEAR,0.9999961973324162,0.9999533418317711
1703084940000,1703085660000,SHORT,-0.0008874244920373741,-0.0030874244920373745,12,BEAR,0.9999999999979751,0.9999999999472503
1703085000000,1703085720000,SHORT,-0.0005047988815412608,-0.002704798881541261,12,BEAR,0.9999999999979751,0.9999999999472496
1703085060000,1703085780000,SHORT,-0.0002544244633507821,-0.0024544244633507824,12,BEAR,0.999999999859379,0.9999999969629234
1703085120000,1703085840000,SHORT,-0.0011210860713282466,-0.0033210860713282467,12,BEAR,0.9999999977794543,0.9999999576968196
1703085180000,1703085900000,SHORT,-0.00048013470080376426,-0.0026801347008037642,12,BEAR,0.9999999328368442,0.9999989291477153
1703087820000,1703088540000,SHORT,0.001726583893281719,-0.00047341610671828107,12,BEAR,0.999998621688147,0.9999818150917088
1703088480000,1703089200000,SHORT,3.085277057883004e-05,-0.00216914722942117,12,BEAR,0.9999779024127508,0.9997642622150397
1703088600000,1703089320000,SHORT,0.0015264522741719757,-0.0006735477258280245,12,BEAR,0.9999999995511112,0.9999999907901406
1703088660000,1703089380000,SHORT,-0.00034810349689781694,-0.002548103496897817,12,BEAR,0.9999999999077129,0.9999999979699309
1703088720000,1703089440000,SHORT,-0.0007829730921923247,-0.002982973092192325,12,BEAR,0.9999942072266379,0.9999311429107024
1703088780000,1703089500000,SHORT,-0.001377459117719647,-0.0035774591177196472,12,BEAR,0.9999999999719782,0.9999999993507849
1703088840000,1703089560000,SHORT,0.0004784973859049304,-0.0017215026140950697,12,BEAR,0.9999999988301176,0.9999999770271721
1703091780000,1703092500000,SHORT,0.0022561579841449604,5.6157984144960225e-05,12,BEAR,0.9999999992426443,0.9999999848259379
1703092860000,1703093580000,SHORT,-0.0034595030090813755,-0.005659503009081376,12,BEAR,0.9999999999979761,0.9999999999472746
1703092920000,1703093640000,SHORT,-0.002921118737616724,-0.005121118737616724,12,BEAR,0.9999995696170548,0.9999938657119357
1703092980000,1703093700000,SHORT,-0.0021879613504362664,-0.004387961350436266,12,BEAR,0.9999999999979787,0.9999999999473411
1703093040000,1703093760000,SHORT,-0.0018294057082761366,-0.004029405708276137,12,BEAR,0.9999999622787126,0.9999993787577321
1703093100000,1703093820000,SHORT,0.0005646527385657499,-0.0016353472614342502,12,BEAR,0.9999999998258392,0.9999999962735191
1703099040000,1703099760000,SHORT,0.000157961939948072,-0.002042038060051928,12,BEAR,0.9999994868748394,0.9999927685127338
1703099100000,1703099820000,SHORT,-0.0022528710368701576,-0.004452871036870158,12,BEAR,0.9999999692855853,0.9999994884089355
1703101320000,1703102040000,SHORT,0.00028280542986431766,-0.0019171945701356825,12,BEAR,0.9999972087952846,0.9999649666781592
1703101440000,1703102160000,SHORT,0.0006069059273743263,-0.001593094072625674,12,BEAR,0.9999995971705643,0.9999942341741324
1703101500000,1703102220000,SHORT,0.0035461305328446575,0.0013461305328446574,12,BEAR,0.9999999216758133,0.9999987621574569
1703101620000,1703102340000,SHORT,0.005139508817979064,0.002939508817979064,12,BEAR,0.9999999349685993,0.9999989612268736
1703101740000,1703102460000,SHORT,0.0031529802172002726,0.0009529802172002725,12,BEAR,0.9999999999906695,0.9999999997728972
1703101980000,1703102700000,SHORT,0.005941665654301081,0.0037416656543010807,12,BEAR,0.9999999999979716,0.9999999999471633
1703102040000,1703102760000,SHORT,0.009065594059405876,0.006865594059405875,12,BEAR,0.9999998107405427,0.99999716093029
1703102520000,1703103240000,SHORT,0.004149230520437185,0.0019492305204371848,12,BEAR,0.9999999993686172,0.9999999872443387
1703102580000,1703103300000,SHORT,0.0009981368112856003,-0.0012018631887143999,12,BEAR,0.9999999997520419,0.9999999947763183
1703102640000,1703103360000,SHORT,-0.0010442634387817222,-0.0032442634387817226,12,BEAR,0.9999999384554904,0.9999990138365712
1703102700000,1703103420000,SHORT,-0.0031108000311080002,-0.005310800031108001,12,BEAR,0.9999999999979615,0.9999999999469112
1703103420000,1703104140000,SHORT,0.0029859672828362904,0.0007859672828362902,12,BEAR,0.9999609508667112,0.9996036599662398
1703103660000,1703104380000,SHORT,-0.001079484246415569,-0.0032794842464155694,12,BEAR,0.9999998458877053,0.9999976593501507
1703105220000,1703105940000,SHORT,0.004603969842333447,0.002403969842333447,12,BEAR,0.9999999979313712,0.9999999604570192
1703105580000,1703106300000,SHORT,-0.0011990087601046891,-0.0033990087601046895,12,BEAR,0.9999998500333771,0.9999977185917399
1703105640000,1703106360000,SHORT,-0.003275060558563823,-0.005475060558563823,12,BEAR,0.9999992480202301,0.9999896639356791
1703107260000,1703107980000,SHORT,-0.002104056362937438,-0.004304056362937438,12,BEAR,0.9999999999979765,0.999999999947286
1703107680000,1703108400000,SHORT,0.0021085271317828813,-9.147286821711885e-05,12,BEAR,0.9999999998597359,0.9999999969702764
1703107740000,1703108460000,SHORT,0.0031685579850539397,0.0009685579850539396,12,BEAR,0.999999999464381,0.9999999890979547
1703107860000,1703108580000,SHORT,0.0014886399687629324,-0.0007113600312370677,12,BEAR,0.9999999952687426,0.9999999131316641
1703112780000,1703113500000,SHORT,0.0019203786587098609,-0.00027962134129013924,12,BEAR,0.9999998818554835,0.9999981770432744
1703113020000,1703113800000,SHORT,0.00395059978696865,0.0017505997869686498,12,BEAR,0.9999999844588133,0.9999997314986202
1703113080000,1703113860000,SHORT,0.002648283938623723,0.00044828393862372286,12,BEAR,0.9999999999469446,0.9999999988045466
1703113200000,1703114040000,SHORT,0.0013361506432168018,-0.0008638493567831983,12,BEAR,0.9999999999976006,0.9999999999378932
1703113260000,1703114100000,SHORT,0.0009171602232275358,-0.0012828397767724643,12,BEAR,0.9999999999974637,0.9999999999344985
1703121300000,1703122020000,SHORT,-0.0011593918543803831,-0.003359391854380383,12,BEAR,0.9999984255906059,0.9999794184898886
1703122020000,1703122860000,SHORT,0.0005456193447668424,-0.0016543806552331577,12,BEAR,0.9999999999565368,0.999999999012163
1703122080000,1703122920000,SHORT,0.001381486301003583,-0.000818513698996417,12,BEAR,0.999999999997974,0.9999999999472231
1703128560000,1703129340000,SHORT,0.0002170985006912352,-0.001982901499308765,12,BEAR,0.9999903523021257,0.9998898001429065
1703128620000,1703129400000,SHORT,0.00038096756902815816,-0.001819032430971842,12,BEAR,0.9999999999979696,0.9999999999471139
1703141880000,1703142600000,SHORT,0.0007120654306563548,-0.0014879345693436454,12,BEAR,0.9999999999979703,0.9999999999471301
1703153280000,1703154000000,SHORT,0.00039053019438247885,-0.0018094698056175212,12,BEAR,0.9999999999979563,0.9999999999467779
1703153340000,1703154060000,SHORT,-0.0011286931014984128,-0.0033286931014984127,12,BEAR,0.9999999999260315,0.9999999983572065
1703164920000,1703165640000,SHORT,-0.0022991335387753165,-0.004499133538775317,12,BEAR,0.9999999999979825,0.9999999999474363
1703170320000,1703171040000,SHORT,0.006861756247641235,0.004661756247641235,12,BEAR,0.999999999997971,0.9999999999471479
1703170380000,1703171100000,SHORT,0.006612787958461697,0.004412787958461697,12,BEAR,0.9999999999979782,0.9999999999473292
1703170440000,1703171160000,SHORT,0.0045871964874928135,0.0023871964874928133,12,BEAR,0.9999980514765684,0.9999749059988584
1703170740000,1703171460000,SHORT,-0.001412369783281313,-0.003612369783281313,12,BEAR,0.9995678865855803,0.9965597272040656
1703171280000,1703172000000,SHORT,-0.001528615008340921,-0.003728615008340921,12,BEAR,0.9999999999979127,0.9999999999456839
1703181000000,1703181720000,SHORT,-0.003607082187077883,-0.005807082187077883,12,BEAR,0.9999999999955791,0.9999999998886034
1703182980000,1703183700000,SHORT,0.001174645390070922,-0.0010253546099290782,12,BEAR,0.9999997339720166,0.9999960917824082
1703185260000,1703185980000,SHORT,0.0014179251397463339,-0.0007820748602536663,12,BEAR,0.9999999465902139,0.9999991372905844
1703185800000,1703186520000,SHORT,0.003569435710299928,0.0013694357102999278,12,BEAR,0.9999996349551208,0.9999947422682915
1703194920000,1703195700000,SHORT,0.00041874945189859125,-0.001781250548101409,12,BEAR,0.9999998760211444,0.9999980924602482
1703196240000,1703197020000,SHORT,-0.00041107032160201117,-0.002611070321602011,12,BEAR,0.9999999999532835,0.9999999989415408
1703196300000,1703197080000,SHORT,-4.6111383143842146e-05,-0.0022461113831438425,12,BEAR,0.9999999999915208,0.9999999997927034
1703196360000,1703197140000,SHORT,0.0004081677437759586,-0.0017918322562240415,12,BEAR,0.9999996074656355,0.9999943722802851
1703196420000,1703197260000,SHORT,0.00045199426011185366,-0.0017480057398881464,12,BEAR,0.9999999408673961,0.9999990503318009
1703208900000,1703209680000,SHORT,-0.002502581333893224,-0.004702581333893225,12,BEAR,0.9999998219185942,0.9999973187427826
1703208960000,1703209740000,SHORT,-0.0018307696004859386,-0.004030769600485939,12,BEAR,0.9999733393807776,0.9997201391803594
1703209020000,1703209800000,SHORT,-0.0008166348965123021,-0.003016634896512302,12,BEAR,0.9999999999979701,0.9999999999471239
1703209080000,1703209860000,SHORT,0.00013110426941053335,-0.002068895730589467,12,BEAR,0.9999999417974677,0.9999990644286672
1703209200000,1703209980000,SHORT,0.0006907843681618042,-0.0015092156318381959,12,BEAR,0.9999999999624193,0.9999999991404307
1703209260000,1703210040000,SHORT,-5.6862046115246704e-05,-0.0022568620461152467,12,BEAR,0.9999999769552349,0.9999996101289431
1703209920000,1703210640000,SHORT,7.652297110273974e-05,-0.0021234770288972604,12,BEAR,0.9999999923474845,0.9999998628501371
1703209980000,1703210700000,SHORT,-0.00017937808306073895,-0.002379378083060739,12,BEAR,0.9999999743242948,0.9999995681463436
1703224680000,1703225400000,SHORT,0.0011300842863638907,-0.0010699157136361095,12,BEAR,0.9999965132965573,0.9999569433542416
1703228520000,1703229240000,SHORT,-0.0058696794302945535,-0.008069679430294553,12,BEAR,0.9999992754753322,0.999990016780371
1703228640000,1703229360000,SHORT,-0.0008790436005625879,-0.003079043600562588,12,BEAR,0.9998033727082961,0.9982936066359194
1703236920000,1703237640000,SHORT,-0.0001793721973093848,-0.002379372197309385,12,BEAR,0.9999999999979676,0.9999999999470631
1703237040000,1703237760000,SHORT,-0.0026436059584347576,-0.004843605958434758,12,BEAR,0.9999999981760557,0.999999964924472
1703256360000,1703257080000,SHORT,-0.001941751872008154,-0.004141751872008154,12,BEAR,0.9999997755304458,0.9999966676092606
1703256840000,1703257560000,SHORT,0.0019042906186071968,-0.0002957093813928033,12,BEAR,0.9999999999979692,0.999999999947103
1703256900000,1703257620000,SHORT,0.001955465703206181,-0.00024453429679381893,12,BEAR,0.9999999999958948,0.9999999998962084
1703260380000,1703261160000,SHORT,0.00046410788519296944,-0.0017358921148070308,12,BEAR,0.9999999992870268,0.9999999856756391
1703271780000,1703272560000,SHORT,0.0016703822952680025,-0.0005296177047319976,12,BEAR,0.9999999903219552,0.9999998286190845
1703304480000,1703305200000,SHORT,-0.0012886511894985267,-0.003488651189498527,12,BEAR,0.9999999423985255,0.9999990735458504
1703304540000,1703305260000,SHORT,-0.0015477945597805027,-0.003747794559780503,12,BEAR,0.999999998491201,0.9999999707232005
1703304780000,1703305500000,SHORT,-0.0015384272864903052,-0.0037384272864903053,12,BEAR,0.9999999004128624,0.9999984478902917
1703456700000,1703457420000,SHORT,0.005495329529505778,0.003295329529505778,12,BEAR,0.9999999999979461,0.999999999946522
1703456940000,1703457660000,SHORT,0.0033000264720002186,0.0011000264720002185,12,BEAR,0.9999999999912905,0.9999999997873382
1703457360000,1703458080000,SHORT,0.0018808326058980423,-0.00031916739410195786,12,BEAR,0.9999999917979012,0.999999853518748
1703457420000,1703458140000,SHORT,0.0014405070584845865,-0.0007594929415154137,12,BEAR,0.9999999999570326,0.9999999990229356
1703457480000,1703458200000,SHORT,0.0008650519031142196,-0.0013349480968857805,12,BEAR,0.9999999999979665,0.9999999999470366
1703457540000,1703458260000,SHORT,0.0018170655740286212,-0.00038293442597137897,12,BEAR,0.9988743749438151,0.9920196332472273
1703457660000,1703458380000,SHORT,0.00031511446532953095,-0.0018848855346704691,12,BEAR,0.9353206204436627,0.7818580477672705
1703457900000,1703458620000,SHORT,-0.002596279641609894,-0.004796279641609894,12,BEAR,0.9999999932364904,0.9999998780218315
1703457960000,1703458680000,SHORT,-0.004513538361696057,-0.006713538361696057,12,BEAR,0.99999999905822,0.9999999813192141
1703458020000,1703458740000,SHORT,-0.001442345555393012,-0.003642345555393012,12,BEAR,0.9999999826345092,0.9999997017359871
1703458080000,1703458800000,SHORT,-0.0038025641950374415,-0.006002564195037441,12,BEAR,0.999999997475003,0.9999999521929924
1703458140000,1703458860000,SHORT,-0.0014425851125216386,-0.003642585112521639,12,BEAR,0.9999999999936949,0.9999999998437273
1703458680000,1703459400000,SHORT,0.0001861909152293605,-0.00201380908477064,12,BEAR,0.9999999999898134,0.999999999753051
1703458740000,1703459460000,SHORT,-0.0017256255392580464,-0.0039256255392580465,12,BEAR,0.9999979417843865,0.9999735959374156
1703458860000,1703459580000,SHORT,-0.004357533851915841,-0.006557533851915841,12,BEAR,0.9887929008250826,0.944040790253584
1703458920000,1703459640000,SHORT,-0.0043757765652855385,-0.006575776565285539,12,BEAR,0.9999999999835497,0.9999999996097555
1703459040000,1703459760000,SHORT,-0.003936237891741062,-0.006136237891741062,12,BEAR,0.9999998525675806,0.9999977548566769
1703465520000,1703466240000,SHORT,-0.00039420185387500423,-0.0025942018538750045,12,BEAR,0.9999999992619399,0.9999999851950268
1703465640000,1703466360000,SHORT,-0.00279066829399244,-0.00499066829399244,12,BEAR,0.999999999995721,0.9999999998920179
1703472000000,1703472720000,SHORT,-0.001593304972954299,-0.003793304972954299,12,BEAR,0.9999999999979674,0.9999999999470589
1703508600000,1703509320000,SHORT,-0.011671366396265164,-0.013871366396265164,12,BEAR,0.9999984623419096,0.9999798658630761
1703509260000,1703509980000,SHORT,0.001363877118644132,-0.0008361228813558682,12,BEAR,0.9999998916232035,0.9999983192442916
1703509320000,1703510040000,SHORT,0.003170395550878244,0.0009703955508782438,12,BEAR,0.9985181123436586,0.9898649820814084
1703509560000,1703510280000,SHORT,0.00040648341039584536,-0.0017935165896041548,12,BEAR,0.9999998435610327,0.9999976261466194
1703509620000,1703510340000,SHORT,0.002549343918844383,0.00034934391884438275,12,BEAR,0.9996704554596478,0.9972950310272474
1703509740000,1703510460000,SHORT,0.0019785476796830787,-0.00022145232031692145,12,BEAR,0.9999999995442149,0.9999999906550555
1703509860000,1703510580000,SHORT,0.0015472895907197991,-0.000652710409280201,12,BEAR,0.9999976085318749,0.9999696474400853
1703510400000,1703511120000,SHORT,0.0002765082974609902,-0.0019234917025390099,12,BEAR,0.999999999929216,0.9999999984249414
1703510460000,1703511180000,SHORT,-0.0006312893586764631,-0.0028312893586764634,12,BEAR,0.9999999999925334,0.9999999998163815
1703520660000,1703521380000,SHORT,0.0002821670428892943,-0.0019178329571107058,12,BEAR,0.9999999999979685,0.9999999999470847
1703520720000,1703521440000,SHORT,0.00026658558939663134,-0.0019334144106033688,12,BEAR,0.9999999999979762,0.9999999999472817
1703568660000,1703569380000,SHORT,0.003796122211802179,0.0015961222118021788,12,BEAR,0.9999975405142791,0.9999688469442707
1703568720000,1703569440000,SHORT,0.0028788868902856002,0.0006788868902856001,12,BEAR,0.9999999999964033,0.9999999999085101
1703568780000,1703569500000,SHORT,0.0029121672371066327,0.0007121672371066326,12,BEAR,0.9999999384167888,0.9999990132517005
1703568900000,1703569620000,SHORT,-0.0008378491601237198,-0.00303784916012372,12,BEAR,0.9999810378326116,0.9997950697603877
1703569320000,1703570040000,SHORT,-0.000865551067512852,-0.003065551067512852,12,BEAR,0.999973237882639,0.9997191663025378
1703569380000,1703570100000,SHORT,-0.00022746415750425752,-0.0024274641575042577,12,BEAR,0.9999999999964633,0.99999999990997
1703569500000,1703570220000,SHORT,-0.0014637193808625221,-0.0036637193808625223,12,BEAR,0.9999999988674697,0.9999999777269767
1703569620000,1703570340000,SHORT,0.0010351827097482705,-0.0011648172902517296,12,BEAR,0.9999949749734417,0.9999396185702666
1703569680000,1703570400000,SHORT,0.004669607289625836,0.0024696072896258363,12,BEAR,0.9999999999385811,0.9999999986248707
1703583960000,1703584680000,SHORT,0.0003073973463639448,-0.0018926026536360554,12,BEAR,0.9999999427823417,0.9999990793707386
1703584020000,1703584740000,SHORT,-0.0004599606528708168,-0.0026599606528708167,12,BEAR,0.9999999999979279,0.999999999946065
1703610540000,1703611260000,SHORT,0.0013229681850060238,-0.0008770318149939763,12,BEAR,0.9999999999910093,0.9999999997807927
1703610600000,1703611320000,SHORT,0.0005744872928881457,-0.0016255127071118543,12,BEAR,0.9999999975159048,0.999999952930394
1703610720000,1703611440000,SHORT,0.0029202857513254197,0.0007202857513254196,12,BEAR,0.9999999999975008,0.9999999999354151
1703612880000,1703613600000,SHORT,-0.0046718320074602285,-0.006871832007460228,12,BEAR,0.9999999999957092,0.9999999998917305
1703613420000,1703614140000,SHORT,-0.0013725750791694308,-0.003572575079169431,12,BEAR,0.9999998155323137,0.9999972285050118
1703613480000,1703614200000,SHORT,0.00040082179920889225,-0.001799178200791108,12,BEAR,0.9999999999426866,0.9999999987129328
1703613720000,1703614440000,SHORT,0.0006593270743048543,-0.0015406729256951458,12,BEAR,0.9957828558453519,0.9751776835539393
1703613780000,1703614500000,SHORT,0.00124632676629658,-0.00095367323370342,12,BEAR,0.9999941294181314,0.9999302893208618
1703613840000,1703614560000,SHORT,0.003164245850928221,0.000964245850928221,12,BEAR,0.9999998959970198,0.9999983831752385
1703613900000,1703614620000,SHORT,0.0011827496985932163,-0.0010172503014067838,12,BEAR,0.9999995324899448,0.9999933717488451
1703614260000,1703614980000,SHORT,0.0008601706578585191,-0.001339829342141481,12,BEAR,0.9999996852263839,0.999995423869807
1703614920000,1703615640000,SHORT,0.00046429843816434533,-0.001735701561835655,12,BEAR,0.9999999936832071,0.9999998856848701
1703617500000,1703618220000,SHORT,-0.0006685910527457394,-0.0028685910527457394,12,BEAR,0.9840415533626169,0.9254853028062175
1703617560000,1703618280000,SHORT,-0.0002120566761370778,-0.002412056676137078,12,BEAR,0.9999999921200373,0.9999998589840753
1703629380000,1703630100000,SHORT,0.00017922447979530873,-0.0020207755202046912,12,BEAR,0.9999999999385704,0.9999999986246595
1703646180000,1703646900000,SHORT,-0.0003618628426031862,-0.0025618628426031863,12,BEAR,0.9999999999933012,0.9999999998344431
1703673000000,1703673720000,SHORT,-0.001024892151871633,-0.0032248921518716334,12,BEAR,0.9999998031850669,0.999997054604228
1703673360000,1703674080000,SHORT,-6.466257285691411e-05,-0.0022646625728569144,12,BEAR,0.9999999775479461,0.999999619623645
1703678220000,1703678940000,SHORT,-0.0009319622834639739,-0.003131962283463974,12,BEAR,0.9999996354060503,0.9999947483528898
1703681100000,1703681820000,SHORT,-0.0011003960080949375,-0.0033003960080949376,12,BEAR,0.9999999124823615,0.9999986257057812
1703686920000,1703687640000,SHORT,0.0022544319322109164,5.443193221091628e-05,12,BEAR,0.9999997299853909,0.9999960368708579
1703686980000,1703687700000,SHORT,0.00018760594710839334,-0.0020123940528916067,12,BEAR,0.9999999103588999,0.9999985943173095
1703687100000,1703687820000,SHORT,-0.0009812753002501572,-0.003181275300250157,12,BEAR,0.9999999999979062,0.9999999999455242
1703687160000,1703687880000,SHORT,-0.0022925776400988603,-0.00449257764009886,12,BEAR,0.9999999999979742,0.999999999947229
1703687220000,1703687940000,SHORT,-0.0051128594804204725,-0.007312859480420472,12,BEAR,0.9918300842687874,0.9568440476855795
1703687280000,1703688000000,SHORT,-0.005273100910523185,-0.0074731009105231845,12,BEAR,0.9999999999692998,0.9999999992915584
1703687340000,1703688060000,SHORT,-0.004504282540137582,-0.006704282540137583,12,BEAR,0.9999999999251384,0.9999999983382324
1703687400000,1703688120000,SHORT,-0.0036568471889944156,-0.005856847188994416,12,BEAR,0.9999999999389643,0.9999999986330916
1703687460000,1703688180000,SHORT,-0.0022896393817973997,-0.004489639381797399,12,BEAR,0.9999995274510519,0.999993304919918
1703687520000,1703688240000,SHORT,-0.0008419689119170334,-0.0030419689119170336,12,BEAR,0.9999994555745123,0.9999923567397779
1703687580000,1703688300000,SHORT,-0.001958421548002534,-0.004158421548002535,12,BEAR,0.9999958217114755,0.9999490912817759
1703689860000,1703690580000,SHORT,-0.0006421064684368422,-0.0028421064684368423,12,BEAR,0.9999999991425076,0.99999998291737
1703694060000,1703694780000,SHORT,-0.002827235178214097,-0.005027235178214098,12,BEAR,0.9999999999979823,0.9999999999474314
1703697180000,1703697900000,SHORT,0.00034473650043207246,-0.0018552634995679276,12,BEAR,0.9999999995570472,0.9999999909065207
1703710140000,1703710860000,SHORT,-0.0008515890430351076,-0.003051589043035108,12,BEAR,0.9999999999979775,0.9999999999473108
1703710200000,1703710920000,SHORT,3.542079909319533e-05,-0.002164579200906805,12,BEAR,0.9999999999979744,0.9999999999472328
1703710620000,1703711340000,SHORT,0.004415011037527594,0.0022150110375275937,12,BEAR,0.9999999999094294,0.9999999980060927
1703710740000,1703711460000,SHORT,0.0029081073436341134,0.0007081073436341133,12,BEAR,0.9999999479916446,0.9999991586683834
1703710800000,1703711520000,SHORT,0.0024280002830456347,0.00022800028304563458,12,BEAR,0.9999999999979703,0.9999999999471295
1703710920000,1703711640000,SHORT,0.0017069002160744959,-0.0004930997839255043,12,BEAR,0.9995487717294453,0.9964253264933479
1703710980000,1703711700000,SHORT,0.0003500779920590548,-0.0018499220079409454,12,BEAR,0.9999999999864788,0.9999999996764096
1703711220000,1703711940000,SHORT,0.0007513314524190314,-0.0014486685475809686,12,BEAR,0.9999999999678171,0.9999999992588777
1703711340000,1703712060000,SHORT,0.0002616407982262286,-0.0019383592017737715,12,BEAR,0.9999999999343191,0.9999999985337253
1703715240000,1703715960000,SHORT,0.0025395580772482828,0.00033955807724828264,12,BEAR,0.9971850436629919,0.9823935246036019
1703715300000,1703716020000,SHORT,0.002008354932691578,-0.00019164506730842213,12,BEAR,0.999999999451706,0.9999999888517336
1703715420000,1703716140000,SHORT,0.003676211608903917,0.0014762116089039167,12,BEAR,0.9999995791405751,0.9999939928792265
1703723160000,1703723880000,SHORT,-0.004845644206371582,-0.0070456442063715815,12,BEAR,0.9999999999735443,0.9999999993855168
1703723700000,1703724420000,SHORT,0.0009362205260855773,-0.001263779473914423,12,BEAR,0.9999030560302749,0.999096282547374
1703723760000,1703724480000,SHORT,0.0015771936482310083,-0.0006228063517689918,12,BEAR,0.9999933614384365,0.9999219127869948
1703723820000,1703724540000,SHORT,0.002379396400861407,0.00017939640086140707,12,BEAR,0.9999999999621552,0.9999999991346459
1703723880000,1703724600000,SHORT,0.003700001753555238,0.0015000017535552377,12,BEAR,0.9999999999978691,0.999999999944591
1703723940000,1703724660000,SHORT,0.0015869113831808385,-0.0006130886168191616,12,BEAR,0.999965045480707,0.9996416948635467
1703724000000,1703724720000,SHORT,0.0015464642204413175,-0.0006535357795586826,12,BEAR,0.999998524462933,0.9999806238897883
1703724060000,1703724780000,SHORT,0.0019571964862722946,-0.00024280351372770554,12,BEAR,0.9999999617910063,0.9999993711724595
1703724120000,1703724840000,SHORT,0.000947750576676508,-0.0012522494233234921,12,BEAR,0.9999999999779926,0.9999999994846646
1703724180000,1703724900000,SHORT,0.0014740306598377247,-0.0007259693401622754,12,BEAR,0.999999706824148,0.9999957188852766
1703724240000,1703724960000,SHORT,0.001720897683610196,-0.000479102316389804,12,BEAR,0.9999999619844548,0.999999374180479
1703738580000,1703739300000,SHORT,0.001251359330600276,-0.0009486406693997242,12,BEAR,0.9999950028728132,0.9999399284885385
1703746440000,1703747160000,SHORT,0.0006122836616350981,-0.001587716338364902,12,BEAR,0.9999999999907926,0.9999999997757608
1703746500000,1703747220000,SHORT,-0.0009280669818367229,-0.003128066981836723,12,BEAR,0.9999988734241492,0.9999849295857278
1703747820000,1703748540000,SHORT,0.003861771367053533,0.0016617713670535328,12,BEAR,0.9999999641017704,0.9999994071629738
1703747880000,1703748600000,SHORT,0.0037187499999999673,0.0015187499999999672,12,BEAR,0.9999999999979632,0.9999999999469505
1703768460000,1703769180000,SHORT,-0.0018926037496085238,-0.004092603749608524,12,BEAR,0.9999999997142712,0.9999999940182561
1703769060000,1703769780000,SHORT,-0.002741611545805637,-0.004941611545805637,12,BEAR,0.9999999999695216,0.9999999992964761
1703769300000,1703770020000,SHORT,-0.0018200038646995645,-0.004020003864699565,12,BEAR,0.999999999978876,0.9999999995044402
1703769360000,1703770080000,SHORT,-0.0010018306995967642,-0.0032018306995967643,12,BEAR,0.9999999102796421,0.9999985931466655
1703770620000,1703771340000,SHORT,-0.0025450951321967542,-0.004745095132196755,12,BEAR,0.9999998563414508,0.9999978089352475
1703772300000,1703773020000,SHORT,0.0024001510207382858,0.00020015102073828563,12,BEAR,0.9999999892150233,0.9999998100813892
1703772360000,1703773080000,SHORT,0.0020267959976964832,-0.0001732040023035169,12,BEAR,0.999999999997971,0.9999999999471467
1703772420000,1703773140000,SHORT,0.0014977971586834188,-0.0007022028413165814,12,BEAR,0.9999999999979782,0.9999999999473296
1703772480000,1703773200000,SHORT,0.0025263138967491507,0.0003263138967491506,12,BEAR,0.9999998791331591,0.9999981375446853
1703772540000,1703773260000,SHORT,0.0005061013327335095,-0.0016938986672664906,12,BEAR,0.9999998683057935,0.9999979809894322
1703772600000,1703773320000,SHORT,-0.0005762028233938019,-0.002776202823393802,12,BEAR,0.9999993981460653,0.9999916054342135
1703772660000,1703773380000,SHORT,0.0016016376294862632,-0.000598362370513737,12,BEAR,0.9999999999979826,0.9999999999474397
1703772720000,1703773440000,SHORT,0.004451001924575602,0.002251001924575602,12,BEAR,0.9995369416446666,0.9963425180722845
1703772780000,1703773500000,SHORT,0.000402373780515251,-0.001797626219484749,12,BEAR,0.9999999999907417,0.9999999997745727
1703772900000,1703773620000,SHORT,-0.0015505306460469673,-0.0037505306460469674,12,BEAR,0.9999999955052281,0.9999999172634836
1703773020000,1703773740000,SHORT,-0.00248702422145332,-0.004687024221453321,12,BEAR,0.9999999999943454,0.9999999998591377
1703773080000,1703773800000,SHORT,-0.003184993339238884,-0.005384993339238885,12,BEAR,0.9999999999979738,0.9999999999472189
1703773320000,1703774040000,SHORT,-0.0008750539879067416,-0.003075053987906742,12,BEAR,0.9999999991372526,0.9999999828175314
1703773380000,1703774100000,SHORT,-0.002122419919203779,-0.004322419919203779,12,BEAR,0.9999999962449351,0.9999999302636088
1703773440000,1703774160000,SHORT,-0.003570856576985523,-0.005770856576985523,12,BEAR,0.9999927628643657,0.9999154406629772
1703773560000,1703774280000,SHORT,8.987552240180092e-06,-0.00219101244775982,12,BEAR,0.9999992917489348,0.9999902263686555
1703773620000,1703774340000,SHORT,0.0010245970704614016,-0.0011754029295385985,12,BEAR,0.9999999978606909,0.9999999591715466
1703775420000,1703776140000,SHORT,-0.002103526966266715,-0.004303526966266715,12,BEAR,0.999999999997974,0.9999999999472219
1703775540000,1703776260000,SHORT,-0.0004843433205676954,-0.0026843433205676957,12,BEAR,0.9999999561846334,0.9999992843669241
1703775600000,1703776320000,SHORT,0.0002858512628097849,-0.0019141487371902152,12,BEAR,0.9999999999869096,0.9999999996862537
1703775660000,1703776380000,SHORT,0.001115767641388648,-0.001084232358611352,12,BEAR,0.9999998753607279,0.9999980829018718
1703775720000,1703776440000,SHORT,0.0023136021368780416,0.00011360213687804143,12,BEAR,0.999999999994504,0.9999999998629094
1703775780000,1703776500000,SHORT,0.002603088608506207,0.000403088608506207,12,BEAR,0.9999999998621525,0.9999999970202371
1703775840000,1703776560000,SHORT,0.002000748027415721,-0.0001992519725842793,12,BEAR,0.9999999999332775,0.9999999985114828
1703775960000,1703776680000,SHORT,0.0024072976280904504,0.00020729762809045026,12,BEAR,0.9999999999979741,0.9999999999472244
1703776080000,1703776800000,SHORT,0.0015975450155693604,-0.0006024549844306398,12,BEAR,0.9999999999979783,0.9999999999473305
1703776740000,1703777460000,SHORT,0.0007119754266767021,-0.001488024573323298,12,BEAR,0.9999999999970046,0.9999999999231874
1703777160000,1703777880000,SHORT,-0.000560933683163008,-0.002760933683163008,12,BEAR,0.9999994348078013,0.9999920844523786
1703777640000,1703778360000,SHORT,-0.0011461785365611886,-0.0033461785365611887,12,BEAR,0.999985731601091,0.999842103120284
1703777760000,1703778480000,SHORT,0.0018211314513468363,-0.0003788685486531638,12,BEAR,0.9999999543242915,0.9999992557113685
1703800380000,1703801100000,SHORT,-0.0030570444494262944,-0.005257044449426295,12,BEAR,0.9999999998473003,0.999999996713885
1703801100000,1703801820000,SHORT,0.0005553636616075705,-0.0016446363383924296,12,BEAR,0.9999986034499548,0.9999815911747171
1703810040000,1703810760000,SHORT,-0.0008982353512033175,-0.0030982353512033177,12,BEAR,0.9999856561456117,0.999841336979664
1703811240000,1703811960000,SHORT,0.002772741573694944,0.0005727415736949439,12,BEAR,0.9999999999979667,0.9999999999470407
1703812080000,1703812800000,SHORT,-0.0012716255537906002,-0.0034716255537906,12,BEAR,0.9999999999970249,0.9999999999236822
1703812140000,1703812860000,SHORT,0.0008343470612441082,-0.0013656529387558918,12,BEAR,0.9999999999979601,0.9999999999468732
1703813100000,1703813820000,SHORT,0.0015479735618825605,-0.0006520264381174397,12,BEAR,0.9999999999979533,0.9999999999467032
1703813220000,1703813940000,SHORT,0.004893735067993671,0.002693735067993671,12,BEAR,0.999946966621088,0.9994764997452261
1703813880000,1703814600000,SHORT,-0.0013104788253013088,-0.003510478825301309,12,BEAR,0.999999992062388,0.9999998580051986
1703814240000,1703814960000,SHORT,-0.0008428351064675337,-0.003042835106467534,12,BEAR,0.9999999999584024,0.9999999990527493
1703814660000,1703815380000,SHORT,-0.0010080095897128866,-0.0032080095897128865,12,BEAR,0.9999986905169785,0.9999826621320672
1703814780000,1703815500000,SHORT,-0.00042891864842954907,-0.0026289186484295493,12,BEAR,0.999998069131577,0.9999751173710046
1703814840000,1703815560000,SHORT,-4.536896309168832e-06,-0.002204536896309169,12,BEAR,0.9999999324396935,0.9999989231781565
1703814900000,1703815620000,SHORT,-0.0007744367732557809,-0.002974436773255781,12,BEAR,0.9999903121889288,0.9998893785426194
1703816280000,1703817000000,SHORT,0.001218791131368821,-0.000981208868631179,12,BEAR,0.9999999632392303,0.9999993937134205
1703818140000,1703818860000,SHORT,0.0016604372109161776,-0.0005395627890838225,12,BEAR,0.9999999998462975,0.999999996693229
1703835240000,1703835960000,SHORT,0.0007416597301448247,-0.0014583402698551753,12,BEAR,0.9999999999979735,0.99999999994721
1703863080000,1703863800000,SHORT,-0.0004583383885361808,-0.0026583383885361808,12,BEAR,0.9999999999979585,0.9999999999468349
1703864880000,1703865600000,SHORT,0.0008156033992537229,-0.0013843966007462774,12,BEAR,0.9999999999979665,0.9999999999470357
1703865000000,1703865720000,SHORT,0.0037139656900313104,0.0015139656900313102,12,BEAR,0.9999973281029502,0.9999663579030682
1703865060000,1703865780000,SHORT,0.0014340723798114457,-0.0007659276201885544,12,BEAR,0.999999999997955,0.9999999999467449
1703865540000,1703866260000,SHORT,0.00030875759123670006,-0.0018912424087633001,12,BEAR,0.9999999980188278,0.9999999620505605
1703865600000,1703866320000,SHORT,0.0017912573039083422,-0.00040874269609165797,12,BEAR,0.9999999963129144,0.9999999314646353
1703865660000,1703866380000,SHORT,0.0012744612504713587,-0.0009255387495286415,12,BEAR,0.9999223278011846,0.999260264744799
1703865720000,1703866440000,SHORT,0.0004460628129266851,-0.001753937187073315,12,BEAR,0.9999979854135818,0.9999741163502808
1703865780000,1703866500000,SHORT,0.0009771150564340755,-0.0012228849435659246,12,BEAR,0.9999999994339794,0.9999999885078982
1703865840000,1703866560000,SHORT,0.0032561537902991576,0.0010561537902991575,12,BEAR,0.9999999997733943,0.9999999952071309
1703865900000,1703866620000,SHORT,0.005357288541204017,0.003157288541204017,12,BEAR,0.9999999963295815,0.999999931759275
1703865960000,1703866680000,SHORT,0.004942832213396153,0.0027428322133961525,12,BEAR,0.9999999115741449,0.9999986122751199
1703866020000,1703866740000,SHORT,0.002612489105171379,0.0004124891051713788,12,BEAR,0.9999958060650462,0.9999489149126505
1703866080000,1703866800000,SHORT,0.003490401396160525,0.001290401396160525,12,BEAR,0.9999999890288063,0.9999998069732687
1703866140000,1703866860000,SHORT,0.006940711354867684,0.004740711354867684,12,BEAR,0.9958203168313731,0.9753641627266786
1703866200000,1703866920000,SHORT,0.005890016705403835,0.0036900167054038347,12,BEAR,0.9999999049219599,0.9999985141561094
1703866440000,1703867160000,SHORT,-0.000209469859108685,-0.0024094698591086853,12,BEAR,0.9999999999945892,0.9999999998649347
1703867040000,1703867760000,SHORT,-0.0020391331291921846,-0.004239133129192185,12,BEAR,0.9999999258977852,0.9999988251438563
1703867100000,1703867820000,SHORT,-0.0005622517385414937,-0.002762251738541494,12,BEAR,0.9999999999924919,0.9999999998154123
1703867220000,1703867940000,SHORT,-0.0016896962640200587,-0.003889696264020059,12,BEAR,0.9999999999890602,0.999999999735658
1703867460000,1703868180000,SHORT,0.001651906159023263,-0.0005480938409767372,12,BEAR,0.9999999998437562,0.9999999966409804
1703867580000,1703868300000,SHORT,0.0008599037543078951,-0.001340096245692105,12,BEAR,0.999999999832606,0.9999999964121131
1703867760000,1703868480000,SHORT,-0.0007571502954705794,-0.0029571502954705794,12,BEAR,0.9999999999977389,0.9999999999413396
1703867820000,1703868540000,SHORT,-0.0002912055911474163,-0.0024912055911474164,12,BEAR,0.9999999999979814,0.9999999999474084
1703867940000,1703868660000,SHORT,0.0031421196139550566,0.0009421196139550564,12,BEAR,0.9998707687845514,0.9988291163015192
1703868060000,1703868780000,SHORT,0.004674339239035725,0.0024743392390357247,12,BEAR,0.9999999992934047,0.9999999857979239
1703868180000,1703868900000,SHORT,0.0044888914142849025,0.0022888914142849023,12,BEAR,0.9999993381405584,0.9999908257438316
1703868240000,1703868960000,SHORT,0.004600356771625407,0.0024003567716254066,12,BEAR,0.9999999999918475,0.9999999998003257
1703868660000,1703869380000,SHORT,0.0033364990218250306,0.0011364990218250305,12,BEAR,0.9999999999970776,0.9999999999249799
1703868720000,1703869440000,SHORT,0.001930638341520055,-0.00026936165847994513,12,BEAR,0.9999999995951039,0.9999999916542133
1703869740000,1703870460000,SHORT,-0.006016073478760046,-0.008216073478760046,12,BEAR,0.9999999954384202,0.9999999160950666
1703869800000,1703870520000,SHORT,-0.0033959203127364055,-0.005595920312736405,12,BEAR,0.9999999434487564,0.9999990894902314
1703869920000,1703870640000,SHORT,-0.00018986140117720728,-0.0023898614011772074,12,BEAR,0.9997698217734005,0.9980354527715909
1703870760000,1703871480000,SHORT,-8.246478066655698e-05,-0.002282464780666557,12,BEAR,0.9999999993562261,0.9999999870055098
1703870820000,1703871540000,SHORT,-0.0008900511550020166,-0.0030900511550020168,12,BEAR,0.9999999998476355,0.999999996720771
1703870880000,1703871600000,SHORT,-0.0005321491485612955,-0.0027321491485612958,12,BEAR,0.9999999738180296,0.9999995600967052
1703870940000,1703871660000,SHORT,0.0007516350353588287,-0.0014483649646411714,12,BEAR,0.9999999999078782,0.9999999979734311
1703884800000,1703885520000,SHORT,0.0022302899833070984,3.0289983307098256e-05,12,BEAR,0.9999999999979626,0.9999999999469384
1703884980000,1703885700000,SHORT,0.0011715297712434638,-0.0010284702287565364,12,BEAR,0.9999999999979806,0.9999999999473899
1703885100000,1703885820000,SHORT,-0.00018740715346810856,-0.0023874071534681087,12,BEAR,0.9999999999979722,0.9999999999471786
1703888460000,1703889180000,SHORT,-0.006522372663394687,-0.008722372663394687,12,BEAR,0.9999959220741765,0.9999502238628514
1703888520000,1703889240000,SHORT,-0.002610574672352224,-0.004810574672352224,12,BEAR,0.7233055346345671,0.4631370796179458
1703888640000,1703889360000,SHORT,-0.0024563972226827532,-0.004656397222682754,12,BEAR,0.99999999955116,0.999999990791086
1703888820000,1703889540000,SHORT,-3.904608126631241e-05,-0.0022390460812663124,12,BEAR,0.9977092342628777,0.9852419226957143
1703888880000,1703889600000,SHORT,0.00048646614470984335,-0.0017135338552901568,12,BEAR,0.9999999999979594,0.9999999999468561
1703889120000,1703889840000,SHORT,-0.0038598923559852176,-0.006059892355985218,12,BEAR,0.9998874075065162,0.9989657430948771
1703889180000,1703889900000,SHORT,-0.002268037446745862,-0.004468037446745862,12,BEAR,0.9999718703410863,0.9997060918125497
1703889300000,1703890080000,SHORT,-0.0018439804257919107,-0.004043980425791911,12,BEAR,0.9999999999398875,0.9999999986528582
1703889420000,1703890200000,SHORT,0.0015939526125915374,-0.0006060473874084627,12,BEAR,0.9999999996053333,0.9999999918557125
1703939580000,1703940300000,SHORT,0.0016706590784253163,-0.0005293409215746839,12,BEAR,0.9999999999979731,0.9999999999472009
1703945100000,1703945820000,SHORT,0.0018408691078585409,-0.00035913089214145927,12,BEAR,0.9999999977683864,0.999999957496039
1703953020000,1703953740000,SHORT,0.002749015964489446,0.0005490159644894457,12,BEAR,0.9999995006095304,0.9999929497428467
1703953140000,1703953860000,SHORT,0.00103597600850351,-0.00116402399149649,12,BEAR,0.999935344557358,0.9993734385506187
1703954700000,1703955420000,SHORT,0.0010070743027079956,-0.0011929256972920046,12,BEAR,0.9999999704850832,0.999999507317713
1703957100000,1703957820000,SHORT,-0.0013859296640696796,-0.0035859296640696797,12,BEAR,0.9999999999071377,0.9999999979578418
1703957160000,1703957880000,SHORT,-0.0001550743008170433,-0.0023550743008170436,12,BEAR,0.9999999954300643,0.9999999159490466
1703957220000,1703957940000,SHORT,-0.0004626094767572096,-0.00266260947675721,12,BEAR,0.9999999894195061,0.9999998134977237
1703957280000,1703958000000,SHORT,0.00035962491121760003,-0.0018403750887824,12,BEAR,0.9999978660368898,0.9999726944041251
1703957340000,1703958060000,SHORT,0.0015739616007258144,-0.0006260383992741857,12,BEAR,0.9999978466125101,0.999972463616372
1703957460000,1703958180000,SHORT,0.002848721664191793,0.0006487216641917928,12,BEAR,0.9999999999873463,0.9999999996962561
1703968800000,1703969520000,SHORT,-0.0013172129403724493,-0.0035172129403724496,12,BEAR,0.9999999999979728,0.9999999999471941
1704007920000,1704008640000,SHORT,0.003813862093604924,0.001613862093604924,12,BEAR,0.9999999988766004,0.9999999778982269
1704037080000,1704037860000,SHORT,0.0003782715452504864,-0.0018217284547495138,12,BEAR,0.9999999980877814,0.9999999633095343
1704064860000,1704065580000,SHORT,-0.0031901751655044777,-0.005390175165504478,12,BEAR,0.9999999924076564,0.9999998638739648
