bar_idx,ts_ms,price,allow_trade,direction,confidence,alpha_dir,alpha_conf,alpha_pa,alpha_pb,smc_sig,smc_conf,market_state,substate,regime_type,regime_conf,spread_pct,imbalance,ofp,ofp_pressure,institutional_score,ai_score,confluence_score,ob_score,cascade_probability,fvg_exists,open_interest_missing,reason,violations
60,1701393960000,38970.0,False,SHORT,0.19,NEUTRAL,0.428,0.5,0.5,NONE,0.0,CHOPPY,CHOPPY,range,0.0,0.000174,0.995536,0.928545,0.928545,1.9,-1.0,5.076,0.8785,0.0,True,True,open_interest_missing,
61,1701394020000,38980.6,False,SHORT,0.19,NEUTRAL,0.3971,0.5,0.5,NONE,0.0,CHOPPY,CHOPPY,range,0.0,8e-06,0.285714,0.722628,0.722628,1.9,-1.0,3.8359,0.8916,0.0,True,True,open_interest_missing,
62,1701394080000,39014.3,False,LONG,0.23,NEUTRAL,0.35597,0.5,0.5,NONE,0.0,CHOPPY,CHOPPY,range,0.0,0.000536,0.992674,-0.117526,-0.117526,2.3,1.0,4.8027,0.7681,0.0,True,True,open_interest_missing,
63,1701394140000,39019.7,False,LONG,0.18,NEUTRAL,0.327179,0.5,0.5,NONE,0.0,CHOPPY,CHOPPY,range,0.0,3e-06,0.968,-0.155628,-0.155628,1.8,1.0,4.8558,0.7771,0.0,True,True,open_interest_missing,
64,1701394200000,39053.5,False,LONG,0.23,NEUTRAL,0.326525,0.5,0.5,NONE,0.0,CHOPPY,CHOPPY,range,0.0,0.000151,-0.5,-0.001232,-0.001232,2.3,1.0,3.831,0.7323,0.0,True,True,open_interest_missing,
65,1701394260000,39053.2,False,HOLD,0.07,NEUTRAL,0.326068,0.5,0.5,NONE,0.0,CHOPPY,CHOPPY,range,0.0,0.000312,-0.555556,-0.844444,-0.844444,0.7,0.0,3.9723,0.8038,0.0,True,True,open_interest_missing,
66,1701394320000,39050.0,False,LONG,0.19,NEUTRAL,0.325747,0.5,0.5,NONE,0.0,CHOPPY,CHOPPY,range,0.0,0.000315,-0.904762,-0.938981,-0.938981,1.9,1.0,4.0257,0.7953,0.0,True,True,open_interest_missing,
67,1701394380000,39019.6,False,LONG,0.28,NEUTRAL,0.306023,0.5,0.5,NONE,0.0,CHOPPY,CHOPPY,range,0.0,1.3e-05,0.978094,-0.215593,-0.215593,2.8,1.0,3.9931,0.7755,0.0,True,True,open_interest_missing,
68,1701394440000,39020.0,False,HOLD,0.07,NEUTRAL,0.292216,0.5,0.5,NONE,0.0,CHOPPY,CHOPPY,range,0.0,0.000431,0.935484,0.327572,0.327572,0.7,0.0,2.4438,0.6788,0.0,True,True,open_interest_missing,
69,1701394500000,39055.6,False,HOLD,0.11,NEUTRAL,0.302051,0.5,0.5,NONE,0.0,CHOPPY,CHOPPY,range,0.0,0.000586,-0.5,0.453326,0.453326,1.1,0.0,4.0796,0.8722,0.0,True,True,open_interest_missing,
70,1701394560000,39078.5,False,LONG,0.18,NEUTRAL,0.308936,0.5,0.5,NONE,0.0,CHOPPY,CHOPPY,range,0.0,0.000448,-0.5,0.366677,0.366677,1.8,1.0,3.9484,0.8455,0.0,True,True,open_interest_missing,
71,1701394620000,39087.9,False,LONG,0.16,NEUTRAL,0.294255,0.5,0.5,NONE,0.0,CHOPPY,CHOPPY,range,0.0,0.000243,-0.753425,0.294747,0.294747,1.6,1.0,4.9055,0.9464,0.0,True,True,open_interest_missing,
72,1701394680000,39065.1,False,HOLD,0.07,NEUTRAL,0.283979,0.5,0.5,NONE,0.0,CHOPPY,CHOPPY,range,0.0,0.00021,-0.710843,-0.80591,-0.80591,0.7,0.0,3.873,0.7752,0.0,True,True,open_interest_missing,
73,1701394740000,39078.5,False,HOLD,0.07,NEUTRAL,0.296285,0.5,0.5,NONE,0.0,CHOPPY,CHOPPY,range,0.0,0.000343,-0.714286,-0.574991,-0.574991,0.7,0.0,3.397,0.7038,0.0,True,True,open_interest_missing,
74,1701394800000,39100.0,False,HOLD,0.07,NEUTRAL,0.2854,0.5,0.5,NONE,0.0,CHOPPY,CHOPPY,range,0.0,3e-06,0.995789,0.998526,0.998526,0.7,0.0,4.3212,0.9717,0.0,True,True,open_interest_missing,
75,1701394860000,39095.5,False,HOLD,0.05,NEUTRAL,0.29728,0.5,0.5,NONE,0.0,CHOPPY,CHOPPY,range,0.0,0.000225,0.0,0.65,0.65,0.5,0.0,3.7911,0.9751,0.0,True,True,open_interest_missing,
76,1701394920000,39071.1,False,HOLD,0.07,NEUTRAL,0.305596,0.5,0.5,NONE,0.0,CHOPPY,CHOPPY,range,0.0,0.000264,-0.894737,-0.963158,-0.963158,0.7,0.0,3.1513,0.8986,0.0,True,True,open_interest_missing,
77,1701394980000,39078.2,False,HOLD,0.07,NEUTRAL,0.291917,0.5,0.5,NONE,0.0,CHOPPY,CHOPPY,range,0.0,1.8e-05,-0.953488,-0.683583,-0.683583,0.7,0.0,3.5456,0.8005,0.0,True,True,open_interest_missing,
78,1701395040000,39072.7,False,HOLD,0.16,NEUTRAL,0.282342,0.5,0.5,NONE,0.0,CHOPPY,CHOPPY,range,0.0,0.000325,-0.877551,0.072094,0.072094,1.6,0.0,2.6433,0.8886,0.0,True,True,open_interest_missing,
79,1701395100000,39046.6,False,SHORT,0.12,NEUTRAL,0.295139,0.5,0.5,NONE,0.0,CHOPPY,CHOPPY,manipulation,0.9251,0.000515,0.0,-0.65,-0.65,1.2,-1.0,2.7208,0.575,0.0,False,True,open_interest_missing,
80,1701395160000,39039.9,False,SHORT,0.07,NEUTRAL,0.304098,0.5,0.5,NONE,0.0,CHOPPY,CHOPPY,manipulation,0.9251,0.00051,-0.75,-0.605638,-0.605638,0.7,-1.0,2.2114,0.4843,0.0,False,True,open_interest_missing,
81,1701395220000,39032.9,False,HOLD,0.07,NEUTRAL,0.310368,0.5,0.5,NONE,0.0,CHOPPY,CHOPPY,manipulation,0.9251,0.000182,-0.333333,-0.766667,-0.766667,0.7,0.0,2.8303,0.575,0.0,False,True,open_interest_missing,
82,1701395280000,39006.8,False,SHORT,0.07,NEUTRAL,0.314758,0.5,0.5,NONE,0.0,CHOPPY,CHOPPY,manipulation,0.9251,0.000185,-0.75,-0.877346,-0.877346,0.7,-1.0,2.8715,0.5702,0.0,False,True,open_interest_missing,
83,1701395460000,39044.3,False,HOLD,0.07,NEUTRAL,0.31783,0.5,0.5,NONE,0.0,CHOPPY,CHOPPY,manipulation,0.9251,0.000371,0.666667,0.398364,0.398364,0.7,0.0,2.8604,0.5008,0.0,False,True,open_interest_missing,
84,1701395520000,39080.8,False,LONG,0.14,NEUTRAL,0.300481,0.5,0.5,NONE,0.0,CHOPPY,CHOPPY,manipulation,0.9251,8e-06,0.942308,0.524869,0.524869,1.4,1.0,3.0636,0.5936,0.0,False,True,open_interest_missing,
85,1701395580000,39078.3,False,HOLD,0.16,NEUTRAL,0.307837,0.5,0.5,NONE,0.0,CHOPPY,CHOPPY,manipulation,0.9251,0.000161,-0.818182,0.002576,0.002576,1.6,0.0,2.3087,0.6251,0.0,False,True,open_interest_missing,
86,1701395760000,39078.4,False,HOLD,0.11,NEUTRAL,0.293486,0.5,0.5,NONE,0.0,CHOPPY,CHOPPY,manipulation,0.9251,0.000328,0.68434,-0.401899,-0.401899,1.1,0.0,4.2784,0.7067,0.0,True,True,open_interest_missing,
87,1701395820000,39078.4,False,HOLD,0.07,NEUTRAL,0.30294,0.5,0.5,NONE,0.0,CHOPPY,CHOPPY,manipulation,0.9251,0.00045,-0.846154,-0.946154,-0.946154,0.7,0.0,4.2336,0.7086,0.0,True,True,open_interest_missing,
88,1701395880000,39076.1,False,HOLD,0.16,NEUTRAL,0.290058,0.5,0.5,NONE,0.0,CHOPPY,CHOPPY,manipulation,0.9251,9e-05,0.993691,-0.302208,-0.302208,1.6,0.0,3.1622,0.7104,0.0,True,True,open_interest_missing,
89,1701396000000,39065.1,False,HOLD,0.16,NEUTRAL,0.281041,0.5,0.5,NONE,0.0,CHOPPY,CHOPPY,trend,0.6304,0.000161,0.762082,-0.274913,-0.274913,1.6,0.0,3.982,0.5685,0.0,False,True,open_interest_missing,
90,1701396060000,39049.1,False,SHORT,0.07,NEUTRAL,0.294229,0.5,0.5,NONE,0.0,CHOPPY,CHOPPY,trend,0.6304,2e-05,-0.75,-0.90242,-0.90242,0.7,-1.0,4.0333,0.6189,0.0,False,True,open_interest_missing,
91,1701396120000,39062.1,False,HOLD,0.16,NEUTRAL,0.28396,0.5,0.5,NONE,0.0,CHOPPY,CHOPPY,trend,0.6304,0.000566,0.997895,-0.018064,-0.018064,1.6,0.0,3.6249,0.519,0.0,False,True,open_interest_missing,
92,1701396240000,39027.3,False,SHORT,0.14,NEUTRAL,0.276772,0.5,0.5,NONE,0.0,CHOPPY,CHOPPY,trend,0.6304,0.000164,-0.84,-0.944,-0.944,1.4,-1.0,4.0745,0.6469,0.0,False,True,open_interest_missing,
93,1701396300000,39027.2,False,SHORT,0.11,NEUTRAL,0.29124,0.5,0.5,NONE,0.0,CHOPPY,CHOPPY,trend,0.6304,0.000277,0.5,-0.441228,-0.441228,1.1,-1.0,4.1501,0.7209,0.0,True,True,open_interest_missing,
94,1701396420000,39058.0,False,HOLD,0.07,NEUTRAL,0.281868,0.5,0.5,NONE,0.0,CHOPPY,CHOPPY,trend,0.6304,7.2e-05,0.980583,0.776555,0.776555,0.7,0.0,3.7055,0.7013,0.0,True,True,open_interest_missing,
95,1701396480000,39065.6,False,HOLD,0.07,NEUTRAL,0.275308,0.5,0.5,NONE,0.0,CHOPPY,CHOPPY,trend,0.6304,1.3e-05,0.993697,0.309577,0.309577,0.7,0.0,1.547,0.5605,0.0,True,True,open_interest_missing,
96,1701396540000,39060.1,False,HOLD,0.07,NEUTRAL,0.270716,0.5,0.5,NONE,0.0,CHOPPY,CHOPPY,trend,0.6304,0.000189,-0.915493,-0.970423,-0.970423,0.7,0.0,4.2302,0.7075,0.0,True,True,open_interest_missing,
97,1701396720000,39052.8,False,HOLD,0.07,NEUTRAL,0.267501,0.5,0.5,NONE,0.0,CHOPPY,CHOPPY,trend,0.6304,0.000269,-0.940299,-0.979104,-0.979104,0.7,0.0,3.018,0.6254,0.0,False,True,open_interest_missing,
98,1701396840000,39035.5,False,HOLD,0.07,NEUTRAL,0.265251,0.5,0.5,NONE,0.0,CHOPPY,CHOPPY,trend,0.6304,0.000195,-0.936508,-0.977778,-0.977778,0.7,0.0,3.0034,0.6495,0.0,False,True,open_interest_missing,
99,1701396900000,39033.5,False,SHORT,0.11,NEUTRAL,0.283176,0.5,0.5,NONE,4.0,CHOPPY,CHOPPY,manipulation,0.9761,0.000494,0.428571,-0.5,-0.5,1.1,-1.0,4.1931,0.6506,0.0,False,True,open_interest_missing,
100,1701397200000,39033.4,False,SHORT,0.16,NEUTRAL,0.276223,0.5,0.5,NONE,4.0,CHOPPY,CHOPPY,manipulation,0.9761,3e-06,0.910448,-0.331343,-0.331343,1.6,-1.0,4.3346,0.7464,0.0,True,True,open_interest_missing,
101,1701397260000,39033.5,False,HOLD,0.16,NEUTRAL,0.271356,0.5,0.5,NONE,4.0,CHOPPY,CHOPPY,manipulation,0.9761,3e-06,0.908397,-0.072061,-0.072061,1.6,0.0,3.8257,0.6662,0.0,True,True,open_interest_missing,
102,1701397320000,39033.9,False,HOLD,0.07,NEUTRAL,0.267949,0.5,0.5,NONE,4.0,CHOPPY,CHOPPY,manipulation,0.9761,3e-06,0.890625,0.961719,0.961719,0.7,0.0,4.2957,0.8202,0.0,True,True,open_interest_missing,
103,1701397380000,39033.4,False,HOLD,0.07,NEUTRAL,0.265565,0.5,0.5,NONE,4.0,CHOPPY,CHOPPY,manipulation,0.9761,1e-05,-0.927711,-0.974699,-0.974699,0.7,0.0,4.3086,0.7434,0.0,True,True,open_interest_missing,
104,1701397440000,39027.2,False,SHORT,0.14,NEUTRAL,0.263895,0.5,0.5,NONE,4.0,CHOPPY,CHOPPY,manipulation,0.9761,1e-05,-0.975309,-0.93227,-0.93227,1.4,-1.0,4.1719,0.7356,0.0,True,True,open_interest_missing,
105,1701397560000,39032.9,False,HOLD,0.11,NEUTRAL,0.282227,0.5,0.5,NONE,4.0,CHOPPY,CHOPPY,manipulation,0.9761,0.000184,-0.333333,0.533333,0.533333,1.1,0.0,4.1583,0.7147,0.0,False,True,open_interest_missing,
106,1701397620000,39033.9,False,HOLD,0.16,NEUTRAL,0.275559,0.5,0.5,NONE,4.0,CHOPPY,CHOPPY,manipulation,0.9761,0.000172,-0.949367,0.317722,0.317722,1.6,0.0,3.0941,0.6981,0.0,False,True,open_interest_missing,
107,1701397980000,39029.2,False,HOLD,0.05,NEUTRAL,0.290391,0.5,0.5,NONE,5.0,CHOPPY,CHOPPY,trend,0.5462,0.000149,0.0,-0.65,-0.65,0.5,0.0,3.7695,0.6674,0.0,False,True,open_interest_missing,
108,1701398040000,39040.0,False,LONG,0.14,NEUTRAL,0.281274,0.5,0.5,NONE,4.0,CHOPPY,CHOPPY,trend,0.5462,8.5e-05,0.997512,0.931584,0.931584,1.4,1.0,2.8415,0.6741,0.0,False,True,open_interest_missing,
109,1701398100000,39048.6,False,HOLD,0.16,NEUTRAL,0.274892,0.5,0.5,NONE,5.0,CHOPPY,CHOPPY,trend,0.5462,9e-05,-0.936842,0.322105,0.322105,1.6,0.0,3.1539,0.7701,0.0,True,True,open_interest_missing,
110,1701398160000,39067.7,False,LONG,0.14,NEUTRAL,0.270424,0.5,0.5,NONE,5.0,CHOPPY,CHOPPY,trend,0.5462,0.000397,0.961538,0.986538,0.986538,1.4,1.0,3.1548,0.8543,0.0,True,True,open_interest_missing,
111,1701398280000,39063.1,False,HOLD,0.11,NEUTRAL,0.286797,0.5,0.5,NONE,5.0,CHOPPY,CHOPPY,trend,0.5462,5.4e-05,-0.809524,0.366667,0.366667,1.1,0.0,4.29,0.762,0.0,True,True,open_interest_missing,
112,1701398340000,39065.7,False,HOLD,0.16,NEUTRAL,0.298258,0.5,0.5,NONE,5.0,CHOPPY,CHOPPY,trend,0.5462,0.000223,0.333333,-0.533333,-0.533333,1.6,0.0,4.238,0.7866,0.0,True,True,open_interest_missing,
113,1701398520000,39067.7,False,HOLD,0.07,NEUTRAL,0.286781,0.5,0.5,NONE,5.0,CHOPPY,CHOPPY,trend,0.5462,3.8e-05,0.683333,0.889167,0.889167,0.7,0.0,4.2416,0.909,0.0,True,True,open_interest_missing,
114,1701398640000,39109.8,False,LONG,0.14,NEUTRAL,0.278746,0.5,0.5,NONE,4.0,CHOPPY,CHOPPY,trend,0.5462,3.1e-05,0.984231,0.566872,0.566872,1.4,1.0,3.101,0.7538,0.0,True,True,open_interest_missing,
115,1701398700000,39165.7,False,LONG,0.18,NEUTRAL,0.292623,0.5,0.5,NONE,4.0,CHOPPY,CHOPPY,range,0.57,0.000465,-0.69697,0.375446,0.375446,1.8,1.0,4.215,0.7523,0.0,True,True,open_interest_missing,
116,1701398760000,39151.5,False,LONG,0.19,NEUTRAL,0.282836,0.5,0.5,NONE,5.0,CHOPPY,CHOPPY,range,0.57,0.000186,-0.949153,-0.793279,-0.793279,1.9,1.0,5.1191,0.6496,0.0,True,True,open_interest_missing,
117,1701398820000,39160.5,False,HOLD,0.07,NEUTRAL,0.295485,0.5,0.5,NONE,2.0,CHOPPY,CHOPPY,range,0.57,0.0001,0.692308,0.285748,0.285748,0.7,0.0,2.4264,0.5772,0.0,True,True,open_interest_missing,
118,1701398880000,39151.8,False,HOLD,0.07,NEUTRAL,0.30434,0.5,0.5,NONE,4.0,CHOPPY,CHOPPY,range,0.57,0.000135,-0.428571,-0.8,-0.8,0.7,0.0,3.9087,0.7149,0.0,True,True,open_interest_missing,
119,1701398940000,39169.1,False,HOLD,0.07,NEUTRAL,0.291038,0.5,0.5,NONE,4.0,CHOPPY,CHOPPY,range,0.57,8.7e-05,0.997439,0.27726,0.27726,0.7,0.0,4.1495,0.5023,0.0,True,True,open_interest_missing,
120,1701399000000,39208.5,False,LONG,0.09,NEUTRAL,0.281726,0.5,0.5,NONE,3.0,CHOPPY,CHOPPY,range,0.57,0.000298,-0.239437,0.033525,0.033525,0.9,1.0,2.5371,0.6218,0.0,True,True,open_interest_missing,
121,1701399060000,39232.0,False,LONG,0.14,NEUTRAL,0.275209,0.5,0.5,NONE,5.0,CHOPPY,CHOPPY,range,0.57,0.000296,-0.938462,-0.829054,-0.829054,1.4,1.0,4.7029,0.6803,0.0,True,True,open_interest_missing,
122,1701399120000,39205.5,False,SHORT,0.28,NEUTRAL,0.270646,0.5,0.5,NONE,4.0,CHOPPY,CHOPPY,range,0.57,0.000212,-0.938462,-0.030224,-0.030224,2.8,-1.0,4.4747,0.7197,0.0,True,True,open_interest_missing,
123,1701399180000,39240.3,False,LONG,0.14,NEUTRAL,0.267452,0.5,0.5,NONE,3.0,CHOPPY,CHOPPY,range,0.57,2.3e-05,0.914894,0.482814,0.482814,1.4,1.0,2.8643,0.6504,0.0,True,True,open_interest_missing,
124,1701399240000,39219.1,False,HOLD,0.11,NEUTRAL,0.284717,0.5,0.5,NONE,4.0,CHOPPY,CHOPPY,range,0.57,0.000461,-0.947368,0.318421,0.318421,1.1,0.0,4.1083,0.819,0.0,True,True,open_interest_missing,
125,1701399300000,39168.4,False,HOLD,0.07,NEUTRAL,0.277302,0.5,0.5,NONE,4.0,CHOPPY,CHOPPY,range,0.57,0.00026,-0.989744,-0.99641,-0.99641,0.7,0.0,3.0684,0.7337,0.0,True,True,open_interest_missing,
126,1701399420000,39145.3,False,SHORT,0.14,NEUTRAL,0.272111,0.5,0.5,NONE,4.0,CHOPPY,CHOPPY,range,0.57,0.000184,-0.990148,-0.996552,-0.996552,1.4,-1.0,3.0508,0.7531,0.0,True,True,open_interest_missing,
127,1701399540000,39125.5,False,SHORT,0.14,NEUTRAL,0.287978,0.5,0.5,NONE,3.0,CHOPPY,CHOPPY,range,0.57,0.000209,-0.333333,-0.766667,-0.766667,1.4,-1.0,2.7992,0.7685,0.0,True,True,open_interest_missing,
128,1701399600000,39136.2,False,HOLD,0.16,NEUTRAL,0.299085,0.5,0.5,NONE,4.0,CHOPPY,CHOPPY,range,0.5833,0.000309,0.2,-0.58,-0.58,1.6,0.0,2.953,0.768,0.0,True,True,open_interest_missing,
129,1701399720000,39136.4,False,HOLD,0.07,NEUTRAL,0.287359,0.5,0.5,NONE,4.0,CHOPPY,CHOPPY,range,0.5833,3e-06,0.996953,0.998933,0.998933,0.7,0.0,3.0601,0.8608,0.0,True,True,open_interest_missing,
130,1701399780000,39129.6,False,HOLD,0.11,NEUTRAL,0.279152,0.5,0.5,NONE,3.0,CHOPPY,CHOPPY,range,0.5833,7.7e-05,-0.263158,0.352645,0.352645,1.1,0.0,2.4527,0.8036,0.0,True,True,open_interest_missing,
131,1701399840000,39145.1,False,HOLD,0.11,NEUTRAL,0.292906,0.5,0.5,NONE,3.0,CHOPPY,CHOPPY,range,0.5833,0.000314,-0.555556,0.269895,0.269895,1.1,0.0,2.6193,0.7942,0.0,True,True,open_interest_missing,
132,1701399960000,39128.7,False,HOLD,0.11,NEUTRAL,0.302534,0.5,0.5,NONE,3.0,CHOPPY,CHOPPY,range,0.5833,0.000393,-0.733333,-0.04,-0.04,1.1,0.0,3.0259,0.6136,0.0,False,True,open_interest_missing,
133,1701400020000,39112.9,False,SHORT,0.18,NEUTRAL,0.309274,0.5,0.5,NONE,3.0,CHOPPY,CHOPPY,range,0.5833,0.000302,-0.733333,-0.039901,-0.039901,1.8,-1.0,3.1528,0.6032,0.0,False,True,open_interest_missing,
134,1701400080000,39104.1,False,SHORT,0.14,NEUTRAL,0.313992,0.5,0.5,NONE,4.0,CHOPPY,CHOPPY,range,0.5833,0.000419,-0.818182,-0.936364,-0.936364,1.4,-1.0,4.0899,0.6699,0.0,False,True,open_interest_missing,
135,1701400140000,39116.8,False,HOLD,0.07,NEUTRAL,0.317294,0.5,0.5,NONE,5.0,CHOPPY,CHOPPY,range,0.5833,0.000629,-0.7,-0.816182,-0.816182,0.7,0.0,4.958,0.6296,0.0,False,True,open_interest_missing,
136,1701400200000,39100.8,False,HOLD,0.07,NEUTRAL,0.319606,0.5,0.5,NONE,4.0,CHOPPY,CHOPPY,range,0.5833,0.000327,-0.555556,-0.844444,-0.844444,0.7,0.0,4.1126,0.7738,0.0,True,True,open_interest_missing,
137,1701400260000,39117.0,False,HOLD,0.02,NEUTRAL,0.321224,0.5,0.5,NONE,3.0,CHOPPY,CHOPPY,range,0.5833,0.000409,0.176471,0.374735,0.374735,0.2,0.0,3.1383,0.722,0.0,True,True,open_interest_missing,
138,1701400320000,39121.4,False,HOLD,0.07,NEUTRAL,0.322357,0.5,0.5,NONE,3.0,CHOPPY,CHOPPY,range,0.5833,5.4e-05,0.727273,0.565439,0.565439,0.7,0.0,2.2097,0.733,0.0,True,True,open_interest_missing,
139,1701400380000,39121.3,False,HOLD,0.11,NEUTRAL,0.30365,0.5,0.5,NONE,4.0,CHOPPY,CHOPPY,range,0.5833,3e-06,-0.980952,0.241667,0.241667,1.1,0.0,3.0834,0.814,0.0,True,True,open_interest_missing,
140,1701400500000,39107.6,False,HOLD,0.16,NEUTRAL,0.310055,0.5,0.5,NONE,4.0,CHOPPY,CHOPPY,range,0.5685,8.9e-05,0.894737,-0.336842,-0.336842,1.6,0.0,4.1644,0.661,0.0,False,True,open_interest_missing,
141,1701400560000,39143.0,False,LONG,0.12,NEUTRAL,0.314538,0.5,0.5,NONE,3.0,CHOPPY,CHOPPY,range,0.5685,0.000151,0.142857,0.7,0.7,1.2,1.0,2.6286,0.7169,0.0,False,True,open_interest_missing,
142,1701400620000,39156.9,False,LONG,0.35,NEUTRAL,0.298177,0.5,0.5,NONE,4.0,CHOPPY,CHOPPY,range,0.5685,2.3e-05,-0.981191,0.269758,0.269758,3.5,1.0,2.8836,0.7172,0.0,False,True,open_interest_missing,
143,1701400680000,39173.0,False,LONG,0.14,NEUTRAL,0.286724,0.5,0.5,NONE,3.0,CHOPPY,CHOPPY,range,0.5685,0.000112,0.993151,0.88621,0.88621,1.4,1.0,2.5302,0.71,0.0,False,True,open_interest_missing,
144,1701400740000,39196.3,False,LONG,0.23,NEUTRAL,0.278707,0.5,0.5,NONE,3.0,CHOPPY,CHOPPY,range,0.5685,3.1e-05,0.997817,0.196341,0.196341,2.3,1.0,2.8816,0.4807,0.0,False,True,open_interest_missing,
145,1701400800000,39224.4,False,LONG,0.14,NEUTRAL,0.273095,0.5,0.5,NONE,4.0,CHOPPY,CHOPPY,range,0.5685,0.00028,0.961165,0.986408,0.986408,1.4,1.0,4.2638,0.9204,0.0,True,True,open_interest_missing,
146,1701400860000,39224.4,False,HOLD,0.05,NEUTRAL,0.288666,0.5,0.5,NONE,4.0,CHOPPY,CHOPPY,range,0.5685,0.000133,0.0,0.65,0.65,0.5,0.0,3.9178,0.9146,0.0,True,True,open_interest_missing,
147,1701400920000,39208.5,False,HOLD,0.02,NEUTRAL,0.299566,0.5,0.5,NONE,4.0,CHOPPY,CHOPPY,range,0.5685,0.000286,-0.428571,-0.14987,-0.14987,0.2,0.0,3.5201,0.7417,0.0,True,True,open_interest_missing,
148,1701400980000,39206.1,False,HOLD,0.07,NEUTRAL,0.307197,0.5,0.5,NONE,2.0,CHOPPY,CHOPPY,range,0.5685,0.000459,0.5,0.174997,0.174997,0.7,0.0,2.4438,0.6688,0.0,True,True,open_interest_missing,
149,1701401040000,39192.5,False,HOLD,0.16,NEUTRAL,0.293038,0.5,0.5,NONE,4.0,CHOPPY,CHOPPY,range,0.5685,0.00014,0.981982,-0.306306,-0.306306,1.6,0.0,3.2066,0.8893,0.0,True,True,open_interest_missing,
150,1701401100000,39141.0,False,SHORT,0.14,NEUTRAL,0.302626,0.5,0.5,NONE,3.0,CHOPPY,CHOPPY,range,0.5685,2e-05,-0.75,-0.9125,-0.9125,1.4,-1.0,2.8456,0.6543,0.0,False,True,open_interest_missing,
151,1701401160000,39143.9,False,HOLD,0.07,NEUTRAL,0.309338,0.5,0.5,NONE,3.0,CHOPPY,CHOPPY,range,0.5685,0.000368,-0.636364,-0.872727,-0.872727,0.7,0.0,2.8069,0.6486,0.0,False,True,open_interest_missing,
152,1701401220000,39142.4,False,HOLD,0.05,NEUTRAL,0.314037,0.5,0.5,NONE,3.0,CHOPPY,CHOPPY,range,0.5685,0.00025,0.0,-0.65,-0.65,0.5,0.0,2.5766,0.673,0.0,False,True,open_interest_missing,
153,1701401340000,39129.4,False,SHORT,0.14,NEUTRAL,0.317326,0.5,0.5,NONE,4.0,CHOPPY,CHOPPY,range,0.5685,6.1e-05,-0.857143,-0.95,-0.95,1.4,-1.0,2.8783,0.6697,0.0,False,True,open_interest_missing,
154,1701401400000,39142.4,False,HOLD,0.07,NEUTRAL,0.300128,0.5,0.5,NONE,4.0,CHOPPY,CHOPPY,range,0.568,0.00033,0.588785,0.856075,0.856075,0.7,0.0,2.9761,0.9045,0.0,True,True,open_interest_missing,
155,1701401460000,39136.7,False,HOLD,0.05,NEUTRAL,0.30759,0.5,0.5,NONE,3.0,CHOPPY,CHOPPY,range,0.568,0.000279,-0.111111,-0.544426,-0.544426,0.5,0.0,2.4386,0.7847,0.0,True,True,open_interest_missing,
156,1701401520000,39120.7,False,SHORT,0.14,NEUTRAL,0.312813,0.5,0.5,NONE,4.0,CHOPPY,CHOPPY,range,0.568,0.000266,-0.777778,-0.922222,-0.922222,1.4,-1.0,3.1476,0.8196,0.0,True,True,open_interest_missing,
157,1701401580000,39121.0,False,HOLD,0.16,NEUTRAL,0.296969,0.5,0.5,NONE,3.0,CHOPPY,CHOPPY,range,0.568,0.000526,0.744681,0.065641,0.065641,1.6,0.0,3.2929,0.6782,0.0,True,True,open_interest_missing,
158,1701401640000,39142.0,False,HOLD,0.0,NEUTRAL,0.305378,0.5,0.5,NONE,3.0,CHOPPY,CHOPPY,range,0.568,0.000312,0.0,0.390041,0.390041,0.0,0.0,2.1101,0.8247,0.0,True,True,open_interest_missing,
159,1701401700000,39160.6,False,LONG,0.14,NEUTRAL,0.291765,0.5,0.5,NONE,4.0,CHOPPY,CHOPPY,range,0.568,0.000266,0.997888,0.999261,0.999261,1.4,1.0,2.931,0.7213,0.0,False,True,open_interest_missing,
160,1701401760000,39168.0,False,LONG,0.11,NEUTRAL,0.301735,0.5,0.5,NONE,4.0,CHOPPY,CHOPPY,range,0.568,0.000105,-0.4,0.51,0.51,1.1,1.0,2.9014,0.7092,0.0,False,True,open_interest_missing,
161,1701401940000,39163.3,False,HOLD,0.11,NEUTRAL,0.308715,0.5,0.5,NONE,3.0,CHOPPY,CHOPPY,range,0.568,0.000217,0.333333,-0.533333,-0.533333,1.1,0.0,2.8738,0.6387,0.0,False,True,open_interest_missing,
162,1701402000000,39163.2,False,HOLD,0.07,NEUTRAL,0.2941,0.5,0.5,NONE,2.0,CHOPPY,CHOPPY,range,0.568,0.00034,0.942308,0.329918,0.329918,0.7,0.0,1.3584,0.5871,0.0,True,True,open_interest_missing,
163,1701402060000,39192.5,False,LONG,0.14,NEUTRAL,0.28387,0.5,0.5,NONE,3.0,CHOPPY,CHOPPY,range,0.568,0.000181,0.942308,0.625274,0.625274,1.4,1.0,2.0687,0.6723,0.0,True,True,open_interest_missing,
164,1701402120000,39188.7,False,HOLD,0.16,NEUTRAL,0.276709,0.5,0.5,NONE,3.0,CHOPPY,CHOPPY,range,0.568,0.000436,0.986717,-0.087904,-0.087904,1.6,0.0,2.6094,0.6395,0.0,True,True,open_interest_missing,
165,1701402180000,39205.8,False,HOLD,0.11,NEUTRAL,0.291197,0.5,0.5,NONE,4.0,CHOPPY,CHOPPY,range,0.568,0.000574,-0.714286,0.4,0.4,1.1,0.0,2.9942,0.7513,0.0,True,True,open_interest_missing,
166,1701402240000,39181.0,False,HOLD,0.16,NEUTRAL,0.281838,0.5,0.5,NONE,4.0,CHOPPY,CHOPPY,range,0.568,0.000462,0.989515,-0.30367,-0.30367,1.6,0.0,2.9751,0.7265,0.0,True,True,open_interest_missing,
167,1701402300000,39204.9,False,HOLD,0.07,NEUTRAL,0.275286,0.5,0.5,NONE,4.0,CHOPPY,CHOPPY,manipulation,0.9908,0.000612,-0.971831,-0.92511,-0.92511,0.7,0.0,3.9733,0.5971,0.0,False,True,open_interest_missing,
168,1701402360000,39206.5,False,LONG,0.07,NEUTRAL,0.270701,0.5,0.5,NONE,5.0,CHOPPY,CHOPPY,manipulation,0.9908,0.000464,0.992933,0.933183,0.933183,0.7,1.0,4.8622,0.7292,0.0,False,True,open_interest_missing,
169,1701402420000,39196.9,False,HOLD,0.11,NEUTRAL,0.28699,0.5,0.5,NONE,5.0,CHOPPY,CHOPPY,manipulation,0.9908,0.000456,-0.714286,0.277662,0.277662,1.1,0.0,5.0098,0.6929,0.0,False,True,open_interest_missing,
170,1701402480000,39168.5,False,SHORT,0.26,NEUTRAL,0.278893,0.5,0.5,NONE,4.0,CHOPPY,CHOPPY,manipulation,0.9908,0.000352,-0.966102,-0.988136,-0.988136,2.6,-1.0,3.1131,0.669,0.0,False,True,open_interest_missing,
171,1701402540000,39176.5,False,HOLD,0.16,NEUTRAL,0.292725,0.5,0.5,NONE,4.0,CHOPPY,CHOPPY,manipulation,0.9908,0.000373,-0.947368,0.318421,0.318421,1.6,0.0,3.0198,0.7451,0.0,False,True,open_interest_missing,
172,1701402600000,39164.9,False,HOLD,0.16,NEUTRAL,0.282908,0.5,0.5,NONE,3.0,CHOPPY,CHOPPY,manipulation,0.9908,0.000459,-0.953488,-0.18352,-0.18352,1.6,0.0,2.0265,0.5944,0.0,False,True,open_interest_missing,
173,1701402660000,39155.3,False,SHORT,0.14,NEUTRAL,0.276036,0.5,0.5,NONE,4.0,CHOPPY,CHOPPY,manipulation,0.9908,0.000513,-0.95122,-0.982927,-0.982927,1.4,-1.0,3.0994,0.6636,0.0,False,True,open_interest_missing,
174,1701402720000,39168.0,False,HOLD,0.05,NEUTRAL,0.290725,0.5,0.5,NONE,3.0,CHOPPY,CHOPPY,manipulation,0.9908,0.00026,0.052632,0.668421,0.668421,0.5,0.0,2.7856,0.7447,0.0,False,True,open_interest_missing,
175,1701402780000,39176.5,False,HOLD,0.11,NEUTRAL,0.301007,0.5,0.5,NONE,4.0,CHOPPY,CHOPPY,manipulation,0.9908,0.000327,-0.428571,0.5,0.5,1.1,0.0,4.1191,0.7452,0.0,False,True,open_interest_missing,
176,1701402840000,39174.9,False,HOLD,0.07,NEUTRAL,0.308205,0.5,0.5,NONE,3.0,CHOPPY,CHOPPY,manipulation,0.9908,7.7e-05,-0.333333,-0.766667,-0.766667,0.7,0.0,2.7785,0.6719,0.0,False,True,open_interest_missing,
177,1701402900000,39167.5,False,LONG,0.19,NEUTRAL,0.313244,0.5,0.5,NONE,4.0,CHOPPY,CHOPPY,manipulation,0.9908,0.000449,-0.923077,-0.973077,-0.973077,1.9,1.0,4.2235,0.6698,0.0,False,True,open_interest_missing,
178,1701403020000,39219.1,False,LONG,0.18,NEUTRAL,0.316771,0.5,0.5,NONE,4.0,CHOPPY,CHOPPY,manipulation,0.9908,0.000329,0.833333,-0.168678,-0.168678,1.8,1.0,3.7782,0.6024,0.0,False,True,open_interest_missing,
179,1701403080000,39196.5,False,HOLD,0.07,NEUTRAL,0.299739,0.5,0.5,NONE,2.0,CHOPPY,CHOPPY,manipulation,0.9908,0.000546,-0.955556,-0.33426,-0.33426,0.7,0.0,2.4853,0.5337,0.0,False,True,open_interest_missing,
180,1701403140000,39183.4,False,HOLD,0.07,NEUTRAL,0.287818,0.5,0.5,NONE,4.0,CHOPPY,CHOPPY,manipulation,0.9908,0.000648,-0.916667,-0.970833,-0.970833,0.7,0.0,4.101,0.6724,0.0,False,True,open_interest_missing,
181,1701403200000,39200.9,False,HOLD,0.07,NEUTRAL,0.279472,0.5,0.5,NONE,4.0,CHOPPY,CHOPPY,range,0.557,0.00064,0.885714,0.526762,0.526762,0.7,0.0,2.9422,0.6114,0.0,True,True,open_interest_missing,
182,1701403260000,39218.5,False,HOLD,0.07,NEUTRAL,0.273631,0.5,0.5,NONE,5.0,RANGING,RANGING,range,0.557,0.000571,-0.959184,-0.919599,-0.919599,0.7,0.0,2.7732,0.6561,0.0,True,True,open_interest_missing,
183,1701403320000,39217.9,False,HOLD,0.16,NEUTRAL,0.269542,0.5,0.5,NONE,5.0,CHOPPY,CHOPPY,range,0.557,0.000632,-0.923077,0.326923,0.326923,1.6,0.0,2.9541,0.7493,0.0,True,True,open_interest_missing,
184,1701403380000,39218.0,False,HOLD,0.16,NEUTRAL,0.266679,0.5,0.5,NONE,5.0,CHOPPY,CHOPPY,range,0.557,1.3e-05,-0.96,0.314,0.314,1.6,0.0,4.0793,0.7483,0.0,True,True,open_interest_missing,
185,1701403440000,39212.1,False,HOLD,0.07,NEUTRAL,0.284175,0.5,0.5,NONE,5.0,CHOPPY,CHOPPY,range,0.557,0.000296,-0.5,-0.825,-0.825,0.7,0.0,3.8948,0.6816,0.0,True,True,open_interest_missing,
186,1701403500000,39219.2,False,LONG,0.14,NEUTRAL,0.276923,0.5,0.5,NONE,4.0,CHOPPY,CHOPPY,range,0.557,9.4e-05,0.317818,0.436221,0.436221,1.4,1.0,2.9844,0.6297,0.0,False,True,open_interest_missing,
187,1701403560000,39224.0,False,HOLD,0.16,NEUTRAL,0.271846,0.5,0.5,NONE,5.0,CHOPPY,CHOPPY,range,0.557,0.000224,-0.875,0.34375,0.34375,1.6,0.0,4.0537,0.7426,0.0,False,True,open_interest_missing,
188,1701403620000,39222.1,False,HOLD,0.07,NEUTRAL,0.268292,0.5,0.5,NONE,4.0,CHOPPY,CHOPPY,range,0.557,8.2e-05,0.900188,0.222227,0.222227,0.7,0.0,2.4962,0.4703,0.0,False,True,open_interest_missing,
189,1701403680000,39193.6,False,HOLD,0.11,NEUTRAL,0.285305,0.5,0.5,NONE,5.0,CHOPPY,CHOPPY,range,0.557,2.8e-05,-0.333333,0.533333,0.533333,1.1,0.0,2.8671,0.7491,0.0,False,True,open_interest_missing,
190,1701403740000,39248.2,False,LONG,0.14,NEUTRAL,0.297213,0.5,0.5,NONE,5.0,CHOPPY,CHOPPY,range,0.557,0.00025,0.818182,0.923748,0.923748,1.4,1.0,3.8919,0.7289,0.0,False,True,open_interest_missing,
191,1701403800000,39234.3,False,HOLD,0.07,NEUTRAL,0.286049,0.5,0.5,NONE,5.0,CHOPPY,CHOPPY,range,0.557,0.000301,-0.875,-0.7742,-0.7742,0.7,0.0,3.6292,0.748,0.0,True,True,open_interest_missing,
192,1701403860000,39256.3,False,LONG,0.07,NEUTRAL,0.278235,0.5,0.5,NONE,5.0,CHOPPY,CHOPPY,range,0.557,0.000382,0.978349,0.481044,0.481044,0.7,1.0,3.7305,0.7157,0.0,True,True,open_interest_missing,
193,1701403920000,39257.6,False,LONG,0.23,NEUTRAL,0.292264,0.5,0.5,NONE,5.0,CHOPPY,CHOPPY,range,0.557,0.00029,0.75,-0.377737,-0.377737,2.3,1.0,4.1175,0.7936,0.0,True,True,open_interest_missing,
194,1701403980000,39289.8,False,LONG,0.18,NEUTRAL,0.302085,0.5,0.5,NONE,4.0,CHOPPY,CHOPPY,range,0.557,0.000262,-0.333333,0.14606,0.14606,1.8,1.0,3.2105,0.7164,0.0,True,True,open_interest_missing,
195,1701404040000,39295.9,False,LONG,0.0,NEUTRAL,0.28946,0.5,0.5,NONE,4.0,CHOPPY,CHOPPY,range,0.557,0.000224,-0.116279,-0.037865,-0.037865,0.0,1.0,2.8889,0.6266,0.0,True,True,open_interest_missing,
196,1701404100000,39289.7,False,HOLD,0.11,NEUTRAL,0.300122,0.5,0.5,NONE,4.0,CHOPPY,CHOPPY,trend,0.6266,0.00013,-0.368421,0.063663,0.063663,1.1,0.0,2.9042,0.6528,0.0,True,True,open_interest_missing,
197,1701404160000,39320.0,False,LONG,0.23,NEUTRAL,0.307585,0.5,0.5,NONE,4.0,CHOPPY,CHOPPY,trend,0.6266,0.000303,-0.555556,0.027358,0.027358,2.3,1.0,3.1311,0.6358,0.0,True,True,open_interest_missing,
198,1701404220000,39296.0,False,HOLD,0.11,NEUTRAL,0.31281,0.5,0.5,NONE,4.0,CHOPPY,CHOPPY,trend,0.6266,0.00057,-0.636364,0.167273,0.167273,1.1,0.0,3.4882,0.7127,0.0,True,True,open_interest_missing,
199,1701404280000,39299.9,False,HOLD,0.07,NEUTRAL,0.316467,0.5,0.5,NONE,3.0,CHOPPY,CHOPPY,trend,0.6266,0.000298,-0.909091,-0.31815,-0.31815,0.7,0.0,2.4255,0.5133,0.0,True,True,open_interest_missing,
200,1701404340000,39283.2,False,HOLD,0.07,NEUTRAL,0.299527,0.5,0.5,NONE,4.0,CHOPPY,CHOPPY,trend,0.6266,3e-06,-0.972553,-0.990393,-0.990393,0.7,0.0,2.9505,0.7323,0.0,True,True,open_interest_missing,
201,1701404460000,39264.7,False,SHORT,0.23,NEUTRAL,0.287669,0.5,0.5,NONE,4.0,CHOPPY,CHOPPY,trend,0.6266,0.000145,0.954545,-0.136594,-0.136594,2.3,-1.0,2.6574,0.6966,0.0,True,True,open_interest_missing,
202,1701404520000,39265.5,False,HOLD,0.0,NEUTRAL,0.298868,0.5,0.5,NONE,3.0,CHOPPY,CHOPPY,trend,0.6266,2.8e-05,0.0,0.350036,0.350036,0.0,0.0,1.83,0.7339,0.0,True,True,open_interest_missing,
203,1701404580000,39283.2,False,HOLD,0.07,NEUTRAL,0.287208,0.5,0.5,NONE,4.0,CHOPPY,CHOPPY,trend,0.6266,9.7e-05,0.898305,0.720708,0.720708,0.7,0.0,2.3088,0.7465,0.0,True,True,open_interest_missing,
204,1701404640000,39287.2,False,LONG,0.19,NEUTRAL,0.298545,0.5,0.5,NONE,4.0,CHOPPY,CHOPPY,trend,0.6266,6.6e-05,-0.333333,-0.76024,-0.76024,1.9,1.0,2.7072,0.7375,0.0,True,True,open_interest_missing,
205,1701404700000,39291.4,False,HOLD,0.07,NEUTRAL,0.306482,0.5,0.5,NONE,4.0,CHOPPY,CHOPPY,trend,0.6266,0.000155,-0.5,-0.391689,-0.391689,0.7,0.0,2.8184,0.6007,0.0,True,True,open_interest_missing,
206,1701404760000,39296.0,False,HOLD,0.07,NEUTRAL,0.312037,0.5,0.5,NONE,5.0,CHOPPY,CHOPPY,trend,0.6266,8.9e-05,0.806452,0.932258,0.932258,0.7,0.0,4.209,0.798,0.0,True,True,open_interest_missing,
207,1701404820000,39287.6,False,HOLD,0.16,NEUTRAL,0.315926,0.5,0.5,NONE,5.0,CHOPPY,CHOPPY,trend,0.6266,0.000323,0.931034,-0.324138,-0.324138,1.6,0.0,4.2723,0.7321,0.0,True,True,open_interest_missing,
208,1701404880000,39365.9,False,LONG,0.14,NEUTRAL,0.318648,0.5,0.5,NONE,4.0,CHOPPY,CHOPPY,trend,0.6266,0.000249,0.703704,0.709401,0.709401,1.4,1.0,3.5351,0.727,0.0,True,True,open_interest_missing,
209,1701404940000,39369.0,False,LONG,0.11,NEUTRAL,0.320554,0.5,0.5,NONE,5.0,CHOPPY,CHOPPY,trend,0.6266,6.1e-05,-0.5,0.298747,0.298747,1.1,1.0,4.6978,0.7271,0.0,True,True,open_interest_missing,
210,1701405000000,39372.7,False,LONG,0.07,NEUTRAL,0.321888,0.5,0.5,NONE,5.0,CHOPPY,CHOPPY,manipulation,0.957,0.000117,0.5,0.707783,0.707783,0.7,1.0,4.5029,0.6782,0.0,True,True,open_interest_missing,
211,1701405060000,39331.3,False,LONG,0.19,NEUTRAL,0.322821,0.5,0.5,NONE,4.0,CHOPPY,CHOPPY,manipulation,0.957,0.000122,-0.666667,-0.883333,-0.883333,1.9,1.0,3.9269,0.6855,0.0,True,True,open_interest_missing,
212,1701405120000,39332.6,False,HOLD,0.07,NEUTRAL,0.323475,0.5,0.5,NONE,3.0,CHOPPY,CHOPPY,manipulation,0.957,0.000381,-0.947368,-0.311758,-0.311758,0.7,0.0,2.4147,0.559,0.0,True,True,open_interest_missing,
213,1701405180000,39325.8,False,HOLD,0.16,NEUTRAL,0.304433,0.5,0.5,NONE,3.0,CHOPPY,CHOPPY,manipulation,0.957,3e-06,-0.995803,-0.00442,-0.00442,1.6,0.0,2.3244,0.6729,0.0,True,True,open_interest_missing,
214,1701405240000,39330.2,False,HOLD,0.11,NEUTRAL,0.310603,0.5,0.5,NONE,4.0,CHOPPY,CHOPPY,manipulation,0.957,0.000112,-0.4,0.51,0.51,1.1,0.0,2.885,0.7616,0.0,True,True,open_interest_missing,
215,1701405300000,39352.1,False,HOLD,0.07,NEUTRAL,0.314922,0.5,0.5,NONE,4.0,CHOPPY,CHOPPY,manipulation,0.957,0.000112,0.333333,0.747821,0.747821,0.7,0.0,2.6503,0.7313,0.0,True,True,open_interest_missing,
216,1701405360000,39374.3,False,LONG,0.26,NEUTRAL,0.317945,0.5,0.5,NONE,4.0,CHOPPY,CHOPPY,manipulation,0.957,1.5e-05,-0.333333,-0.635419,-0.635419,2.6,1.0,3.5087,0.5995,0.0,True,True,open_interest_missing,
217,1701405420000,39375.3,False,LONG,0.14,NEUTRAL,0.300562,0.5,0.5,NONE,4.0,CHOPPY,CHOPPY,manipulation,0.957,0.000244,0.973333,0.785404,0.785404,1.4,1.0,3.553,0.6502,0.0,True,True,open_interest_missing,
218,1701405480000,39385.6,False,LONG,0.23,NEUTRAL,0.307893,0.5,0.5,NONE,4.0,CHOPPY,CHOPPY,manipulation,0.957,0.000193,-0.846154,0.290447,0.290447,2.3,1.0,4.0103,0.6836,0.0,True,True,open_interest_missing,
219,1701405540000,39397.9,False,LONG,0.11,NEUTRAL,0.313025,0.5,0.5,NONE,4.0,CHOPPY,CHOPPY,manipulation,0.957,0.000315,-0.428571,0.5,0.5,1.1,1.0,4.0721,0.691,0.0,True,True,open_interest_missing,
220,1701405600000,39400.0,False,LONG,0.23,NEUTRAL,0.316618,0.5,0.5,NONE,4.0,CHOPPY,CHOPPY,manipulation,0.957,0.000635,-0.882353,0.188301,0.188301,2.3,1.0,3.9567,0.7261,0.0,True,True,open_interest_missing,
221,1701405660000,39372.1,False,HOLD,0.07,NEUTRAL,0.299632,0.5,0.5,NONE,2.0,CHOPPY,CHOPPY,manipulation,0.957,4.1e-05,-0.940299,-0.375428,-0.375428,0.7,0.0,1.4214,0.4494,0.0,True,True,open_interest_missing,
222,1701405720000,39397.5,False,HOLD,0.07,NEUTRAL,0.307243,0.5,0.5,NONE,5.0,CHOPPY,CHOPPY,manipulation,0.957,0.00034,0.870968,0.954839,0.954839,0.7,0.0,4.2259,0.6886,0.0,True,True,open_interest_missing,
223,1701405780000,39392.5,False,HOLD,0.07,NEUTRAL,0.29307,0.5,0.5,NONE,4.0,CHOPPY,CHOPPY,manipulation,0.957,0.000366,-0.994294,-0.564669,-0.564669,0.7,0.0,3.1731,0.541,0.0,True,True,open_interest_missing,
224,1701405840000,39365.6,False,SHORT,0.18,NEUTRAL,0.283149,0.5,0.5,NONE,4.0,CHOPPY,CHOPPY,manipulation,0.957,0.000462,0.415385,-0.474826,-0.474826,1.8,-1.0,3.0174,0.635,0.0,True,True,open_interest_missing,
225,1701405900000,39351.8,False,SHORT,0.36,NEUTRAL,0.295704,0.5,0.5,NONE,4.0,COMPRESSION,COMPRESSION,range,0.6202,0.000295,0.5,-0.441667,-0.441667,3.6,-1.0,2.9332,0.6232,0.0,False,True,open_interest_missing,
226,1701405960000,39351.8,False,HOLD,0.16,NEUTRAL,0.284993,0.5,0.5,NONE,4.0,COMPRESSION,COMPRESSION,range,0.6202,5e-06,0.937008,-0.322047,-0.322047,1.6,0.0,3.0173,0.6294,0.0,False,True,open_interest_missing,
227,1701406020000,39351.7,False,SHORT,0.16,NEUTRAL,0.277495,0.5,0.5,NONE,3.0,COMPRESSION,COMPRESSION,range,0.6202,1e-05,0.597315,-0.230371,-0.230371,1.6,-1.0,2.5209,0.5614,0.0,False,True,open_interest_missing,
228,1701406080000,39362.8,False,HOLD,0.07,NEUTRAL,0.272247,0.5,0.5,NONE,3.0,COMPRESSION,COMPRESSION,range,0.6202,0.0003,0.831325,0.889654,0.889654,0.7,0.0,2.8355,0.6728,0.0,False,True,open_interest_missing,
229,1701406140000,39349.0,False,HOLD,0.07,NEUTRAL,0.268573,0.5,0.5,NONE,2.0,CHOPPY,CHOPPY,range,0.6202,0.000251,-0.85,-0.486221,-0.486221,0.7,0.0,1.7973,0.4916,0.0,False,True,open_interest_missing,
230,1701406200000,39350.0,False,HOLD,0.16,NEUTRAL,0.266001,0.5,0.5,NONE,3.0,COMPRESSION,COMPRESSION,range,0.6202,0.000353,-0.999003,-0.024634,-0.024634,1.6,0.0,2.4485,0.6556,0.0,True,True,open_interest_missing,
231,1701406260000,39334.4,False,SHORT,0.14,NEUTRAL,0.264201,0.5,0.5,NONE,3.0,COMPRESSION,COMPRESSION,range,0.6202,0.000272,-0.961727,-0.632034,-0.632034,1.4,-1.0,2.1686,0.5957,0.0,True,True,open_interest_missing,
232,1701406320000,39319.0,False,SHORT,0.11,NEUTRAL,0.262941,0.5,0.5,NONE,4.0,CHOPPY,CHOPPY,range,0.6202,0.000394,0.658537,-0.396003,-0.396003,1.1,-1.0,4.1613,0.7047,0.0,True,True,open_interest_missing,
233,1701406380000,39331.0,False,HOLD,0.07,NEUTRAL,0.262058,0.5,0.5,NONE,3.0,COMPRESSION,COMPRESSION,range,0.6202,0.000287,0.995931,0.331965,0.331965,0.7,0.0,2.5794,0.512,0.0,True,True,open_interest_missing,
234,1701406440000,39350.0,False,HOLD,0.07,NEUTRAL,0.261441,0.5,0.5,NONE,4.0,COMPRESSION,COMPRESSION,range,0.6202,0.000335,0.995152,0.998303,0.998303,0.7,0.0,3.0871,0.7595,0.0,True,True,open_interest_missing,
235,1701406500000,39340.7,False,HOLD,0.07,NEUTRAL,0.280509,0.5,0.5,NONE,3.0,CHOPPY,CHOPPY,range,0.6202,0.000323,-0.878788,-0.457477,-0.457477,0.7,0.0,2.8388,0.4917,0.0,False,True,open_interest_missing,
236,1701406560000,39352.1,False,LONG,0.44,NEUTRAL,0.274356,0.5,0.5,NONE,4.0,COMPRESSION,COMPRESSION,range,0.6202,3e-06,0.99177,0.994845,0.994845,4.4,1.0,3.0193,0.7009,0.0,False,True,open_interest_missing,
237,1701406620000,39372.9,False,LONG,0.41,NEUTRAL,0.270049,0.5,0.5,NONE,4.0,COMPRESSION,COMPRESSION,range,0.6202,4.6e-05,-0.953846,0.316154,0.316154,4.1,1.0,3.0438,0.7496,0.0,False,True,open_interest_missing,
238,1701406680000,39367.9,False,HOLD,0.11,NEUTRAL,0.286535,0.5,0.5,NONE,4.0,CHOPPY,CHOPPY,range,0.6202,0.000175,0.666667,-0.401546,-0.401546,1.1,0.0,3.0214,0.6059,0.0,False,True,open_interest_missing,
239,1701406740000,39359.9,False,HOLD,0.16,NEUTRAL,0.278574,0.5,0.5,NONE,4.0,COMPRESSION,COMPRESSION,range,0.6202,0.000526,-0.913043,0.330435,0.330435,1.6,0.0,3.0339,0.6958,0.0,False,True,open_interest_missing,
240,1701406800000,39340.7,False,HOLD,0.16,NEUTRAL,0.292502,0.5,0.5,NONE,3.0,COMPRESSION,COMPRESSION,range,0.6486,0.000493,0.555556,-0.055384,-0.055384,1.6,0.0,2.0456,0.5284,0.0,False,True,open_interest_missing,
241,1701406860000,39355.3,False,HOLD,0.07,NEUTRAL,0.302251,0.5,0.5,NONE,4.0,CHOPPY,CHOPPY,range,0.6486,3e-05,0.8125,0.768469,0.768469,0.7,0.0,2.5603,0.6574,0.0,False,True,open_interest_missing,
242,1701406920000,39350.1,False,HOLD,0.11,NEUTRAL,0.309076,0.5,0.5,NONE,5.0,COMPRESSION,COMPRESSION,range,0.6486,0.000196,0.666667,-0.416667,-0.416667,1.1,0.0,4.1674,0.6379,0.0,False,True,open_interest_missing,
243,1701407040000,39313.3,False,SHORT,0.14,NEUTRAL,0.313853,0.5,0.5,NONE,4.0,COMPRESSION,COMPRESSION,range,0.6486,0.000168,-0.6,-0.86,-0.86,1.4,-1.0,4.0349,0.6692,0.0,False,True,open_interest_missing,
244,1701407100000,39313.3,False,HOLD,0.07,NEUTRAL,0.317197,0.5,0.5,NONE,4.0,RANGING,RANGING,range,0.6486,0.000267,-0.333333,-0.766667,-0.766667,0.7,0.0,4.0732,0.7811,0.0,True,True,open_interest_missing,
245,1701407160000,39313.3,False,HOLD,0.16,NEUTRAL,0.300038,0.5,0.5,NONE,5.0,COMPRESSION,COMPRESSION,range,0.6486,0.000209,0.888889,-0.338889,-0.338889,1.6,0.0,4.3132,0.7808,0.0,True,True,open_interest_missing,
246,1701407340000,39313.5,False,HOLD,0.02,NEUTRAL,0.288027,0.5,0.5,NONE,3.0,COMPRESSION,COMPRESSION,range,0.6486,1e-05,0.287879,0.317427,0.317427,0.2,0.0,2.9636,0.7283,0.0,True,True,open_interest_missing,
247,1701407400000,39334.4,False,HOLD,0.11,NEUTRAL,0.299119,0.5,0.5,NONE,4.0,CHOPPY,CHOPPY,range,0.6486,5e-06,-0.454545,0.48224,0.48224,1.1,0.0,4.1172,0.7292,0.0,False,True,open_interest_missing,
248,1701407520000,39320.2,False,LONG,0.28,NEUTRAL,0.287383,0.5,0.5,NONE,4.0,CHOPPY,CHOPPY,range,0.6486,5e-06,0.993232,-0.302369,-0.302369,2.8,1.0,3.0591,0.6747,0.0,False,True,open_interest_missing,
249,1701407700000,39313.3,False,HOLD,0.16,NEUTRAL,0.279168,0.5,0.5,NONE,4.0,CHOPPY,CHOPPY,range,0.6479,0.000145,0.756757,-0.385135,-0.385135,1.6,0.0,3.0559,0.667,0.0,False,True,open_interest_missing,
250,1701407760000,39319.0,False,HOLD,0.11,NEUTRAL,0.273418,0.5,0.5,NONE,3.0,CHOPPY,CHOPPY,range,0.6479,0.000145,0.584906,-0.011908,-0.011908,1.1,0.0,1.9953,0.54,0.0,False,True,open_interest_missing,
251,1701407820000,39283.2,False,SHORT,0.48,NEUTRAL,0.269393,0.5,0.5,NONE,5.0,COMPRESSION,COMPRESSION,range,0.6479,0.000145,0.6,-0.437644,-0.437644,4.8,-1.0,5.0622,0.6476,0.0,False,True,open_interest_missing,
252,1701407880000,39288.2,False,HOLD,0.11,NEUTRAL,0.286075,0.5,0.5,NONE,4.0,COMPRESSION,COMPRESSION,range,0.6479,0.000117,-0.5,0.475,0.475,1.1,0.0,4.1689,0.7123,0.0,False,True,open_interest_missing,
253,1701407940000,39284.4,False,HOLD,0.07,NEUTRAL,0.297752,0.5,0.5,NONE,2.0,COMPRESSION,COMPRESSION,range,0.6479,0.000461,0.555556,0.194474,0.194474,0.7,0.0,2.366,0.4435,0.0,False,True,open_interest_missing,
254,1701408000000,39299.6,False,HOLD,0.11,NEUTRAL,0.305927,0.5,0.5,NONE,3.0,COMPRESSION,COMPRESSION,range,0.6479,0.000145,-0.2,0.339317,0.339317,1.1,0.0,3.4624,0.672,0.0,False,True,open_interest_missing,
255,1701408060000,39308.8,False,HOLD,0.16,NEUTRAL,0.292149,0.5,0.5,NONE,4.0,COMPRESSION,COMPRESSION,range,0.6479,0.000214,0.994702,-0.074316,-0.074316,1.6,0.0,3.7815,0.6048,0.0,False,True,open_interest_missing,
256,1701408120000,39318.7,False,LONG,0.05,NEUTRAL,0.302004,0.5,0.5,NONE,2.0,COMPRESSION,COMPRESSION,range,0.6479,0.000252,0.0,-0.295413,-0.295413,0.5,1.0,1.8032,0.5649,0.0,False,True,open_interest_missing,
257,1701408180000,39300.0,False,HOLD,0.07,NEUTRAL,0.289403,0.5,0.5,NONE,3.0,COMPRESSION,COMPRESSION,range,0.6479,0.000242,-0.917808,-0.673233,-0.673233,0.7,0.0,2.2643,0.5784,0.0,False,True,open_interest_missing,
258,1701408240000,39305.0,False,HOLD,0.16,NEUTRAL,0.280582,0.5,0.5,NONE,3.0,COMPRESSION,COMPRESSION,range,0.6479,0.000481,0.933266,-0.075732,-0.075732,1.6,0.0,2.5807,0.5848,0.0,False,True,open_interest_missing,
259,1701408300000,39321.7,False,LONG,0.36,NEUTRAL,0.293907,0.5,0.5,NONE,4.0,COMPRESSION,COMPRESSION,range,0.6479,0.000328,-0.333333,0.523485,0.523485,3.6,1.0,3.0355,0.8289,0.0,True,True,open_interest_missing,
260,1701408360000,39353.5,False,LONG,0.23,NEUTRAL,0.283735,0.5,0.5,NONE,3.0,CHOPPY,CHOPPY,range,0.6479,3.6e-05,0.997413,0.132359,0.132359,2.3,1.0,2.2304,0.6011,0.0,True,True,open_interest_missing,
261,1701408420000,39356.7,False,LONG,0.05,NEUTRAL,0.296115,0.5,0.5,NONE,3.0,COMPRESSION,COMPRESSION,range,0.6479,0.000325,0.0,-0.324914,-0.324914,0.5,1.0,2.6669,0.6291,0.0,True,True,open_interest_missing,
262,1701408600000,39336.1,False,HOLD,0.07,NEUTRAL,0.28528,0.5,0.5,NONE,5.0,COMPRESSION,COMPRESSION,range,0.6383,0.000277,-0.972603,-0.990411,-0.990411,0.7,0.0,4.1448,0.6557,0.0,False,True,open_interest_missing,
263,1701408660000,39321.6,False,HOLD,0.16,NEUTRAL,0.277696,0.5,0.5,NONE,4.0,COMPRESSION,COMPRESSION,range,0.6383,0.000186,-0.972973,-0.015522,-0.015522,1.6,0.0,3.5099,0.6491,0.0,False,True,open_interest_missing,
264,1701408720000,39308.8,False,SHORT,0.14,NEUTRAL,0.291887,0.5,0.5,NONE,3.0,RANGING,RANGING,range,0.6383,3.6e-05,-0.333333,-0.642819,-0.642819,1.4,-1.0,2.4981,0.6249,0.0,False,True,open_interest_missing,
265,1701408780000,39300.0,False,SHORT,0.14,NEUTRAL,0.301821,0.5,0.5,NONE,4.0,COMPRESSION,COMPRESSION,range,0.6383,0.000196,-0.5,-0.810946,-0.810946,1.4,-1.0,2.8285,0.6578,0.0,False,True,open_interest_missing,
266,1701408840000,39300.0,False,HOLD,0.16,NEUTRAL,0.289275,0.5,0.5,NONE,5.0,COMPRESSION,COMPRESSION,range,0.6383,0.000214,0.825776,-0.360979,-0.360979,1.6,0.0,4.1689,0.6618,0.0,False,True,open_interest_missing,
267,1701408900000,39288.3,False,SHORT,0.53,NEUTRAL,0.280492,0.5,0.5,NONE,5.0,COMPRESSION,COMPRESSION,range,0.6383,0.000214,0.821078,-0.352237,-0.352237,5.3,-1.0,4.3694,0.8342,0.0,True,True,open_interest_missing,
268,1701408960000,39299.3,False,HOLD,0.11,NEUTRAL,0.293845,0.5,0.5,NONE,5.0,COMPRESSION,COMPRESSION,range,0.6383,0.00028,-0.333333,0.533333,0.533333,1.1,0.0,4.3108,0.9066,0.0,True,True,open_interest_missing,
269,1701409140000,39278.4,False,SHORT,0.14,NEUTRAL,0.303191,0.5,0.5,NONE,4.0,COMPRESSION,COMPRESSION,range,0.6383,0.000104,-0.333333,-0.766667,-0.766667,1.4,-1.0,3.0097,0.8387,0.0,True,True,open_interest_missing,
270,1701409200000,39286.8,False,HOLD,0.16,NEUTRAL,0.290234,0.5,0.5,NONE,4.0,COMPRESSION,COMPRESSION,range,0.6383,0.000448,0.901961,-0.334314,-0.334314,1.6,0.0,3.2147,0.8052,0.0,True,True,open_interest_missing,
271,1701409380000,39290.0,False,HOLD,0.16,NEUTRAL,0.281164,0.5,0.5,NONE,5.0,COMPRESSION,COMPRESSION,range,0.6383,0.000153,0.987355,-0.304426,-0.304426,1.6,0.0,4.3422,0.799,0.0,True,True,open_interest_missing,
272,1701409440000,39291.2,False,HOLD,0.16,NEUTRAL,0.274815,0.5,0.5,NONE,4.0,COMPRESSION,COMPRESSION,range,0.6383,0.000122,0.985263,-0.305158,-0.305158,1.6,0.0,3.218,0.8055,0.0,True,True,open_interest_missing,
273,1701409560000,39296.0,False,HOLD,0.07,NEUTRAL,0.27037,0.5,0.5,NONE,5.0,COMPRESSION,COMPRESSION,range,0.6297,0.000237,0.988115,0.99584,0.99584,0.7,0.0,4.1597,0.7422,0.0,False,True,open_interest_missing,
274,1701409680000,39283.2,False,HOLD,0.07,NEUTRAL,0.267259,0.5,0.5,NONE,4.0,COMPRESSION,COMPRESSION,range,0.6297,0.000448,0.846154,0.946154,0.946154,0.7,0.0,2.9959,0.739,0.0,False,True,open_interest_missing,
275,1701409740000,39284.1,False,HOLD,0.07,NEUTRAL,0.265082,0.5,0.5,NONE,5.0,COMPRESSION,COMPRESSION,range,0.6297,0.000145,0.939394,0.978788,0.978788,0.7,0.0,4.1552,0.7351,0.0,False,True,open_interest_missing,
276,1701409800000,39278.4,False,SHORT,0.41,NEUTRAL,0.263557,0.5,0.5,NONE,4.0,COMPRESSION,COMPRESSION,range,0.6297,0.000145,0.959184,-0.035687,-0.035687,4.1,-1.0,3.6351,0.5802,0.0,False,True,open_interest_missing,
277,1701409860000,39278.4,False,HOLD,0.11,NEUTRAL,0.26249,0.5,0.5,NONE,5.0,COMPRESSION,COMPRESSION,range,0.6297,0.000122,0.175676,-0.588514,-0.588514,1.1,0.0,4.056,0.6647,0.0,False,True,open_interest_missing,
278,1701409920000,39267.1,False,SHORT,0.34,NEUTRAL,0.261743,0.5,0.5,NONE,5.0,COMPRESSION,COMPRESSION,range,0.6297,0.000122,0.14094,-0.600671,-0.600671,3.4,-1.0,4.0454,0.6719,0.0,False,True,open_interest_missing,
279,1701409980000,39288.1,False,LONG,0.14,NEUTRAL,0.26122,0.5,0.5,NONE,4.0,COMPRESSION,COMPRESSION,range,0.6297,8.4e-05,0.876289,0.943703,0.943703,1.4,1.0,2.9778,0.7345,0.0,False,True,open_interest_missing,
280,1701410040000,39267.1,False,HOLD,0.02,NEUTRAL,0.260854,0.5,0.5,NONE,3.0,COMPRESSION,COMPRESSION,range,0.6297,0.000448,-0.575758,-0.134125,-0.134125,0.2,0.0,2.469,0.5476,0.0,False,True,open_interest_missing,
281,1701410100000,39288.9,False,LONG,0.07,NEUTRAL,0.280098,0.5,0.5,NONE,3.0,COMPRESSION,COMPRESSION,range,0.6297,0.000206,0.684211,0.347953,0.347953,0.7,1.0,1.4423,0.5391,0.0,False,True,open_interest_missing,
282,1701410160000,39288.9,False,HOLD,0.16,NEUTRAL,0.274069,0.5,0.5,NONE,4.0,COMPRESSION,COMPRESSION,range,0.6297,4.6e-05,-0.951613,0.016955,0.016955,1.6,0.0,2.4614,0.6462,0.0,False,True,open_interest_missing,
283,1701410220000,39278.0,False,HOLD,0.11,NEUTRAL,0.289348,0.5,0.5,NONE,4.0,COMPRESSION,COMPRESSION,range,0.6297,0.000132,0.461538,-0.488462,-0.488462,1.1,0.0,3.0335,0.6675,0.0,False,True,open_interest_missing,
284,1701410340000,39288.1,False,HOLD,0.16,NEUTRAL,0.280544,0.5,0.5,NONE,4.0,CHOPPY,CHOPPY,range,0.6297,0.000219,-0.697479,0.319247,0.319247,1.6,0.0,2.9076,0.7192,0.0,False,True,open_interest_missing,
285,1701410400000,39272.0,False,HOLD,0.05,NEUTRAL,0.274381,0.5,0.5,NONE,4.0,CHOPPY,CHOPPY,range,0.636,0.000458,-0.020408,-0.657143,-0.657143,0.5,0.0,2.7039,0.6633,0.0,False,True,open_interest_missing,
286,1701410460000,39264.7,False,SHORT,0.11,NEUTRAL,0.289566,0.5,0.5,NONE,5.0,CHOPPY,CHOPPY,range,0.636,1.3e-05,0.5,-0.429107,-0.429107,1.1,-1.0,4.0602,0.6609,0.0,False,True,open_interest_missing,
287,1701410520000,39264.7,False,HOLD,0.11,NEUTRAL,0.280697,0.5,0.5,NONE,5.0,CHOPPY,CHOPPY,range,0.636,0.000143,0.169811,-0.590566,-0.590566,1.1,0.0,4.0571,0.675,0.0,False,True,open_interest_missing,
288,1701410580000,39256.3,False,SHORT,0.14,NEUTRAL,0.274488,0.5,0.5,NONE,5.0,CHOPPY,CHOPPY,range,0.636,0.000132,-0.833333,-0.941667,-0.941667,1.4,-1.0,4.1096,0.675,0.0,False,True,open_interest_missing,
289,1701410640000,39257.3,False,HOLD,0.16,NEUTRAL,0.289641,0.5,0.5,NONE,5.0,RANGING,RANGING,range,0.636,0.000214,-0.833333,0.358333,0.358333,1.6,0.0,4.1704,0.7477,0.0,False,True,open_interest_missing,
290,1701410700000,39257.0,False,HOLD,0.16,NEUTRAL,0.300249,0.5,0.5,NONE,5.0,RANGING,RANGING,range,0.636,0.000214,-0.842105,0.355263,0.355263,1.6,0.0,4.3602,0.8997,0.0,True,True,open_interest_missing,
291,1701410760000,39245.9,False,SHORT,0.14,NEUTRAL,0.307674,0.5,0.5,NONE,5.0,COMPRESSION,COMPRESSION,range,0.636,0.000206,-0.272727,-0.745455,-0.745455,1.4,-1.0,4.0899,0.8264,0.0,True,True,open_interest_missing,
292,1701411000000,39246.0,False,HOLD,0.16,NEUTRAL,0.293372,0.5,0.5,NONE,5.0,COMPRESSION,COMPRESSION,range,0.636,0.00028,0.985567,-0.305052,-0.305052,1.6,0.0,4.1702,0.6748,0.0,False,True,open_interest_missing,
293,1701411060000,39246.9,False,HOLD,0.07,NEUTRAL,0.30286,0.5,0.5,NONE,5.0,COMPRESSION,COMPRESSION,range,0.636,0.00028,-0.333333,-0.766667,-0.766667,0.7,0.0,3.939,0.6722,0.0,False,True,open_interest_missing,
294,1701411120000,39263.4,False,LONG,0.0,NEUTRAL,0.309502,0.5,0.5,NONE,4.0,CHOPPY,CHOPPY,range,0.636,0.000173,-0.066667,0.568246,0.568246,0.0,1.0,2.7467,0.728,0.0,False,True,open_interest_missing,
295,1701411300000,39253.4,False,HOLD,0.07,NEUTRAL,0.314152,0.5,0.5,NONE,4.0,CHOPPY,CHOPPY,range,0.6001,3e-06,-0.5,-0.434982,-0.434982,0.7,0.0,3.0047,0.549,0.0,False,True,open_interest_missing,
296,1701411540000,39261.8,False,HOLD,0.07,NEUTRAL,0.317406,0.5,0.5,NONE,4.0,COMPRESSION,COMPRESSION,range,0.6001,7.4e-05,0.272727,0.745455,0.745455,0.7,0.0,2.7798,0.7498,0.0,False,True,open_interest_missing,
297,1701411600000,39259.6,False,HOLD,0.07,NEUTRAL,0.300184,0.5,0.5,NONE,4.0,CHOPPY,CHOPPY,range,0.6001,0.000204,-0.986928,-0.995425,-0.995425,0.7,0.0,3.0437,0.6662,0.0,False,True,open_interest_missing,
298,1701411660000,39261.6,False,HOLD,0.16,NEUTRAL,0.307629,0.5,0.5,NONE,4.0,CHOPPY,CHOPPY,range,0.6001,5.6e-05,-0.894737,0.336842,0.336842,1.6,0.0,3.0499,0.7342,0.0,False,True,open_interest_missing,
299,1701411720000,39270.3,False,HOLD,0.16,NEUTRAL,0.31284,0.5,0.5,NONE,4.0,COMPRESSION,COMPRESSION,range,0.6001,5.3e-05,-0.888889,0.21507,0.21507,1.6,0.0,2.8757,0.7019,0.0,False,True,open_interest_missing,
300,1701411840000,39276.6,False,LONG,0.36,NEUTRAL,0.316488,0.5,0.5,NONE,4.0,COMPRESSION,COMPRESSION,range,0.6001,0.000275,-0.333333,0.533333,0.533333,3.6,1.0,2.9824,0.7456,0.0,False,True,open_interest_missing,
301,1701411900000,39257.7,False,HOLD,0.07,NEUTRAL,0.299542,0.5,0.5,NONE,5.0,COMPRESSION,COMPRESSION,range,0.6001,0.000494,-0.964286,-0.9875,-0.9875,0.7,0.0,4.1591,0.671,0.0,False,True,open_interest_missing,
302,1701412080000,39258.5,False,HOLD,0.16,NEUTRAL,0.287679,0.5,0.5,NONE,5.0,COMPRESSION,COMPRESSION,range,0.6001,3e-06,-0.901639,0.259065,0.259065,1.6,0.0,4.0799,0.7201,0.0,False,True,open_interest_missing,
303,1701412140000,39260.4,False,HOLD,0.16,NEUTRAL,0.279376,0.5,0.5,NONE,5.0,COMPRESSION,COMPRESSION,range,0.6001,5.3e-05,-0.984375,0.305469,0.305469,1.6,0.0,4.174,0.7377,0.0,False,True,open_interest_missing,
304,1701412200000,39257.6,False,HOLD,0.07,NEUTRAL,0.273563,0.5,0.5,NONE,5.0,CHOPPY,CHOPPY,trend,0.5264,5.3e-05,-0.985185,-0.994815,-0.994815,0.7,0.0,4.1665,0.6834,0.0,True,True,open_interest_missing,
305,1701412260000,39257.6,False,HOLD,0.07,NEUTRAL,0.269494,0.5,0.5,NONE,4.0,RANGING,RANGING,trend,0.5264,7.1e-05,-0.985294,-0.994853,-0.994853,0.7,0.0,3.0415,0.683,0.0,True,True,open_interest_missing,
306,1701412320000,39257.6,False,HOLD,0.16,NEUTRAL,0.266646,0.5,0.5,NONE,5.0,CHOPPY,CHOPPY,trend,0.5264,0.000102,-0.765823,0.381962,0.381962,1.6,0.0,4.1718,0.758,0.0,True,True,open_interest_missing,
307,1701412380000,39256.8,False,HOLD,0.16,NEUTRAL,0.264652,0.5,0.5,NONE,4.0,RANGING,RANGING,trend,0.5264,9.2e-05,-0.761092,0.344423,0.344423,1.6,0.0,2.998,0.7485,0.0,True,True,open_interest_missing,
308,1701412440000,39257.6,False,HOLD,0.07,NEUTRAL,0.282757,0.5,0.5,NONE,4.0,COMPRESSION,COMPRESSION,trend,0.5264,5e-06,0.6,0.86,0.86,0.7,0.0,2.9028,0.7554,0.0,True,True,open_interest_missing,
309,1701412500000,39288.4,False,LONG,0.36,NEUTRAL,0.27593,0.5,0.5,NONE,5.0,COMPRESSION,COMPRESSION,trend,0.5264,1e-05,-0.6875,0.403748,0.403748,3.6,1.0,4.1533,0.7467,0.0,False,True,open_interest_missing,
310,1701412560000,39296.0,False,LONG,0.41,NEUTRAL,0.271151,0.5,0.5,NONE,4.0,COMPRESSION,COMPRESSION,trend,0.5264,0.000104,-0.98374,0.274493,0.274493,4.1,1.0,4.0138,0.7257,0.0,False,True,open_interest_missing,
311,1701412620000,39292.1,False,HOLD,0.07,NEUTRAL,0.287306,0.5,0.5,NONE,5.0,COMPRESSION,COMPRESSION,trend,0.5264,5e-06,0.555556,0.816992,0.816992,0.7,0.0,5.0309,0.7354,0.0,False,True,open_interest_missing,
312,1701412680000,39302.5,False,HOLD,0.07,NEUTRAL,0.298614,0.5,0.5,NONE,4.0,COMPRESSION,COMPRESSION,trend,0.5264,0.000455,-0.666667,-0.883333,-0.883333,0.7,0.0,3.8867,0.6683,0.0,False,True,open_interest_missing,
313,1701412740000,39302.6,False,HOLD,0.07,NEUTRAL,0.28703,0.5,0.5,NONE,3.0,COMPRESSION,COMPRESSION,trend,0.5264,3e-06,0.644444,0.355572,0.355572,0.7,0.0,2.5669,0.5828,0.0,False,True,open_interest_missing,
314,1701412800000,39302.3,False,HOLD,0.07,NEUTRAL,0.298421,0.5,0.5,NONE,5.0,COMPRESSION,COMPRESSION,trend,0.5264,0.00043,-0.75,-0.9125,-0.9125,0.7,0.0,4.2165,0.9186,0.0,True,True,open_interest_missing,
315,1701412920000,39308.3,False,HOLD,0.07,NEUTRAL,0.306395,0.5,0.5,NONE,4.0,COMPRESSION,COMPRESSION,trend,0.5264,0.000313,0.333333,0.766667,0.766667,0.7,0.0,4.0711,0.9744,0.0,True,True,open_interest_missing,
316,1701412980000,39309.0,False,HOLD,0.07,NEUTRAL,0.311976,0.5,0.5,NONE,5.0,COMPRESSION,COMPRESSION,trend,0.5264,0.000476,-0.75,-0.9125,-0.9125,0.7,0.0,4.2216,0.8969,0.0,True,True,open_interest_missing,
317,1701413040000,39304.7,False,HOLD,0.16,NEUTRAL,0.315883,0.5,0.5,NONE,5.0,COMPRESSION,COMPRESSION,trend,0.5264,0.00014,0.806452,-0.367742,-0.367742,1.6,0.0,4.3084,0.8984,0.0,True,True,open_interest_missing,
318,1701413100000,39313.2,False,LONG,0.16,NEUTRAL,0.299118,0.5,0.5,NONE,5.0,COMPRESSION,COMPRESSION,trend,0.5391,0.000231,0.956522,-0.315217,-0.315217,1.6,1.0,4.1684,0.7508,0.0,True,True,open_interest_missing,
319,1701413160000,39325.6,False,LONG,0.18,NEUTRAL,0.306883,0.5,0.5,NONE,4.0,RANGING,RANGING,trend,0.5391,0.000181,-0.333333,0.533333,0.533333,1.8,1.0,4.1178,0.8613,0.0,True,True,open_interest_missing,
320,1701413220000,39316.1,False,HOLD,0.11,NEUTRAL,0.312318,0.5,0.5,NONE,6.0,RANGING,RANGING,trend,0.5391,0.000325,0.333333,-0.347542,-0.347542,1.1,0.0,5.177,0.7175,0.0,True,True,open_interest_missing,
321,1701413340000,39334.1,False,HOLD,0.02,NEUTRAL,0.296623,0.5,0.5,NONE,3.0,RANGING,RANGING,trend,0.5391,0.000636,0.25,0.087696,0.087696,0.2,0.0,2.2276,0.6479,0.0,True,True,open_interest_missing,
322,1701413400000,39308.9,False,HOLD,0.07,NEUTRAL,0.305136,0.5,0.5,NONE,5.0,CHOPPY,CHOPPY,trend,0.5391,0.000643,-0.862069,-0.951724,-0.951724,0.7,0.0,4.2495,0.7935,0.0,True,True,open_interest_missing,
323,1701413460000,39322.0,False,HOLD,0.07,NEUTRAL,0.291595,0.5,0.5,NONE,5.0,CHOPPY,CHOPPY,trend,0.5391,0.00042,-0.488372,-0.82093,-0.82093,0.7,0.0,4.1249,0.7972,0.0,True,True,open_interest_missing,
324,1701413520000,39331.1,False,HOLD,0.16,NEUTRAL,0.282117,0.5,0.5,NONE,5.0,CHOPPY,CHOPPY,trend,0.5391,0.000155,0.98973,0.017398,0.017398,1.6,0.0,5.0714,0.6965,0.0,True,True,open_interest_missing,
325,1701413580000,39347.2,False,LONG,0.07,NEUTRAL,0.275482,0.5,0.5,NONE,4.0,COMPRESSION,COMPRESSION,trend,0.5391,0.000165,0.995556,0.499683,0.499683,0.7,1.0,3.7594,0.703,0.0,True,True,open_interest_missing,
326,1701413640000,39336.1,False,HOLD,0.11,NEUTRAL,0.290337,0.5,0.5,NONE,4.0,COMPRESSION,COMPRESSION,trend,0.5391,0.000465,-0.909091,0.248875,0.248875,1.1,0.0,4.0089,0.837,0.0,True,True,open_interest_missing,
327,1701413700000,39327.3,False,HOLD,0.07,NEUTRAL,0.281236,0.5,0.5,NONE,5.0,COMPRESSION,COMPRESSION,trend,0.5391,0.000163,-0.60221,-0.860773,-0.860773,0.7,0.0,4.1701,0.789,0.0,True,True,open_interest_missing,
328,1701413760000,39385.6,False,LONG,0.44,NEUTRAL,0.274865,0.5,0.5,NONE,4.0,COMPRESSION,COMPRESSION,trend,0.5391,0.000495,0.192982,0.714758,0.714758,4.4,1.0,3.8303,0.8588,0.0,True,True,open_interest_missing,
329,1701413820000,39369.5,False,HOLD,0.07,NEUTRAL,0.289906,0.5,0.5,NONE,4.0,CHOPPY,CHOPPY,trend,0.5391,0.000647,-0.5,-0.825,-0.825,0.7,0.0,4.0264,0.7605,0.0,True,True,open_interest_missing,
330,1701413880000,39348.6,False,HOLD,0.07,NEUTRAL,0.300434,0.5,0.5,NONE,4.0,CHOPPY,CHOPPY,trend,0.5391,0.000112,-0.636364,-0.593998,-0.593998,0.7,0.0,3.4508,0.7018,0.0,True,True,open_interest_missing,
331,1701413940000,39368.0,False,HOLD,0.11,NEUTRAL,0.307804,0.5,0.5,NONE,5.0,CHOPPY,CHOPPY,trend,0.5391,0.000503,-0.714286,0.4,0.4,1.1,0.0,4.2998,0.8433,0.0,True,True,open_interest_missing,
332,1701414000000,39373.2,False,HOLD,0.11,NEUTRAL,0.312963,0.5,0.5,NONE,6.0,COMPRESSION,COMPRESSION,range,0.5772,0.000183,0.333333,-0.533333,-0.533333,1.1,0.0,4.2869,0.8298,0.0,True,True,open_interest_missing,
333,1701414120000,39398.4,False,HOLD,0.07,NEUTRAL,0.297074,0.5,0.5,NONE,5.0,CHOPPY,CHOPPY,range,0.5772,0.000129,0.888889,0.811834,0.811834,0.7,0.0,3.764,0.8475,0.0,True,True,open_interest_missing,
334,1701414180000,39368.1,False,HOLD,0.07,NEUTRAL,0.305452,0.5,0.5,NONE,5.0,CHOPPY,CHOPPY,range,0.5772,0.000559,-0.923077,-0.973077,-0.973077,0.7,0.0,3.1902,0.7995,0.0,True,True,open_interest_missing,
335,1701414240000,39370.7,False,HOLD,0.11,NEUTRAL,0.311316,0.5,0.5,NONE,6.0,COMPRESSION,COMPRESSION,range,0.5772,9.9e-05,0.806452,-0.367742,-0.367742,1.1,0.0,4.345,0.7955,0.0,True,True,open_interest_missing,
336,1701414300000,39408.1,False,LONG,0.42,NEUTRAL,0.295921,0.5,0.5,NONE,5.0,COMPRESSION,COMPRESSION,range,0.5772,9.4e-05,0.036145,0.660584,0.660584,4.2,1.0,3.9978,0.8969,0.0,True,True,open_interest_missing,
337,1701414360000,39424.7,False,LONG,0.53,NEUTRAL,0.304645,0.5,0.5,NONE,6.0,COMPRESSION,COMPRESSION,range,0.5772,0.000203,0.857143,0.030157,0.030157,5.3,1.0,4.251,0.6911,0.0,True,True,open_interest_missing,
338,1701414420000,39430.0,False,LONG,0.07,NEUTRAL,0.310751,0.5,0.5,NONE,5.0,COMPRESSION,COMPRESSION,range,0.5772,1.3e-05,-0.333333,-0.49285,-0.49285,0.7,1.0,4.1336,0.7205,0.0,True,True,open_interest_missing,
339,1701414480000,39479.9,False,LONG,0.14,NEUTRAL,0.315026,0.5,0.5,NONE,4.0,COMPRESSION,COMPRESSION,range,0.5772,0.000476,0.555556,0.352699,0.352699,1.4,1.0,2.8949,0.6874,0.0,True,True,open_interest_missing,
340,1701414540000,39462.2,False,HOLD,0.07,NEUTRAL,0.298518,0.5,0.5,NONE,5.0,COMPRESSION,COMPRESSION,range,0.5772,0.000119,-0.9,-0.262834,-0.262834,0.7,0.0,3.655,0.6537,0.0,True,True,open_interest_missing,
341,1701414600000,39462.5,False,HOLD,0.07,NEUTRAL,0.306463,0.5,0.5,NONE,4.0,COMPRESSION,COMPRESSION,range,0.5772,0.000294,-0.6,-0.426575,-0.426575,0.7,0.0,2.9251,0.6471,0.0,True,True,open_interest_missing,
342,1701414660000,39462.4,False,HOLD,0.07,NEUTRAL,0.312024,0.5,0.5,NONE,5.0,COMPRESSION,COMPRESSION,range,0.5772,0.000643,-0.84,-0.790992,-0.790992,0.7,0.0,3.719,0.7291,0.0,True,True,open_interest_missing,
343,1701414720000,39468.9,False,HOLD,0.07,NEUTRAL,0.315917,0.5,0.5,NONE,5.0,COMPRESSION,COMPRESSION,range,0.5772,0.000646,0.9375,0.891493,0.891493,0.7,0.0,3.9265,0.8194,0.0,True,True,open_interest_missing,
344,1701414780000,39470.7,False,HOLD,0.11,NEUTRAL,0.299142,0.5,0.5,NONE,5.0,COMPRESSION,COMPRESSION,range,0.5772,0.0006,-0.28125,0.438575,0.438575,1.1,0.0,2.6802,0.8405,0.0,True,True,open_interest_missing,
345,1701414840000,39465.2,False,HOLD,0.07,NEUTRAL,0.306899,0.5,0.5,NONE,4.0,COMPRESSION,COMPRESSION,range,0.5772,0.000535,-0.692308,-0.372317,-0.372317,0.7,0.0,2.742,0.6446,0.0,True,True,open_interest_missing,
346,1701414900000,39488.0,False,LONG,0.14,NEUTRAL,0.312329,0.5,0.5,NONE,5.0,COMPRESSION,COMPRESSION,range,0.6109,0.000322,-0.733333,-0.780805,-0.780805,1.4,1.0,4.7637,0.7756,0.0,True,True,open_interest_missing,
347,1701414960000,39487.9,False,HOLD,0.16,NEUTRAL,0.296631,0.5,0.5,NONE,4.0,COMPRESSION,COMPRESSION,range,0.6109,0.000324,-0.960784,0.202323,0.202323,1.6,0.0,4.0324,0.8551,0.0,True,True,open_interest_missing,
348,1701415020000,39519.3,False,LONG,0.41,NEUTRAL,0.285642,0.5,0.5,NONE,4.0,COMPRESSION,COMPRESSION,range,0.6109,0.000278,-0.869565,0.22215,0.22215,4.1,1.0,4.0749,0.8254,0.0,True,True,open_interest_missing,
349,1701415080000,39528.6,False,LONG,0.53,NEUTRAL,0.297449,0.5,0.5,NONE,4.0,COMPRESSION,COMPRESSION,range,0.6109,0.000111,-0.862069,0.304639,0.304639,5.3,1.0,4.1158,0.8431,0.0,True,True,open_interest_missing,
350,1701415140000,39521.1,False,HOLD,0.07,NEUTRAL,0.286214,0.5,0.5,NONE,4.0,COMPRESSION,COMPRESSION,range,0.6109,1e-05,-0.912752,-0.86176,-0.86176,0.7,0.0,3.8606,0.7537,0.0,True,True,open_interest_missing,
351,1701415200000,39482.4,False,HOLD,0.07,NEUTRAL,0.27835,0.5,0.5,NONE,2.0,COMPRESSION,COMPRESSION,range,0.6109,0.000511,-0.95122,-0.348793,-0.348793,0.7,0.0,1.4736,0.5929,0.0,True,True,open_interest_missing,
352,1701415260000,39500.1,False,HOLD,0.07,NEUTRAL,0.292345,0.5,0.5,NONE,3.0,COMPRESSION,COMPRESSION,range,0.6109,0.000332,0.809524,0.364593,0.364593,0.7,0.0,2.5443,0.6787,0.0,True,True,open_interest_missing,
353,1701415320000,39481.5,False,HOLD,0.11,NEUTRAL,0.302142,0.5,0.5,NONE,4.0,COMPRESSION,COMPRESSION,range,0.6109,0.000317,0.2,-0.58,-0.58,1.1,0.0,3.0019,0.7907,0.0,True,True,open_interest_missing,
354,1701415380000,39467.1,False,SHORT,0.16,NEUTRAL,0.289499,0.5,0.5,NONE,4.0,COMPRESSION,COMPRESSION,range,0.6109,0.000205,0.968992,-0.310853,-0.310853,1.6,-1.0,3.0989,0.8039,0.0,True,True,open_interest_missing,
355,1701415440000,39467.1,False,HOLD,0.16,NEUTRAL,0.280649,0.5,0.5,NONE,4.0,COMPRESSION,COMPRESSION,range,0.6109,0.000527,0.760563,-0.383803,-0.383803,1.6,0.0,3.0989,0.8031,0.0,True,True,open_interest_missing,
356,1701415500000,39481.7,False,HOLD,0.07,NEUTRAL,0.274455,0.5,0.5,NONE,2.0,COMPRESSION,COMPRESSION,range,0.6109,0.000527,-0.783886,-0.294244,-0.294244,0.7,0.0,1.418,0.5883,0.0,True,True,open_interest_missing,
357,1701415560000,39488.0,False,HOLD,0.16,NEUTRAL,0.270118,0.5,0.5,NONE,4.0,COMPRESSION,COMPRESSION,range,0.6109,0.00042,0.925926,-0.109217,-0.109217,1.6,0.0,2.6202,0.7476,0.0,True,True,open_interest_missing,
358,1701415620000,39500.9,False,HOLD,0.16,NEUTRAL,0.267083,0.5,0.5,NONE,4.0,COMPRESSION,COMPRESSION,range,0.6109,0.000638,0.995745,0.069933,0.069933,1.6,0.0,3.3898,0.6869,0.0,True,True,open_interest_missing,
359,1701415680000,39500.9,False,HOLD,0.11,NEUTRAL,0.284458,0.5,0.5,NONE,5.0,COMPRESSION,COMPRESSION,range,0.6109,0.000625,-0.809524,0.366667,0.366667,1.1,0.0,4.1484,0.8757,0.0,True,True,open_interest_missing,
360,1701415740000,39494.7,False,HOLD,0.07,NEUTRAL,0.296621,0.5,0.5,NONE,5.0,COMPRESSION,COMPRESSION,range,0.6109,3e-06,-0.789474,-0.926316,-0.926316,0.7,0.0,4.2465,0.8068,0.0,True,True,open_interest_missing,
361,1701415800000,39475.3,False,HOLD,0.16,NEUTRAL,0.285634,0.5,0.5,NONE,4.0,COMPRESSION,COMPRESSION,range,0.5887,0.000403,0.92,-0.249205,-0.249205,1.6,0.0,2.9138,0.6418,0.0,False,True,open_interest_missing,
362,1701415860000,39474.4,False,HOLD,0.16,NEUTRAL,0.297444,0.5,0.5,NONE,4.0,COMPRESSION,COMPRESSION,range,0.5887,2.5e-05,0.837838,-0.277308,-0.277308,1.6,0.0,4.0373,0.6413,0.0,False,True,open_interest_missing,
363,1701415920000,39474.5,False,HOLD,0.16,NEUTRAL,0.286211,0.5,0.5,NONE,4.0,COMPRESSION,COMPRESSION,range,0.5887,0.000342,0.893491,-0.313727,-0.313727,1.6,0.0,4.1061,0.6577,0.0,False,True,open_interest_missing,
364,1701415980000,39474.4,False,HOLD,0.16,NEUTRAL,0.278348,0.5,0.5,NONE,4.0,COMPRESSION,COMPRESSION,range,0.5887,2.3e-05,0.991329,-0.252542,-0.252542,1.6,0.0,4.0729,0.65,0.0,False,True,open_interest_missing,
365,1701416040000,39467.1,False,SHORT,0.53,NEUTRAL,0.272843,0.5,0.5,NONE,5.0,COMPRESSION,COMPRESSION,range,0.5887,9.6e-05,0.832298,-0.358696,-0.358696,5.3,-1.0,4.1724,0.6658,0.0,False,True,open_interest_missing,
366,1701416100000,39467.1,False,HOLD,0.07,NEUTRAL,0.26899,0.5,0.5,NONE,5.0,COMPRESSION,COMPRESSION,range,0.5887,0.000167,-0.922843,-0.972995,-0.972995,0.7,0.0,4.1447,0.6649,0.0,False,True,open_interest_missing,
367,1701416160000,39460.0,False,SHORT,0.34,NEUTRAL,0.266293,0.5,0.5,NONE,4.0,COMPRESSION,COMPRESSION,range,0.5887,0.000162,0.15,-0.5975,-0.5975,3.4,-1.0,4.0454,0.6676,0.0,False,True,open_interest_missing,
368,1701416220000,39446.0,False,SHORT,0.36,NEUTRAL,0.283905,0.5,0.5,NONE,5.0,COMPRESSION,COMPRESSION,range,0.5887,0.000603,-0.714286,0.327821,0.327821,3.6,-1.0,4.9673,0.7115,0.0,False,True,open_interest_missing,
369,1701416280000,39490.9,False,LONG,0.14,NEUTRAL,0.276734,0.5,0.5,NONE,3.0,COMPRESSION,COMPRESSION,range,0.5887,0.000334,0.984,0.63351,0.63351,1.4,1.0,2.1062,0.6342,0.0,False,True,open_interest_missing,
370,1701416340000,39449.7,False,HOLD,0.09,NEUTRAL,0.271714,0.5,0.5,NONE,4.0,COMPRESSION,COMPRESSION,range,0.5887,0.000623,0.072464,-0.562691,-0.562691,0.9,0.0,3.8569,0.6516,0.0,False,True,open_interest_missing,
371,1701416400000,39464.1,False,HOLD,0.07,NEUTRAL,0.2877,0.5,0.5,NONE,4.0,CHOPPY,CHOPPY,range,0.5887,0.000646,0.578947,0.73448,0.73448,0.7,0.0,3.7204,0.7102,0.0,False,True,open_interest_missing,
372,1701416520000,39446.0,False,HOLD,0.11,NEUTRAL,0.29889,0.5,0.5,NONE,5.0,CHOPPY,CHOPPY,range,0.5887,0.000256,0.5,-0.475,-0.475,1.1,0.0,4.1721,0.6618,0.0,False,True,open_interest_missing,
373,1701416580000,39450.0,False,HOLD,0.16,NEUTRAL,0.287223,0.5,0.5,NONE,3.0,CHOPPY,CHOPPY,range,0.5887,5.6e-05,0.947826,-0.018271,-0.018271,1.6,0.0,2.4468,0.5779,0.0,False,True,open_interest_missing,
374,1701416700000,39463.2,False,HOLD,0.16,NEUTRAL,0.298556,0.5,0.5,NONE,3.0,CHOPPY,CHOPPY,range,0.5911,0.000264,-0.333333,0.0606,0.0606,1.6,0.0,2.9172,0.6024,0.0,False,True,open_interest_missing,
375,1701416760000,39436.8,False,SHORT,0.18,NEUTRAL,0.306489,0.5,0.5,NONE,4.0,CHOPPY,CHOPPY,range,0.5911,0.000411,0.714286,-0.4,-0.4,1.8,-1.0,4.1662,0.6238,0.0,False,True,open_interest_missing,
376,1701416820000,39408.2,False,SHORT,0.36,NEUTRAL,0.312042,0.5,0.5,NONE,4.0,COMPRESSION,COMPRESSION,range,0.5911,0.000565,0.2,-0.58,-0.58,3.6,-1.0,4.0364,0.664,0.0,False,True,open_interest_missing,
377,1701416880000,39422.8,False,HOLD,0.11,NEUTRAL,0.29643,0.5,0.5,NONE,5.0,COMPRESSION,COMPRESSION,range,0.5911,0.000507,0.638889,-0.210268,-0.210268,1.1,0.0,4.7602,0.5804,0.0,False,True,open_interest_missing,
378,1701416940000,39391.3,False,SHORT,0.23,NEUTRAL,0.305001,0.5,0.5,NONE,4.0,CHOPPY,CHOPPY,range,0.5911,0.000368,0.84,-0.356,-0.356,2.3,-1.0,4.1672,0.6694,0.0,False,True,open_interest_missing,
379,1701417000000,39392.1,False,HOLD,0.07,NEUTRAL,0.311001,0.5,0.5,NONE,4.0,COMPRESSION,COMPRESSION,range,0.5911,0.00052,0.333333,0.758057,0.758057,0.7,0.0,4.0994,0.9075,0.0,True,True,open_interest_missing,
380,1701417060000,39402.7,False,LONG,0.19,NEUTRAL,0.3152,0.5,0.5,NONE,4.0,CHOPPY,CHOPPY,range,0.5911,0.000251,-0.777778,-0.832689,-0.832689,1.9,1.0,4.0276,0.8056,0.0,True,True,open_interest_missing,
381,1701417120000,39396.2,False,HOLD,0.07,NEUTRAL,0.29864,0.5,0.5,NONE,4.0,CHOPPY,CHOPPY,range,0.5911,0.000414,-0.929825,-0.933144,-0.933144,0.7,0.0,4.2322,0.818,0.0,True,True,open_interest_missing,
382,1701417180000,39414.7,False,HOLD,0.11,NEUTRAL,0.306548,0.5,0.5,NONE,4.0,COMPRESSION,COMPRESSION,range,0.5911,0.000195,-0.333333,0.252966,0.252966,1.1,0.0,3.5754,0.8093,0.0,True,True,open_interest_missing,
383,1701417240000,39411.2,False,HOLD,0.11,NEUTRAL,0.312084,0.5,0.5,NONE,4.0,COMPRESSION,COMPRESSION,range,0.5911,0.000373,0.5,-0.475,-0.475,1.1,0.0,3.215,0.8225,0.0,True,True,open_interest_missing,
384,1701417300000,39433.5,False,LONG,0.14,NEUTRAL,0.315959,0.5,0.5,NONE,2.0,CHOPPY,CHOPPY,range,0.5911,0.00035,-0.837838,-0.372917,-0.372917,1.4,1.0,1.4434,0.4539,0.0,False,True,open_interest_missing,
385,1701417360000,39435.5,False,HOLD,0.07,NEUTRAL,0.318671,0.5,0.5,NONE,3.0,COMPRESSION,COMPRESSION,range,0.5911,0.000527,-0.333333,-0.766667,-0.766667,0.7,0.0,2.8002,0.6499,0.0,False,True,open_interest_missing,
386,1701417420000,39417.2,False,HOLD,0.07,NEUTRAL,0.32057,0.5,0.5,NONE,3.0,COMPRESSION,COMPRESSION,range,0.5911,0.000543,-0.333333,-0.766667,-0.766667,0.7,0.0,2.7863,0.6738,0.0,False,True,open_interest_missing,
387,1701417480000,39424.0,False,HOLD,0.11,NEUTRAL,0.321899,0.5,0.5,NONE,3.0,CHOPPY,CHOPPY,range,0.5911,0.000175,-0.333333,0.20836,0.20836,1.1,0.0,2.1515,0.6405,0.0,False,True,open_interest_missing,
388,1701417600000,39430.8,False,HOLD,0.02,NEUTRAL,0.322829,0.5,0.5,NONE,3.0,CHOPPY,CHOPPY,range,0.5801,0.000396,0.2,0.403026,0.403026,0.2,0.0,1.9466,0.635,0.0,False,True,open_interest_missing,
389,1701417660000,39457.9,False,LONG,0.14,NEUTRAL,0.30398,0.5,0.5,NONE,3.0,CHOPPY,CHOPPY,range,0.5801,3e-06,0.74026,0.572048,0.572048,1.4,1.0,2.0992,0.6452,0.0,False,True,open_interest_missing,
390,1701417720000,39458.2,False,LONG,0.12,NEUTRAL,0.310286,0.5,0.5,NONE,4.0,CHOPPY,CHOPPY,range,0.5801,0.000537,0.0,0.65,0.65,1.2,1.0,2.6833,0.7484,0.0,False,True,open_interest_missing,
391,1701417780000,39470.1,False,LONG,0.18,NEUTRAL,0.3147,0.5,0.5,NONE,5.0,CHOPPY,CHOPPY,range,0.5801,0.000263,0.5,-0.150044,-0.150044,1.8,1.0,4.2211,0.5721,0.0,False,True,open_interest_missing,
392,1701417840000,39479.6,False,LONG,0.12,NEUTRAL,0.31779,0.5,0.5,NONE,4.0,RANGING,RANGING,range,0.5801,0.00041,0.0,0.65,0.65,1.2,1.0,3.7882,0.7323,0.0,False,True,open_interest_missing,
393,1701417900000,39513.6,False,LONG,0.53,NEUTRAL,0.300453,0.5,0.5,NONE,6.0,COMPRESSION,COMPRESSION,range,0.5801,0.000132,-0.96875,0.305194,0.305194,5.3,1.0,5.1283,0.8034,0.0,True,True,open_interest_missing,
394,1701417960000,39528.0,False,HOLD,0.05,NEUTRAL,0.307817,0.5,0.5,NONE,5.0,COMPRESSION,COMPRESSION,range,0.5801,0.000648,0.0,-0.308834,-0.308834,0.5,0.0,4.2169,0.6252,0.0,True,True,open_interest_missing,
395,1701418020000,39493.3,False,HOLD,0.07,NEUTRAL,0.312972,0.5,0.5,NONE,3.0,COMPRESSION,COMPRESSION,range,0.5801,0.000602,0.789474,0.298898,0.298898,0.7,0.0,2.5443,0.6036,0.0,True,True,open_interest_missing,
396,1701418080000,39500.7,False,HOLD,0.0,NEUTRAL,0.31658,0.5,0.5,NONE,3.0,COMPRESSION,COMPRESSION,range,0.5801,0.000309,0.0,0.000101,0.000101,0.0,0.0,2.2366,0.6093,0.0,True,True,open_interest_missing,
397,1701418140000,39467.6,False,SHORT,0.23,NEUTRAL,0.319106,0.5,0.5,NONE,4.0,CHOPPY,CHOPPY,range,0.5801,0.000448,0.809524,-0.366667,-0.366667,2.3,-1.0,3.0864,0.7351,0.0,True,True,open_interest_missing,
398,1701418200000,39500.0,False,HOLD,0.07,NEUTRAL,0.320874,0.5,0.5,NONE,3.0,CHOPPY,CHOPPY,range,0.5801,0.000451,0.636364,0.612754,0.612754,0.7,0.0,2.3753,0.7728,0.0,True,True,open_interest_missing,
399,1701418260000,39500.8,False,HOLD,0.07,NEUTRAL,0.322112,0.5,0.5,NONE,4.0,COMPRESSION,COMPRESSION,range,0.5801,0.000332,-0.733333,-0.906667,-0.906667,0.7,0.0,3.0669,0.777,0.0,True,True,open_interest_missing,
400,1701418320000,39521.7,False,HOLD,0.16,NEUTRAL,0.322978,0.5,0.5,NONE,5.0,CHOPPY,CHOPPY,range,0.5801,0.00025,-0.866667,0.253796,0.253796,1.6,0.0,4.1784,0.8218,0.0,True,True,open_interest_missing,
401,1701418440000,39511.3,False,HOLD,0.07,NEUTRAL,0.323585,0.5,0.5,NONE,4.0,CHOPPY,CHOPPY,range,0.5801,0.000245,-0.166667,-0.708333,-0.708333,0.7,0.0,3.9849,0.7761,0.0,True,True,open_interest_missing,
402,1701418500000,39540.0,False,HOLD,0.0,NEUTRAL,0.5,0.5,0.5,NONE,0.0,CHOPPY,CHOPPY,range,0.0,0.0,0.0,0.0,0.0,0.0,0.0,0.0,0.0,0.0,False,False,run_all_engines_error,
403,1701418560000,39540.0,False,HOLD,0.0,NEUTRAL,0.5,0.5,0.5,NONE,0.0,CHOPPY,CHOPPY,range,0.0,0.0,0.0,0.0,0.0,0.0,0.0,0.0,0.0,0.0,False,False,run_all_engines_error,
404,1701418620000,39577.6,False,LONG,0.53,NEUTRAL,0.305015,0.5,0.5,NONE,5.0,COMPRESSION,COMPRESSION,range,0.5911,0.000384,-0.974522,0.30642,0.30642,5.3,1.0,3.9845,0.7083,0.0,False,True,open_interest_missing,
405,1701418680000,39564.8,False,HOLD,0.07,NEUTRAL,0.31101,0.5,0.5,NONE,3.0,COMPRESSION,COMPRESSION,range,0.5911,0.000599,-0.882353,-0.178824,-0.178824,0.7,0.0,2.6435,0.5208,0.0,False,True,open_interest_missing,
406,1701418740000,39598.3,False,HOLD,0.0,NEUTRAL,0.5,0.5,0.5,NONE,0.0,CHOPPY,CHOPPY,range,0.0,0.0,0.0,0.0,0.0,0.0,0.0,0.0,0.0,0.0,False,False,run_all_engines_error,
407,1701418800000,39540.0,False,HOLD,0.07,NEUTRAL,0.318145,0.5,0.5,NONE,4.0,COMPRESSION,COMPRESSION,range,0.5911,0.000356,-0.870968,-0.896082,-0.896082,0.7,0.0,2.6343,0.6511,0.0,False,True,open_interest_missing,
408,1701418860000,39530.0,False,HOLD,0.07,NEUTRAL,0.300702,0.5,0.5,NONE,4.0,CHOPPY,CHOPPY,range,0.5911,0.0004,-0.985401,-0.984655,-0.984655,0.7,0.0,2.9099,0.6708,0.0,False,True,open_interest_missing,
409,1701418920000,39500.5,False,SHORT,0.07,NEUTRAL,0.307991,0.5,0.5,NONE,4.0,CHOPPY,CHOPPY,range,0.5911,0.000213,-0.75,-0.901931,-0.901931,0.7,-1.0,2.9246,0.6712,0.0,False,True,open_interest_missing,
410,1701418980000,39488.0,False,HOLD,0.07,NEUTRAL,0.293594,0.5,0.5,NONE,4.0,CHOPPY,CHOPPY,range,0.5911,0.000362,-0.980198,-0.704746,-0.704746,0.7,0.0,2.2973,0.57,0.0,False,True,open_interest_missing,
411,1701419040000,39468.0,False,SHORT,0.11,NEUTRAL,0.303016,0.5,0.5,NONE,5.0,CHOPPY,CHOPPY,range,0.5911,0.000114,0.5,-0.361948,-0.361948,1.1,-1.0,3.8315,0.6399,0.0,False,True,open_interest_missing,
412,1701419100000,39466.8,False,HOLD,0.07,NEUTRAL,0.290111,0.5,0.5,NONE,3.0,CHOPPY,CHOPPY,range,0.5911,0.000177,0.995754,0.348513,0.348513,0.7,0.0,2.5819,0.5149,0.0,True,True,open_interest_missing,
413,1701419160000,39493.2,False,HOLD,0.16,NEUTRAL,0.281078,0.5,0.5,NONE,4.0,CHOPPY,CHOPPY,range,0.5911,6.3e-05,0.985216,-0.09427,-0.09427,1.6,0.0,3.854,0.6315,0.0,True,True,open_interest_missing,
414,1701419280000,39474.7,False,HOLD,0.16,NEUTRAL,0.274755,0.5,0.5,NONE,4.0,CHOPPY,CHOPPY,range,0.5911,0.000436,-0.969231,-0.122436,-0.122436,1.6,0.0,3.2734,0.6536,0.0,True,True,open_interest_missing,
415,1701419340000,39460.0,False,SHORT,0.07,NEUTRAL,0.289828,0.5,0.5,NONE,5.0,CHOPPY,CHOPPY,range,0.5911,6.1e-05,-0.2,-0.72,-0.72,0.7,-1.0,4.7983,0.7149,0.0,True,True,open_interest_missing,
416,1701419400000,39450.1,False,SHORT,0.23,NEUTRAL,0.28088,0.5,0.5,NONE,5.0,RANGING,RANGING,range,0.5616,0.000231,0.771479,-0.36676,-0.36676,2.3,-1.0,4.2444,0.7496,0.0,True,True,open_interest_missing,
417,1701419460000,39450.0,False,HOLD,0.07,NEUTRAL,0.274616,0.5,0.5,NONE,5.0,RANGING,RANGING,range,0.5616,3e-06,0.542435,0.833117,0.833117,0.7,0.0,4.0789,0.8264,0.0,True,True,open_interest_missing,
418,1701419520000,39450.8,False,HOLD,0.07,NEUTRAL,0.270231,0.5,0.5,NONE,5.0,COMPRESSION,COMPRESSION,range,0.5616,0.00016,0.865772,0.95302,0.95302,0.7,0.0,4.2128,0.8272,0.0,True,True,open_interest_missing,
419,1701419580000,39436.8,False,SHORT,0.41,NEUTRAL,0.267162,0.5,0.5,NONE,5.0,COMPRESSION,COMPRESSION,range,0.5616,0.000104,0.766949,-0.381568,-0.381568,4.1,-1.0,4.2589,0.7363,0.0,True,True,open_interest_missing,
420,1701419640000,39436.6,False,SHORT,0.07,NEUTRAL,0.265013,0.5,0.5,NONE,4.0,COMPRESSION,COMPRESSION,range,0.5616,3e-06,-0.984615,-0.439934,-0.439934,0.7,-1.0,3.6363,0.5484,0.0,True,True,open_interest_missing,
421,1701419700000,39426.7,False,SHORT,0.07,NEUTRAL,0.263509,0.5,0.5,NONE,6.0,COMPRESSION,COMPRESSION,range,0.5616,0.000254,-0.882353,-0.958824,-0.958824,0.7,-1.0,5.1331,0.7633,0.0,True,True,open_interest_missing,
422,1701419760000,39436.8,False,HOLD,0.0,NEUTRAL,0.281957,0.5,0.5,NONE,3.0,COMPRESSION,COMPRESSION,range,0.5616,0.000261,0.0,0.191197,0.191197,0.0,0.0,2.7655,0.6965,0.0,True,True,open_interest_missing,
423,1701419820000,39447.1,False,HOLD,0.07,NEUTRAL,0.27537,0.5,0.5,NONE,5.0,COMPRESSION,COMPRESSION,range,0.5616,0.000598,-0.623188,-0.738061,-0.738061,0.7,0.0,4.8139,0.7358,0.0,True,True,open_interest_missing,
424,1701419880000,39449.3,False,HOLD,0.07,NEUTRAL,0.270759,0.5,0.5,NONE,3.0,COMPRESSION,COMPRESSION,range,0.5616,0.000598,-0.826087,-0.639056,-0.639056,0.7,0.0,2.2346,0.6799,0.0,True,True,open_interest_missing,
425,1701420000000,39432.0,False,HOLD,0.07,NEUTRAL,0.287031,0.5,0.5,NONE,3.0,COMPRESSION,COMPRESSION,range,0.5616,0.000314,0.714286,0.250063,0.250063,0.7,0.0,2.4139,0.5278,0.0,False,True,open_interest_missing,
426,1701420060000,39456.6,False,LONG,0.14,NEUTRAL,0.278922,0.5,0.5,NONE,4.0,COMPRESSION,COMPRESSION,range,0.5616,0.0002,0.754717,0.88707,0.88707,1.4,1.0,2.7804,0.7257,0.0,False,True,open_interest_missing,
427,1701420120000,39464.0,False,LONG,0.14,NEUTRAL,0.273245,0.5,0.5,NONE,4.0,COMPRESSION,COMPRESSION,range,0.5616,0.000142,0.783944,0.816865,0.816865,1.4,1.0,2.5882,0.7118,0.0,False,True,open_interest_missing,
428,1701420180000,39470.3,False,LONG,0.14,NEUTRAL,0.288772,0.5,0.5,NONE,4.0,COMPRESSION,COMPRESSION,range,0.5616,0.000195,0.2,0.72,0.72,1.4,1.0,2.6291,0.7449,0.0,False,True,open_interest_missing,
429,1701420240000,39485.7,False,LONG,0.05,NEUTRAL,0.29964,0.5,0.5,NONE,4.0,COMPRESSION,COMPRESSION,range,0.5616,0.000324,0.0,-0.65,-0.65,0.5,1.0,2.5688,0.641,0.0,False,True,open_interest_missing,
430,1701420300000,39511.4,False,LONG,0.14,NEUTRAL,0.287748,0.5,0.5,NONE,5.0,CHOPPY,CHOPPY,manipulation,0.9183,0.000109,0.991389,0.845892,0.845892,1.4,1.0,3.8907,0.8239,0.0,True,True,open_interest_missing,
431,1701420420000,39530.0,False,LONG,0.12,NEUTRAL,0.298924,0.5,0.5,NONE,4.0,CHOPPY,CHOPPY,manipulation,0.9183,4.3e-05,0.0,-0.246434,-0.246434,1.2,1.0,3.6109,0.6432,0.0,True,True,open_interest_missing,
432,1701420480000,39500.8,False,HOLD,0.16,NEUTRAL,0.287247,0.5,0.5,NONE,5.0,CHOPPY,CHOPPY,manipulation,0.9183,0.00044,0.990654,-0.133695,-0.133695,1.6,0.0,4.0371,0.7489,0.0,True,True,open_interest_missing,
433,1701420600000,39506.3,False,LONG,0.28,NEUTRAL,0.279073,0.5,0.5,NONE,5.0,CHOPPY,CHOPPY,manipulation,0.9183,0.000185,0.985935,-0.302327,-0.302327,2.8,1.0,4.1789,0.7277,0.0,True,True,open_interest_missing,
434,1701420660000,39524.5,False,HOLD,0.0,NEUTRAL,0.292851,0.5,0.5,NONE,4.0,CHOPPY,CHOPPY,manipulation,0.9183,0.000278,0.0,-0.059952,-0.059952,0.0,0.0,3.5734,0.5068,0.0,True,True,open_interest_missing,
435,1701420720000,39521.6,False,HOLD,0.11,NEUTRAL,0.302496,0.5,0.5,NONE,5.0,CHOPPY,CHOPPY,manipulation,0.9183,0.000127,0.2,-0.557578,-0.557578,1.1,0.0,4.0292,0.7041,0.0,True,True,open_interest_missing,
436,1701420780000,39493.3,False,SHORT,0.18,NEUTRAL,0.309247,0.5,0.5,NONE,4.0,CHOPPY,CHOPPY,manipulation,0.9183,0.000165,0.2,-0.58,-0.58,1.8,-1.0,3.0378,0.7023,0.0,True,True,open_interest_missing,
437,1701420840000,39500.8,False,HOLD,0.07,NEUTRAL,0.313973,0.5,0.5,NONE,4.0,CHOPPY,CHOPPY,manipulation,0.9183,6.1e-05,0.636364,0.872727,0.872727,0.7,0.0,3.0206,0.8008,0.0,True,True,open_interest_missing,
438,1701420900000,39526.4,False,HOLD,0.07,NEUTRAL,0.317281,0.5,0.5,NONE,4.0,CHOPPY,CHOPPY,manipulation,0.9183,0.000172,-0.333333,-0.409045,-0.409045,0.7,0.0,3.0873,0.5412,0.0,False,True,open_interest_missing,
439,1701420960000,39528.8,False,HOLD,0.07,NEUTRAL,0.300097,0.5,0.5,NONE,5.0,CHOPPY,CHOPPY,manipulation,0.9183,0.000506,-0.932203,-0.976271,-0.976271,0.7,0.0,4.207,0.6473,0.0,False,True,open_interest_missing,
440,1701421020000,39504.9,False,HOLD,0.11,NEUTRAL,0.307568,0.5,0.5,NONE,4.0,CHOPPY,CHOPPY,manipulation,0.9183,0.000309,0.333333,-0.533333,-0.533333,1.1,0.0,3.0282,0.6657,0.0,False,True,open_interest_missing,
441,1701421080000,39498.2,False,HOLD,0.05,NEUTRAL,0.312797,0.5,0.5,NONE,4.0,CHOPPY,CHOPPY,manipulation,0.9183,0.000218,0.0,-0.65,-0.65,0.5,0.0,3.8486,0.6735,0.0,False,True,open_interest_missing,
442,1701421200000,39519.5,False,HOLD,0.07,NEUTRAL,0.296958,0.5,0.5,NONE,5.0,CHOPPY,CHOPPY,trend,0.6094,0.000276,0.997685,0.290127,0.290127,0.7,0.0,2.745,0.5807,0.0,True,True,open_interest_missing,
443,1701421260000,39540.0,False,LONG,0.14,NEUTRAL,0.305371,0.5,0.5,NONE,4.0,CHOPPY,CHOPPY,trend,0.6094,3e-06,-0.2,-0.069987,-0.069987,1.4,1.0,2.2462,0.5954,0.0,True,True,open_interest_missing,
444,1701421320000,39550.0,False,LONG,0.18,NEUTRAL,0.31126,0.5,0.5,NONE,6.0,CHOPPY,CHOPPY,trend,0.6094,0.000341,-0.333333,0.533333,0.533333,1.8,1.0,4.1218,0.8685,0.0,True,True,open_interest_missing,
445,1701421380000,39562.4,False,LONG,0.14,NEUTRAL,0.295882,0.5,0.5,NONE,6.0,CHOPPY,CHOPPY,trend,0.6094,0.000394,0.995745,0.81273,0.81273,1.4,1.0,3.721,0.7963,0.0,True,True,open_interest_missing,
446,1701421440000,39552.0,False,HOLD,0.07,NEUTRAL,0.285117,0.5,0.5,NONE,6.0,CHOPPY,CHOPPY,trend,0.6094,0.000528,-0.943662,-0.980282,-0.980282,0.7,0.0,4.1631,0.7904,0.0,True,True,open_interest_missing,
447,1701421500000,39587.4,False,LONG,0.23,NEUTRAL,0.277582,0.5,0.5,NONE,6.0,CHOPPY,CHOPPY,trend,0.6094,0.000162,-0.918919,0.328378,0.328378,2.3,1.0,4.2101,0.8219,0.0,True,True,open_interest_missing,
448,1701421560000,39623.0,False,LONG,0.3,NEUTRAL,0.291808,0.5,0.5,NONE,5.0,CHOPPY,CHOPPY,trend,0.6094,0.000293,-0.2,0.133913,0.133913,3.0,1.0,2.8938,0.7098,0.0,True,True,open_interest_missing,
449,1701421620000,39603.2,False,HOLD,0.07,NEUTRAL,0.282265,0.5,0.5,NONE,4.0,COMPRESSION,COMPRESSION,trend,0.6094,0.000543,-0.975309,-0.256341,-0.256341,0.7,0.0,2.5733,0.6674,0.0,True,True,open_interest_missing,
450,1701421680000,39597.4,False,HOLD,0.07,NEUTRAL,0.275586,0.5,0.5,NONE,6.0,COMPRESSION,COMPRESSION,trend,0.6094,0.000313,-0.971631,-0.990071,-0.990071,0.7,0.0,4.2075,0.7462,0.0,True,True,open_interest_missing,
451,1701421740000,39637.4,False,HOLD,0.07,NEUTRAL,0.27091,0.5,0.5,NONE,6.0,COMPRESSION,COMPRESSION,trend,0.6094,0.000605,0.639175,0.768665,0.768665,0.7,0.0,3.7433,0.804,0.0,True,True,open_interest_missing,
452,1701421800000,39662.9,False,LONG,0.14,NEUTRAL,0.287137,0.5,0.5,NONE,5.0,COMPRESSION,COMPRESSION,trend,0.6094,0.00029,0.5,0.580597,0.580597,1.4,1.0,3.351,0.7865,0.0,True,True,open_interest_missing,
453,1701421860000,39624.1,False,HOLD,0.07,NEUTRAL,0.298496,0.5,0.5,NONE,7.0,COMPRESSION,COMPRESSION,trend,0.6094,0.000214,0.875,0.730062,0.730062,0.7,0.0,4.6824,0.7831,0.0,True,True,open_interest_missing,
454,1701421920000,39616.5,False,HOLD,0.11,NEUTRAL,0.306447,0.5,0.5,NONE,6.0,COMPRESSION,COMPRESSION,trend,0.6094,6.1e-05,0.333333,-0.509704,-0.509704,1.1,0.0,4.0728,0.7768,0.0,True,True,open_interest_missing,
455,1701421980000,39590.4,False,SHORT,0.26,NEUTRAL,0.292513,0.5,0.5,NONE,6.0,CHOPPY,CHOPPY,trend,0.6094,0.000225,-0.903226,-0.963544,-0.963544,2.6,-1.0,3.0461,0.7667,0.0,True,True,open_interest_missing,
456,1701422040000,39639.7,False,HOLD,0.07,NEUTRAL,0.302259,0.5,0.5,NONE,6.0,CHOPPY,CHOPPY,trend,0.6094,0.000174,0.333333,0.670241,0.670241,0.7,0.0,3.7267,0.8154,0.0,True,True,open_interest_missing,
457,1701422100000,39662.6,False,HOLD,0.07,NEUTRAL,0.289581,0.5,0.5,NONE,5.0,COMPRESSION,COMPRESSION,trend,0.6611,0.000348,0.997872,0.764712,0.764712,0.7,0.0,2.5082,0.8656,0.0,True,True,open_interest_missing,
458,1701422160000,39790.0,False,LONG,0.41,NEUTRAL,0.280707,0.5,0.5,NONE,5.0,COMPRESSION,COMPRESSION,trend,0.6611,0.000206,-0.92,0.080309,0.080309,4.1,1.0,3.7727,0.8178,0.0,True,True,open_interest_missing,
459,1701422220000,39808.0,False,LONG,0.07,NEUTRAL,0.293995,0.5,0.5,NONE,6.0,COMPRESSION,COMPRESSION,trend,0.6611,0.000749,0.333333,0.639345,0.639345,0.7,1.0,4.4826,0.862,0.0,True,True,open_interest_missing,
460,1701422280000,39891.4,False,HOLD,0.16,NEUTRAL,0.283797,0.5,0.5,NONE,5.0,COMPRESSION,COMPRESSION,trend,0.6611,0.000456,0.9375,0.13833,0.13833,1.6,0.0,3.2063,0.6622,0.0,True,True,open_interest_missing,
461,1701422340000,39800.1,False,HOLD,0.07,NEUTRAL,0.296158,0.5,0.5,NONE,4.0,COMPRESSION,COMPRESSION,trend,0.6611,0.000163,0.2,0.292064,0.292064,0.7,0.0,2.755,0.7781,0.0,True,True,open_interest_missing,
462,1701422400000,39809.3,False,HOLD,0.07,NEUTRAL,0.30481,0.5,0.5,NONE,4.0,COMPRESSION,COMPRESSION,trend,0.6611,0.0001,-0.333333,-0.089746,-0.089746,0.7,0.0,2.2845,0.7047,0.0,True,True,open_interest_missing,
463,1701422460000,39852.1,False,HOLD,0.07,NEUTRAL,0.291367,0.5,0.5,NONE,4.0,COMPRESSION,COMPRESSION,trend,0.6611,0.00064,-0.921569,-0.403681,-0.403681,0.7,0.0,2.5986,0.6162,0.0,True,True,open_interest_missing,
464,1701422520000,39855.6,False,HOLD,0.07,NEUTRAL,0.301457,0.5,0.5,NONE,4.0,COMPRESSION,COMPRESSION,trend,0.6611,0.000379,-0.333333,-0.097939,-0.097939,0.7,0.0,2.3089,0.7147,0.0,True,True,open_interest_missing,
465,1701422580000,39884.8,False,HOLD,0.16,NEUTRAL,0.30852,0.5,0.5,NONE,5.0,COMPRESSION,COMPRESSION,trend,0.6611,0.000115,-0.76,0.261554,0.261554,1.6,0.0,2.8463,0.8675,0.0,True,True,open_interest_missing,
466,1701422640000,39860.9,False,HOLD,0.11,NEUTRAL,0.293964,0.5,0.5,NONE,5.0,COMPRESSION,COMPRESSION,trend,0.6611,0.000444,-0.520548,0.12084,0.12084,1.1,0.0,3.3006,0.8054,0.0,True,True,open_interest_missing,
467,1701422700000,39900.0,False,HOLD,0.02,NEUTRAL,0.303275,0.5,0.5,NONE,4.0,COMPRESSION,COMPRESSION,trend,0.6611,0.000125,0.5,0.211978,0.211978,0.2,0.0,2.4259,0.698,0.0,True,True,open_interest_missing,
468,1701422760000,39871.7,False,HOLD,0.11,NEUTRAL,0.309792,0.5,0.5,NONE,6.0,COMPRESSION,COMPRESSION,trend,0.6611,0.000379,-0.897436,0.304206,0.304206,1.1,0.0,4.1378,0.8976,0.0,True,True,open_interest_missing,
469,1701422820000,39792.0,False,SHORT,0.14,NEUTRAL,0.294855,0.5,0.5,NONE,5.0,COMPRESSION,COMPRESSION,trend,0.6611,0.000271,-0.979695,-0.937042,-0.937042,1.4,-1.0,2.962,0.8432,0.0,True,True,open_interest_missing,
470,1701422880000,39769.6,False,HOLD,0.0,NEUTRAL,0.303898,0.5,0.5,NONE,4.0,COMPRESSION,COMPRESSION,trend,0.6611,0.00048,0.0,-0.443528,-0.443528,0.0,0.0,2.2122,0.804,0.0,True,True,open_interest_missing,
471,1701422940000,39829.5,False,HOLD,0.16,NEUTRAL,0.310229,0.5,0.5,NONE,5.0,COMPRESSION,COMPRESSION,trend,0.6611,0.000565,-0.888889,0.272604,0.272604,1.6,0.0,3.0568,0.9044,0.0,True,True,open_interest_missing,
472,1701423000000,39890.5,False,HOLD,0.11,NEUTRAL,0.31466,0.5,0.5,NONE,4.0,COMPRESSION,COMPRESSION,trend,0.6894,0.000155,-0.52381,0.279146,0.279146,1.1,0.0,2.6439,0.7778,0.0,True,True,open_interest_missing,
473,1701423060000,39900.0,False,LONG,0.0,NEUTRAL,0.317762,0.5,0.5,NONE,4.0,COMPRESSION,COMPRESSION,trend,0.6894,0.000143,0.0,0.278649,0.278649,0.0,1.0,2.8253,0.7098,0.0,True,True,open_interest_missing,
474,1701423120000,39813.4,False,HOLD,0.11,NEUTRAL,0.300434,0.5,0.5,NONE,4.0,COMPRESSION,COMPRESSION,trend,0.6894,0.000381,0.404494,-0.230444,-0.230444,1.1,0.0,3.4395,0.6954,0.0,True,True,open_interest_missing,
475,1701423180000,39884.8,False,HOLD,0.11,NEUTRAL,0.307803,0.5,0.5,NONE,5.0,COMPRESSION,COMPRESSION,trend,0.6894,0.00083,-0.333333,0.454574,0.454574,1.1,0.0,4.0755,0.7991,0.0,True,True,open_interest_missing,
476,1701423240000,39871.4,False,HOLD,0.02,NEUTRAL,0.293462,0.5,0.5,NONE,4.0,COMPRESSION,COMPRESSION,trend,0.6894,0.000125,-0.491803,-0.17766,-0.17766,0.2,0.0,2.5083,0.5771,0.0,True,True,open_interest_missing,
477,1701423300000,39839.7,False,HOLD,0.0,NEUTRAL,0.302924,0.5,0.5,NONE,3.0,COMPRESSION,COMPRESSION,trend,0.6894,0.000276,0.0,-0.171621,-0.171621,0.0,0.0,1.6081,0.6433,0.0,True,True,open_interest_missing,
478,1701423360000,39817.1,False,HOLD,0.09,NEUTRAL,0.309547,0.5,0.5,NONE,5.0,COMPRESSION,COMPRESSION,trend,0.6894,0.000173,0.111111,-0.468862,-0.468862,0.9,0.0,3.7842,0.7568,0.0,True,True,open_interest_missing,
479,1701423420000,39787.3,False,SHORT,0.0,NEUTRAL,0.314183,0.5,0.5,NONE,4.0,COMPRESSION,COMPRESSION,trend,0.6894,0.000427,-0.081081,-0.269809,-0.269809,0.0,-1.0,2.8989,0.6643,0.0,True,True,open_interest_missing,
480,1701423480000,39846.3,False,HOLD,0.11,NEUTRAL,0.317428,0.5,0.5,NONE,4.0,COMPRESSION,COMPRESSION,trend,0.6894,0.000545,0.333333,-0.330037,-0.330037,1.1,0.0,2.6073,0.7252,0.0,True,True,open_interest_missing,
481,1701423540000,39814.8,False,HOLD,0.16,NEUTRAL,0.319699,0.5,0.5,NONE,4.0,CHOPPY,CHOPPY,trend,0.6894,0.00064,-0.870968,-0.124839,-0.124839,1.6,0.0,2.104,0.732,0.0,True,True,open_interest_missing,
482,1701423600000,39839.8,False,HOLD,0.07,NEUTRAL,0.30179,0.5,0.5,NONE,5.0,CHOPPY,CHOPPY,trend,0.6894,0.000419,0.979798,0.732954,0.732954,0.7,0.0,3.6371,0.7854,0.0,True,True,open_interest_missing,
483,1701423660000,39842.0,False,HOLD,0.07,NEUTRAL,0.289253,0.5,0.5,NONE,3.0,CHOPPY,CHOPPY,trend,0.6894,4e-05,-0.85,-0.20421,-0.20421,0.7,0.0,1.6035,0.6629,0.0,True,True,open_interest_missing,
484,1701423720000,39795.3,False,LONG,0.19,NEUTRAL,0.280477,0.5,0.5,NONE,5.0,CHOPPY,CHOPPY,trend,0.6894,0.000196,-0.989899,-0.996465,-0.996465,1.9,1.0,3.215,0.7955,0.0,True,True,open_interest_missing,
485,1701423780000,39845.9,False,HOLD,0.16,NEUTRAL,0.293834,0.5,0.5,NONE,5.0,CHOPPY,CHOPPY,trend,0.6894,0.000163,-0.733333,0.224057,0.224057,1.6,0.0,3.997,0.8077,0.0,True,True,open_interest_missing,
486,1701423840000,39833.6,False,HOLD,0.07,NEUTRAL,0.303184,0.5,0.5,NONE,4.0,CHOPPY,CHOPPY,trend,0.6894,0.000294,-0.583333,-0.637475,-0.637475,0.7,0.0,2.5091,0.724,0.0,True,True,open_interest_missing,
487,1701423900000,39833.0,False,HOLD,0.07,NEUTRAL,0.309729,0.5,0.5,NONE,5.0,CHOPPY,CHOPPY,trend,0.7249,2e-05,-0.8125,-0.74866,-0.74866,0.7,0.0,3.6487,0.6061,0.0,False,True,open_interest_missing,
488,1701423960000,39872.0,False,LONG,0.14,NEUTRAL,0.29481,0.5,0.5,NONE,5.0,CHOPPY,CHOPPY,trend,0.7249,1.5e-05,0.997859,0.621967,0.621967,1.4,1.0,3.2263,0.6263,0.0,False,True,open_interest_missing,
489,1701424020000,39910.2,False,LONG,0.11,NEUTRAL,0.303867,0.5,0.5,NONE,6.0,COMPRESSION,COMPRESSION,trend,0.7249,7.3e-05,-0.6,0.344689,0.344689,1.1,1.0,4.7499,0.7141,0.0,False,True,open_interest_missing,
490,1701424080000,39872.0,False,HOLD,0.07,NEUTRAL,0.310207,0.5,0.5,NONE,5.0,CHOPPY,CHOPPY,trend,0.7249,0.000629,-0.846154,-0.835915,-0.835915,0.7,0.0,3.8453,0.6331,0.0,False,True,open_interest_missing,
491,1701424140000,39907.5,False,HOLD,0.11,NEUTRAL,0.314645,0.5,0.5,NONE,5.0,CHOPPY,CHOPPY,trend,0.7249,0.000221,-0.4,0.320474,0.320474,1.1,0.0,3.538,0.6868,0.0,False,True,open_interest_missing,
492,1701424200000,39885.0,False,HOLD,0.11,NEUTRAL,0.298251,0.5,0.5,NONE,5.0,CHOPPY,CHOPPY,trend,0.7249,0.000556,-0.72459,0.179782,0.179782,1.1,0.0,3.723,0.6664,0.0,False,True,open_interest_missing,
493,1701424260000,39885.5,False,HOLD,0.07,NEUTRAL,0.306276,0.5,0.5,NONE,5.0,CHOPPY,CHOPPY,trend,0.7249,0.000303,-0.857143,-0.859252,-0.859252,0.7,0.0,3.9087,0.6297,0.0,False,True,open_interest_missing,
494,1701424320000,39887.6,False,HOLD,0.16,NEUTRAL,0.292393,0.5,0.5,NONE,5.0,CHOPPY,CHOPPY,trend,0.7249,0.000624,0.995816,-0.301464,-0.301464,1.6,0.0,3.0657,0.6545,0.0,False,True,open_interest_missing,
495,1701424380000,39910.4,False,LONG,0.07,NEUTRAL,0.302175,0.5,0.5,NONE,5.0,CHOPPY,CHOPPY,trend,0.7249,0.000263,0.851852,0.688254,0.688254,0.7,1.0,3.3454,0.662,0.0,False,True,open_interest_missing,
496,1701424440000,39850.2,False,SHORT,0.26,NEUTRAL,0.289523,0.5,0.5,NONE,5.0,CHOPPY,CHOPPY,trend,0.7249,0.000318,-0.976471,-0.986303,-0.986303,2.6,-1.0,3.0506,0.6705,0.0,False,True,open_interest_missing,
497,1701424500000,39910.4,False,HOLD,0.0,NEUTRAL,0.300166,0.5,0.5,NONE,5.0,CHOPPY,CHOPPY,trend,0.7249,0.000261,0.0,0.608358,0.608358,0.0,0.0,3.5893,0.7305,0.0,False,True,open_interest_missing,
498,1701424560000,39948.8,False,LONG,0.07,NEUTRAL,0.307616,0.5,0.5,NONE,6.0,CHOPPY,CHOPPY,trend,0.7249,0.00032,0.0,0.600909,0.600909,0.7,1.0,4.2994,0.727,0.0,False,True,open_interest_missing,
499,1701424620000,39932.1,False,HOLD,0.16,NEUTRAL,0.293331,0.5,0.5,NONE,5.0,CHOPPY,CHOPPY,trend,0.7249,0.000526,0.850746,-0.090412,-0.090412,1.6,0.0,3.5581,0.5754,0.0,False,True,open_interest_missing,
500,1701424680000,39923.4,False,HOLD,0.02,NEUTRAL,0.302832,0.5,0.5,NONE,4.0,CHOPPY,CHOPPY,trend,0.7249,5e-06,-0.2,-0.263119,-0.263119,0.2,0.0,2.6451,0.5205,0.0,False,True,open_interest_missing,
501,1701424740000,39929.7,False,HOLD,0.11,NEUTRAL,0.309482,0.5,0.5,NONE,5.0,CHOPPY,CHOPPY,trend,0.7249,0.000103,0.5,-0.283346,-0.283346,1.1,0.0,3.607,0.5994,0.0,False,True,open_interest_missing,
502,1701424800000,40063.0,False,LONG,0.44,NEUTRAL,0.294638,0.5,0.5,NONE,4.0,COMPRESSION,COMPRESSION,trend,0.7072,0.000796,0.982143,0.659493,0.659493,4.4,1.0,3.2727,0.7015,0.0,True,True,open_interest_missing,
503,1701424860000,40063.2,False,HOLD,0.11,NEUTRAL,0.303746,0.5,0.5,NONE,4.0,COMPRESSION,COMPRESSION,trend,0.7072,0.000612,0.25,-0.154024,-0.154024,1.1,0.0,2.9992,0.6029,0.0,True,True,open_interest_missing,
504,1701424920000,40069.4,False,HOLD,0.16,NEUTRAL,0.310122,0.5,0.5,NONE,5.0,COMPRESSION,COMPRESSION,trend,0.7072,0.000354,-0.857143,-0.09407,-0.09407,1.6,0.0,4.2081,0.667,0.0,True,True,open_interest_missing,
505,1701424980000,39987.2,False,LONG,0.19,NEUTRAL,0.295086,0.5,0.5,NONE,4.0,COMPRESSION,COMPRESSION,trend,0.7072,1.5e-05,-0.967742,-0.837984,-0.837984,1.9,1.0,3.6463,0.7192,0.0,True,True,open_interest_missing,
506,1701425040000,40051.3,False,HOLD,0.07,NEUTRAL,0.30406,0.5,0.5,NONE,3.0,COMPRESSION,COMPRESSION,trend,0.7072,0.000477,0.6,0.269546,0.269546,0.7,0.0,2.3793,0.6152,0.0,True,True,open_interest_missing,
507,1701425100000,40000.0,False,HOLD,0.11,NEUTRAL,0.310342,0.5,0.5,NONE,3.0,COMPRESSION,COMPRESSION,trend,0.7072,5e-06,-0.714286,-0.027619,-0.027619,1.1,0.0,1.8116,0.6129,0.0,False,True,open_interest_missing,
508,1701425160000,39970.5,False,SHORT,0.16,NEUTRAL,0.295239,0.5,0.5,NONE,4.0,COMPRESSION,COMPRESSION,trend,0.7072,0.00022,0.696203,-0.159712,-0.159712,1.6,-1.0,2.4036,0.5969,0.0,False,True,open_interest_missing,
509,1701425220000,39923.2,False,SHORT,0.12,NEUTRAL,0.284668,0.5,0.5,NONE,4.0,CHOPPY,CHOPPY,trend,0.7072,0.000513,-0.113924,-0.645991,-0.645991,1.2,-1.0,2.5274,0.6535,0.0,False,True,open_interest_missing,
510,1701425280000,39906.1,False,HOLD,0.07,NEUTRAL,0.296767,0.5,0.5,NONE,3.0,COMPRESSION,COMPRESSION,trend,0.7072,0.000629,0.833333,0.544477,0.544477,0.7,0.0,1.8821,0.6256,0.0,False,True,open_interest_missing,
511,1701425340000,39890.5,False,SHORT,0.41,NEUTRAL,0.285737,0.5,0.5,NONE,3.0,COMPRESSION,COMPRESSION,trend,0.7072,0.000571,0.435294,-0.148016,-0.148016,4.1,-1.0,2.1589,0.5584,0.0,False,True,open_interest_missing,
512,1701425400000,39910.3,False,HOLD,0.07,NEUTRAL,0.297516,0.5,0.5,NONE,4.0,COMPRESSION,COMPRESSION,trend,0.7072,0.000178,0.2,0.72,0.72,0.7,0.0,2.7453,0.8175,0.0,True,True,open_interest_missing,
513,1701425460000,39896.7,False,HOLD,0.07,NEUTRAL,0.305761,0.5,0.5,NONE,3.0,COMPRESSION,COMPRESSION,trend,0.7072,0.000313,-0.6,-0.365926,-0.365926,0.7,0.0,1.7642,0.5821,0.0,True,True,open_interest_missing,
514,1701425520000,39908.7,False,HOLD,0.16,NEUTRAL,0.292033,0.5,0.5,NONE,4.0,COMPRESSION,COMPRESSION,trend,0.7072,0.000451,0.793103,0.095768,0.095768,1.6,0.0,3.0813,0.599,0.0,True,True,open_interest_missing,
515,1701425580000,39884.8,False,HOLD,0.11,NEUTRAL,0.301923,0.5,0.5,NONE,4.0,COMPRESSION,COMPRESSION,trend,0.7072,0.000263,-0.538462,0.439511,0.439511,1.1,0.0,3.1042,0.8114,0.0,True,True,open_interest_missing,
516,1701425640000,39907.5,False,HOLD,0.09,NEUTRAL,0.308846,0.5,0.5,NONE,4.0,CHOPPY,CHOPPY,trend,0.7072,0.000636,-0.111111,0.611111,0.611111,0.9,0.0,2.8912,0.818,0.0,True,True,open_interest_missing,
517,1701425700000,39869.5,False,SHORT,0.09,NEUTRAL,0.313692,0.5,0.5,NONE,4.0,CHOPPY,CHOPPY,manipulation,0.9867,0.000321,-0.333333,-0.069256,-0.069256,0.9,-1.0,3.3108,0.5483,0.0,False,True,open_interest_missing,
518,1701425760000,39833.6,False,SHORT,0.36,NEUTRAL,0.317085,0.5,0.5,NONE,5.0,COMPRESSION,COMPRESSION,manipulation,0.9867,0.000278,0.333333,-0.519326,-0.519326,3.6,-1.0,4.1423,0.6635,0.0,False,True,open_interest_missing,
519,1701425820000,39825.0,False,SHORT,0.19,NEUTRAL,0.319459,0.5,0.5,NONE,4.0,COMPRESSION,COMPRESSION,manipulation,0.9867,0.000108,0.2,0.631487,0.631487,1.9,-1.0,3.7198,0.7199,0.0,False,True,open_interest_missing,
520,1701425880000,39820.8,False,SHORT,0.19,NEUTRAL,0.301622,0.5,0.5,NONE,6.0,COMPRESSION,COMPRESSION,manipulation,0.9867,0.000555,0.96875,0.720625,0.720625,1.9,-1.0,5.0393,0.663,0.0,False,True,open_interest_missing,
521,1701425940000,39859.2,False,HOLD,0.11,NEUTRAL,0.308635,0.5,0.5,NONE,4.0,COMPRESSION,COMPRESSION,manipulation,0.9867,0.000223,-0.333333,0.366712,0.366712,1.1,0.0,3.7689,0.6981,0.0,False,True,open_interest_missing,
522,1701426000000,39831.3,False,HOLD,0.11,NEUTRAL,0.294045,0.5,0.5,NONE,5.0,COMPRESSION,COMPRESSION,manipulation,0.9867,0.000381,-0.978022,0.227736,0.227736,1.1,0.0,4.1374,0.7134,0.0,False,True,open_interest_missing,
523,1701426060000,39808.1,False,HOLD,0.07,NEUTRAL,0.283831,0.5,0.5,NONE,4.0,COMPRESSION,COMPRESSION,manipulation,0.9867,0.000645,-0.973333,-0.799891,-0.799891,0.7,0.0,3.7273,0.6092,0.0,False,True,open_interest_missing,
524,1701426120000,39820.8,False,HOLD,0.16,NEUTRAL,0.276682,0.5,0.5,NONE,4.0,COMPRESSION,COMPRESSION,manipulation,0.9867,0.00064,0.906977,-0.083463,-0.083463,1.6,0.0,3.7459,0.5935,0.0,False,True,open_interest_missing,
525,1701426180000,39884.8,False,LONG,0.14,NEUTRAL,0.271677,0.5,0.5,NONE,4.0,COMPRESSION,COMPRESSION,manipulation,0.9867,0.000286,0.16,0.687942,0.687942,1.4,1.0,2.768,0.7392,0.0,False,True,open_interest_missing,
526,1701426240000,39872.0,False,HOLD,0.0,NEUTRAL,0.287674,0.5,0.5,NONE,3.0,COMPRESSION,COMPRESSION,manipulation,0.9867,0.00064,0.0,0.150197,0.150197,0.0,0.0,1.3981,0.5926,0.0,False,True,open_interest_missing,
527,1701426300000,39851.3,False,HOLD,0.07,NEUTRAL,0.298872,0.5,0.5,NONE,4.0,COMPRESSION,COMPRESSION,manipulation,0.9867,0.00064,-0.891892,-0.849046,-0.849046,0.7,0.0,2.8017,0.6395,0.0,False,True,open_interest_missing,
528,1701426360000,39838.0,False,SHORT,0.23,NEUTRAL,0.30671,0.5,0.5,NONE,4.0,CHOPPY,CHOPPY,manipulation,0.9867,0.000377,-0.777778,0.372524,0.372524,2.3,-1.0,3.1095,0.7335,0.0,False,True,open_interest_missing,
529,1701426420000,39848.0,False,HOLD,0.02,NEUTRAL,0.312197,0.5,0.5,NONE,3.0,CHOPPY,CHOPPY,manipulation,0.9867,0.000532,-0.333333,-0.197863,-0.197863,0.2,0.0,1.3483,0.474,0.0,False,True,open_interest_missing,
530,1701426480000,39859.2,False,HOLD,0.16,NEUTRAL,0.316038,0.5,0.5,NONE,5.0,CHOPPY,CHOPPY,manipulation,0.9867,4e-05,-0.826087,0.304832,0.304832,1.6,0.0,4.1803,0.7321,0.0,False,True,open_interest_missing,
531,1701426540000,39893.8,False,LONG,0.12,NEUTRAL,0.318727,0.5,0.5,NONE,4.0,CHOPPY,CHOPPY,manipulation,0.9867,0.000637,0.0,0.641039,0.641039,1.2,1.0,2.635,0.7452,0.0,False,True,open_interest_missing,
532,1701426600000,39900.0,False,LONG,0.16,NEUTRAL,0.301109,0.5,0.5,NONE,5.0,CHOPPY,CHOPPY,range,0.6023,0.000629,-0.755725,0.365379,0.365379,1.6,1.0,2.8939,0.7379,0.0,False,True,open_interest_missing,
533,1701426660000,39880.5,False,HOLD,0.07,NEUTRAL,0.288776,0.5,0.5,NONE,4.0,CHOPPY,CHOPPY,range,0.6023,6e-05,-0.902439,-0.704417,-0.704417,0.7,0.0,2.2433,0.5924,0.0,False,True,open_interest_missing,
534,1701426780000,39897.6,False,HOLD,0.11,NEUTRAL,0.299643,0.5,0.5,NONE,5.0,RANGING,RANGING,range,0.6023,0.000416,0.891892,-0.222224,-0.222224,1.1,0.0,3.8913,0.6346,0.0,False,True,open_interest_missing,
535,1701426840000,39884.7,False,HOLD,0.07,NEUTRAL,0.28775,0.5,0.5,NONE,4.0,RANGING,RANGING,range,0.6023,0.000206,-0.889908,-0.466162,-0.466162,0.7,0.0,2.8783,0.5173,0.0,False,True,open_interest_missing,
536,1701426900000,39851.2,False,SHORT,0.14,NEUTRAL,0.279425,0.5,0.5,NONE,4.0,RANGING,RANGING,range,0.6023,0.000306,-0.4,-0.79,-0.79,1.4,-1.0,2.833,0.6743,0.0,False,True,open_interest_missing,
537,1701426960000,39836.5,False,SHORT,0.18,NEUTRAL,0.293098,0.5,0.5,NONE,5.0,RANGING,RANGING,range,0.6023,0.000527,0.2,-0.58,-0.58,1.8,-1.0,2.93,0.6501,0.0,False,True,open_interest_missing,
538,1701427020000,39782.4,False,SHORT,0.48,NEUTRAL,0.302668,0.5,0.5,NONE,5.0,COMPRESSION,COMPRESSION,range,0.6023,0.000379,0.333333,-0.521664,-0.521664,4.8,-1.0,4.0827,0.655,0.0,False,True,open_interest_missing,
539,1701427080000,39769.6,False,HOLD,0.07,NEUTRAL,0.289868,0.5,0.5,NONE,4.0,COMPRESSION,COMPRESSION,range,0.6023,0.000626,-0.966667,-0.237239,-0.237239,0.7,0.0,2.814,0.542,0.0,False,True,open_interest_missing,
540,1701427140000,39781.8,False,HOLD,0.07,NEUTRAL,0.300408,0.5,0.5,NONE,5.0,COMPRESSION,COMPRESSION,range,0.6023,0.000256,0.454545,0.749122,0.749122,0.7,0.0,3.8169,0.7138,0.0,False,True,open_interest_missing,
541,1701427200000,39776.1,False,HOLD,0.07,NEUTRAL,0.288285,0.5,0.5,NONE,4.0,COMPRESSION,COMPRESSION,range,0.6023,0.000561,-0.929204,-0.455224,-0.455224,0.7,0.0,2.9094,0.5733,0.0,True,True,open_interest_missing,
542,1701427260000,39776.0,False,HOLD,0.07,NEUTRAL,0.2798,0.5,0.5,NONE,4.0,COMPRESSION,COMPRESSION,range,0.6023,3e-06,0.375,0.038412,0.038412,0.7,0.0,2.5017,0.5322,0.0,True,True,open_interest_missing,
543,1701427320000,39806.4,False,HOLD,0.11,NEUTRAL,0.29336,0.5,0.5,NONE,5.0,COMPRESSION,COMPRESSION,range,0.6023,0.000545,-0.333333,0.533333,0.533333,1.1,0.0,3.038,0.8183,0.0,True,True,open_interest_missing,
544,1701427380000,39798.6,False,HOLD,0.07,NEUTRAL,0.302852,0.5,0.5,NONE,4.0,COMPRESSION,COMPRESSION,range,0.6023,0.000206,0.333333,0.621041,0.621041,0.7,0.0,2.4848,0.7753,0.0,True,True,open_interest_missing,
545,1701427440000,39794.9,False,HOLD,0.02,NEUTRAL,0.309496,0.5,0.5,NONE,3.0,COMPRESSION,COMPRESSION,range,0.6023,0.00047,-0.333333,-0.333286,-0.333286,0.2,0.0,1.8026,0.6098,0.0,True,True,open_interest_missing,
546,1701427500000,39830.9,False,HOLD,0.07,NEUTRAL,0.314147,0.5,0.5,NONE,3.0,CHOPPY,CHOPPY,range,0.5919,0.000329,0.891892,0.437382,0.437382,0.7,0.0,1.5108,0.5247,0.0,False,True,open_interest_missing,
547,1701427560000,39821.0,False,HOLD,0.16,NEUTRAL,0.297903,0.5,0.5,NONE,4.0,COMPRESSION,COMPRESSION,range,0.5919,0.000256,-0.977654,-0.017119,-0.017119,1.6,0.0,2.3725,0.633,0.0,False,True,open_interest_missing,
548,1701427620000,39859.2,False,LONG,0.14,NEUTRAL,0.306032,0.5,0.5,NONE,4.0,COMPRESSION,COMPRESSION,range,0.5919,0.000128,0.793103,0.701559,0.701559,1.4,1.0,2.4005,0.6796,0.0,False,True,open_interest_missing,
549,1701427680000,39880.1,False,HOLD,0.16,NEUTRAL,0.292223,0.5,0.5,NONE,4.0,COMPRESSION,COMPRESSION,range,0.5919,0.000522,-0.986622,0.10485,0.10485,1.6,0.0,2.708,0.6861,0.0,False,True,open_interest_missing,
550,1701427740000,39842.3,False,HOLD,0.07,NEUTRAL,0.282556,0.5,0.5,NONE,4.0,COMPRESSION,COMPRESSION,range,0.5919,0.000497,-0.982979,-0.994043,-0.994043,0.7,0.0,3.0304,0.6721,0.0,False,True,open_interest_missing,
551,1701427800000,39812.6,False,HOLD,0.07,NEUTRAL,0.275789,0.5,0.5,NONE,5.0,COMPRESSION,COMPRESSION,range,0.5919,0.00064,-0.9,-0.895344,-0.895344,0.7,0.0,3.9273,0.6455,0.0,False,True,open_interest_missing,
552,1701427860000,39806.0,False,SHORT,0.14,NEUTRAL,0.271052,0.5,0.5,NONE,3.0,COMPRESSION,COMPRESSION,range,0.5919,0.000151,0.878788,0.322879,0.322879,1.4,-1.0,2.4663,0.5463,0.0,False,True,open_interest_missing,
553,1701427920000,39820.7,False,LONG,0.23,NEUTRAL,0.287237,0.5,0.5,NONE,4.0,COMPRESSION,COMPRESSION,range,0.5919,0.00048,0.333333,-0.357777,-0.357777,2.3,1.0,3.6383,0.6045,0.0,False,True,open_interest_missing,
554,1701428040000,39807.9,False,HOLD,0.11,NEUTRAL,0.279066,0.5,0.5,NONE,5.0,COMPRESSION,COMPRESSION,range,0.5919,0.000319,-0.969925,0.310526,0.310526,1.1,0.0,4.1316,0.7447,0.0,False,True,open_interest_missing,
555,1701428100000,39818.9,False,HOLD,0.07,NEUTRAL,0.292846,0.5,0.5,NONE,4.0,RANGING,RANGING,range,0.5919,0.000319,-0.888889,-0.793577,-0.793577,0.7,0.0,2.5419,0.6092,0.0,False,True,open_interest_missing,
556,1701428160000,39795.2,False,HOLD,0.07,NEUTRAL,0.282992,0.5,0.5,NONE,5.0,CHOPPY,CHOPPY,range,0.5919,0.00048,-0.981818,-0.993636,-0.993636,0.7,0.0,4.166,0.6712,0.0,False,True,open_interest_missing,
557,1701428220000,39757.2,False,SHORT,0.14,NEUTRAL,0.276095,0.5,0.5,NONE,4.0,RANGING,RANGING,range,0.5919,0.000525,-0.962264,-0.986792,-0.986792,1.4,-1.0,3.0053,0.675,0.0,False,True,open_interest_missing,
558,1701428280000,39765.6,False,HOLD,0.07,NEUTRAL,0.290766,0.5,0.5,NONE,4.0,COMPRESSION,COMPRESSION,range,0.5919,0.000603,0.7,0.313987,0.313987,0.7,0.0,2.8664,0.5448,0.0,False,True,open_interest_missing,
559,1701428340000,39779.8,False,HOLD,0.16,NEUTRAL,0.281536,0.5,0.5,NONE,5.0,COMPRESSION,COMPRESSION,range,0.5919,0.00045,-0.78125,0.376563,0.376563,1.6,0.0,4.161,0.733,0.0,False,True,open_interest_missing,
560,1701428400000,39768.4,False,HOLD,0.07,NEUTRAL,0.275076,0.5,0.5,NONE,5.0,COMPRESSION,COMPRESSION,range,0.5892,0.000581,0.990654,0.996729,0.996729,0.7,0.0,4.1806,0.7687,0.0,True,True,open_interest_missing,
561,1701428460000,39746.5,False,HOLD,0.07,NEUTRAL,0.290053,0.5,0.5,NONE,5.0,COMPRESSION,COMPRESSION,range,0.5892,0.000292,-0.806452,-0.921553,-0.921553,0.7,0.0,4.1034,0.6984,0.0,True,True,open_interest_missing,
562,1701428520000,39756.8,False,HOLD,0.07,NEUTRAL,0.281037,0.5,0.5,NONE,3.0,COMPRESSION,COMPRESSION,range,0.5892,0.000252,0.990244,0.233164,0.233164,0.7,0.0,2.8582,0.4979,0.0,True,True,open_interest_missing,
563,1701428580000,39769.6,False,HOLD,0.07,NEUTRAL,0.294226,0.5,0.5,NONE,4.0,COMPRESSION,COMPRESSION,range,0.5892,0.000392,-0.2,-0.571396,-0.571396,0.7,0.0,2.3969,0.6454,0.0,True,True,open_interest_missing,
564,1701428640000,39769.6,False,HOLD,0.16,NEUTRAL,0.283958,0.5,0.5,NONE,4.0,COMPRESSION,COMPRESSION,range,0.5892,0.000629,0.99439,0.185535,0.185535,1.6,0.0,3.1328,0.5403,0.0,True,True,open_interest_missing,
565,1701428700000,39776.4,False,LONG,0.11,NEUTRAL,0.296271,0.5,0.5,NONE,4.0,COMPRESSION,COMPRESSION,range,0.5892,0.00046,-0.333333,0.4152,0.4152,1.1,1.0,2.6748,0.6947,0.0,False,True,open_interest_missing,
566,1701428820000,39788.3,False,LONG,0.41,NEUTRAL,0.28539,0.5,0.5,NONE,4.0,COMPRESSION,COMPRESSION,range,0.5892,0.000246,-0.727273,0.135485,0.135485,4.1,1.0,2.4677,0.6607,0.0,False,True,open_interest_missing,
567,1701428880000,39779.6,False,HOLD,0.16,NEUTRAL,0.277773,0.5,0.5,NONE,4.0,COMPRESSION,COMPRESSION,range,0.5892,3.8e-05,-0.957746,0.077758,0.077758,1.6,0.0,2.602,0.6525,0.0,False,True,open_interest_missing,
568,1701428940000,39793.3,False,LONG,0.14,NEUTRAL,0.291941,0.5,0.5,NONE,4.0,CHOPPY,CHOPPY,range,0.5892,0.000392,0.733333,0.906667,0.906667,1.4,1.0,2.9496,0.7466,0.0,False,True,open_interest_missing,
569,1701429000000,39794.2,False,LONG,0.14,NEUTRAL,0.282359,0.5,0.5,NONE,3.0,RANGING,RANGING,range,0.5892,0.000334,-0.458333,-0.088104,-0.088104,1.4,1.0,1.3048,0.5451,0.0,False,True,open_interest_missing,
570,1701429060000,39800.0,False,LONG,0.23,NEUTRAL,0.295151,0.5,0.5,NONE,4.0,CHOPPY,CHOPPY,range,0.5892,4e-05,-0.878788,0.342424,0.342424,2.3,1.0,2.9898,0.7447,0.0,False,True,open_interest_missing,
571,1701429120000,39767.0,False,SHORT,0.14,NEUTRAL,0.304106,0.5,0.5,NONE,5.0,CHOPPY,CHOPPY,range,0.5892,0.000121,-0.62963,-0.865309,-0.865309,1.4,-1.0,4.0046,0.6623,0.0,False,True,open_interest_missing,
572,1701429180000,39781.8,False,HOLD,0.02,NEUTRAL,0.290874,0.5,0.5,NONE,3.0,CHOPPY,CHOPPY,range,0.5892,0.000638,-0.283019,-0.32654,-0.32654,0.2,0.0,1.7176,0.542,0.0,False,True,open_interest_missing,
573,1701429240000,39760.9,False,HOLD,0.07,NEUTRAL,0.281612,0.5,0.5,NONE,4.0,CHOPPY,CHOPPY,range,0.5892,0.000317,-0.904762,-0.86118,-0.86118,0.7,0.0,3.8505,0.6403,0.0,False,True,open_interest_missing,
574,1701429300000,39782.4,False,HOLD,0.07,NEUTRAL,0.294628,0.5,0.5,NONE,5.0,CHOPPY,CHOPPY,range,0.5839,0.000543,0.5,0.792115,0.792115,0.7,0.0,3.9031,0.7366,0.0,False,True,open_interest_missing,
575,1701429360000,39819.6,False,LONG,0.26,NEUTRAL,0.30374,0.5,0.5,NONE,6.0,CHOPPY,CHOPPY,range,0.5839,0.000316,-0.794872,-0.841828,-0.841828,2.6,1.0,4.7367,0.6275,0.0,False,True,open_interest_missing,
576,1701429420000,39831.2,False,LONG,0.16,NEUTRAL,0.290618,0.5,0.5,NONE,6.0,RANGING,RANGING,range,0.5839,0.000156,-0.869565,0.345652,0.345652,1.6,1.0,5.0373,0.7155,0.0,False,True,open_interest_missing,
577,1701429480000,39819.0,False,HOLD,0.07,NEUTRAL,0.281433,0.5,0.5,NONE,5.0,RANGING,RANGING,range,0.5839,0.000261,-0.902439,-0.965854,-0.965854,0.7,0.0,4.0929,0.6542,0.0,False,True,open_interest_missing,
578,1701429540000,39820.8,False,HOLD,0.0,NEUTRAL,0.275003,0.5,0.5,NONE,5.0,CHOPPY,CHOPPY,range,0.5839,0.000264,0.012658,-0.595563,-0.595563,0.0,0.0,3.6478,0.6534,0.0,False,True,open_interest_missing,
579,1701429600000,39795.4,False,HOLD,0.11,NEUTRAL,0.270502,0.5,0.5,NONE,5.0,RANGING,RANGING,range,0.5839,0.000477,-0.902439,0.297003,0.297003,1.1,0.0,4.1109,0.7319,0.0,False,True,open_interest_missing,
580,1701429660000,39819.6,False,HOLD,0.16,NEUTRAL,0.267352,0.5,0.5,NONE,4.0,RANGING,RANGING,range,0.5839,0.000319,-0.860465,0.151932,0.151932,1.6,0.0,2.6228,0.6848,0.0,False,True,open_interest_missing,
581,1701429720000,39843.1,False,LONG,0.18,NEUTRAL,0.284646,0.5,0.5,NONE,4.0,RANGING,RANGING,range,0.5839,0.000585,-0.333333,0.25479,0.25479,1.8,1.0,3.3698,0.6594,0.0,False,True,open_interest_missing,
582,1701429780000,39852.0,False,LONG,0.07,NEUTRAL,0.296752,0.5,0.5,NONE,5.0,RANGING,RANGING,range,0.5839,0.000163,0.5,0.531486,0.531486,0.7,1.0,4.1187,0.645,0.0,False,True,open_interest_missing,
583,1701429840000,39821.0,False,HOLD,0.07,NEUTRAL,0.305227,0.5,0.5,NONE,5.0,RANGING,RANGING,range,0.5839,0.000612,-0.851852,-0.948148,-0.948148,0.7,0.0,4.0626,0.6694,0.0,False,True,open_interest_missing,
584,1701429900000,39821.7,False,HOLD,0.11,NEUTRAL,0.311159,0.5,0.5,NONE,5.0,COMPRESSION,COMPRESSION,range,0.5839,0.000635,-0.862069,0.348276,0.348276,1.1,0.0,4.1542,0.7436,0.0,False,True,open_interest_missing,
585,1701429960000,39811.0,False,HOLD,0.07,NEUTRAL,0.295811,0.5,0.5,NONE,5.0,CHOPPY,CHOPPY,range,0.5839,2.3e-05,-0.970803,-0.989781,-0.989781,0.7,0.0,3.0327,0.6626,0.0,False,True,open_interest_missing,
586,1701430020000,39808.1,False,SHORT,0.16,NEUTRAL,0.304568,0.5,0.5,NONE,4.0,CHOPPY,CHOPPY,range,0.5839,0.000568,0.882353,-0.062473,-0.062473,1.6,-1.0,2.4756,0.5804,0.0,False,True,open_interest_missing,
587,1701430080000,39808.8,False,HOLD,0.07,NEUTRAL,0.310697,0.5,0.5,NONE,3.0,CHOPPY,CHOPPY,range,0.5839,0.000557,0.875,0.318783,0.318783,0.7,0.0,1.3729,0.5404,0.0,False,True,open_interest_missing,
588,1701430140000,39842.4,False,HOLD,0.16,NEUTRAL,0.314988,0.5,0.5,NONE,5.0,CHOPPY,CHOPPY,range,0.5839,0.000542,-0.764706,0.382353,0.382353,1.6,0.0,4.1698,0.7459,0.0,False,True,open_interest_missing,
589,1701430200000,39842.4,False,HOLD,0.16,NEUTRAL,0.298492,0.5,0.5,NONE,5.0,CHOPPY,CHOPPY,range,0.5675,0.000542,-0.902439,0.334146,0.334146,1.6,0.0,4.1665,0.7452,0.0,False,True,open_interest_missing,
590,1701430260000,39842.4,False,HOLD,0.09,NEUTRAL,0.286944,0.5,0.5,NONE,5.0,COMPRESSION,COMPRESSION,range,0.5675,0.00054,-0.085714,0.62,0.62,0.9,0.0,4.0173,0.745,0.0,False,True,open_interest_missing,
591,1701430320000,39837.0,False,HOLD,0.07,NEUTRAL,0.298361,0.5,0.5,NONE,5.0,COMPRESSION,COMPRESSION,range,0.5675,0.000138,-0.333333,-0.766667,-0.766667,0.7,0.0,3.9224,0.6672,0.0,False,True,open_interest_missing,
592,1701430380000,39800.0,False,SHORT,0.14,NEUTRAL,0.306353,0.5,0.5,NONE,3.0,CHOPPY,CHOPPY,range,0.5675,0.000542,-0.897436,-0.288211,-0.288211,1.4,-1.0,1.3987,0.5441,0.0,False,True,open_interest_missing,
593,1701430440000,39850.6,False,LONG,0.14,NEUTRAL,0.311947,0.5,0.5,NONE,5.0,CHOPPY,CHOPPY,range,0.5675,0.000409,0.888889,0.961111,0.961111,1.4,1.0,4.1284,0.7436,0.0,False,True,open_interest_missing,
594,1701430500000,39850.6,False,HOLD,0.16,NEUTRAL,0.315863,0.5,0.5,NONE,5.0,CHOPPY,CHOPPY,range,0.5675,0.000449,-0.809524,0.366667,0.366667,1.6,0.0,4.1913,0.7623,0.0,True,True,open_interest_missing,
595,1701430560000,39846.5,False,HOLD,0.09,NEUTRAL,0.318604,0.5,0.5,NONE,5.0,CHOPPY,CHOPPY,range,0.5675,4.3e-05,-0.142857,0.24204,0.24204,0.9,0.0,4.0566,0.6573,0.0,True,True,open_interest_missing,
596,1701430620000,39872.0,False,HOLD,0.11,NEUTRAL,0.301023,0.5,0.5,NONE,5.0,CHOPPY,CHOPPY,range,0.5675,0.00064,0.935484,-0.297567,-0.297567,1.1,0.0,4.0485,0.6719,0.0,True,True,open_interest_missing,
597,1701430680000,39861.8,False,HOLD,0.11,NEUTRAL,0.308216,0.5,0.5,NONE,5.0,CHOPPY,CHOPPY,range,0.5675,0.000512,-0.333333,0.533333,0.533333,1.1,0.0,4.0117,0.7657,0.0,True,True,open_interest_missing,
598,1701430740000,39846.6,False,HOLD,0.11,NEUTRAL,0.313251,0.5,0.5,NONE,4.0,CHOPPY,CHOPPY,range,0.5675,0.000449,0.333333,-0.394018,-0.394018,1.1,0.0,2.6519,0.6495,0.0,True,True,open_interest_missing,
599,1701430800000,39871.9,False,HOLD,0.16,NEUTRAL,0.316776,0.5,0.5,NONE,4.0,CHOPPY,CHOPPY,range,0.5675,0.000161,0.2,-0.38493,-0.38493,1.6,0.0,3.4561,0.6009,0.0,False,True,open_interest_missing,
600,1701430860000,39859.2,False,HOLD,0.11,NEUTRAL,0.299743,0.5,0.5,NONE,4.0,CHOPPY,CHOPPY,range,0.5675,0.00063,-0.75,0.258959,0.258959,1.1,0.0,3.8124,0.7101,0.0,False,True,open_interest_missing,
601,1701430980000,39846.5,False,SHORT,0.26,NEUTRAL,0.30732,0.5,0.5,NONE,5.0,RANGING,RANGING,range,0.5675,9e-05,-0.931034,-0.975862,-0.975862,2.6,-1.0,4.1405,0.6732,0.0,False,True,open_interest_missing,
602,1701431040000,39831.3,False,SHORT,0.14,NEUTRAL,0.293124,0.5,0.5,NONE,4.0,CHOPPY,CHOPPY,range,0.5675,0.000166,-0.318801,-0.76158,-0.76158,1.4,-1.0,2.7898,0.6749,0.0,False,True,open_interest_missing,
603,1701431100000,39799.5,False,SHORT,0.14,NEUTRAL,0.283187,0.5,0.5,NONE,4.0,CHOPPY,CHOPPY,range,0.5603,0.000151,-0.99361,-0.997764,-0.997764,1.4,-1.0,3.1187,0.7372,0.0,True,True,open_interest_missing,
604,1701431160000,39820.8,False,HOLD,0.16,NEUTRAL,0.295731,0.5,0.5,NONE,4.0,RANGING,RANGING,range,0.5603,0.00048,-0.555556,0.238883,0.238883,1.6,0.0,2.5797,0.7447,0.0,True,True,open_interest_missing,
605,1701431220000,39832.9,False,SHORT,0.19,NEUTRAL,0.304512,0.5,0.5,NONE,4.0,CHOPPY,CHOPPY,range,0.5603,0.000236,0.2,0.708293,0.708293,1.9,-1.0,2.7979,0.8117,0.0,True,True,open_interest_missing,
606,1701431280000,39826.9,False,HOLD,0.11,NEUTRAL,0.310658,0.5,0.5,NONE,4.0,RANGING,RANGING,range,0.5603,0.000319,-0.333333,0.533333,0.533333,1.1,0.0,3.0509,0.804,0.0,True,True,open_interest_missing,
607,1701431340000,39830.3,False,HOLD,0.11,NEUTRAL,0.314961,0.5,0.5,NONE,5.0,RANGING,RANGING,range,0.5603,0.000472,-0.2,0.58,0.58,1.1,0.0,4.1305,0.7969,0.0,True,True,open_interest_missing,
608,1701431400000,39832.0,False,HOLD,0.05,NEUTRAL,0.317972,0.5,0.5,NONE,4.0,RANGING,RANGING,range,0.5603,0.000557,0.0,0.65,0.65,0.5,0.0,2.6742,0.7489,0.0,False,True,open_interest_missing,
609,1701431460000,39836.2,False,LONG,0.12,NEUTRAL,0.320081,0.5,0.5,NONE,4.0,RANGING,RANGING,range,0.5603,0.000389,0.0,0.65,0.65,1.2,1.0,2.6774,0.7445,0.0,False,True,open_interest_missing,
610,1701431580000,39802.0,False,SHORT,0.14,NEUTRAL,0.302057,0.5,0.5,NONE,5.0,CHOPPY,CHOPPY,range,0.5603,0.000201,-0.993597,-0.952907,-0.952907,1.4,-1.0,4.0501,0.6607,0.0,False,True,open_interest_missing,
611,1701431640000,39802.0,False,HOLD,0.16,NEUTRAL,0.30894,0.5,0.5,NONE,5.0,RANGING,RANGING,range,0.5603,0.00047,0.862069,-0.348276,-0.348276,1.6,0.0,4.1656,0.6745,0.0,False,True,open_interest_missing,
612,1701431700000,39787.6,False,SHORT,0.14,NEUTRAL,0.313758,0.5,0.5,NONE,4.0,RANGING,RANGING,range,0.5603,0.000158,0.333333,0.271578,0.271578,1.4,-1.0,3.5762,0.585,0.0,False,True,open_interest_missing,
613,1701431760000,39806.6,False,HOLD,0.11,NEUTRAL,0.29763,0.5,0.5,NONE,5.0,RANGING,RANGING,range,0.5603,0.000465,-0.291667,0.547917,0.547917,1.1,0.0,4.0853,0.7457,0.0,False,True,open_interest_missing,
614,1701431940000,39806.6,False,HOLD,0.07,NEUTRAL,0.305841,0.5,0.5,NONE,4.0,RANGING,RANGING,range,0.5603,0.000467,-0.333333,-0.546621,-0.546621,0.7,0.0,3.3651,0.603,0.0,False,True,open_interest_missing,
615,1701432000000,39808.0,False,HOLD,0.11,NEUTRAL,0.311589,0.5,0.5,NONE,4.0,CHOPPY,CHOPPY,manipulation,0.824,0.000281,-0.5,0.475,0.475,1.1,0.0,3.0891,0.743,0.0,False,True,open_interest_missing,
616,1701432060000,39825.2,False,LONG,0.07,NEUTRAL,0.315612,0.5,0.5,NONE,4.0,RANGING,RANGING,manipulation,0.824,0.000424,0.875,0.95625,0.95625,0.7,1.0,3.0428,0.7331,0.0,False,True,open_interest_missing,
617,1701432120000,39824.0,False,HOLD,0.02,NEUTRAL,0.318429,0.5,0.5,NONE,2.0,RANGING,RANGING,manipulation,0.824,0.000324,0.333333,0.116772,0.116772,0.2,0.0,1.207,0.5337,0.0,False,True,open_interest_missing,
618,1701432180000,39866.7,False,LONG,0.18,NEUTRAL,0.3204,0.5,0.5,NONE,4.0,CHOPPY,CHOPPY,manipulation,0.824,8e-05,-0.5,0.475,0.475,1.8,1.0,3.0834,0.7365,0.0,False,True,open_interest_missing,
619,1701432240000,39846.4,False,HOLD,0.07,NEUTRAL,0.32178,0.5,0.5,NONE,4.0,CHOPPY,CHOPPY,manipulation,0.824,0.000507,-0.866667,-0.953333,-0.953333,0.7,0.0,3.0435,0.6727,0.0,False,True,open_interest_missing,
620,1701432300000,39845.4,False,HOLD,0.11,NEUTRAL,0.303246,0.5,0.5,NONE,4.0,CHOPPY,CHOPPY,manipulation,0.824,0.000605,-0.983871,0.305645,0.305645,1.1,0.0,3.0908,0.7494,0.0,False,True,open_interest_missing,
621,1701432480000,39807.6,False,SHORT,0.14,NEUTRAL,0.290272,0.5,0.5,NONE,4.0,RANGING,RANGING,manipulation,0.824,0.000203,-0.962264,-0.94195,-0.94195,1.4,-1.0,4.0871,0.6558,0.0,False,True,open_interest_missing,
622,1701432540000,39801.7,False,SHORT,0.07,NEUTRAL,0.281191,0.5,0.5,NONE,4.0,CHOPPY,CHOPPY,manipulation,0.824,0.000327,0.050847,-0.632203,-0.632203,0.7,-1.0,2.9314,0.6725,0.0,False,True,open_interest_missing,
623,1701432600000,39795.2,False,SHORT,0.07,NEUTRAL,0.274834,0.5,0.5,NONE,5.0,CHOPPY,CHOPPY,manipulation,0.824,0.000349,-0.327485,-0.645211,-0.645211,0.7,-1.0,4.9381,0.7734,0.0,True,True,open_interest_missing,
624,1701432660000,39795.2,False,HOLD,0.05,NEUTRAL,0.289883,0.5,0.5,NONE,4.0,CHOPPY,CHOPPY,manipulation,0.824,0.000121,0.0,-0.65,-0.65,0.5,0.0,4.0214,0.8099,0.0,True,True,open_interest_missing,
625,1701432720000,39786.3,False,HOLD,0.11,NEUTRAL,0.280918,0.5,0.5,NONE,4.0,CHOPPY,CHOPPY,manipulation,0.824,0.000221,0.3125,-0.540625,-0.540625,1.1,0.0,4.3117,0.7733,0.0,True,True,open_interest_missing,
626,1701432840000,39759.4,False,HOLD,0.0,NEUTRAL,0.5,0.5,0.5,NONE,0.0,CHOPPY,CHOPPY,range,0.0,0.0,0.0,0.0,0.0,0.0,0.0,0.0,0.0,0.0,False,False,run_all_engines_error,
627,1701432900000,39757.7,False,SHORT,0.07,NEUTRAL,0.3034,0.5,0.5,NONE,4.0,CHOPPY,CHOPPY,manipulation,0.9992,0.000641,-0.885714,-0.439834,-0.439834,0.7,-1.0,3.7305,0.5717,0.0,True,True,open_interest_missing,
628,1701432960000,39749.6,False,HOLD,0.0,NEUTRAL,0.5,0.5,0.5,NONE,0.0,CHOPPY,CHOPPY,range,0.0,0.0,0.0,0.0,0.0,0.0,0.0,0.0,0.0,0.0,False,False,run_all_engines_error,
629,1701433080000,39738.8,False,SHORT,0.12,NEUTRAL,0.314416,0.5,0.5,NONE,4.0,RANGING,RANGING,manipulation,0.9992,5.5e-05,0.0,-0.62346,-0.62346,1.2,-1.0,3.9028,0.7631,0.0,True,True,open_interest_missing,
630,1701433140000,39738.3,False,HOLD,0.0,NEUTRAL,0.5,0.5,0.5,NONE,0.0,CHOPPY,CHOPPY,range,0.0,0.0,0.0,0.0,0.0,0.0,0.0,0.0,0.0,0.0,False,False,run_all_engines_error,
631,1701433200000,39728.8,False,SHORT,0.18,NEUTRAL,0.319814,0.5,0.5,NONE,4.0,RANGING,RANGING,manipulation,0.9992,5e-06,0.2,-0.568543,-0.568543,1.8,-1.0,4.1148,0.7067,0.0,True,True,open_interest_missing,
632,1701433260000,39705.4,False,SHORT,0.14,NEUTRAL,0.32137,0.5,0.5,NONE,4.0,RANGING,RANGING,manipulation,0.9992,0.000111,-0.2,-0.656179,-0.656179,1.4,-1.0,3.785,0.675,0.0,True,True,open_interest_missing,
633,1701433320000,39717.2,False,HOLD,0.07,NEUTRAL,0.322459,0.5,0.5,NONE,5.0,COMPRESSION,COMPRESSION,manipulation,0.9992,0.00032,0.333333,0.681938,0.681938,0.7,0.0,5.2891,0.7187,0.0,True,True,open_interest_missing,
634,1701433380000,39705.5,False,HOLD,0.16,NEUTRAL,0.323221,0.5,0.5,NONE,4.0,CHOPPY,CHOPPY,manipulation,0.9992,0.00064,-0.764706,0.09809,0.09809,1.6,0.0,3.6122,0.6757,0.0,True,True,open_interest_missing,
635,1701433440000,39742.6,False,HOLD,0.16,NEUTRAL,0.304255,0.5,0.5,NONE,4.0,COMPRESSION,COMPRESSION,manipulation,0.9992,0.000377,-0.775,0.37875,0.37875,1.6,0.0,3.1371,0.7223,0.0,True,True,open_interest_missing,
636,1701433500000,39729.2,False,HOLD,0.11,NEUTRAL,0.290978,0.5,0.5,NONE,4.0,COMPRESSION,COMPRESSION,manipulation,0.9992,0.000551,-0.979058,0.30733,0.30733,1.1,0.0,3.0812,0.7005,0.0,False,True,open_interest_missing,
637,1701433560000,39762.0,False,LONG,0.3,NEUTRAL,0.301185,0.5,0.5,NONE,4.0,RANGING,RANGING,manipulation,0.9992,0.000158,-0.25,0.558693,0.558693,3.0,1.0,3.0064,0.6706,0.0,False,True,open_interest_missing,
638,1701433620000,39762.2,False,HOLD,0.07,NEUTRAL,0.28883,0.5,0.5,NONE,4.0,COMPRESSION,COMPRESSION,manipulation,0.9992,0.000415,-0.989796,-0.996429,-0.996429,0.7,0.0,3.1024,0.5949,0.0,False,True,open_interest_missing,
639,1701433680000,39769.6,False,SHORT,0.19,NEUTRAL,0.299681,0.5,0.5,NONE,3.0,CHOPPY,CHOPPY,manipulation,0.9992,0.000128,0.333333,0.761488,0.761488,1.9,-1.0,2.8586,0.6648,0.0,False,True,open_interest_missing,
640,1701433740000,39758.3,False,HOLD,0.05,NEUTRAL,0.307276,0.5,0.5,NONE,3.0,CHOPPY,CHOPPY,manipulation,0.9992,0.000302,0.0,0.65,0.65,0.5,0.0,2.7432,0.674,0.0,False,True,open_interest_missing,
641,1701433800000,39769.6,False,HOLD,0.11,NEUTRAL,0.312594,0.5,0.5,NONE,5.0,CHOPPY,CHOPPY,trend,0.6244,0.000307,0.333333,-0.438769,-0.438769,1.1,0.0,2.7382,0.5566,0.0,False,True,open_interest_missing,
642,1701433860000,39781.8,False,HOLD,0.16,NEUTRAL,0.296816,0.5,0.5,NONE,4.0,CHOPPY,CHOPPY,trend,0.6244,0.000445,0.928571,0.072362,0.072362,1.6,0.0,2.1977,0.4545,0.0,False,True,open_interest_missing,
643,1701433920000,39788.0,False,HOLD,0.07,NEUTRAL,0.285771,0.5,0.5,NONE,5.0,RANGING,RANGING,trend,0.6244,0.000528,0.913043,0.969565,0.969565,0.7,0.0,3.0194,0.7496,0.0,False,True,open_interest_missing,
644,1701433980000,39788.0,False,HOLD,0.11,NEUTRAL,0.29754,0.5,0.5,NONE,5.0,RANGING,RANGING,trend,0.6244,0.00046,-0.625,0.43125,0.43125,1.1,0.0,4.1757,0.7496,0.0,False,True,open_interest_missing,
645,1701434040000,39769.5,False,HOLD,0.07,NEUTRAL,0.305778,0.5,0.5,NONE,4.0,RANGING,RANGING,trend,0.6244,0.00044,0.4,0.105865,0.105865,0.7,0.0,2.3499,0.4534,0.0,False,True,open_interest_missing,
646,1701434100000,39731.2,False,SHORT,0.07,NEUTRAL,0.292044,0.5,0.5,NONE,4.0,RANGING,RANGING,trend,0.6244,0.000606,-0.919283,-0.596146,-0.596146,0.7,-1.0,2.0352,0.513,0.0,False,True,open_interest_missing,
647,1701434160000,39731.0,False,HOLD,0.11,NEUTRAL,0.301931,0.5,0.5,NONE,5.0,RANGING,RANGING,trend,0.6244,0.00032,-0.636364,0.427273,0.427273,1.1,0.0,3.0119,0.6988,0.0,False,True,open_interest_missing,
648,1701434220000,39756.5,False,HOLD,0.16,NEUTRAL,0.308852,0.5,0.5,NONE,5.0,RANGING,RANGING,trend,0.6244,0.000108,-0.875,0.34375,0.34375,1.6,0.0,3.0311,0.7408,0.0,False,True,open_interest_missing,
649,1701434340000,39709.7,False,SHORT,0.14,NEUTRAL,0.294196,0.5,0.5,NONE,5.0,RANGING,RANGING,trend,0.6244,0.000279,-0.9819,-0.993665,-0.993665,1.4,-1.0,3.0298,0.6462,0.0,False,True,open_interest_missing,
650,1701434400000,39715.6,False,HOLD,0.11,NEUTRAL,0.303437,0.5,0.5,NONE,5.0,RANGING,RANGING,trend,0.6244,0.000249,-0.333333,0.533333,0.533333,1.1,0.0,3.1901,0.8889,0.0,True,True,open_interest_missing,
651,1701434460000,39650.9,False,SHORT,0.37,NEUTRAL,0.309906,0.5,0.5,NONE,5.0,COMPRESSION,COMPRESSION,trend,0.6244,0.000247,0.0,-0.361882,-0.361882,3.7,-1.0,3.9392,0.7183,0.0,True,True,open_interest_missing,
652,1701434520000,39617.4,False,LONG,0.23,NEUTRAL,0.314434,0.5,0.5,NONE,5.0,COMPRESSION,COMPRESSION,trend,0.6244,0.000219,0.333333,-0.382881,-0.382881,2.3,1.0,3.8611,0.7934,0.0,True,True,open_interest_missing,
653,1701434580000,39628.7,False,HOLD,0.07,NEUTRAL,0.317604,0.5,0.5,NONE,5.0,COMPRESSION,COMPRESSION,trend,0.6244,0.000278,0.2,0.697774,0.697774,0.7,0.0,3.9653,0.8978,0.0,True,True,open_interest_missing,
654,1701434640000,39594.6,False,HOLD,0.0,NEUTRAL,0.5,0.5,0.5,NONE,0.0,CHOPPY,CHOPPY,range,0.0,0.0,0.0,0.0,0.0,0.0,0.0,0.0,0.0,0.0,False,False,run_all_engines_error,
655,1701434700000,39615.4,False,HOLD,0.07,NEUTRAL,0.288226,0.5,0.5,NONE,4.0,COMPRESSION,COMPRESSION,manipulation,0.8426,0.000215,0.698113,0.513359,0.513359,0.7,0.0,3.1907,0.7308,0.0,True,True,open_interest_missing,
656,1701434760000,39628.0,False,HOLD,0.09,NEUTRAL,0.299258,0.5,0.5,NONE,4.0,COMPRESSION,COMPRESSION,manipulation,0.8426,0.000207,-0.142857,0.545831,0.545831,0.9,0.0,4.005,0.8207,0.0,True,True,open_interest_missing,
657,1701434820000,39596.4,False,SHORT,0.23,NEUTRAL,0.287481,0.5,0.5,NONE,4.0,COMPRESSION,COMPRESSION,manipulation,0.8426,0.000381,-0.447059,0.252364,0.252364,2.3,-1.0,3.7204,0.7804,0.0,True,True,open_interest_missing,
658,1701434880000,39608.2,False,HOLD,0.05,NEUTRAL,0.298737,0.5,0.5,NONE,4.0,COMPRESSION,COMPRESSION,manipulation,0.8426,0.000202,0.0,-0.293227,-0.293227,0.5,0.0,3.8951,0.6695,0.0,True,True,open_interest_missing,
659,1701434940000,39577.7,False,HOLD,0.11,NEUTRAL,0.306616,0.5,0.5,NONE,5.0,COMPRESSION,COMPRESSION,manipulation,0.8426,0.00045,0.333333,-0.533333,-0.533333,1.1,0.0,4.2737,0.7628,0.0,True,True,open_interest_missing,
660,1701435000000,39540.0,False,HOLD,0.0,NEUTRAL,0.5,0.5,0.5,NONE,0.0,CHOPPY,CHOPPY,range,0.0,0.0,0.0,0.0,0.0,0.0,0.0,0.0,0.0,0.0,False,False,run_all_engines_error,
661,1701435060000,39520.2,False,HOLD,0.0,NEUTRAL,0.5,0.5,0.5,NONE,0.0,CHOPPY,CHOPPY,range,0.0,0.0,0.0,0.0,0.0,0.0,0.0,0.0,0.0,0.0,False,False,run_all_engines_error,
662,1701435120000,39529.1,False,SHORT,0.23,NEUTRAL,0.318694,0.5,0.5,NONE,4.0,COMPRESSION,COMPRESSION,manipulation,0.8426,0.000594,0.2,-0.085786,-0.085786,2.3,-1.0,4.0419,0.5914,0.0,True,True,open_interest_missing,
663,1701435180000,39486.3,False,SHORT,0.23,NEUTRAL,0.320586,0.5,0.5,NONE,4.0,COMPRESSION,COMPRESSION,manipulation,0.8426,0.000686,-0.9,0.115619,0.115619,2.3,-1.0,3.8547,0.7792,0.0,True,True,open_interest_missing,
664,1701435240000,39513.7,False,HOLD,0.07,NEUTRAL,0.32191,0.5,0.5,NONE,4.0,COMPRESSION,COMPRESSION,manipulation,0.8426,0.000891,0.941176,0.921001,0.921001,0.7,0.0,4.1165,0.8126,0.0,True,True,open_interest_missing,
665,1701435300000,39550.0,False,HOLD,0.16,NEUTRAL,0.303337,0.5,0.5,NONE,4.0,COMPRESSION,COMPRESSION,manipulation,0.8426,0.000228,-0.943089,-0.005006,-0.005006,1.6,0.0,2.5274,0.7014,0.0,True,True,open_interest_missing,
666,1701435360000,39513.7,False,HOLD,0.11,NEUTRAL,0.290336,0.5,0.5,NONE,5.0,COMPRESSION,COMPRESSION,manipulation,0.8426,0.0002,-0.991111,0.263433,0.263433,1.1,0.0,4.2363,0.8141,0.0,True,True,open_interest_missing,
667,1701435420000,39558.8,False,LONG,0.14,NEUTRAL,0.300735,0.5,0.5,NONE,4.0,COMPRESSION,COMPRESSION,manipulation,0.8426,0.000645,0.891892,0.962162,0.962162,1.4,1.0,3.1554,0.7978,0.0,True,True,open_interest_missing,
668,1701435480000,39528.4,False,HOLD,0.07,NEUTRAL,0.308015,0.5,0.5,NONE,4.0,COMPRESSION,COMPRESSION,manipulation,0.8426,0.000645,-0.891892,-0.930712,-0.930712,0.7,0.0,3.0529,0.7336,0.0,True,True,open_interest_missing,
669,1701435540000,39541.5,False,HOLD,0.11,NEUTRAL,0.29361,0.5,0.5,NONE,4.0,COMPRESSION,COMPRESSION,manipulation,0.8426,0.000637,-0.960784,0.159796,0.159796,1.1,0.0,2.9588,0.7635,0.0,True,True,open_interest_missing,
670,1701435600000,39549.9,False,HOLD,0.02,NEUTRAL,0.303027,0.5,0.5,NONE,3.0,COMPRESSION,COMPRESSION,manipulation,0.9544,0.000324,0.333333,0.294119,0.294119,0.2,0.0,2.7755,0.5558,0.0,False,True,open_interest_missing,
671,1701435660000,39561.7,False,HOLD,0.16,NEUTRAL,0.309619,0.5,0.5,NONE,4.0,COMPRESSION,COMPRESSION,manipulation,0.9544,0.000591,-0.875,0.34375,0.34375,1.6,0.0,3.0917,0.6916,0.0,False,True,open_interest_missing,
672,1701435780000,39594.6,False,LONG,0.34,NEUTRAL,0.314233,0.5,0.5,NONE,4.0,COMPRESSION,COMPRESSION,manipulation,0.9544,0.000328,-0.142857,0.6,0.6,3.4,1.0,2.9882,0.7296,0.0,False,True,open_interest_missing,
673,1701435840000,39564.8,False,HOLD,0.11,NEUTRAL,0.317463,0.5,0.5,NONE,3.0,COMPRESSION,COMPRESSION,manipulation,0.9544,0.000106,0.2,-0.060139,-0.060139,1.1,0.0,1.6745,0.515,0.0,False,True,open_interest_missing,
674,1701435900000,39547.0,False,HOLD,0.07,NEUTRAL,0.319724,0.5,0.5,NONE,2.0,COMPRESSION,COMPRESSION,manipulation,0.9544,0.000324,0.333333,0.116971,0.116971,0.7,0.0,1.2164,0.5291,0.0,False,True,open_interest_missing,
675,1701435960000,39570.8,False,HOLD,0.16,NEUTRAL,0.321307,0.5,0.5,NONE,4.0,COMPRESSION,COMPRESSION,manipulation,0.9544,0.000281,-0.941176,0.320588,0.320588,1.6,0.0,3.1142,0.7459,0.0,False,True,open_interest_missing,
676,1701436020000,39562.9,False,HOLD,0.07,NEUTRAL,0.322415,0.5,0.5,NONE,3.0,COMPRESSION,COMPRESSION,manipulation,0.9544,0.000617,-0.931034,-0.511398,-0.511398,0.7,0.0,3.0364,0.499,0.0,False,True,open_interest_missing,
677,1701436080000,39571.9,False,HOLD,0.16,NEUTRAL,0.32319,0.5,0.5,NONE,5.0,COMPRESSION,COMPRESSION,manipulation,0.9544,0.000275,-0.818182,0.363636,0.363636,1.6,0.0,4.24,0.7444,0.0,False,True,open_interest_missing,
678,1701436140000,39564.8,False,HOLD,0.11,NEUTRAL,0.304233,0.5,0.5,NONE,4.0,COMPRESSION,COMPRESSION,manipulation,0.9544,0.000541,0.906977,-0.332558,-0.332558,1.1,0.0,3.1096,0.6749,0.0,False,True,open_interest_missing,
679,1701436200000,39552.3,False,SHORT,0.23,NEUTRAL,0.310463,0.5,0.5,NONE,4.0,COMPRESSION,COMPRESSION,manipulation,0.9544,0.0002,-0.333333,0.311928,0.311928,2.3,-1.0,3.6066,0.6706,0.0,False,True,open_interest_missing,
680,1701436260000,39528.0,False,SHORT,0.11,NEUTRAL,0.314824,0.5,0.5,NONE,3.0,COMPRESSION,COMPRESSION,manipulation,0.9544,0.000339,-0.5,0.217806,0.217806,1.1,-1.0,2.4327,0.6707,0.0,False,True,open_interest_missing,
681,1701436320000,39543.4,False,HOLD,0.07,NEUTRAL,0.298377,0.5,0.5,NONE,3.0,COMPRESSION,COMPRESSION,manipulation,0.9544,0.000498,-0.752137,-0.443711,-0.443711,0.7,0.0,1.8195,0.5268,0.0,False,True,open_interest_missing,
682,1701436380000,39500.8,False,SHORT,0.07,NEUTRAL,0.306364,0.5,0.5,NONE,5.0,RANGING,RANGING,manipulation,0.9544,0.000751,-0.8,-0.915869,-0.915869,0.7,-1.0,4.0928,0.6465,0.0,False,True,open_interest_missing,
683,1701436440000,39512.5,False,HOLD,0.07,NEUTRAL,0.311955,0.5,0.5,NONE,3.0,CHOPPY,CHOPPY,manipulation,0.9544,0.00045,0.619048,0.471186,0.471186,0.7,0.0,3.0993,0.5946,0.0,False,True,open_interest_missing,
684,1701436500000,39500.9,False,HOLD,0.16,NEUTRAL,0.315868,0.5,0.5,NONE,5.0,CHOPPY,CHOPPY,trend,0.5818,0.000321,0.862069,-0.348276,-0.348276,1.6,0.0,4.151,0.6496,0.0,False,True,open_interest_missing,
685,1701436560000,39501.3,False,HOLD,0.16,NEUTRAL,0.318608,0.5,0.5,NONE,4.0,CHOPPY,CHOPPY,trend,0.5818,0.000321,0.809524,-0.066593,-0.066593,1.6,0.0,3.5055,0.5575,0.0,False,True,open_interest_missing,
686,1701436620000,39540.0,False,HOLD,0.07,NEUTRAL,0.320525,0.5,0.5,NONE,4.0,CHOPPY,CHOPPY,trend,0.5818,0.000496,0.578947,0.852632,0.852632,0.7,0.0,3.9897,0.7494,0.0,False,True,open_interest_missing,
687,1701436740000,39564.9,False,LONG,0.14,NEUTRAL,0.321868,0.5,0.5,NONE,4.0,CHOPPY,CHOPPY,trend,0.5818,0.000273,0.333333,0.766667,0.766667,1.4,1.0,2.7952,0.7498,0.0,False,True,open_interest_missing,
688,1701436800000,39582.6,False,LONG,0.14,NEUTRAL,0.322807,0.5,0.5,NONE,3.0,CHOPPY,CHOPPY,trend,0.5818,0.000328,-0.333333,-0.561854,-0.561854,1.4,1.0,2.2891,0.6095,0.0,False,True,open_interest_missing,
689,1701436860000,39563.1,False,HOLD,0.07,NEUTRAL,0.303965,0.5,0.5,NONE,4.0,CHOPPY,CHOPPY,trend,0.5818,0.000321,-0.894737,-0.869818,-0.869818,0.7,0.0,2.7605,0.6269,0.0,False,True,open_interest_missing,
690,1701437040000,39634.4,False,LONG,0.14,NEUTRAL,0.290776,0.5,0.5,NONE,4.0,RANGING,RANGING,trend,0.5818,0.000318,0.994135,0.997947,0.997947,1.4,1.0,4.0935,0.7458,0.0,False,True,open_interest_missing,
691,1701437100000,39644.6,False,LONG,0.14,NEUTRAL,0.301043,0.5,0.5,NONE,4.0,RANGING,RANGING,trend,0.5818,0.000141,-0.84,-0.366063,-0.366063,1.4,1.0,3.535,0.577,0.0,True,True,open_interest_missing,
692,1701437160000,39610.6,False,HOLD,0.07,NEUTRAL,0.30823,0.5,0.5,NONE,3.0,RANGING,RANGING,trend,0.5818,0.000641,-0.916667,-0.537281,-0.537281,0.7,0.0,3.0898,0.6516,0.0,True,True,open_interest_missing,
693,1701437220000,39596.4,False,HOLD,0.16,NEUTRAL,0.293761,0.5,0.5,NONE,5.0,RANGING,RANGING,trend,0.5818,0.000492,0.875,-0.34375,-0.34375,1.6,0.0,4.3046,0.7871,0.0,True,True,open_interest_missing,
694,1701437280000,39590.8,False,HOLD,0.07,NEUTRAL,0.303133,0.5,0.5,NONE,5.0,RANGING,RANGING,trend,0.5818,0.000114,-0.885714,-0.96,-0.96,0.7,0.0,4.2591,0.783,0.0,True,True,open_interest_missing,
695,1701437340000,39596.7,False,HOLD,0.16,NEUTRAL,0.290193,0.5,0.5,NONE,4.0,RANGING,RANGING,trend,0.5818,0.000179,0.904762,-0.333333,-0.333333,1.6,0.0,3.1798,0.7868,0.0,True,True,open_interest_missing,
696,1701437400000,39628.8,False,HOLD,0.16,NEUTRAL,0.281135,0.5,0.5,NONE,4.0,COMPRESSION,COMPRESSION,range,0.5551,0.000318,0.960784,0.049246,0.049246,1.6,0.0,2.2112,0.5446,0.0,False,True,open_interest_missing,
697,1701437460000,39644.8,False,LONG,0.41,NEUTRAL,0.294295,0.5,0.5,NONE,5.0,COMPRESSION,COMPRESSION,range,0.5551,0.00028,-0.882353,0.341176,0.341176,4.1,1.0,4.0982,0.7498,0.0,False,True,open_interest_missing,
698,1701437520000,39616.0,False,HOLD,0.07,NEUTRAL,0.284006,0.5,0.5,NONE,6.0,COMPRESSION,COMPRESSION,range,0.5551,0.000225,0.333333,0.700047,0.700047,0.7,0.0,4.7684,0.7211,0.0,False,True,open_interest_missing,
699,1701437580000,39583.0,False,SHORT,0.14,NEUTRAL,0.296304,0.5,0.5,NONE,5.0,COMPRESSION,COMPRESSION,range,0.5551,0.000515,-0.733333,-0.906667,-0.906667,1.4,-1.0,2.9448,0.6724,0.0,False,True,open_interest_missing,
700,1701437700000,39609.5,False,HOLD,0.07,NEUTRAL,0.285413,0.5,0.5,NONE,5.0,COMPRESSION,COMPRESSION,range,0.5551,0.00026,0.813953,0.866455,0.866455,0.7,0.0,3.8974,0.7259,0.0,False,True,open_interest_missing,
701,1701437760000,39606.0,False,HOLD,0.11,NEUTRAL,0.297289,0.5,0.5,NONE,5.0,COMPRESSION,COMPRESSION,range,0.5551,0.000157,-0.777778,0.377778,0.377778,1.1,0.0,3.0094,0.7497,0.0,False,True,open_interest_missing,
702,1701437880000,39586.9,False,HOLD,0.07,NEUTRAL,0.286102,0.5,0.5,NONE,5.0,COMPRESSION,COMPRESSION,range,0.5551,3e-06,-0.998835,-0.983132,-0.983132,0.7,0.0,2.9891,0.6698,0.0,False,True,open_interest_missing,
703,1701437940000,39603.0,False,HOLD,0.07,NEUTRAL,0.278272,0.5,0.5,NONE,4.0,COMPRESSION,COMPRESSION,range,0.5551,0.000634,0.68,0.866342,0.866342,0.7,0.0,2.8373,0.7407,0.0,False,True,open_interest_missing,
704,1701438000000,39580.9,False,HOLD,0.16,NEUTRAL,0.27279,0.5,0.5,NONE,5.0,COMPRESSION,COMPRESSION,range,0.5551,0.000556,0.924528,-0.312797,-0.312797,1.6,0.0,3.0224,0.6695,0.0,False,True,open_interest_missing,
705,1701438240000,39635.0,False,LONG,0.36,NEUTRAL,0.288453,0.5,0.5,NONE,5.0,COMPRESSION,COMPRESSION,range,0.5551,0.00024,-0.333333,0.533333,0.533333,3.6,1.0,4.0963,0.744,0.0,False,True,open_interest_missing,
706,1701438300000,39617.7,False,HOLD,0.07,NEUTRAL,0.299417,0.5,0.5,NONE,5.0,CHOPPY,CHOPPY,trend,0.5215,0.000411,-0.333333,-0.766667,-0.766667,0.7,0.0,3.8965,0.663,0.0,False,True,open_interest_missing,
707,1701438360000,39616.9,False,HOLD,0.07,NEUTRAL,0.307092,0.5,0.5,NONE,5.0,CHOPPY,CHOPPY,trend,0.5215,0.000628,-0.555556,-0.844444,-0.844444,0.7,0.0,3.9759,0.6633,0.0,False,True,open_interest_missing,
708,1701438420000,39585.4,False,HOLD,0.07,NEUTRAL,0.292965,0.5,0.5,NONE,3.0,CHOPPY,CHOPPY,trend,0.5215,0.000136,-0.968992,-0.267,-0.267,0.7,0.0,1.4754,0.5478,0.0,False,True,open_interest_missing,
709,1701438480000,39565.0,False,SHORT,0.14,NEUTRAL,0.302575,0.5,0.5,NONE,4.0,RANGING,RANGING,trend,0.5215,0.000106,-0.6,-0.658532,-0.658532,1.4,-1.0,3.4965,0.6127,0.0,False,True,open_interest_missing,
710,1701438540000,39535.5,False,SHORT,0.19,NEUTRAL,0.289803,0.5,0.5,NONE,6.0,CHOPPY,CHOPPY,trend,0.5215,0.000541,-0.994924,-0.972401,-0.972401,1.9,-1.0,4.9596,0.6605,0.0,False,True,open_interest_missing,
711,1701438600000,39526.4,False,HOLD,0.16,NEUTRAL,0.280862,0.5,0.5,NONE,5.0,CHOPPY,CHOPPY,trend,0.5215,3e-06,0.956522,-0.238764,-0.238764,1.6,0.0,4.204,0.7598,0.0,True,True,open_interest_missing,
712,1701438660000,39526.4,False,HOLD,0.16,NEUTRAL,0.294103,0.5,0.5,NONE,5.0,CHOPPY,CHOPPY,trend,0.5215,0.000344,0.5,-0.186073,-0.186073,1.6,0.0,3.569,0.694,0.0,True,True,open_interest_missing,
713,1701438720000,39526.4,False,HOLD,0.16,NEUTRAL,0.303372,0.5,0.5,NONE,4.0,CHOPPY,CHOPPY,trend,0.5215,0.000278,0.764706,0.05098,0.05098,1.6,0.0,3.3,0.6488,0.0,True,True,open_interest_missing,
714,1701438780000,39513.7,False,HOLD,0.07,NEUTRAL,0.290361,0.5,0.5,NONE,5.0,CHOPPY,CHOPPY,trend,0.5215,0.000177,-0.411215,-0.773771,-0.773771,0.7,0.0,4.0257,0.7526,0.0,True,True,open_interest_missing,
715,1701438840000,39526.4,False,HOLD,0.16,NEUTRAL,0.281253,0.5,0.5,NONE,5.0,RANGING,RANGING,trend,0.5215,0.000321,-0.833333,0.24018,0.24018,1.6,0.0,4.12,0.8207,0.0,True,True,open_interest_missing,
716,1701438900000,39566.1,False,LONG,0.35,NEUTRAL,0.294377,0.5,0.5,NONE,5.0,RANGING,RANGING,trend,0.5215,0.000644,-0.894737,0.335728,0.335728,3.5,1.0,3.0233,0.7484,0.0,False,True,open_interest_missing,
717,1701438960000,39535.5,False,HOLD,0.07,NEUTRAL,0.284064,0.5,0.5,NONE,5.0,RANGING,RANGING,trend,0.5215,0.00023,-0.980769,-0.993269,-0.993269,0.7,0.0,2.9945,0.6681,0.0,False,True,open_interest_missing,
718,1701439020000,39548.0,False,HOLD,0.07,NEUTRAL,0.296345,0.5,0.5,NONE,4.0,RANGING,RANGING,trend,0.5215,0.000311,0.2,0.72,0.72,0.7,0.0,2.7425,0.7426,0.0,False,True,open_interest_missing,
719,1701439140000,39552.0,False,HOLD,0.07,NEUTRAL,0.304941,0.5,0.5,NONE,4.0,RANGING,RANGING,trend,0.5215,0.000402,0.5,0.541157,0.541157,0.7,0.0,2.1373,0.6509,0.0,False,True,open_interest_missing,
720,1701439200000,39552.0,False,LONG,0.23,NEUTRAL,0.291459,0.5,0.5,NONE,5.0,CHOPPY,CHOPPY,range,0.5633,0.000109,0.941748,-0.298819,-0.298819,2.3,1.0,3.1207,0.7446,0.0,True,True,open_interest_missing,
721,1701439320000,39552.0,False,HOLD,0.07,NEUTRAL,0.282021,0.5,0.5,NONE,6.0,CHOPPY,CHOPPY,range,0.5633,0.000111,0.980198,0.993069,0.993069,0.7,0.0,4.2652,0.8264,0.0,True,True,open_interest_missing,
722,1701439380000,39570.2,False,LONG,0.07,NEUTRAL,0.275415,0.5,0.5,NONE,5.0,CHOPPY,CHOPPY,range,0.5633,0.000445,-0.458333,-0.810417,-0.810417,0.7,1.0,2.9466,0.7623,0.0,True,True,open_interest_missing,
723,1701439440000,39552.0,False,HOLD,0.16,NEUTRAL,0.29029,0.5,0.5,NONE,5.0,CHOPPY,CHOPPY,range,0.5633,0.000324,0.846154,-0.353846,-0.353846,1.6,0.0,3.1473,0.7507,0.0,True,True,open_interest_missing,
724,1701439500000,39562.0,False,HOLD,0.11,NEUTRAL,0.281203,0.5,0.5,NONE,5.0,COMPRESSION,COMPRESSION,range,0.5633,0.000255,-0.48,0.482,0.482,1.1,0.0,3.1364,0.8263,0.0,True,True,open_interest_missing,
725,1701439560000,39529.8,False,SHORT,0.36,NEUTRAL,0.294342,0.5,0.5,NONE,6.0,COMPRESSION,COMPRESSION,range,0.5633,0.000324,0.733333,-0.393333,-0.393333,3.6,-1.0,4.2554,0.7603,0.0,True,True,open_interest_missing,
726,1701439620000,39454.7,False,HOLD,0.0,NEUTRAL,0.5,0.5,0.5,NONE,0.0,CHOPPY,CHOPPY,range,0.0,0.0,0.0,0.0,0.0,0.0,0.0,0.0,0.0,0.0,False,False,run_all_engines_error,
727,1701439680000,39452.9,False,HOLD,0.0,NEUTRAL,0.5,0.5,0.5,NONE,0.0,CHOPPY,CHOPPY,range,0.0,0.0,0.0,0.0,0.0,0.0,0.0,0.0,0.0,0.0,False,False,run_all_engines_error,
728,1701439740000,39474.2,False,HOLD,0.16,NEUTRAL,0.28543,0.5,0.5,NONE,6.0,CHOPPY,CHOPPY,range,0.5633,0.00022,-0.983193,0.305882,0.305882,1.6,0.0,4.2324,0.8354,0.0,True,True,open_interest_missing,
729,1701439800000,39449.6,False,HOLD,0.0,NEUTRAL,0.5,0.5,0.5,NONE,0.0,CHOPPY,CHOPPY,range,0.0,0.0,0.0,0.0,0.0,0.0,0.0,0.0,0.0,0.0,False,False,run_all_engines_error,
730,1701439860000,39446.7,False,HOLD,0.0,NEUTRAL,0.5,0.5,0.5,NONE,0.0,CHOPPY,CHOPPY,range,0.0,0.0,0.0,0.0,0.0,0.0,0.0,0.0,0.0,0.0,False,False,run_all_engines_error,
731,1701439920000,39449.6,False,HOLD,0.16,NEUTRAL,0.297777,0.5,0.5,NONE,6.0,COMPRESSION,COMPRESSION,range,0.5633,0.000266,-0.916667,0.329167,0.329167,1.6,0.0,4.1944,0.8343,0.0,True,True,open_interest_missing,
732,1701440040000,39444.3,False,HOLD,0.0,NEUTRAL,0.5,0.5,0.5,NONE,0.0,CHOPPY,CHOPPY,range,0.0,0.0,0.0,0.0,0.0,0.0,0.0,0.0,0.0,0.0,False,False,run_all_engines_error,
733,1701440100000,39449.5,False,HOLD,0.11,NEUTRAL,0.311661,0.5,0.5,NONE,4.0,COMPRESSION,COMPRESSION,range,0.5826,0.000264,-0.333333,0.233353,0.233353,1.1,0.0,3.2759,0.6512,0.0,False,True,open_interest_missing,
734,1701440160000,39449.5,False,HOLD,0.07,NEUTRAL,0.296163,0.5,0.5,NONE,5.0,COMPRESSION,COMPRESSION,range,0.5826,0.000319,0.961165,0.878071,0.878071,0.7,0.0,3.8055,0.7094,0.0,False,True,open_interest_missing,
735,1701440220000,39422.3,False,HOLD,0.0,NEUTRAL,0.5,0.5,0.5,NONE,0.0,CHOPPY,CHOPPY,range,0.0,0.0,0.0,0.0,0.0,0.0,0.0,0.0,0.0,0.0,False,False,run_all_engines_error,
736,1701440280000,39444.4,False,HOLD,0.16,NEUTRAL,0.27772,0.5,0.5,NONE,4.0,COMPRESSION,COMPRESSION,range,0.5826,0.000368,0.994969,0.131732,0.131732,1.6,0.0,3.1734,0.5415,0.0,False,True,open_interest_missing,
737,1701440340000,39446.6,False,LONG,0.19,NEUTRAL,0.272404,0.5,0.5,NONE,5.0,COMPRESSION,COMPRESSION,range,0.5826,0.000274,-0.957447,-0.63683,-0.63683,1.9,1.0,3.1715,0.5653,0.0,False,True,open_interest_missing,
738,1701440400000,39446.7,False,HOLD,0.05,NEUTRAL,0.288183,0.5,0.5,NONE,5.0,COMPRESSION,COMPRESSION,range,0.5826,0.00057,0.0,0.641826,0.641826,0.5,0.0,3.71,0.7448,0.0,False,True,open_interest_missing,
739,1701440460000,39460.0,False,LONG,0.11,NEUTRAL,0.299228,0.5,0.5,NONE,3.0,COMPRESSION,COMPRESSION,range,0.5826,0.000264,0.333333,-0.050338,-0.050338,1.1,1.0,1.6972,0.5082,0.0,False,True,open_interest_missing,
740,1701440520000,39473.9,False,LONG,0.36,NEUTRAL,0.28746,0.5,0.5,NONE,5.0,COMPRESSION,COMPRESSION,range,0.5826,0.000104,-0.485714,0.48,0.48,3.6,1.0,2.9812,0.7469,0.0,False,True,open_interest_missing,
741,1701440700000,39475.2,False,LONG,0.16,NEUTRAL,0.298722,0.5,0.5,NONE,4.0,COMPRESSION,COMPRESSION,range,0.5826,5e-06,-0.2,0.515,0.515,1.6,1.0,2.8378,0.8307,0.0,True,True,open_interest_missing,
742,1701440760000,39488.0,False,LONG,0.44,NEUTRAL,0.306605,0.5,0.5,NONE,5.0,COMPRESSION,COMPRESSION,range,0.5826,0.000104,0.333333,0.766667,0.766667,4.4,1.0,2.8796,0.8398,0.0,True,True,open_interest_missing,
743,1701440820000,39490.0,False,LONG,0.07,NEUTRAL,0.292624,0.5,0.5,NONE,4.0,COMPRESSION,COMPRESSION,range,0.5826,9.6e-05,0.980952,0.66839,0.66839,0.7,1.0,2.2943,0.7358,0.0,True,True,open_interest_missing,
744,1701440880000,39523.6,False,LONG,0.14,NEUTRAL,0.302337,0.5,0.5,NONE,5.0,COMPRESSION,COMPRESSION,range,0.5826,0.00025,0.818182,0.936364,0.936364,1.4,1.0,3.0812,0.837,0.0,True,True,open_interest_missing,
745,1701440940000,39551.9,False,LONG,0.14,NEUTRAL,0.309136,0.5,0.5,NONE,5.0,COMPRESSION,COMPRESSION,range,0.5826,0.000594,0.636364,0.872727,0.872727,1.4,1.0,4.1622,0.8367,0.0,True,True,open_interest_missing,
746,1701441000000,39549.3,False,HOLD,0.16,NEUTRAL,0.313895,0.5,0.5,NONE,5.0,COMPRESSION,COMPRESSION,range,0.5692,0.000324,0.333333,-0.533333,-0.533333,1.6,0.0,4.2302,0.7668,0.0,True,True,open_interest_missing,
747,1701441060000,39538.8,False,HOLD,0.16,NEUTRAL,0.297727,0.5,0.5,NONE,5.0,COMPRESSION,COMPRESSION,range,0.5692,0.000319,-0.995754,0.301486,0.301486,1.6,0.0,4.2822,0.8185,0.0,True,True,open_interest_missing,
748,1701441120000,39513.6,False,HOLD,0.07,NEUTRAL,0.286409,0.5,0.5,NONE,5.0,COMPRESSION,COMPRESSION,range,0.5692,0.000314,-0.995749,-0.998512,-0.998512,0.7,0.0,4.2615,0.7777,0.0,True,True,open_interest_missing,
749,1701441180000,39547.2,False,HOLD,0.05,NEUTRAL,0.297986,0.5,0.5,NONE,5.0,COMPRESSION,COMPRESSION,range,0.5692,0.000506,0.0,0.65,0.65,0.5,0.0,3.9286,0.8447,0.0,True,True,open_interest_missing,
750,1701441240000,39535.5,False,SHORT,0.19,NEUTRAL,0.30609,0.5,0.5,NONE,5.0,COMPRESSION,COMPRESSION,range,0.5692,0.000273,0.333333,0.75904,0.75904,1.9,-1.0,3.9955,0.8256,0.0,True,True,open_interest_missing,
751,1701441300000,39513.1,False,SHORT,0.36,NEUTRAL,0.311763,0.5,0.5,NONE,4.0,COMPRESSION,COMPRESSION,range,0.5692,0.000417,0.2,-0.490541,-0.490541,3.6,-1.0,2.6799,0.6474,0.0,False,True,open_interest_missing,
752,1701441360000,39535.5,False,HOLD,0.05,NEUTRAL,0.296234,0.5,0.5,NONE,4.0,COMPRESSION,COMPRESSION,range,0.5692,0.000334,0.016393,-0.581322,-0.581322,0.5,0.0,2.5176,0.6296,0.0,False,True,open_interest_missing,
753,1701441420000,39575.0,False,LONG,0.14,NEUTRAL,0.304864,0.5,0.5,NONE,4.0,COMPRESSION,COMPRESSION,range,0.5692,0.000594,0.904762,0.486282,0.486282,1.4,1.0,2.9197,0.6015,0.0,False,True,open_interest_missing,
754,1701441480000,39575.0,False,HOLD,0.16,NEUTRAL,0.291405,0.5,0.5,NONE,5.0,COMPRESSION,COMPRESSION,range,0.5692,3e-06,-0.9375,0.321875,0.321875,1.6,0.0,4.166,0.7493,0.0,False,True,open_interest_missing,
755,1701441540000,39574.8,False,HOLD,0.11,NEUTRAL,0.281983,0.5,0.5,NONE,5.0,COMPRESSION,COMPRESSION,range,0.5692,0.000298,-0.645161,0.424194,0.424194,1.1,0.0,4.1658,0.7495,0.0,False,True,open_interest_missing,
756,1701441600000,39539.0,False,HOLD,0.07,NEUTRAL,0.294888,0.5,0.5,NONE,5.0,COMPRESSION,COMPRESSION,range,0.5692,0.000523,0.888889,0.947132,0.947132,0.7,0.0,4.0829,0.7187,0.0,False,True,open_interest_missing,
757,1701441720000,39521.8,False,HOLD,0.07,NEUTRAL,0.284422,0.5,0.5,NONE,4.0,COMPRESSION,COMPRESSION,range,0.5692,6.8e-05,-0.972509,-0.990378,-0.990378,0.7,0.0,3.0103,0.6664,0.0,False,True,open_interest_missing,
758,1701441780000,39505.9,False,SHORT,0.14,NEUTRAL,0.296595,0.5,0.5,NONE,4.0,CHOPPY,CHOPPY,range,0.5692,0.00021,-0.777778,-0.922222,-0.922222,1.4,-1.0,2.9619,0.6721,0.0,False,True,open_interest_missing,
759,1701441840000,39485.4,False,SHORT,0.07,NEUTRAL,0.285617,0.5,0.5,NONE,5.0,CHOPPY,CHOPPY,range,0.5692,0.000228,-0.995754,-0.880341,-0.880341,0.7,-1.0,3.8267,0.6331,0.0,False,True,open_interest_missing,
760,1701441900000,39505.9,False,HOLD,0.02,NEUTRAL,0.297432,0.5,0.5,NONE,3.0,CHOPPY,CHOPPY,range,0.571,0.000458,0.5,0.054801,0.054801,0.2,0.0,1.5576,0.4725,0.0,False,True,open_interest_missing,
761,1701441960000,39526.4,False,HOLD,0.07,NEUTRAL,0.305702,0.5,0.5,NONE,4.0,CHOPPY,CHOPPY,range,0.571,0.000301,0.3125,0.759375,0.759375,0.7,0.0,2.7764,0.7378,0.0,False,True,open_interest_missing,
762,1701442080000,39497.6,False,HOLD,0.16,NEUTRAL,0.291992,0.5,0.5,NONE,4.0,CHOPPY,CHOPPY,range,0.571,8.1e-05,0.984375,-0.305469,-0.305469,1.6,0.0,3.036,0.6584,0.0,False,True,open_interest_missing,
763,1701442140000,39465.1,False,HOLD,0.07,NEUTRAL,0.282394,0.5,0.5,NONE,4.0,CHOPPY,CHOPPY,range,0.571,3.3e-05,-0.263158,-0.742105,-0.742105,0.7,0.0,3.8709,0.6648,0.0,False,True,open_interest_missing,
764,1701442200000,39449.7,False,SHORT,0.14,NEUTRAL,0.275676,0.5,0.5,NONE,5.0,CHOPPY,CHOPPY,range,0.571,0.00058,-0.96,-0.986,-0.986,1.4,-1.0,4.1101,0.6697,0.0,False,True,open_interest_missing,
765,1701442260000,39437.3,False,SHORT,0.07,NEUTRAL,0.290473,0.5,0.5,NONE,5.0,CHOPPY,CHOPPY,range,0.571,0.000639,0.833333,0.77809,0.77809,0.7,-1.0,4.5423,0.66,0.0,False,True,open_interest_missing,
766,1701442320000,39449.6,False,HOLD,0.07,NEUTRAL,0.300831,0.5,0.5,NONE,5.0,CHOPPY,CHOPPY,range,0.571,0.000297,0.69697,0.893939,0.893939,0.7,0.0,4.0153,0.7446,0.0,False,True,open_interest_missing,
767,1701442380000,39483.5,False,HOLD,0.16,NEUTRAL,0.308082,0.5,0.5,NONE,4.0,CHOPPY,CHOPPY,range,0.571,0.000299,-0.6,0.169378,0.169378,1.6,0.0,3.5035,0.6633,0.0,False,True,open_interest_missing,
768,1701442440000,39475.4,False,HOLD,0.05,NEUTRAL,0.313157,0.5,0.5,NONE,4.0,CHOPPY,CHOPPY,range,0.571,0.000324,0.0,0.637505,0.637505,0.5,0.0,2.6275,0.7451,0.0,False,True,open_interest_missing,
769,1701442500000,39499.3,False,HOLD,0.07,NEUTRAL,0.29721,0.5,0.5,NONE,4.0,CHOPPY,CHOPPY,range,0.571,0.000304,-0.978261,-0.732304,-0.732304,0.7,0.0,2.3733,0.5726,0.0,False,True,open_interest_missing,
770,1701442560000,39505.8,False,LONG,0.18,NEUTRAL,0.305547,0.5,0.5,NONE,4.0,CHOPPY,CHOPPY,range,0.571,0.000197,-0.666667,0.402736,0.402736,1.8,1.0,3.0251,0.7434,0.0,False,True,open_interest_missing,
771,1701442620000,39508.9,False,LONG,0.0,NEUTRAL,0.311383,0.5,0.5,NONE,2.0,CHOPPY,CHOPPY,range,0.571,9.6e-05,0.0,-0.058983,-0.058983,0.0,1.0,1.0814,0.4746,0.0,False,True,open_interest_missing,
772,1701442680000,39522.8,False,HOLD,0.11,NEUTRAL,0.315468,0.5,0.5,NONE,4.0,CHOPPY,CHOPPY,range,0.571,8.9e-05,-0.294118,0.547059,0.547059,1.1,0.0,2.9416,0.7413,0.0,False,True,open_interest_missing,
773,1701442740000,39510.9,False,HOLD,0.05,NEUTRAL,0.318328,0.5,0.5,NONE,4.0,CHOPPY,CHOPPY,range,0.571,0.000268,0.0,-0.65,-0.65,0.5,0.0,2.6468,0.6724,0.0,False,True,open_interest_missing,
774,1701442800000,39540.0,False,LONG,0.12,NEUTRAL,0.320329,0.5,0.5,NONE,4.0,RANGING,RANGING,manipulation,0.9513,0.000121,0.0,0.65,0.65,1.2,1.0,2.9264,0.8868,0.0,True,True,open_interest_missing,
775,1701442860000,39574.6,False,LONG,0.35,NEUTRAL,0.321731,0.5,0.5,NONE,6.0,CHOPPY,CHOPPY,manipulation,0.9513,0.000432,0.333333,-0.485313,-0.485313,3.5,1.0,4.9702,0.8085,0.0,True,True,open_interest_missing,
776,1701442920000,39628.8,False,LONG,0.23,NEUTRAL,0.303211,0.5,0.5,NONE,5.0,CHOPPY,CHOPPY,manipulation,0.9513,0.000257,-0.958333,0.1878,0.1878,2.3,1.0,4.0901,0.8125,0.0,True,True,open_interest_missing,
777,1701442980000,39616.0,False,SHORT,0.19,NEUTRAL,0.309748,0.5,0.5,NONE,5.0,CHOPPY,CHOPPY,manipulation,0.9513,0.000321,0.5,0.713618,0.713618,1.9,-1.0,4.8701,0.8303,0.0,True,True,open_interest_missing,
778,1701443040000,39615.0,False,HOLD,0.07,NEUTRAL,0.314324,0.5,0.5,NONE,4.0,CHOPPY,CHOPPY,manipulation,0.9513,0.000333,-0.6,-0.426518,-0.426518,0.7,0.0,2.9927,0.6589,0.0,True,True,open_interest_missing,
779,1701443100000,39577.9,False,HOLD,0.11,NEUTRAL,0.317527,0.5,0.5,NONE,5.0,CHOPPY,CHOPPY,manipulation,0.9513,0.000467,0.5,-0.469898,-0.469898,1.1,0.0,4.1643,0.8013,0.0,True,True,open_interest_missing,
780,1701443160000,39584.6,False,HOLD,0.05,NEUTRAL,0.319769,0.5,0.5,NONE,4.0,RANGING,RANGING,manipulation,0.9513,0.000162,0.0,-0.637259,-0.637259,0.5,0.0,3.7902,0.7937,0.0,True,True,open_interest_missing,
781,1701443220000,39577.6,False,HOLD,0.11,NEUTRAL,0.321338,0.5,0.5,NONE,4.0,RANGING,RANGING,manipulation,0.9513,7.3e-05,0.5,-0.214975,-0.214975,1.1,0.0,2.396,0.7231,0.0,True,True,open_interest_missing,
782,1701443280000,39576.8,False,HOLD,0.11,NEUTRAL,0.322437,0.5,0.5,NONE,4.0,RANGING,RANGING,manipulation,0.9513,0.000318,0.2,-0.347772,-0.347772,1.1,0.0,2.3573,0.7323,0.0,True,True,open_interest_missing,
783,1701443340000,39582.0,False,HOLD,0.16,NEUTRAL,0.323206,0.5,0.5,NONE,4.0,RANGING,RANGING,manipulation,0.9513,0.000159,0.5,-0.188605,-0.188605,1.6,0.0,2.3327,0.7115,0.0,True,True,open_interest_missing,
784,1701443400000,39603.2,False,HOLD,0.07,NEUTRAL,0.304244,0.5,0.5,NONE,4.0,RANGING,RANGING,manipulation,0.9513,0.000795,-0.742857,-0.6499,-0.6499,0.7,0.0,3.2911,0.5726,0.0,False,True,open_interest_missing,
785,1701443460000,39590.4,False,HOLD,0.07,NEUTRAL,0.290971,0.5,0.5,NONE,4.0,RANGING,RANGING,manipulation,0.9513,0.000316,-0.941176,-0.545987,-0.545987,0.7,0.0,3.1012,0.5293,0.0,False,True,open_interest_missing,
786,1701443520000,39578.5,False,HOLD,0.11,NEUTRAL,0.30118,0.5,0.5,NONE,5.0,RANGING,RANGING,manipulation,0.9513,0.000462,0.636364,-0.427273,-0.427273,1.1,0.0,4.207,0.6722,0.0,False,True,open_interest_missing,
787,1701443580000,39590.4,False,HOLD,0.07,NEUTRAL,0.308326,0.5,0.5,NONE,4.0,RANGING,RANGING,manipulation,0.9513,4.3e-05,0.5,0.500059,0.500059,0.7,0.0,3.2162,0.6377,0.0,False,True,open_interest_missing,
788,1701443640000,39548.6,False,SHORT,0.14,NEUTRAL,0.293828,0.5,0.5,NONE,4.0,RANGING,RANGING,manipulation,0.9513,0.000417,-0.910448,-0.909535,-0.909535,1.4,-1.0,2.9301,0.64,0.0,False,True,open_interest_missing,
789,1701443700000,39590.3,False,HOLD,0.0,NEUTRAL,0.30318,0.5,0.5,NONE,4.0,RANGING,RANGING,manipulation,0.9384,0.000202,0.0,0.487605,0.487605,0.0,0.0,2.3186,0.6886,0.0,False,True,open_interest_missing,
790,1701443760000,39555.0,False,HOLD,0.07,NEUTRAL,0.290226,0.5,0.5,NONE,4.0,RANGING,RANGING,manipulation,0.9384,0.000627,-0.991189,-0.996916,-0.996916,0.7,0.0,3.1107,0.6725,0.0,False,True,open_interest_missing,
791,1701443820000,39564.8,False,HOLD,0.07,NEUTRAL,0.300658,0.5,0.5,NONE,4.0,RANGING,RANGING,manipulation,0.9384,3e-06,0.777778,0.922222,0.922222,0.7,0.0,3.0323,0.746,0.0,False,True,open_interest_missing,
792,1701443880000,39585.9,False,HOLD,0.05,NEUTRAL,0.307961,0.5,0.5,NONE,3.0,RANGING,RANGING,manipulation,0.9384,0.000323,0.0,-0.243732,-0.243732,0.5,0.0,1.7151,0.5409,0.0,False,True,open_interest_missing,
793,1701443940000,39619.9,False,LONG,0.14,NEUTRAL,0.313072,0.5,0.5,NONE,5.0,RANGING,RANGING,manipulation,0.9384,0.000222,0.5,0.825,0.825,1.4,1.0,4.0558,0.7459,0.0,False,True,open_interest_missing,
794,1701444000000,39619.9,False,HOLD,0.07,NEUTRAL,0.316651,0.5,0.5,NONE,4.0,RANGING,RANGING,manipulation,0.9384,0.000101,0.333333,0.685424,0.685424,0.7,0.0,3.7908,0.7205,0.0,False,True,open_interest_missing,
795,1701444060000,39590.4,False,HOLD,0.07,NEUTRAL,0.319156,0.5,0.5,NONE,3.0,RANGING,RANGING,manipulation,0.9384,9.3e-05,0.333333,0.172313,0.172313,0.7,0.0,1.2954,0.5366,0.0,False,True,open_interest_missing,
796,1701444120000,39585.0,False,HOLD,0.02,NEUTRAL,0.320909,0.5,0.5,NONE,3.0,RANGING,RANGING,manipulation,0.9384,0.000545,-0.333333,0.013291,0.013291,0.2,0.0,1.5674,0.5406,0.0,False,True,open_interest_missing,
797,1701444180000,39614.7,False,HOLD,0.07,NEUTRAL,0.302636,0.5,0.5,NONE,4.0,RANGING,RANGING,manipulation,0.9384,0.000179,0.932203,0.976271,0.976271,0.7,0.0,3.0824,0.747,0.0,False,True,open_interest_missing,
798,1701444240000,39595.0,False,HOLD,0.11,NEUTRAL,0.289845,0.5,0.5,NONE,4.0,RANGING,RANGING,manipulation,0.9384,0.000641,0.628571,-0.43,-0.43,1.1,0.0,3.107,0.6652,0.0,False,True,open_interest_missing,
799,1701444300000,39575.4,False,SHORT,0.26,NEUTRAL,0.300392,0.5,0.5,NONE,4.0,RANGING,RANGING,manipulation,0.9384,0.000621,-0.733333,-0.778052,-0.778052,2.6,-1.0,3.7967,0.635,0.0,False,True,open_interest_missing,
800,1701444360000,39521.6,False,SHORT,0.14,NEUTRAL,0.288274,0.5,0.5,NONE,5.0,RANGING,RANGING,manipulation,0.9384,0.000607,-0.906977,-0.967442,-0.967442,1.4,-1.0,4.1813,0.6683,0.0,False,True,open_interest_missing,
801,1701444420000,39513.1,False,SHORT,0.14,NEUTRAL,0.279792,0.5,0.5,NONE,5.0,RANGING,RANGING,manipulation,0.9384,0.000215,-0.980456,-0.99316,-0.99316,1.4,-1.0,4.2012,0.6731,0.0,False,True,open_interest_missing,
802,1701444480000,39488.0,False,SHORT,0.26,NEUTRAL,0.273855,0.5,0.5,NONE,5.0,RANGING,RANGING,manipulation,0.9384,3e-06,-0.405556,-0.743039,-0.743039,2.6,-1.0,3.8898,0.6486,0.0,False,True,open_interest_missing,
803,1701444540000,39526.3,False,HOLD,0.07,NEUTRAL,0.289198,0.5,0.5,NONE,5.0,RANGING,RANGING,manipulation,0.9384,0.000321,-0.333333,-0.740771,-0.740771,0.7,0.0,3.913,0.656,0.0,False,True,open_interest_missing,
804,1701444600000,39535.5,False,LONG,0.23,NEUTRAL,0.280439,0.5,0.5,NONE,5.0,RANGING,RANGING,trend,0.5216,0.000589,0.887437,-0.329185,-0.329185,2.3,1.0,4.1294,0.6641,0.0,False,True,open_interest_missing,
805,1701444660000,39545.4,False,LONG,0.23,NEUTRAL,0.293807,0.5,0.5,NONE,5.0,RANGING,RANGING,trend,0.5216,0.000228,-0.5,0.449467,0.449467,2.3,1.0,2.96,0.728,0.0,False,True,open_interest_missing,
806,1701444720000,39577.6,False,HOLD,0.0,NEUTRAL,0.303165,0.5,0.5,NONE,4.0,RANGING,RANGING,trend,0.5216,0.000647,0.0,0.409422,0.409422,0.0,0.0,2.0434,0.674,0.0,False,True,open_interest_missing,
807,1701444900000,39565.0,False,HOLD,0.11,NEUTRAL,0.309715,0.5,0.5,NONE,5.0,RANGING,RANGING,trend,0.5216,0.000356,0.2,-0.58,-0.58,1.1,0.0,2.9212,0.6698,0.0,False,True,open_interest_missing,
808,1701444960000,39565.1,False,HOLD,0.16,NEUTRAL,0.314301,0.5,0.5,NONE,4.0,RANGING,RANGING,trend,0.5216,0.000622,-0.636364,0.314226,0.314226,1.6,0.0,2.7932,0.7099,0.0,False,True,open_interest_missing,
809,1701445020000,39577.6,False,HOLD,0.16,NEUTRAL,0.298011,0.5,0.5,NONE,5.0,RANGING,RANGING,trend,0.5216,3e-06,-0.920792,0.327723,0.327723,1.6,0.0,3.0135,0.7478,0.0,False,True,open_interest_missing,
810,1701445080000,39576.8,False,HOLD,0.05,NEUTRAL,0.306107,0.5,0.5,NONE,4.0,RANGING,RANGING,trend,0.5216,0.000356,0.0,-0.65,-0.65,0.5,0.0,2.6528,0.6735,0.0,False,True,open_interest_missing,
811,1701445140000,39539.2,False,SHORT,0.23,NEUTRAL,0.292275,0.5,0.5,NONE,5.0,RANGING,RANGING,trend,0.5216,0.000599,0.935484,-0.082979,-0.082979,2.3,-1.0,3.697,0.5908,0.0,False,True,open_interest_missing,
812,1701445200000,39574.2,False,HOLD,0.05,NEUTRAL,0.302093,0.5,0.5,NONE,4.0,RANGING,RANGING,trend,0.5216,0.000417,0.0,0.65,0.65,0.5,0.0,2.6669,0.7452,0.0,False,True,open_interest_missing,
813,1701445260000,39580.0,False,LONG,0.11,NEUTRAL,0.308965,0.5,0.5,NONE,4.0,RANGING,RANGING,trend,0.5216,0.000384,0.6,-0.179942,-0.179942,1.1,1.0,2.4111,0.593,0.0,False,True,open_interest_missing,
814,1701445320000,39594.6,False,LONG,0.11,NEUTRAL,0.313775,0.5,0.5,NONE,5.0,RANGING,RANGING,trend,0.5216,0.000354,-0.333333,0.38888,0.38888,1.1,1.0,3.7268,0.7017,0.0,False,True,open_interest_missing,
815,1701445440000,39594.6,False,HOLD,0.07,NEUTRAL,0.297643,0.5,0.5,NONE,5.0,RANGING,RANGING,trend,0.5216,6.8e-05,-0.815385,-0.935385,-0.935385,0.7,0.0,4.0848,0.671,0.0,False,True,open_interest_missing,
816,1701445500000,39577.6,False,HOLD,0.05,NEUTRAL,0.30585,0.5,0.5,NONE,5.0,RANGING,RANGING,trend,0.5681,0.000323,0.0,-0.65,-0.65,0.5,0.0,3.8038,0.6659,0.0,False,True,open_interest_missing,
817,1701445560000,39600.0,False,LONG,0.14,NEUTRAL,0.292095,0.5,0.5,NONE,5.0,RANGING,RANGING,trend,0.5681,0.000553,0.980198,0.993069,0.993069,1.4,1.0,4.1576,0.7398,0.0,False,True,open_interest_missing,
818,1701445620000,39636.1,False,LONG,0.26,NEUTRAL,0.282467,0.5,0.5,NONE,5.0,RANGING,RANGING,trend,0.5681,0.000472,0.961905,0.986667,0.986667,2.6,1.0,4.0446,0.7425,0.0,False,True,open_interest_missing,
819,1701445680000,39641.7,False,LONG,0.14,NEUTRAL,0.295227,0.5,0.5,NONE,5.0,RANGING,RANGING,trend,0.5681,0.00054,0.181818,0.713636,0.713636,1.4,1.0,3.7679,0.7334,0.0,False,True,open_interest_missing,
820,1701445740000,39616.1,False,HOLD,0.11,NEUTRAL,0.304159,0.5,0.5,NONE,4.0,RANGING,RANGING,trend,0.5681,0.000325,0.333333,-0.262409,-0.262409,1.1,0.0,3.4152,0.5901,0.0,False,True,open_interest_missing,
821,1701445800000,39641.6,False,HOLD,0.07,NEUTRAL,0.310411,0.5,0.5,NONE,5.0,RANGING,RANGING,trend,0.5681,0.000404,-0.5,-0.825,-0.825,0.7,0.0,3.9373,0.7038,0.0,True,True,open_interest_missing,
822,1701445860000,39651.2,False,LONG,0.12,NEUTRAL,0.314788,0.5,0.5,NONE,5.0,RANGING,RANGING,trend,0.5681,8.3e-05,0.0,0.65,0.65,1.2,1.0,3.8466,0.7849,0.0,True,True,open_interest_missing,
823,1701445920000,39628.8,False,HOLD,0.11,NEUTRAL,0.298351,0.5,0.5,NONE,6.0,RANGING,RANGING,trend,0.5681,0.000277,-0.994825,0.161326,0.161326,1.1,0.0,4.022,0.7411,0.0,True,True,open_interest_missing,
824,1701445980000,39637.1,False,HOLD,0.07,NEUTRAL,0.286846,0.5,0.5,NONE,5.0,RANGING,RANGING,trend,0.5681,0.000444,0.943662,0.980282,0.980282,0.7,0.0,2.9695,0.7857,0.0,True,True,open_interest_missing,
825,1701446040000,39642.8,False,SHORT,0.19,NEUTRAL,0.298292,0.5,0.5,NONE,5.0,RANGING,RANGING,trend,0.5681,0.00032,0.333333,0.760072,0.760072,1.9,-1.0,3.9634,0.7923,0.0,True,True,open_interest_missing,
826,1701446220000,39597.1,False,SHORT,0.14,NEUTRAL,0.306305,0.5,0.5,NONE,5.0,RANGING,RANGING,trend,0.5681,0.000399,-0.636364,-0.872727,-0.872727,1.4,-1.0,2.9066,0.6666,0.0,False,True,open_interest_missing,
827,1701446280000,39619.8,False,HOLD,0.07,NEUTRAL,0.311913,0.5,0.5,NONE,3.0,RANGING,RANGING,trend,0.5681,0.000172,-0.666667,-0.233165,-0.233165,0.7,0.0,1.2769,0.5443,0.0,False,True,open_interest_missing,
828,1701446340000,39619.9,False,HOLD,0.07,NEUTRAL,0.296339,0.5,0.5,NONE,5.0,RANGING,RANGING,trend,0.5681,0.000634,0.826087,0.93913,0.93913,0.7,0.0,2.9741,0.7438,0.0,False,True,open_interest_missing,
829,1701446400000,39653.6,False,LONG,0.14,NEUTRAL,0.304938,0.5,0.5,NONE,5.0,RANGING,RANGING,trend,0.5773,0.00062,0.333333,0.766667,0.766667,1.4,1.0,3.9257,0.749,0.0,False,True,open_interest_missing,
830,1701446580000,39661.5,False,LONG,0.07,NEUTRAL,0.310956,0.5,0.5,NONE,5.0,RANGING,RANGING,trend,0.5773,0.000575,0.5,0.38121,0.38121,0.7,1.0,3.5925,0.6042,0.0,False,True,open_interest_missing,
831,1701446640000,39630.6,False,HOLD,0.07,NEUTRAL,0.295669,0.5,0.5,NONE,5.0,RANGING,RANGING,trend,0.5773,0.000502,-0.995708,-0.998498,-0.998498,0.7,0.0,4.1563,0.6734,0.0,False,True,open_interest_missing,
832,1701446700000,39603.2,False,HOLD,0.07,NEUTRAL,0.304469,0.5,0.5,NONE,4.0,RANGING,RANGING,trend,0.5773,0.000593,0.846154,0.753399,0.753399,0.7,0.0,2.5024,0.6823,0.0,False,True,open_interest_missing,
833,1701446760000,39594.9,False,SHORT,0.14,NEUTRAL,0.310628,0.5,0.5,NONE,3.0,RANGING,RANGING,trend,0.5773,0.000588,-0.8,-0.336491,-0.336491,1.4,-1.0,1.3987,0.4748,0.0,False,True,open_interest_missing,
834,1701446820000,39616.0,False,HOLD,0.16,NEUTRAL,0.29544,0.5,0.5,NONE,4.0,RANGING,RANGING,trend,0.5773,0.000268,0.866667,0.035813,0.035813,1.6,0.0,2.2026,0.5564,0.0,False,True,open_interest_missing,
835,1701446880000,39634.7,False,HOLD,0.11,NEUTRAL,0.304308,0.5,0.5,NONE,5.0,RANGING,RANGING,trend,0.5773,0.000525,-0.333333,0.533333,0.533333,1.1,0.0,2.976,0.7447,0.0,False,True,open_interest_missing,
836,1701446940000,39641.6,False,HOLD,0.07,NEUTRAL,0.310515,0.5,0.5,NONE,4.0,RANGING,RANGING,trend,0.5773,0.000308,-0.333333,-0.488044,-0.488044,0.7,0.0,3.2232,0.569,0.0,False,True,open_interest_missing,
837,1701447000000,39641.6,False,HOLD,0.11,NEUTRAL,0.314861,0.5,0.5,NONE,4.0,RANGING,RANGING,trend,0.5773,0.000164,0.5,-0.215,-0.215,1.1,0.0,2.3852,0.5733,0.0,False,True,open_interest_missing,
838,1701447060000,39641.7,False,LONG,0.07,NEUTRAL,0.317903,0.5,0.5,NONE,5.0,RANGING,RANGING,trend,0.5773,0.000212,-0.851852,-0.670758,-0.670758,0.7,1.0,3.413,0.5685,0.0,False,True,open_interest_missing,
839,1701447120000,39660.0,False,LONG,0.07,NEUTRAL,0.300532,0.5,0.5,NONE,4.0,RANGING,RANGING,trend,0.5773,0.00031,-0.917808,-0.534541,-0.534541,0.7,1.0,2.8598,0.5399,0.0,False,True,open_interest_missing,
840,1701447180000,39663.7,False,LONG,0.16,NEUTRAL,0.288372,0.5,0.5,NONE,7.0,RANGING,RANGING,trend,0.5773,0.000381,0.991444,-0.179177,-0.179177,1.6,1.0,5.4116,0.632,0.0,False,True,open_interest_missing,
841,1701447300000,39641.7,False,HOLD,0.11,NEUTRAL,0.299361,0.5,0.5,NONE,6.0,RANGING,RANGING,trend,0.7179,0.000212,-0.5,0.380622,0.380622,1.1,0.0,3.9313,0.6988,0.0,False,True,open_interest_missing,
842,1701447360000,39652.0,False,HOLD,0.11,NEUTRAL,0.307052,0.5,0.5,NONE,6.0,RANGING,RANGING,trend,0.7179,0.000106,0.5,-0.475,-0.475,1.1,0.0,4.1932,0.6703,0.0,False,True,open_interest_missing,
843,1701447420000,39692.7,False,LONG,0.14,NEUTRAL,0.292937,0.5,0.5,NONE,6.0,RANGING,RANGING,trend,0.7179,0.000642,0.931034,0.975862,0.975862,1.4,1.0,4.1484,0.7239,0.0,False,True,open_interest_missing,
844,1701447480000,39750.0,False,LONG,0.44,NEUTRAL,0.283056,0.5,0.5,NONE,5.0,COMPRESSION,COMPRESSION,trend,0.7179,3e-06,0.982143,0.986047,0.986047,4.4,1.0,4.1041,0.6695,0.0,False,True,open_interest_missing,
845,1701447540000,39782.4,False,LONG,0.07,NEUTRAL,0.276139,0.5,0.5,NONE,5.0,COMPRESSION,COMPRESSION,trend,0.7179,0.000344,0.971831,0.45939,0.45939,0.7,1.0,3.416,0.45,0.0,False,True,open_interest_missing,
846,1701447600000,39757.0,False,HOLD,0.07,NEUTRAL,0.290797,0.5,0.5,NONE,5.0,COMPRESSION,COMPRESSION,trend,0.7179,3e-06,-0.307692,-0.581351,-0.581351,0.7,0.0,3.5532,0.7463,0.0,True,True,open_interest_missing,
847,1701447660000,39769.6,False,LONG,0.19,NEUTRAL,0.301058,0.5,0.5,NONE,5.0,COMPRESSION,COMPRESSION,trend,0.7179,0.000641,-0.714286,-0.853538,-0.853538,1.9,1.0,4.0369,0.7761,0.0,True,True,open_interest_missing,
848,1701447720000,39769.6,False,HOLD,0.16,NEUTRAL,0.308241,0.5,0.5,NONE,6.0,COMPRESSION,COMPRESSION,trend,0.7179,0.000629,-0.875,0.30437,0.30437,1.6,0.0,4.2084,0.8514,0.0,True,True,open_interest_missing,
849,1701447780000,39757.3,False,HOLD,0.07,NEUTRAL,0.313269,0.5,0.5,NONE,5.0,COMPRESSION,COMPRESSION,trend,0.7179,0.000538,-0.333333,-0.766667,-0.766667,0.7,0.0,4.0076,0.8743,0.0,True,True,open_interest_missing,
850,1701447840000,39834.3,False,LONG,0.14,NEUTRAL,0.297288,0.5,0.5,NONE,6.0,COMPRESSION,COMPRESSION,trend,0.7179,0.000595,0.92,0.967615,0.967615,1.4,1.0,4.2815,0.9309,0.0,True,True,open_interest_missing,
851,1701447900000,39872.0,False,LONG,0.19,NEUTRAL,0.305602,0.5,0.5,NONE,5.0,COMPRESSION,COMPRESSION,trend,0.7179,8.3e-05,-0.636364,-0.244589,-0.244589,1.9,1.0,3.3872,0.6025,0.0,True,True,open_interest_missing,
852,1701447960000,39900.0,False,LONG,0.07,NEUTRAL,0.291921,0.5,0.5,NONE,6.0,COMPRESSION,COMPRESSION,trend,0.7179,0.00019,-0.888889,-0.619537,-0.619537,0.7,1.0,4.2335,0.6796,0.0,True,True,open_interest_missing,
853,1701448020000,39934.8,False,LONG,0.41,NEUTRAL,0.282345,0.5,0.5,NONE,6.0,COMPRESSION,COMPRESSION,trend,0.7179,3e-05,-0.886792,0.278569,0.278569,4.1,1.0,4.1343,0.8239,0.0,True,True,open_interest_missing,
854,1701448080000,39972.4,False,LONG,0.44,NEUTRAL,0.295141,0.5,0.5,NONE,4.0,COMPRESSION,COMPRESSION,trend,0.7179,0.00029,-0.428571,-0.045837,-0.045837,4.4,1.0,2.7053,0.6316,0.0,True,True,open_interest_missing,
855,1701448140000,39979.5,False,LONG,0.14,NEUTRAL,0.284599,0.5,0.5,NONE,5.0,COMPRESSION,COMPRESSION,trend,0.7179,0.000633,0.230769,0.223376,0.223376,1.4,1.0,3.569,0.6755,0.0,True,True,open_interest_missing,
856,1701448200000,39900.7,False,HOLD,0.16,NEUTRAL,0.277219,0.5,0.5,NONE,5.0,COMPRESSION,COMPRESSION,trend,0.7261,0.000508,0.913043,-0.3204,-0.3204,1.6,0.0,4.2152,0.8489,0.0,True,True,open_interest_missing,
857,1701448260000,39996.5,False,HOLD,0.11,NEUTRAL,0.291554,0.5,0.5,NONE,5.0,COMPRESSION,COMPRESSION,trend,0.7261,0.000125,-0.333333,0.282525,0.282525,1.1,0.0,3.6068,0.8081,0.0,True,True,open_interest_missing,
858,1701448320000,39974.4,False,HOLD,0.02,NEUTRAL,0.301588,0.5,0.5,NONE,4.0,COMPRESSION,COMPRESSION,trend,0.7261,0.00031,-0.2,-0.270579,-0.270579,0.2,0.0,2.8611,0.6809,0.0,True,True,open_interest_missing,
859,1701448380000,40113.7,False,LONG,0.14,NEUTRAL,0.308611,0.5,0.5,NONE,5.0,COMPRESSION,COMPRESSION,trend,0.7261,0.000419,0.818182,0.86072,0.86072,1.4,1.0,3.9209,0.8679,0.0,True,True,open_interest_missing,
860,1701448440000,40243.2,False,LONG,0.53,NEUTRAL,0.313528,0.5,0.5,NONE,5.0,COMPRESSION,COMPRESSION,trend,0.7261,0.000534,-0.809524,0.048866,0.048866,5.3,1.0,3.8356,0.8424,0.0,True,True,open_interest_missing,
861,1701448500000,40179.2,False,HOLD,0.07,NEUTRAL,0.31697,0.5,0.5,NONE,5.0,COMPRESSION,COMPRESSION,trend,0.7261,0.000581,-0.8,-0.772894,-0.772894,0.7,0.0,3.7727,0.7641,0.0,True,True,open_interest_missing,
862,1701448560000,40088.9,False,HOLD,0.11,NEUTRAL,0.319379,0.5,0.5,NONE,4.0,COMPRESSION,COMPRESSION,trend,0.7261,0.000513,0.2,-0.131653,-0.131653,1.1,0.0,2.9342,0.7113,0.0,True,True,open_interest_missing,
863,1701448620000,40008.8,False,HOLD,0.07,NEUTRAL,0.301565,0.5,0.5,NONE,4.0,COMPRESSION,COMPRESSION,trend,0.7261,0.000541,0.809524,0.184417,0.184417,0.7,0.0,2.7123,0.6752,0.0,True,True,open_interest_missing,
864,1701448680000,40000.0,False,SHORT,0.17,NEUTRAL,0.308596,0.5,0.5,NONE,4.0,COMPRESSION,COMPRESSION,trend,0.7261,0.000455,0.0,0.380657,0.380657,1.7,-1.0,1.9418,0.8691,0.0,True,True,open_interest_missing,
865,1701448740000,40011.5,False,HOLD,0.16,NEUTRAL,0.294017,0.5,0.5,NONE,4.0,COMPRESSION,COMPRESSION,trend,0.7261,0.000627,0.929825,0.119505,0.119505,1.6,0.0,2.0245,0.7375,0.0,True,True,open_interest_missing,
866,1701448800000,39983.9,False,HOLD,0.07,NEUTRAL,0.283812,0.5,0.5,NONE,3.0,COMPRESSION,COMPRESSION,trend,0.7261,0.000305,0.972973,0.380509,0.380509,0.7,0.0,1.3711,0.7578,0.0,True,True,open_interest_missing,
867,1701448860000,39987.2,False,HOLD,0.07,NEUTRAL,0.296168,0.5,0.5,NONE,4.0,COMPRESSION,COMPRESSION,trend,0.7261,0.000225,-0.866667,-0.590369,-0.590369,0.7,0.0,2.008,0.7696,0.0,True,True,open_interest_missing,
868,1701448920000,40000.0,False,HOLD,0.07,NEUTRAL,0.304818,0.5,0.5,NONE,4.0,COMPRESSION,COMPRESSION,trend,0.7261,4.5e-05,-0.2,-0.540097,-0.540097,0.7,0.0,2.2396,0.8387,0.0,True,True,open_interest_missing,
869,1701448980000,39948.8,False,SHORT,0.53,NEUTRAL,0.291373,0.5,0.5,NONE,5.0,COMPRESSION,COMPRESSION,trend,0.7261,0.00032,0.985075,-0.235437,-0.235437,5.3,-1.0,3.1538,0.8705,0.0,True,True,open_interest_missing,
870,1701449040000,39973.1,False,HOLD,0.11,NEUTRAL,0.301461,0.5,0.5,NONE,3.0,COMPRESSION,COMPRESSION,trend,0.7261,0.000393,0.6,0.052835,0.052835,1.1,0.0,1.7538,0.75,0.0,True,True,open_interest_missing,
871,1701449100000,39910.4,False,SHORT,0.11,NEUTRAL,0.289023,0.5,0.5,NONE,4.0,COMPRESSION,COMPRESSION,trend,0.7242,0.000613,-0.918367,0.106241,0.106241,1.1,-1.0,2.5232,0.6786,0.0,False,True,open_interest_missing,
872,1701449160000,39941.3,False,HOLD,0.16,NEUTRAL,0.280316,0.5,0.5,NONE,4.0,COMPRESSION,COMPRESSION,trend,0.7242,0.000458,-0.975309,-0.124453,-0.124453,1.6,0.0,3.1601,0.6049,0.0,False,True,open_interest_missing,
873,1701449220000,40008.8,False,HOLD,0.07,NEUTRAL,0.274221,0.5,0.5,NONE,4.0,COMPRESSION,COMPRESSION,trend,0.7242,0.00024,0.977401,0.926564,0.926564,0.7,0.0,2.7934,0.7141,0.0,False,True,open_interest_missing,
874,1701449280000,40019.2,False,LONG,0.07,NEUTRAL,0.269955,0.5,0.5,NONE,4.0,COMPRESSION,COMPRESSION,trend,0.7242,5e-06,0.999533,0.833555,0.833555,0.7,1.0,2.2989,0.6966,0.0,False,True,open_interest_missing,
875,1701449340000,40051.0,False,HOLD,0.07,NEUTRAL,0.266968,0.5,0.5,NONE,3.0,COMPRESSION,COMPRESSION,trend,0.7242,0.000147,0.997934,0.349321,0.349321,0.7,0.0,2.2267,0.5357,0.0,False,True,open_interest_missing,
876,1701449400000,40038.4,False,HOLD,0.07,NEUTRAL,0.264878,0.5,0.5,NONE,3.0,COMPRESSION,COMPRESSION,trend,0.7242,0.000375,-0.982759,-0.603864,-0.603864,0.7,0.0,1.7424,0.5444,0.0,False,True,open_interest_missing,
877,1701449460000,40025.6,False,HOLD,0.16,NEUTRAL,0.282915,0.5,0.5,NONE,5.0,COMPRESSION,COMPRESSION,trend,0.7242,0.000954,0.948718,-0.274887,-0.274887,1.6,0.0,3.7954,0.6561,0.0,False,True,open_interest_missing,
878,1701449520000,39979.2,False,HOLD,0.07,NEUTRAL,0.27604,0.5,0.5,NONE,4.0,COMPRESSION,COMPRESSION,trend,0.7242,2.2e-05,-0.908397,-0.524137,-0.524137,0.7,0.0,2.9169,0.5297,0.0,False,True,open_interest_missing,
879,1701449580000,39974.9,False,HOLD,0.11,NEUTRAL,0.290728,0.5,0.5,NONE,4.0,COMPRESSION,COMPRESSION,trend,0.7242,0.00044,-0.2,0.243654,0.243654,1.1,0.0,3.1098,0.6393,0.0,False,True,open_interest_missing,
880,1701449640000,39998.0,False,HOLD,0.07,NEUTRAL,0.30101,0.5,0.5,NONE,4.0,COMPRESSION,COMPRESSION,trend,0.7242,0.000628,0.882353,0.486066,0.486066,0.7,0.0,2.8486,0.5859,0.0,False,True,open_interest_missing,
881,1701449700000,40008.8,False,HOLD,0.11,NEUTRAL,0.308207,0.5,0.5,NONE,5.0,COMPRESSION,COMPRESSION,trend,0.7242,0.00049,0.882353,-0.291448,-0.291448,1.1,0.0,4.0306,0.6353,0.0,False,True,open_interest_missing,
882,1701449760000,40050.9,False,LONG,0.12,NEUTRAL,0.313245,0.5,0.5,NONE,5.0,COMPRESSION,COMPRESSION,trend,0.7242,0.000624,0.142857,0.642744,0.642744,1.2,1.0,3.6291,0.7142,0.0,False,True,open_interest_missing,
883,1701449820000,40051.0,False,LONG,0.36,NEUTRAL,0.316771,0.5,0.5,NONE,4.0,COMPRESSION,COMPRESSION,trend,0.7242,0.000632,-0.304348,0.0936,0.0936,3.6,1.0,2.8766,0.5923,0.0,False,True,open_interest_missing,
884,1701449880000,40068.0,False,LONG,0.14,NEUTRAL,0.29974,0.5,0.5,NONE,5.0,COMPRESSION,COMPRESSION,trend,0.7242,2e-06,0.407821,0.77218,0.77218,1.4,1.0,3.6152,0.7436,0.0,False,True,open_interest_missing,
885,1701449940000,40038.4,False,HOLD,0.07,NEUTRAL,0.287818,0.5,0.5,NONE,6.0,COMPRESSION,COMPRESSION,trend,0.7242,0.0002,0.984576,0.966223,0.966223,0.7,0.0,5.0955,0.7261,0.0,False,True,open_interest_missing,
886,1701450000000,40053.8,False,HOLD,0.16,NEUTRAL,0.279473,0.5,0.5,NONE,4.0,COMPRESSION,COMPRESSION,trend,0.6559,0.000454,-0.981982,0.06991,0.06991,1.6,0.0,3.6476,0.6515,0.0,False,True,open_interest_missing,
887,1701450060000,40016.3,False,SHORT,0.14,NEUTRAL,0.273631,0.5,0.5,NONE,4.0,COMPRESSION,COMPRESSION,trend,0.6559,1.5e-05,-0.96,-0.966589,-0.966589,1.4,-1.0,2.9529,0.6667,0.0,False,True,open_interest_missing,
888,1701450120000,40053.8,False,HOLD,0.07,NEUTRAL,0.289042,0.5,0.5,NONE,4.0,COMPRESSION,COMPRESSION,trend,0.6559,0.000549,0.666667,0.871729,0.871729,0.7,0.0,4.0201,0.7187,0.0,False,True,open_interest_missing,
889,1701450180000,40062.2,False,SHORT,0.19,NEUTRAL,0.280329,0.5,0.5,NONE,5.0,COMPRESSION,COMPRESSION,trend,0.6559,5e-06,0.995204,0.823862,0.823862,1.9,-1.0,3.7088,0.6647,0.0,False,True,open_interest_missing,
890,1701450240000,40044.5,False,HOLD,0.07,NEUTRAL,0.274231,0.5,0.5,NONE,3.0,COMPRESSION,COMPRESSION,trend,0.6559,0.00014,-0.978082,-0.472281,-0.472281,0.7,0.0,2.6825,0.4536,0.0,False,True,open_interest_missing,
891,1701450360000,40066.9,False,HOLD,0.07,NEUTRAL,0.289461,0.5,0.5,NONE,6.0,COMPRESSION,COMPRESSION,trend,0.6559,0.0001,-0.333333,-0.727248,-0.727248,0.7,0.0,5.3397,0.6277,0.0,False,True,open_interest_missing,
892,1701450420000,40051.2,False,LONG,0.23,NEUTRAL,0.300123,0.5,0.5,NONE,4.0,COMPRESSION,COMPRESSION,trend,0.6559,6.7e-05,0.333333,-0.490793,-0.490793,2.3,1.0,4.0001,0.6356,0.0,False,True,open_interest_missing,
893,1701450480000,40034.9,False,LONG,0.19,NEUTRAL,0.307586,0.5,0.5,NONE,3.0,COMPRESSION,COMPRESSION,trend,0.6559,0.000637,-0.333333,-0.634671,-0.634671,1.9,1.0,2.4572,0.6203,0.0,False,True,open_interest_missing,
894,1701450540000,39979.2,False,SHORT,0.35,NEUTRAL,0.29331,0.5,0.5,NONE,4.0,CHOPPY,CHOPPY,trend,0.6559,0.000157,0.985294,-0.285153,-0.285153,3.5,-1.0,4.0887,0.6556,0.0,False,True,open_interest_missing,
895,1701450600000,39974.3,False,SHORT,0.02,NEUTRAL,0.302817,0.5,0.5,NONE,3.0,CHOPPY,CHOPPY,trend,0.6559,0.00057,0.2,0.015378,0.015378,0.2,-1.0,2.3323,0.5324,0.0,True,True,open_interest_missing,
896,1701450660000,39964.3,False,HOLD,0.07,NEUTRAL,0.289972,0.5,0.5,NONE,4.0,CHOPPY,CHOPPY,trend,0.6559,0.000308,-0.953846,-0.644654,-0.644654,0.7,0.0,3.3099,0.6339,0.0,True,True,open_interest_missing,
897,1701450720000,39964.2,False,HOLD,0.11,NEUTRAL,0.30048,0.5,0.5,NONE,4.0,CHOPPY,CHOPPY,trend,0.6559,0.00025,-0.806452,0.214344,0.214344,1.1,0.0,3.9054,0.766,0.0,True,True,open_interest_missing,
898,1701450780000,39974.3,False,SHORT,0.19,NEUTRAL,0.288336,0.5,0.5,NONE,6.0,CHOPPY,CHOPPY,trend,0.6559,0.000355,0.522727,0.749193,0.749193,1.9,-1.0,5.3066,0.7812,0.0,True,True,open_interest_missing,
899,1701450840000,39928.8,False,SHORT,0.07,NEUTRAL,0.299335,0.5,0.5,NONE,3.0,CHOPPY,CHOPPY,trend,0.6559,0.00027,0.0,-0.29615,-0.29615,0.7,-1.0,2.9026,0.6147,0.0,True,True,open_interest_missing,
900,1701450900000,39948.5,False,HOLD,0.05,NEUTRAL,0.307035,0.5,0.5,NONE,4.0,CHOPPY,CHOPPY,trend,0.6675,0.00032,0.0,-0.359427,-0.359427,0.5,0.0,3.9413,0.6179,0.0,True,True,open_interest_missing,
901,1701450960000,39944.4,False,HOLD,0.16,NEUTRAL,0.292924,0.5,0.5,NONE,4.0,CHOPPY,CHOPPY,trend,0.6675,0.000471,-0.68,0.28114,0.28114,1.6,0.0,3.8659,0.715,0.0,True,True,open_interest_missing,
902,1701451020000,39926.7,False,HOLD,0.07,NEUTRAL,0.283047,0.5,0.5,NONE,3.0,CHOPPY,CHOPPY,trend,0.6675,0.000318,-0.894737,-0.338466,-0.338466,0.7,0.0,2.4727,0.5062,0.0,True,True,open_interest_missing,
903,1701451080000,39935.9,False,HOLD,0.05,NEUTRAL,0.295633,0.5,0.5,NONE,4.0,CHOPPY,CHOPPY,trend,0.6675,4.8e-05,0.0,0.505555,0.505555,0.5,0.0,3.4004,0.7294,0.0,True,True,open_interest_missing,
904,1701451140000,39938.5,False,HOLD,0.07,NEUTRAL,0.284943,0.5,0.5,NONE,4.0,CHOPPY,CHOPPY,trend,0.6675,0.000363,0.443299,0.805155,0.805155,0.7,0.0,2.8014,0.7713,0.0,True,True,open_interest_missing,
905,1701451200000,39936.0,False,HOLD,0.11,NEUTRAL,0.29696,0.5,0.5,NONE,4.0,COMPRESSION,COMPRESSION,trend,0.6675,1.3e-05,-0.5,0.150024,0.150024,1.1,0.0,3.2631,0.6372,0.0,False,True,open_interest_missing,
906,1701451260000,39962.4,False,LONG,0.14,NEUTRAL,0.285872,0.5,0.5,NONE,4.0,COMPRESSION,COMPRESSION,trend,0.6675,3e-06,0.948718,0.982051,0.982051,1.4,1.0,2.9595,0.7466,0.0,False,True,open_interest_missing,
907,1701451320000,39970.0,False,LONG,0.02,NEUTRAL,0.278111,0.5,0.5,NONE,3.0,COMPRESSION,COMPRESSION,trend,0.6675,0.000508,0.285714,0.303136,0.303136,0.2,1.0,1.5992,0.6005,0.0,False,True,open_interest_missing,
908,1701451380000,39974.4,False,LONG,0.11,NEUTRAL,0.292177,0.5,0.5,NONE,3.0,COMPRESSION,COMPRESSION,trend,0.6675,0.00021,0.333333,-0.181185,-0.181185,1.1,1.0,2.0386,0.5481,0.0,False,True,open_interest_missing,
909,1701451440000,39974.4,False,HOLD,0.07,NEUTRAL,0.302024,0.5,0.5,NONE,3.0,COMPRESSION,COMPRESSION,trend,0.6675,0.000368,-0.333333,-0.506659,-0.506659,0.7,0.0,2.0911,0.5732,0.0,False,True,open_interest_missing,
910,1701451500000,39980.0,False,LONG,0.36,NEUTRAL,0.289417,0.5,0.5,NONE,4.0,COMPRESSION,COMPRESSION,trend,0.6675,0.000278,0.840263,-0.24883,-0.24883,3.6,1.0,2.9217,0.702,0.0,True,True,open_interest_missing,
911,1701451560000,39993.7,False,LONG,0.14,NEUTRAL,0.300092,0.5,0.5,NONE,2.0,COMPRESSION,COMPRESSION,trend,0.6675,2e-05,-0.823529,-0.208191,-0.208191,1.4,1.0,1.4795,0.5904,0.0,True,True,open_interest_missing,
912,1701451620000,40019.9,False,LONG,0.36,NEUTRAL,0.307564,0.5,0.5,NONE,4.0,COMPRESSION,COMPRESSION,trend,0.6675,0.000377,-0.333333,0.49673,0.49673,3.6,1.0,2.947,0.795,0.0,True,True,open_interest_missing,
913,1701451680000,40000.0,False,HOLD,0.05,NEUTRAL,0.312795,0.5,0.5,NONE,4.0,COMPRESSION,COMPRESSION,trend,0.6675,0.00025,-0.142857,-0.622224,-0.622224,0.5,0.0,3.7044,0.6804,0.0,True,True,open_interest_missing,
914,1701451740000,39995.8,False,HOLD,0.11,NEUTRAL,0.296957,0.5,0.5,NONE,4.0,COMPRESSION,COMPRESSION,trend,0.6675,0.00025,-0.953125,0.130728,0.130728,1.1,0.0,3.9008,0.7269,0.0,True,True,open_interest_missing,
915,1701451800000,39986.1,False,HOLD,0.07,NEUTRAL,0.28587,0.5,0.5,NONE,3.0,COMPRESSION,COMPRESSION,trend,0.515,0.000445,-0.989282,-0.624774,-0.624774,0.7,0.0,3.1492,0.5458,0.0,False,True,open_interest_missing,
916,1701451860000,39980.0,False,HOLD,0.05,NEUTRAL,0.278109,0.5,0.5,NONE,3.0,COMPRESSION,COMPRESSION,trend,0.515,0.000355,0.0,0.65,0.65,0.5,0.0,2.6008,0.7444,0.0,False,True,open_interest_missing,
917,1701451920000,39941.3,False,SHORT,0.14,NEUTRAL,0.272676,0.5,0.5,NONE,4.0,COMPRESSION,COMPRESSION,trend,0.515,0.000465,-0.982684,-0.993939,-0.993939,1.4,-1.0,2.9254,0.6463,0.0,False,True,open_interest_missing,
918,1701451980000,39927.6,False,SHORT,0.07,NEUTRAL,0.288373,0.5,0.5,NONE,2.0,CHOPPY,CHOPPY,trend,0.515,9.5e-05,-0.6,-0.302833,-0.302833,0.7,-1.0,1.2573,0.4667,0.0,False,True,open_interest_missing,
919,1701452040000,39935.5,False,HOLD,0.07,NEUTRAL,0.299361,0.5,0.5,NONE,3.0,CHOPPY,CHOPPY,trend,0.515,0.000278,0.333333,0.642891,0.642891,0.7,0.0,2.375,0.6935,0.0,False,True,open_interest_missing,
920,1701452100000,39935.6,False,HOLD,0.07,NEUTRAL,0.287553,0.5,0.5,NONE,4.0,CHOPPY,CHOPPY,trend,0.515,0.000356,0.966667,0.988333,0.988333,0.7,0.0,3.0503,0.8427,0.0,True,True,open_interest_missing,
921,1701452160000,39941.3,False,HOLD,0.16,NEUTRAL,0.298787,0.5,0.5,NONE,4.0,CHOPPY,CHOPPY,trend,0.515,8e-05,-0.76,0.351502,0.351502,1.6,0.0,3.0266,0.8253,0.0,True,True,open_interest_missing,
922,1701452220000,39948.7,False,HOLD,0.0,NEUTRAL,0.306651,0.5,0.5,NONE,3.0,COMPRESSION,COMPRESSION,trend,0.515,0.00032,0.0,-0.32501,-0.32501,0.0,0.0,1.8922,0.6816,0.0,True,True,open_interest_missing,
923,1701452280000,39962.2,False,LONG,0.12,NEUTRAL,0.312156,0.5,0.5,NONE,3.0,CHOPPY,CHOPPY,trend,0.515,0.000318,0.0,0.65,0.65,1.2,1.0,2.7224,0.8578,0.0,True,True,open_interest_missing,
924,1701452520000,39939.2,False,HOLD,0.16,NEUTRAL,0.296509,0.5,0.5,NONE,4.0,CHOPPY,CHOPPY,trend,0.515,0.000215,-0.968504,0.311024,0.311024,1.6,0.0,2.9301,0.7272,0.0,False,True,open_interest_missing,
925,1701452640000,39949.6,False,HOLD,0.05,NEUTRAL,0.305056,0.5,0.5,NONE,3.0,CHOPPY,CHOPPY,trend,0.515,0.000248,0.0,0.65,0.65,0.5,0.0,2.5779,0.7435,0.0,False,True,open_interest_missing,
926,1701452700000,39941.6,False,HOLD,0.0,NEUTRAL,0.311039,0.5,0.5,NONE,3.0,COMPRESSION,COMPRESSION,range,0.5608,0.000105,0.0,-0.563305,-0.563305,0.0,0.0,2.3623,0.6219,0.0,False,True,open_interest_missing,
927,1701452760000,39933.3,False,HOLD,0.16,NEUTRAL,0.295728,0.5,0.5,NONE,4.0,COMPRESSION,COMPRESSION,range,0.5608,0.000361,-0.73064,0.164888,0.164888,1.6,0.0,3.5641,0.6622,0.0,False,True,open_interest_missing,
928,1701452880000,39954.7,False,HOLD,0.11,NEUTRAL,0.304509,0.5,0.5,NONE,4.0,COMPRESSION,COMPRESSION,range,0.5608,0.000208,-0.333333,0.533333,0.533333,1.1,0.0,4.0159,0.7359,0.0,False,True,open_interest_missing,
929,1701452940000,39958.7,False,LONG,0.16,NEUTRAL,0.291157,0.5,0.5,NONE,4.0,COMPRESSION,COMPRESSION,range,0.5608,2.3e-05,-0.95082,0.281604,0.281604,1.6,1.0,2.91,0.7204,0.0,False,True,open_interest_missing,
930,1701453000000,39985.8,False,LONG,0.12,NEUTRAL,0.30131,0.5,0.5,NONE,3.0,COMPRESSION,COMPRESSION,range,0.5608,0.00016,0.142857,0.580063,0.580063,1.2,1.0,2.4241,0.7526,0.0,True,True,open_interest_missing,
931,1701453060000,39985.8,False,HOLD,0.05,NEUTRAL,0.308417,0.5,0.5,NONE,3.0,COMPRESSION,COMPRESSION,range,0.5608,0.000123,0.0,0.216657,0.216657,0.5,0.0,1.5819,0.6545,0.0,True,True,open_interest_missing,
932,1701453120000,40007.9,False,LONG,0.41,NEUTRAL,0.313392,0.5,0.5,NONE,4.0,COMPRESSION,COMPRESSION,range,0.5608,0.000142,-0.714286,0.277341,0.277341,4.1,1.0,3.9446,0.7209,0.0,True,True,open_interest_missing,
933,1701453180000,40001.3,False,HOLD,0.11,NEUTRAL,0.316874,0.5,0.5,NONE,4.0,COMPRESSION,COMPRESSION,range,0.5608,0.000287,0.2,-0.58,-0.58,1.1,0.0,4.064,0.6917,0.0,True,True,open_interest_missing,
934,1701453240000,39974.4,False,HOLD,0.0,NEUTRAL,0.319312,0.5,0.5,NONE,3.0,COMPRESSION,COMPRESSION,range,0.5608,0.000455,0.0,0.000175,0.000175,0.0,0.0,2.152,0.5854,0.0,True,True,open_interest_missing,
935,1701453300000,39995.9,False,HOLD,0.16,NEUTRAL,0.301518,0.5,0.5,NONE,4.0,COMPRESSION,COMPRESSION,range,0.5608,0.000353,-0.979487,0.151207,0.151207,1.6,0.0,3.9322,0.7247,0.0,True,True,open_interest_missing,
936,1701453360000,39984.6,False,HOLD,0.07,NEUTRAL,0.289063,0.5,0.5,NONE,4.0,COMPRESSION,COMPRESSION,range,0.5608,0.000253,-0.993421,-0.997697,-0.997697,0.7,0.0,3.0173,0.7115,0.0,True,True,open_interest_missing,
937,1701453420000,39985.8,False,HOLD,0.07,NEUTRAL,0.299844,0.5,0.5,NONE,4.0,COMPRESSION,COMPRESSION,range,0.5608,0.0003,-0.5,-0.825,-0.825,0.7,0.0,2.8405,0.7096,0.0,True,True,open_interest_missing,
938,1701453480000,39999.0,False,HOLD,0.16,NEUTRAL,0.287891,0.5,0.5,NONE,4.0,COMPRESSION,COMPRESSION,range,0.5608,0.00033,-0.866667,0.346667,0.346667,1.6,0.0,3.0305,0.766,0.0,True,True,open_interest_missing,
939,1701453540000,39987.0,False,HOLD,0.11,NEUTRAL,0.299024,0.5,0.5,NONE,4.0,COMPRESSION,COMPRESSION,range,0.5608,0.000313,0.333333,-0.533333,-0.533333,1.1,0.0,4.0865,0.7074,0.0,True,True,open_interest_missing,
940,1701453600000,40005.5,False,LONG,0.14,NEUTRAL,0.306817,0.5,0.5,NONE,4.0,COMPRESSION,COMPRESSION,range,0.5685,0.00033,0.692308,0.820116,0.820116,1.4,1.0,3.813,0.6897,0.0,False,True,open_interest_missing,
941,1701453660000,40019.1,False,LONG,0.36,NEUTRAL,0.312272,0.5,0.5,NONE,5.0,COMPRESSION,COMPRESSION,range,0.5685,0.00054,-0.333333,0.514507,0.514507,3.6,1.0,4.0086,0.7403,0.0,False,True,open_interest_missing,
942,1701453720000,40017.1,False,HOLD,0.07,NEUTRAL,0.31609,0.5,0.5,NONE,6.0,COMPRESSION,COMPRESSION,range,0.5685,0.00032,-0.5,-0.716641,-0.716641,0.7,0.0,5.1613,0.6402,0.0,False,True,open_interest_missing,
943,1701453780000,40040.0,False,LONG,0.36,NEUTRAL,0.318763,0.5,0.5,NONE,5.0,COMPRESSION,COMPRESSION,range,0.5685,0.00037,-0.5,0.475,0.475,3.6,1.0,4.1319,0.7244,0.0,False,True,open_interest_missing,
944,1701453840000,40034.3,False,HOLD,0.07,NEUTRAL,0.320634,0.5,0.5,NONE,4.0,COMPRESSION,COMPRESSION,range,0.5685,0.000147,-0.7,-0.694914,-0.694914,0.7,0.0,3.4065,0.5946,0.0,False,True,open_interest_missing,
945,1701453900000,40036.8,False,HOLD,0.11,NEUTRAL,0.321944,0.5,0.5,NONE,4.0,COMPRESSION,COMPRESSION,range,0.5685,0.000604,0.789474,-0.113567,-0.113567,1.1,0.0,3.469,0.5745,0.0,False,True,open_interest_missing,
946,1701453960000,40032.7,False,HOLD,0.11,NEUTRAL,0.322861,0.5,0.5,NONE,4.0,COMPRESSION,COMPRESSION,range,0.5685,0.000132,-0.333333,0.395473,0.395473,1.1,0.0,3.6102,0.7015,0.0,False,True,open_interest_missing,
947,1701454020000,40039.9,False,HOLD,0.16,NEUTRAL,0.323503,0.5,0.5,NONE,5.0,COMPRESSION,COMPRESSION,range,0.5685,0.000579,-0.928571,0.325,0.325,1.6,0.0,4.0235,0.7348,0.0,False,True,open_interest_missing,
948,1701454080000,39982.3,False,SHORT,0.44,NEUTRAL,0.323952,0.5,0.5,NONE,4.0,COMPRESSION,COMPRESSION,range,0.5685,0.00058,-0.9,-0.31753,-0.31753,4.4,-1.0,2.8366,0.4685,0.0,False,True,open_interest_missing,
949,1701454140000,40003.4,False,SHORT,0.21,NEUTRAL,0.324266,0.5,0.5,NONE,4.0,CHOPPY,CHOPPY,range,0.5685,0.000197,-0.111111,0.602835,0.602835,2.1,-1.0,2.8644,0.7174,0.0,False,True,open_interest_missing,
950,1701454200000,39979.2,False,HOLD,0.05,NEUTRAL,0.324486,0.5,0.5,NONE,4.0,CHOPPY,CHOPPY,range,0.5685,0.00039,0.0,-0.65,-0.65,0.5,0.0,2.6471,0.6721,0.0,False,True,open_interest_missing,
951,1701454260000,39980.4,False,HOLD,0.07,NEUTRAL,0.32464,0.5,0.5,NONE,4.0,RANGING,RANGING,range,0.5685,0.000283,-0.5,-0.783048,-0.783048,0.7,0.0,3.8472,0.6581,0.0,False,True,open_interest_missing,
952,1701454320000,39987.2,False,HOLD,0.07,NEUTRAL,0.305248,0.5,0.5,NONE,4.0,CHOPPY,CHOPPY,range,0.5685,0.00049,0.906977,0.967442,0.967442,0.7,0.0,2.9796,0.7417,0.0,False,True,open_interest_missing,
953,1701454500000,39986.2,False,HOLD,0.11,NEUTRAL,0.291674,0.5,0.5,NONE,4.0,CHOPPY,CHOPPY,range,0.5618,0.000155,0.512195,-0.223859,-0.223859,1.1,0.0,3.5176,0.5917,0.0,False,True,open_interest_missing,
954,1701454560000,40010.3,False,LONG,0.23,NEUTRAL,0.301672,0.5,0.5,NONE,5.0,CHOPPY,CHOPPY,range,0.5618,0.000537,-0.666667,0.313545,0.313545,2.3,1.0,3.954,0.6851,0.0,False,True,open_interest_missing,
955,1701454620000,40033.8,False,LONG,0.23,NEUTRAL,0.28917,0.5,0.5,NONE,5.0,CHOPPY,CHOPPY,range,0.5618,0.000347,-0.968504,0.135363,0.135363,2.3,1.0,3.8849,0.6898,0.0,False,True,open_interest_missing,
956,1701454680000,40058.4,False,LONG,0.14,NEUTRAL,0.280419,0.5,0.5,NONE,4.0,CHOPPY,CHOPPY,range,0.5618,0.000115,0.815385,0.531616,0.531616,1.4,1.0,3.7802,0.6169,0.0,False,True,open_interest_missing,
957,1701454740000,40076.6,False,HOLD,0.11,NEUTRAL,0.293793,0.5,0.5,NONE,5.0,CHOPPY,CHOPPY,range,0.5618,0.000217,-0.538462,0.358249,0.358249,1.1,0.0,4.8231,0.6943,0.0,False,True,open_interest_missing,
958,1701454800000,40063.8,False,HOLD,0.0,NEUTRAL,0.303155,0.5,0.5,NONE,3.0,RANGING,RANGING,range,0.5618,0.000609,0.0,0.000102,0.000102,0.0,0.0,1.9604,0.537,0.0,False,True,open_interest_missing,
959,1701454860000,40038.4,False,HOLD,0.07,NEUTRAL,0.309709,0.5,0.5,NONE,5.0,CHOPPY,CHOPPY,range,0.5618,8.7e-05,-0.333333,-0.766667,-0.766667,0.7,0.0,3.9229,0.6661,0.0,False,True,open_interest_missing,
960,1701454920000,39998.8,False,HOLD,0.07,NEUTRAL,0.294796,0.5,0.5,NONE,3.0,CHOPPY,CHOPPY,range,0.5618,0.00044,-0.997558,-0.544147,-0.544147,0.7,0.0,1.8716,0.5196,0.0,False,True,open_interest_missing,
961,1701454980000,39977.1,False,SHORT,0.14,NEUTRAL,0.284357,0.5,0.5,NONE,5.0,RANGING,RANGING,range,0.5618,0.00029,-0.940547,-0.979191,-0.979191,1.4,-1.0,4.1452,0.6748,0.0,False,True,open_interest_missing,
962,1701455040000,39999.9,False,HOLD,0.16,NEUTRAL,0.27705,0.5,0.5,NONE,5.0,RANGING,RANGING,range,0.5618,0.000395,-0.997847,0.300753,0.300753,1.6,0.0,4.1464,0.7331,0.0,False,True,open_interest_missing,
963,1701455100000,39999.9,False,HOLD,0.05,NEUTRAL,0.291435,0.5,0.5,NONE,4.0,CHOPPY,CHOPPY,range,0.5618,0.00064,0.0,0.65,0.65,0.5,0.0,3.7864,0.7326,0.0,False,True,open_interest_missing,
964,1701455160000,40004.3,False,HOLD,0.07,NEUTRAL,0.282005,0.5,0.5,NONE,4.0,CHOPPY,CHOPPY,range,0.5618,0.000147,-0.975806,-0.765461,-0.765461,0.7,0.0,3.5706,0.5844,0.0,False,True,open_interest_missing,
965,1701455220000,40025.6,False,HOLD,0.07,NEUTRAL,0.294903,0.5,0.5,NONE,4.0,CHOPPY,CHOPPY,range,0.5618,0.000632,-0.818182,-0.56484,-0.56484,0.7,0.0,3.1628,0.556,0.0,False,True,open_interest_missing,
966,1701455280000,40026.5,False,LONG,0.07,NEUTRAL,0.303932,0.5,0.5,NONE,3.0,CHOPPY,CHOPPY,range,0.5618,0.00016,0.090909,-0.082811,-0.082811,0.7,1.0,2.5271,0.4697,0.0,False,True,open_interest_missing,
967,1701455340000,39993.8,False,HOLD,0.07,NEUTRAL,0.310253,0.5,0.5,NONE,4.0,CHOPPY,CHOPPY,range,0.5618,0.000275,-0.8,-0.93,-0.93,0.7,0.0,2.9448,0.6637,0.0,False,True,open_interest_missing,
968,1701455400000,39987.2,False,SHORT,0.07,NEUTRAL,0.314677,0.5,0.5,NONE,6.0,RANGING,RANGING,range,0.5657,0.00052,-0.636364,-0.852325,-0.852325,0.7,-1.0,5.0551,0.6626,0.0,False,True,open_interest_missing,
969,1701455460000,39999.9,False,HOLD,0.07,NEUTRAL,0.317774,0.5,0.5,NONE,5.0,RANGING,RANGING,range,0.5657,0.000638,0.878788,0.957576,0.957576,0.7,0.0,4.1035,0.7332,0.0,False,True,open_interest_missing,
970,1701455520000,40008.8,False,HOLD,0.0,NEUTRAL,0.319942,0.5,0.5,NONE,4.0,RANGING,RANGING,range,0.5657,0.00032,0.0,0.325087,0.325087,0.0,0.0,2.9739,0.6237,0.0,False,True,open_interest_missing,
971,1701455580000,40012.9,False,HOLD,0.16,NEUTRAL,0.321459,0.5,0.5,NONE,4.0,RANGING,RANGING,range,0.5657,0.00039,0.333333,-0.054262,-0.054262,1.6,0.0,2.8882,0.4954,0.0,False,True,open_interest_missing,
972,1701455640000,39996.9,False,HOLD,0.07,NEUTRAL,0.322521,0.5,0.5,NONE,3.0,RANGING,RANGING,range,0.5657,0.000458,-0.777778,-0.272143,-0.272143,0.7,0.0,1.2999,0.5331,0.0,False,True,open_interest_missing,
973,1701455700000,40012.7,False,HOLD,0.07,NEUTRAL,0.323265,0.5,0.5,NONE,4.0,RANGING,RANGING,range,0.5657,0.000257,0.5,0.825,0.825,0.7,0.0,2.8517,0.7164,0.0,False,True,open_interest_missing,
974,1701455760000,40021.0,False,HOLD,0.11,NEUTRAL,0.323785,0.5,0.5,NONE,4.0,RANGING,RANGING,range,0.5657,6.7e-05,0.333333,-0.388908,-0.388908,1.1,0.0,2.6136,0.6248,0.0,False,True,open_interest_missing,
975,1701455820000,40000.0,False,HOLD,0.07,NEUTRAL,0.32415,0.5,0.5,NONE,4.0,CHOPPY,CHOPPY,range,0.5657,0.000635,-0.846154,-0.512701,-0.512701,0.7,0.0,2.9981,0.528,0.0,False,True,open_interest_missing,
976,1701455880000,40004.3,False,HOLD,0.05,NEUTRAL,0.324405,0.5,0.5,NONE,4.0,CHOPPY,CHOPPY,range,0.5657,0.000482,0.0,0.65,0.65,0.5,0.0,3.7904,0.7299,0.0,False,True,open_interest_missing,
977,1701455940000,39987.2,False,HOLD,0.07,NEUTRAL,0.324583,0.5,0.5,NONE,3.0,RANGING,RANGING,range,0.5657,0.00048,-0.733333,-0.230564,-0.230564,0.7,0.0,2.4353,0.5456,0.0,False,True,open_interest_missing,
978,1701456000000,39959.1,False,SHORT,0.14,NEUTRAL,0.324708,0.5,0.5,NONE,5.0,RANGING,RANGING,range,0.5657,0.000318,-0.333333,-0.762388,-0.762388,1.4,-1.0,3.9086,0.6356,0.0,False,True,open_interest_missing,
979,1701456060000,39955.1,False,SHORT,0.07,NEUTRAL,0.305296,0.5,0.5,NONE,4.0,CHOPPY,CHOPPY,range,0.5657,4e-05,-0.984375,-0.264143,-0.264143,0.7,-1.0,3.5146,0.5258,0.0,False,True,open_interest_missing,
980,1701456120000,39930.5,False,SHORT,0.23,NEUTRAL,0.311207,0.5,0.5,NONE,5.0,CHOPPY,CHOPPY,range,0.5657,0.000235,-0.2,0.487183,0.487183,2.3,-1.0,4.6957,0.7165,0.0,False,True,open_interest_missing,
981,1701456180000,39939.0,False,HOLD,0.07,NEUTRAL,0.295845,0.5,0.5,NONE,6.0,CHOPPY,CHOPPY,range,0.5657,4.5e-05,0.428571,0.583345,0.583345,0.7,0.0,4.8921,0.6712,0.0,False,True,open_interest_missing,
982,1701456240000,39961.1,False,HOLD,0.07,NEUTRAL,0.304592,0.5,0.5,NONE,4.0,CHOPPY,CHOPPY,range,0.5657,2.3e-05,0.333333,0.530376,0.530376,0.7,0.0,3.3247,0.6402,0.0,False,True,open_interest_missing,
983,1701456300000,39974.3,False,HOLD,0.07,NEUTRAL,0.291214,0.5,0.5,NONE,4.0,CHOPPY,CHOPPY,range,0.5763,0.000425,0.933333,0.976667,0.976667,0.7,0.0,3.0212,0.746,0.0,False,True,open_interest_missing,
984,1701456420000,39987.3,False,LONG,0.18,NEUTRAL,0.30135,0.5,0.5,NONE,4.0,CHOPPY,CHOPPY,range,0.5763,2.8e-05,-0.333333,0.533333,0.533333,1.8,1.0,2.9548,0.7499,0.0,False,True,open_interest_missing,
985,1701456480000,39999.9,False,LONG,0.07,NEUTRAL,0.308445,0.5,0.5,NONE,3.0,CHOPPY,CHOPPY,range,0.5763,0.000315,0.2,0.72,0.72,0.7,1.0,2.7363,0.7345,0.0,False,True,open_interest_missing,
986,1701456540000,40000.0,False,LONG,0.14,NEUTRAL,0.313411,0.5,0.5,NONE,2.0,CHOPPY,CHOPPY,range,0.5763,1.2e-05,-0.333333,-0.395247,-0.395247,1.4,1.0,1.8471,0.544,0.0,False,True,open_interest_missing,
987,1701456660000,40000.0,False,HOLD,0.07,NEUTRAL,0.297388,0.5,0.5,NONE,4.0,CHOPPY,CHOPPY,range,0.5763,2e-06,-0.969697,-0.989394,-0.989394,0.7,0.0,3.0499,0.6877,0.0,True,True,open_interest_missing,
988,1701456720000,39996.5,False,HOLD,0.11,NEUTRAL,0.305672,0.5,0.5,NONE,4.0,CHOPPY,CHOPPY,range,0.5763,0.00056,-0.333333,0.533333,0.533333,1.1,0.0,3.0087,0.7672,0.0,True,True,open_interest_missing,
989,1701456780000,39996.7,False,HOLD,0.07,NEUTRAL,0.31147,0.5,0.5,NONE,3.0,CHOPPY,CHOPPY,range,0.5763,0.000558,0.333333,0.766667,0.766667,0.7,0.0,2.8288,0.7642,0.0,True,True,open_interest_missing,
990,1701456840000,40000.0,False,HOLD,0.07,NEUTRAL,0.315529,0.5,0.5,NONE,3.0,CHOPPY,CHOPPY,range,0.5763,0.00016,0.5,0.776855,0.776855,0.7,0.0,2.7698,0.7587,0.0,True,True,open_interest_missing,
991,1701456900000,39987.1,False,SHORT,0.07,NEUTRAL,0.29887,0.5,0.5,NONE,3.0,RANGING,RANGING,range,0.5763,0.000495,-0.968504,-0.909373,-0.909373,0.7,-1.0,2.8127,0.6449,0.0,False,True,open_interest_missing,
992,1701456960000,39926.9,False,HOLD,0.0,NEUTRAL,0.5,0.5,0.5,NONE,0.0,CHOPPY,CHOPPY,range,0.0,0.0,0.0,0.0,0.0,0.0,0.0,0.0,0.0,0.0,False,False,run_all_engines_error,
993,1701457020000,39926.1,False,HOLD,0.0,NEUTRAL,0.5,0.5,0.5,NONE,0.0,CHOPPY,CHOPPY,range,0.0,0.0,0.0,0.0,0.0,0.0,0.0,0.0,0.0,0.0,False,False,run_all_engines_error,
994,1701457080000,39926.0,False,HOLD,0.0,NEUTRAL,0.5,0.5,0.5,NONE,0.0,CHOPPY,CHOPPY,range,0.0,0.0,0.0,0.0,0.0,0.0,0.0,0.0,0.0,0.0,False,False,run_all_engines_error,
995,1701457200000,39921.4,False,HOLD,0.0,NEUTRAL,0.5,0.5,0.5,NONE,0.0,CHOPPY,CHOPPY,range,0.0,0.0,0.0,0.0,0.0,0.0,0.0,0.0,0.0,0.0,False,False,run_all_engines_error,
996,1701457260000,39904.4,False,HOLD,0.0,NEUTRAL,0.5,0.5,0.5,NONE,0.0,CHOPPY,CHOPPY,range,0.0,0.0,0.0,0.0,0.0,0.0,0.0,0.0,0.0,0.0,False,False,run_all_engines_error,
997,1701457320000,39913.5,False,HOLD,0.07,NEUTRAL,0.264573,0.5,0.5,NONE,4.0,COMPRESSION,COMPRESSION,range,0.5813,0.000251,0.969697,0.209481,0.209481,0.7,0.0,4.2206,0.6962,0.0,True,True,open_interest_missing,
998,1701457380000,39900.0,False,HOLD,0.0,NEUTRAL,0.5,0.5,0.5,NONE,0.0,CHOPPY,CHOPPY,range,0.0,0.0,0.0,0.0,0.0,0.0,0.0,0.0,0.0,0.0,False,False,run_all_engines_error,
999,1701457440000,39910.4,False,HOLD,0.07,NEUTRAL,0.281741,0.5,0.5,NONE,4.0,COMPRESSION,COMPRESSION,range,0.5813,0.000258,0.894737,0.963158,0.963158,0.7,0.0,4.3833,0.9767,0.0,True,True,open_interest_missing,
1000,1701457500000,39910.4,False,HOLD,0.16,NEUTRAL,0.275219,0.5,0.5,NONE,4.0,COMPRESSION,COMPRESSION,range,0.5813,0.000484,-0.905738,0.332992,0.332992,1.6,0.0,4.1839,0.7783,0.0,True,True,open_interest_missing,
1001,1701457560000,39895.6,False,SHORT,0.23,NEUTRAL,0.270653,0.5,0.5,NONE,4.0,COMPRESSION,COMPRESSION,range,0.5813,0.000261,-0.418994,0.229134,0.229134,2.3,-1.0,4.3518,0.7043,0.0,True,True,open_interest_missing,
1002,1701457620000,39917.2,False,LONG,0.12,NEUTRAL,0.286957,0.5,0.5,NONE,3.0,COMPRESSION,COMPRESSION,range,0.5813,0.000271,0.0,0.65,0.65,1.2,1.0,2.7041,0.7709,0.0,True,True,open_interest_missing,
1003,1701457800000,39916.6,False,HOLD,0.16,NEUTRAL,0.27887,0.5,0.5,NONE,4.0,COMPRESSION,COMPRESSION,range,0.5813,0.000421,-0.994253,0.302011,0.302011,1.6,0.0,3.0056,0.7235,0.0,False,True,open_interest_missing,
1004,1701457860000,39875.4,False,HOLD,0.0,NEUTRAL,0.5,0.5,0.5,NONE,0.0,CHOPPY,CHOPPY,range,0.0,0.0,0.0,0.0,0.0,0.0,0.0,0.0,0.0,0.0,False,False,run_all_engines_error,
1005,1701457920000,39949.7,False,LONG,0.41,NEUTRAL,0.269246,0.5,0.5,NONE,4.0,COMPRESSION,COMPRESSION,range,0.5813,0.000223,-0.798561,0.322148,0.322148,4.1,1.0,2.9709,0.7089,0.0,False,True,open_interest_missing,
1006,1701457980000,39948.3,False,HOLD,0.07,NEUTRAL,0.285973,0.5,0.5,NONE,2.0,COMPRESSION,COMPRESSION,range,0.5813,0.000383,-0.846154,-0.49952,-0.49952,0.7,0.0,1.8472,0.5068,0.0,False,True,open_interest_missing,
1007,1701458100000,39910.6,False,HOLD,0.16,NEUTRAL,0.297681,0.5,0.5,NONE,3.0,COMPRESSION,COMPRESSION,range,0.5575,0.000606,-0.714286,-0.082651,-0.082651,1.6,0.0,2.9807,0.587,0.0,False,True,open_interest_missing,
1008,1701458160000,39884.8,False,HOLD,0.02,NEUTRAL,0.305877,0.5,0.5,NONE,3.0,COMPRESSION,COMPRESSION,range,0.5575,0.00017,-0.2,-0.107165,-0.107165,0.2,0.0,2.2788,0.4727,0.0,False,True,open_interest_missing,
1009,1701458220000,39875.4,False,HOLD,0.0,NEUTRAL,0.5,0.5,0.5,NONE,0.0,CHOPPY,CHOPPY,range,0.0,0.0,0.0,0.0,0.0,0.0,0.0,0.0,0.0,0.0,False,False,run_all_engines_error,
1010,1701458340000,39871.9,False,SHORT,0.28,NEUTRAL,0.30198,0.5,0.5,NONE,5.0,COMPRESSION,COMPRESSION,range,0.5575,0.000166,0.692308,-0.129033,-0.129033,2.8,-1.0,4.4246,0.5621,0.0,False,True,open_interest_missing,
1011,1701458400000,39831.4,False,HOLD,0.0,NEUTRAL,0.5,0.5,0.5,NONE,0.0,CHOPPY,CHOPPY,range,0.0,0.0,0.0,0.0,0.0,0.0,0.0,0.0,0.0,0.0,False,False,run_all_engines_error,
1012,1701458460000,39846.4,False,HOLD,0.16,NEUTRAL,0.29422,0.5,0.5,NONE,5.0,COMPRESSION,COMPRESSION,range,0.5575,3e-06,-0.985019,0.289288,0.289288,1.6,0.0,4.1196,0.7316,0.0,False,True,open_interest_missing,
1013,1701458520000,39864.1,False,HOLD,0.07,NEUTRAL,0.283954,0.5,0.5,NONE,4.0,COMPRESSION,COMPRESSION,range,0.5575,5.3e-05,0.52,0.806911,0.806911,0.7,0.0,3.9164,0.7134,0.0,False,True,open_interest_missing,
1014,1701458640000,39868.5,False,HOLD,0.07,NEUTRAL,0.296268,0.5,0.5,NONE,4.0,CHOPPY,CHOPPY,range,0.5575,0.000361,0.851852,0.84686,0.84686,0.7,0.0,3.847,0.6874,0.0,False,True,open_interest_missing,
1015,1701458700000,39875.3,False,HOLD,0.16,NEUTRAL,0.285388,0.5,0.5,NONE,4.0,COMPRESSION,COMPRESSION,range,0.5575,0.000409,-0.96,0.314,0.314,1.6,0.0,3.0359,0.7116,0.0,False,True,open_interest_missing,
1016,1701458760000,39835.7,False,HOLD,0.07,NEUTRAL,0.297271,0.5,0.5,NONE,4.0,CHOPPY,CHOPPY,range,0.5575,0.000404,-0.777778,-0.922222,-0.922222,0.7,0.0,2.9261,0.6714,0.0,False,True,open_interest_missing,
1017,1701458820000,39859.2,False,HOLD,0.07,NEUTRAL,0.28609,0.5,0.5,NONE,4.0,CHOPPY,CHOPPY,range,0.5575,3e-06,0.563636,0.809769,0.809769,0.7,0.0,2.7721,0.7165,0.0,False,True,open_interest_missing,
1018,1701458880000,39859.2,False,HOLD,0.16,NEUTRAL,0.278263,0.5,0.5,NONE,4.0,CHOPPY,CHOPPY,range,0.5575,0.00064,0.956044,-0.055322,-0.055322,1.6,0.0,3.6568,0.5715,0.0,False,True,open_interest_missing,
1019,1701458940000,39884.8,False,LONG,0.11,NEUTRAL,0.292284,0.5,0.5,NONE,4.0,RANGING,RANGING,range,0.5575,0.000125,-0.333333,0.533333,0.533333,1.1,1.0,2.9738,0.748,0.0,False,True,open_interest_missing,
1020,1701459000000,39883.2,False,HOLD,0.07,NEUTRAL,0.302099,0.5,0.5,NONE,3.0,RANGING,RANGING,trend,0.5097,0.000602,-0.866667,-0.553259,-0.553259,0.7,0.0,1.9657,0.5514,0.0,False,True,open_interest_missing,
1021,1701459060000,39854.2,False,HOLD,0.07,NEUTRAL,0.308969,0.5,0.5,NONE,4.0,RANGING,RANGING,trend,0.5097,0.000594,-0.928571,-0.975,-0.975,0.7,0.0,2.9865,0.6556,0.0,False,True,open_interest_missing,
1022,1701459120000,39857.8,False,HOLD,0.07,NEUTRAL,0.313778,0.5,0.5,NONE,3.0,CHOPPY,CHOPPY,trend,0.5097,0.000467,-0.5,-0.39165,-0.39165,0.7,0.0,2.8665,0.5145,0.0,False,True,open_interest_missing,
1023,1701459180000,39847.2,False,SHORT,0.07,NEUTRAL,0.317145,0.5,0.5,NONE,4.0,CHOPPY,CHOPPY,trend,0.5097,0.000263,-0.806452,-0.932258,-0.932258,0.7,-1.0,4.0622,0.6593,0.0,False,True,open_interest_missing,
1024,1701459240000,39831.4,False,HOLD,0.0,NEUTRAL,0.5,0.5,0.5,NONE,0.0,CHOPPY,CHOPPY,range,0.0,0.0,0.0,0.0,0.0,0.0,0.0,0.0,0.0,0.0,False,False,run_all_engines_error,
1025,1701459300000,39860.5,False,HOLD,0.07,NEUTRAL,0.288001,0.5,0.5,NONE,3.0,CHOPPY,CHOPPY,trend,0.5097,0.000376,0.911111,0.269107,0.269107,0.7,0.0,2.5342,0.4409,0.0,False,True,open_interest_missing,
1026,1701459360000,39883.0,False,LONG,0.14,NEUTRAL,0.299101,0.5,0.5,NONE,2.0,RANGING,RANGING,trend,0.5097,0.000617,-0.933333,-0.391473,-0.391473,1.4,1.0,1.4427,0.4746,0.0,False,True,open_interest_missing,
1027,1701459420000,39884.0,False,LONG,0.23,NEUTRAL,0.287371,0.5,0.5,NONE,4.0,CHOPPY,CHOPPY,trend,0.5097,0.0007,0.981735,-0.046242,-0.046242,2.3,1.0,2.5408,0.5934,0.0,False,True,open_interest_missing,
1028,1701459480000,39910.4,False,LONG,0.16,NEUTRAL,0.298659,0.5,0.5,NONE,4.0,RANGING,RANGING,trend,0.5097,0.000133,-0.142857,0.399951,0.399951,1.6,1.0,3.4687,0.6766,0.0,False,True,open_interest_missing,
1029,1701459540000,39891.2,False,HOLD,0.07,NEUTRAL,0.306562,0.5,0.5,NONE,4.0,RANGING,RANGING,trend,0.5097,0.00011,-0.333333,-0.766667,-0.766667,0.7,0.0,3.914,0.6737,0.0,False,True,open_interest_missing,
1030,1701459600000,39948.6,False,LONG,0.07,NEUTRAL,0.312093,0.5,0.5,NONE,4.0,RANGING,RANGING,trend,0.5097,0.00032,0.0,0.577834,0.577834,0.7,1.0,3.7346,0.8281,0.0,True,True,open_interest_missing,
1031,1701459660000,39989.9,False,LONG,0.26,NEUTRAL,0.315965,0.5,0.5,NONE,4.0,CHOPPY,CHOPPY,trend,0.5097,5e-06,0.5,0.813334,0.813334,2.6,1.0,4.0808,0.8577,0.0,True,True,open_interest_missing,
1032,1701459720000,39974.4,False,HOLD,0.07,NEUTRAL,0.318676,0.5,0.5,NONE,5.0,CHOPPY,CHOPPY,trend,0.5097,0.000388,-0.733333,-0.906667,-0.906667,0.7,0.0,4.1825,0.7722,0.0,True,True,open_interest_missing,
1033,1701459900000,39958.2,False,HOLD,0.07,NEUTRAL,0.320573,0.5,0.5,NONE,4.0,COMPRESSION,COMPRESSION,range,0.5815,0.000213,-0.529412,-0.57525,-0.57525,0.7,0.0,3.523,0.7646,0.0,True,True,open_interest_missing,
1034,1701459960000,39976.7,False,HOLD,0.07,NEUTRAL,0.302401,0.5,0.5,NONE,5.0,COMPRESSION,COMPRESSION,range,0.5815,0.000223,0.971154,0.989904,0.989904,0.7,0.0,4.352,0.9017,0.0,True,True,open_interest_missing,
1035,1701460020000,39987.2,False,HOLD,0.11,NEUTRAL,0.309181,0.5,0.5,NONE,6.0,COMPRESSION,COMPRESSION,range,0.5815,4.5e-05,-0.625,0.37856,0.37856,1.1,0.0,5.3823,0.8746,0.0,True,True,open_interest_missing,
1036,1701460080000,39986.4,False,HOLD,0.16,NEUTRAL,0.313927,0.5,0.5,NONE,3.0,COMPRESSION,COMPRESSION,range,0.5815,0.000245,-0.625,-0.088745,-0.088745,1.6,0.0,1.9776,0.7312,0.0,True,True,open_interest_missing,
1037,1701460200000,39965.1,False,HOLD,0.11,NEUTRAL,0.297749,0.5,0.5,NONE,4.0,COMPRESSION,COMPRESSION,range,0.5815,0.000603,0.681159,-0.411594,-0.411594,1.1,0.0,3.0243,0.66,0.0,False,True,open_interest_missing,
1038,1701460260000,39963.6,False,HOLD,0.11,NEUTRAL,0.305924,0.5,0.5,NONE,3.0,RANGING,RANGING,range,0.5815,0.00023,-0.263158,0.148247,0.148247,1.1,0.0,3.0293,0.6109,0.0,False,True,open_interest_missing,
1039,1701460320000,39963.2,False,HOLD,0.16,NEUTRAL,0.292147,0.5,0.5,NONE,4.0,COMPRESSION,COMPRESSION,range,0.5815,3e-06,0.947917,-0.318229,-0.318229,1.6,0.0,3.0228,0.6608,0.0,False,True,open_interest_missing,
1040,1701460380000,39951.9,False,SHORT,0.05,NEUTRAL,0.302003,0.5,0.5,NONE,4.0,COMPRESSION,COMPRESSION,range,0.5815,2.3e-05,0.0,-0.65,-0.65,0.5,-1.0,2.6543,0.6726,0.0,False,True,open_interest_missing,
1041,1701460440000,39946.4,False,SHORT,0.12,NEUTRAL,0.308902,0.5,0.5,NONE,4.0,COMPRESSION,COMPRESSION,range,0.5815,0.0001,0.0,-0.65,-0.65,1.2,-1.0,2.6502,0.6402,0.0,False,True,open_interest_missing,
1042,1701460500000,39946.0,False,SHORT,0.36,NEUTRAL,0.294231,0.5,0.5,NONE,3.0,COMPRESSION,COMPRESSION,range,0.5815,0.000248,0.740964,-0.065657,-0.065657,3.6,-1.0,2.2767,0.5376,0.0,False,True,open_interest_missing,
1043,1701460560000,39946.0,False,HOLD,0.16,NEUTRAL,0.303462,0.5,0.5,NONE,4.0,COMPRESSION,COMPRESSION,range,0.5815,0.000205,-0.333333,0.489988,0.489988,1.6,0.0,2.8405,0.6981,0.0,False,True,open_interest_missing,
1044,1701460620000,39977.0,False,LONG,0.36,NEUTRAL,0.309923,0.5,0.5,NONE,4.0,COMPRESSION,COMPRESSION,range,0.5815,0.000638,0.333333,-0.421846,-0.421846,3.6,1.0,3.8169,0.6001,0.0,False,True,open_interest_missing,
1045,1701460680000,39998.9,False,LONG,0.14,NEUTRAL,0.314446,0.5,0.5,NONE,3.0,COMPRESSION,COMPRESSION,range,0.5815,0.000118,-0.333333,-0.302198,-0.302198,1.4,1.0,2.6485,0.5274,0.0,False,True,open_interest_missing,
1046,1701460740000,39998.8,False,HOLD,0.07,NEUTRAL,0.317612,0.5,0.5,NONE,4.0,COMPRESSION,COMPRESSION,range,0.5815,0.000763,0.333333,0.766667,0.766667,0.7,0.0,3.8203,0.7454,0.0,False,True,open_interest_missing,
1047,1701460800000,39999.2,False,LONG,0.23,NEUTRAL,0.300329,0.5,0.5,NONE,5.0,RANGING,RANGING,range,0.6356,0.00045,-0.994709,0.301852,0.301852,2.3,1.0,4.0714,0.7496,0.0,False,True,open_interest_missing,
1048,1701460860000,39987.2,False,HOLD,0.07,NEUTRAL,0.30773,0.5,0.5,NONE,5.0,RANGING,RANGING,range,0.6356,0.000318,-0.636364,-0.872727,-0.872727,0.7,0.0,4.0458,0.6068,0.0,False,True,open_interest_missing,
1049,1701460980000,39959.5,False,HOLD,0.05,NEUTRAL,0.293411,0.5,0.5,NONE,4.0,COMPRESSION,COMPRESSION,range,0.6356,0.000455,0.0,0.65,0.65,0.5,0.0,2.6709,0.7327,0.0,False,True,open_interest_missing,
1050,1701461100000,39969.4,False,HOLD,0.0,NEUTRAL,0.283388,0.5,0.5,NONE,3.0,RANGING,RANGING,range,0.6356,0.000118,0.0,0.000137,0.000137,0.0,0.0,2.1634,0.5187,0.0,False,True,open_interest_missing,
1051,1701461160000,39948.8,False,HOLD,0.16,NEUTRAL,0.276372,0.5,0.5,NONE,5.0,RANGING,RANGING,range,0.6356,0.000158,0.930636,-0.324277,-0.324277,1.6,0.0,4.1478,0.6683,0.0,False,True,open_interest_missing,
1052,1701461280000,39946.7,False,HOLD,0.07,NEUTRAL,0.29096,0.5,0.5,NONE,5.0,RANGING,RANGING,range,0.6356,2e-05,-0.5,-0.825,-0.825,0.7,0.0,3.9662,0.6737,0.0,False,True,open_interest_missing,
1053,1701461340000,39948.8,False,HOLD,0.16,NEUTRAL,0.281672,0.5,0.5,NONE,5.0,RANGING,RANGING,range,0.6356,5.3e-05,-0.984733,0.305344,0.305344,1.6,0.0,4.1478,0.745,0.0,False,True,open_interest_missing,
1054,1701461400000,39948.6,False,HOLD,0.0,NEUTRAL,0.29467,0.5,0.5,NONE,3.0,RANGING,RANGING,range,0.6356,5.3e-05,0.0,1.5e-05,1.5e-05,0.0,0.0,2.2834,0.5832,0.0,True,True,open_interest_missing,
1055,1701461460000,39936.1,False,SHORT,0.14,NEUTRAL,0.284269,0.5,0.5,NONE,5.0,RANGING,RANGING,range,0.6356,0.000315,-0.984252,-0.994488,-0.994488,1.4,-1.0,4.3053,0.7536,0.0,True,True,open_interest_missing,
1056,1701461580000,39948.8,False,HOLD,0.11,NEUTRAL,0.296489,0.5,0.5,NONE,5.0,RANGING,RANGING,range,0.6356,0.00032,-0.2,0.58,0.58,1.1,0.0,3.0505,0.8583,0.0,True,True,open_interest_missing,
1057,1701461640000,39936.1,False,HOLD,0.16,NEUTRAL,0.285542,0.5,0.5,NONE,5.0,RANGING,RANGING,range,0.6356,0.000268,0.96319,-0.312883,-0.312883,1.6,0.0,4.3109,0.7557,0.0,True,True,open_interest_missing,
1058,1701461700000,39943.2,False,HOLD,0.07,NEUTRAL,0.277879,0.5,0.5,NONE,6.0,RANGING,RANGING,range,0.6646,0.0003,-0.984,-0.901513,-0.901513,0.7,0.0,5.0462,0.5982,0.0,False,True,open_interest_missing,
1059,1701461820000,39943.2,False,HOLD,0.05,NEUTRAL,0.292016,0.5,0.5,NONE,5.0,RANGING,RANGING,range,0.6646,3e-06,0.0,0.65,0.65,0.5,0.0,3.8263,0.6929,0.0,False,True,open_interest_missing,
1060,1701461880000,39948.8,False,HOLD,0.11,NEUTRAL,0.301911,0.5,0.5,NONE,5.0,CHOPPY,CHOPPY,range,0.6646,0.000145,-0.5,0.475,0.475,1.1,0.0,3.0286,0.7436,0.0,False,True,open_interest_missing,
1061,1701461940000,39948.8,False,HOLD,0.11,NEUTRAL,0.289338,0.5,0.5,NONE,5.0,COMPRESSION,COMPRESSION,range,0.6646,3e-06,0.46888,-0.485892,-0.485892,1.1,0.0,3.0175,0.6687,0.0,False,True,open_interest_missing,
1062,1701462000000,39948.9,False,LONG,0.07,NEUTRAL,0.280536,0.5,0.5,NONE,4.0,COMPRESSION,COMPRESSION,range,0.6646,3e-06,0.472574,0.815401,0.815401,0.7,1.0,2.8389,0.7498,0.0,False,True,open_interest_missing,
1063,1701462060000,39948.8,False,HOLD,0.16,NEUTRAL,0.274376,0.5,0.5,NONE,4.0,COMPRESSION,COMPRESSION,range,0.6646,3e-06,0.578475,-0.173849,-0.173849,1.6,0.0,2.3663,0.5823,0.0,False,True,open_interest_missing,
1064,1701462120000,39948.9,False,HOLD,0.07,NEUTRAL,0.270063,0.5,0.5,NONE,5.0,COMPRESSION,COMPRESSION,range,0.6646,3e-06,0.60274,0.860959,0.860959,0.7,0.0,2.8857,0.7496,0.0,False,True,open_interest_missing,
1065,1701462180000,39946.8,False,HOLD,0.16,NEUTRAL,0.267044,0.5,0.5,NONE,4.0,COMPRESSION,COMPRESSION,range,0.6646,3e-06,-0.981132,-0.213388,-0.213388,1.6,0.0,3.0133,0.5862,0.0,False,True,open_interest_missing,
1066,1701462240000,39948.9,False,HOLD,0.07,NEUTRAL,0.264931,0.5,0.5,NONE,4.0,COMPRESSION,COMPRESSION,range,0.6646,3e-06,0.672209,0.606707,0.606707,0.7,0.0,2.2079,0.6638,0.0,False,True,open_interest_missing,
1067,1701462300000,39960.0,False,LONG,0.41,NEUTRAL,0.263452,0.5,0.5,NONE,5.0,COMPRESSION,COMPRESSION,range,0.6646,3e-06,-0.768116,0.289376,0.289376,4.1,1.0,2.902,0.6744,0.0,False,True,open_interest_missing,
1068,1701462420000,39956.2,False,HOLD,0.07,NEUTRAL,0.262416,0.5,0.5,NONE,4.0,COMPRESSION,COMPRESSION,range,0.6646,3e-06,-0.178721,-0.712552,-0.712552,0.7,0.0,2.7385,0.6448,0.0,False,True,open_interest_missing,
1069,1701462480000,39956.2,False,HOLD,0.11,NEUTRAL,0.261691,0.5,0.5,NONE,5.0,COMPRESSION,COMPRESSION,range,0.6646,5e-05,0.988701,-0.303955,-0.303955,1.1,0.0,3.0342,0.6664,0.0,False,True,open_interest_missing,
1070,1701462540000,39956.2,False,HOLD,0.07,NEUTRAL,0.261184,0.5,0.5,NONE,5.0,COMPRESSION,COMPRESSION,range,0.6646,0.00017,0.989189,0.953602,0.953602,0.7,0.0,4.0478,0.7279,0.0,False,True,open_interest_missing,
1071,1701462600000,39960.0,False,SHORT,0.23,NEUTRAL,0.260829,0.5,0.5,NONE,5.0,COMPRESSION,COMPRESSION,range,0.6479,0.00023,-0.184211,0.584322,0.584322,2.3,-1.0,4.042,0.7217,0.0,False,True,open_interest_missing,
1072,1701462660000,39971.0,False,LONG,0.19,NEUTRAL,0.26058,0.5,0.5,NONE,6.0,COMPRESSION,COMPRESSION,range,0.6479,0.000163,0.997226,0.979983,0.979983,1.9,1.0,5.018,0.6855,0.0,False,True,open_interest_missing,
1073,1701462720000,39964.2,False,HOLD,0.16,NEUTRAL,0.260406,0.5,0.5,NONE,4.0,COMPRESSION,COMPRESSION,range,0.6479,0.000223,-0.991859,-0.130435,-0.130435,1.6,0.0,3.2457,0.5956,0.0,False,True,open_interest_missing,
1074,1701462780000,40007.0,False,LONG,0.44,NEUTRAL,0.260284,0.5,0.5,NONE,5.0,COMPRESSION,COMPRESSION,range,0.6479,2e-06,0.994943,0.99823,0.99823,4.4,1.0,4.1745,0.7245,0.0,False,True,open_interest_missing,
1075,1701462840000,40007.0,False,HOLD,0.16,NEUTRAL,0.260199,0.5,0.5,NONE,4.0,COMPRESSION,COMPRESSION,range,0.6479,5e-06,-0.952381,-0.1708,-0.1708,1.6,0.0,3.1092,0.5772,0.0,False,True,open_interest_missing,
1076,1701462900000,39998.5,False,HOLD,0.07,NEUTRAL,0.260139,0.5,0.5,NONE,3.0,COMPRESSION,COMPRESSION,range,0.6479,0.000493,-0.234568,-0.082011,-0.082011,0.7,0.0,2.3066,0.6626,0.0,True,True,open_interest_missing,
1077,1701462960000,39996.6,False,HOLD,0.11,NEUTRAL,0.279598,0.5,0.5,NONE,5.0,COMPRESSION,COMPRESSION,range,0.6479,0.00037,0.5,-0.214978,-0.214978,1.1,0.0,3.5646,0.7125,0.0,True,True,open_interest_missing,
1078,1701463020000,39987.0,False,HOLD,0.11,NEUTRAL,0.293218,0.5,0.5,NONE,5.0,COMPRESSION,COMPRESSION,range,0.6479,0.000235,0.333333,-0.533333,-0.533333,1.1,0.0,4.2618,0.7356,0.0,True,True,open_interest_missing,
1079,1701463080000,39983.3,False,HOLD,0.0,NEUTRAL,0.302753,0.5,0.5,NONE,3.0,COMPRESSION,COMPRESSION,range,0.6479,0.000418,0.0,-0.216667,-0.216667,0.0,0.0,1.7406,0.6107,0.0,True,True,open_interest_missing,
1080,1701463140000,39995.3,False,HOLD,0.07,NEUTRAL,0.309427,0.5,0.5,NONE,5.0,COMPRESSION,COMPRESSION,range,0.6479,0.000123,0.333333,0.766667,0.766667,0.7,0.0,2.962,0.8673,0.0,True,True,open_interest_missing,
1081,1701463200000,40029.0,False,LONG,0.41,NEUTRAL,0.294599,0.5,0.5,NONE,5.0,COMPRESSION,COMPRESSION,range,0.6479,0.000175,-0.957447,0.314894,0.314894,4.1,1.0,4.1598,0.7107,0.0,False,True,open_interest_missing,
1082,1701463260000,40039.3,False,LONG,0.41,NEUTRAL,0.303719,0.5,0.5,NONE,5.0,COMPRESSION,COMPRESSION,range,0.6479,2.2e-05,0.2,-0.401587,-0.401587,4.1,1.0,4.3471,0.5655,0.0,False,True,open_interest_missing,
1083,1701463320000,40036.7,False,HOLD,0.07,NEUTRAL,0.310103,0.5,0.5,NONE,4.0,COMPRESSION,COMPRESSION,range,0.6479,0.00023,-0.4,-0.356614,-0.356614,0.7,0.0,2.6938,0.4971,0.0,False,True,open_interest_missing,
1084,1701463380000,40004.3,False,HOLD,0.07,NEUTRAL,0.314572,0.5,0.5,NONE,3.0,COMPRESSION,COMPRESSION,range,0.6479,0.000595,-0.555556,-0.282863,-0.282863,0.7,0.0,2.3919,0.468,0.0,False,True,open_interest_missing,
1085,1701463440000,40000.8,False,HOLD,0.16,NEUTRAL,0.298201,0.5,0.5,NONE,5.0,COMPRESSION,COMPRESSION,range,0.6479,0.000632,0.942029,-0.157768,-0.157768,1.6,0.0,3.8241,0.6228,0.0,False,True,open_interest_missing,
1086,1701463500000,39987.2,False,SHORT,0.07,NEUTRAL,0.286741,0.5,0.5,NONE,4.0,COMPRESSION,COMPRESSION,range,0.6476,0.000313,-0.994186,-0.941431,-0.941431,0.7,-1.0,2.9094,0.6525,0.0,False,True,open_interest_missing,
1087,1701463560000,39969.2,False,SHORT,0.36,NEUTRAL,0.298218,0.5,0.5,NONE,4.0,COMPRESSION,COMPRESSION,range,0.6476,0.000318,0.5,-0.475,-0.475,3.6,-1.0,3.0405,0.6635,0.0,False,True,open_interest_missing,
1088,1701463620000,39969.1,False,SHORT,0.07,NEUTRAL,0.286753,0.5,0.5,NONE,4.0,COMPRESSION,COMPRESSION,range,0.6476,0.000133,-0.702381,-0.895833,-0.895833,0.7,-1.0,2.9334,0.6616,0.0,False,True,open_interest_missing,
1089,1701463680000,39966.1,False,SHORT,0.41,NEUTRAL,0.278727,0.5,0.5,NONE,5.0,COMPRESSION,COMPRESSION,range,0.6476,0.00029,-0.989293,-0.106688,-0.106688,4.1,-1.0,3.6789,0.6151,0.0,False,True,open_interest_missing,
1090,1701463740000,39978.5,False,HOLD,0.07,NEUTRAL,0.273109,0.5,0.5,NONE,2.0,COMPRESSION,COMPRESSION,range,0.6476,0.000435,-0.995704,-0.348272,-0.348272,0.7,0.0,1.4053,0.5252,0.0,False,True,open_interest_missing,
1091,1701463800000,39974.4,False,HOLD,0.07,NEUTRAL,0.288676,0.5,0.5,NONE,4.0,COMPRESSION,COMPRESSION,range,0.6476,0.000425,-0.2,-0.72,-0.72,0.7,0.0,2.827,0.7147,0.0,True,True,open_interest_missing,
1092,1701463920000,39961.6,False,HOLD,0.07,NEUTRAL,0.280073,0.5,0.5,NONE,4.0,COMPRESSION,COMPRESSION,range,0.6476,0.000413,0.929825,0.975439,0.975439,0.7,0.0,3.0801,0.8075,0.0,True,True,open_interest_missing,
1093,1701463980000,39987.2,False,LONG,0.14,NEUTRAL,0.274051,0.5,0.5,NONE,4.0,COMPRESSION,COMPRESSION,range,0.6476,0.000413,0.976744,0.99186,0.99186,1.4,1.0,3.1162,0.8047,0.0,True,True,open_interest_missing,
1094,1701464040000,39996.0,False,LONG,0.07,NEUTRAL,0.289336,0.5,0.5,NONE,2.0,COMPRESSION,COMPRESSION,range,0.6476,0.00021,0.333333,-0.013326,-0.013326,0.7,1.0,1.4917,0.5346,0.0,True,True,open_interest_missing,
1095,1701464100000,39976.8,False,HOLD,0.0,NEUTRAL,0.300035,0.5,0.5,NONE,3.0,COMPRESSION,COMPRESSION,range,0.6476,0.00032,0.0,-0.361075,-0.361075,0.0,0.0,3.0812,0.5647,0.0,False,True,open_interest_missing,
1096,1701464160000,39968.8,False,HOLD,0.05,NEUTRAL,0.307525,0.5,0.5,NONE,4.0,COMPRESSION,COMPRESSION,range,0.6476,0.00064,0.0,-0.65,-0.65,0.5,0.0,3.8041,0.6635,0.0,False,True,open_interest_missing,
1097,1701464220000,39959.9,False,SHORT,0.16,NEUTRAL,0.293267,0.5,0.5,NONE,4.0,COMPRESSION,COMPRESSION,range,0.6476,0.000178,0.993506,-0.04225,-0.04225,1.6,-1.0,3.6814,0.5875,0.0,False,True,open_interest_missing,
1098,1701464280000,39949.7,False,SHORT,0.41,NEUTRAL,0.283287,0.5,0.5,NONE,5.0,COMPRESSION,COMPRESSION,range,0.6476,0.000525,0.962963,-0.312963,-0.312963,4.1,-1.0,4.181,0.6737,0.0,False,True,open_interest_missing,
1099,1701464340000,39936.0,False,SHORT,0.07,NEUTRAL,0.295801,0.5,0.5,NONE,4.0,COMPRESSION,COMPRESSION,range,0.6476,0.000258,0.333333,0.116667,0.116667,0.7,-1.0,3.2039,0.4627,0.0,False,True,open_interest_missing,
1100,1701464460000,39949.5,False,HOLD,0.05,NEUTRAL,0.304561,0.5,0.5,NONE,4.0,COMPRESSION,COMPRESSION,range,0.6177,0.000305,0.0,-0.65,-0.65,0.5,0.0,3.8148,0.6739,0.0,False,True,open_interest_missing,
1101,1701464520000,39979.2,False,LONG,0.07,NEUTRAL,0.291193,0.5,0.5,NONE,3.0,COMPRESSION,COMPRESSION,range,0.6177,0.000145,0.957704,0.748882,0.748882,0.7,1.0,2.4318,0.6762,0.0,False,True,open_interest_missing,
1102,1701464580000,39983.0,False,LONG,0.41,NEUTRAL,0.281835,0.5,0.5,NONE,3.0,COMPRESSION,COMPRESSION,range,0.6177,0.000438,0.913043,-0.00542,-0.00542,4.1,1.0,2.3749,0.5687,0.0,False,True,open_interest_missing,
1103,1701464640000,39977.6,False,HOLD,0.07,NEUTRAL,0.275284,0.5,0.5,NONE,4.0,COMPRESSION,COMPRESSION,range,0.6177,0.000635,0.956522,0.984783,0.984783,0.7,0.0,3.0265,0.723,0.0,False,True,open_interest_missing,
1104,1701464700000,39994.5,False,LONG,0.07,NEUTRAL,0.270699,0.5,0.5,NONE,4.0,COMPRESSION,COMPRESSION,range,0.6177,0.00024,0.875,0.811807,0.811807,0.7,1.0,2.5356,0.7027,0.0,False,True,open_interest_missing,
1105,1701464760000,39994.6,False,HOLD,0.0,NEUTRAL,0.286989,0.5,0.5,NONE,3.0,CHOPPY,CHOPPY,range,0.6177,5e-06,0.0,0.177285,0.177285,0.0,0.0,2.5173,0.6015,0.0,False,True,open_interest_missing,
1106,1701464820000,39991.8,False,HOLD,0.07,NEUTRAL,0.278893,0.5,0.5,NONE,4.0,COMPRESSION,COMPRESSION,range,0.6177,0.000345,-0.45122,-0.807927,-0.807927,0.7,0.0,3.9803,0.6606,0.0,False,True,open_interest_missing,
1107,1701464880000,39994.2,False,HOLD,0.07,NEUTRAL,0.273225,0.5,0.5,NONE,4.0,COMPRESSION,COMPRESSION,range,0.6177,0.000118,0.492901,0.78875,0.78875,0.7,0.0,3.7962,0.7369,0.0,False,True,open_interest_missing,
1108,1701464940000,40023.3,False,LONG,0.14,NEUTRAL,0.269257,0.5,0.5,NONE,5.0,COMPRESSION,COMPRESSION,range,0.6177,0.000105,0.989145,0.897469,0.897469,1.4,1.0,4.7041,0.6951,0.0,False,True,open_interest_missing,
1109,1701465000000,40012.9,False,HOLD,0.0,NEUTRAL,0.28598,0.5,0.5,NONE,4.0,COMPRESSION,COMPRESSION,range,0.6177,0.000377,0.0,-0.531804,-0.531804,0.0,0.0,3.5173,0.7342,0.0,True,True,open_interest_missing,
1110,1701465060000,40008.8,False,HOLD,0.11,NEUTRAL,0.297686,0.5,0.5,NONE,4.0,COMPRESSION,COMPRESSION,range,0.6177,0.000312,-0.75,0.135997,0.135997,1.1,0.0,3.6279,0.7751,0.0,True,True,open_interest_missing,
1111,1701465120000,40000.0,False,HOLD,0.07,NEUTRAL,0.30588,0.5,0.5,NONE,4.0,COMPRESSION,COMPRESSION,range,0.6177,9e-05,0.2,0.479233,0.479233,0.7,0.0,3.2989,0.77,0.0,True,True,open_interest_missing,
1112,1701465180000,40038.4,False,HOLD,0.07,NEUTRAL,0.292116,0.5,0.5,NONE,5.0,COMPRESSION,COMPRESSION,range,0.6177,0.000225,0.836412,0.942744,0.942744,0.7,0.0,4.1357,0.8125,0.0,True,True,open_interest_missing,
1113,1701465240000,40038.0,False,HOLD,0.07,NEUTRAL,0.301981,0.5,0.5,NONE,4.0,COMPRESSION,COMPRESSION,range,0.6177,0.00032,-0.5,-0.74054,-0.74054,0.7,0.0,3.8012,0.7136,0.0,True,True,open_interest_missing,
1114,1701465300000,40013.1,False,HOLD,0.07,NEUTRAL,0.308887,0.5,0.5,NONE,4.0,CHOPPY,CHOPPY,trend,0.5216,0.00031,-0.6,-0.86,-0.86,0.7,0.0,3.9914,0.6674,0.0,False,True,open_interest_missing,
1115,1701465420000,40036.6,False,HOLD,0.16,NEUTRAL,0.294221,0.5,0.5,NONE,4.0,CHOPPY,CHOPPY,trend,0.5216,0.000502,0.950685,0.116185,0.116185,1.6,0.0,3.2217,0.5037,0.0,False,True,open_interest_missing,
1116,1701465480000,40036.6,False,HOLD,0.11,NEUTRAL,0.283955,0.5,0.5,NONE,5.0,CHOPPY,CHOPPY,trend,0.5216,0.000592,-0.4375,0.496875,0.496875,1.1,0.0,4.1305,0.7103,0.0,False,True,open_interest_missing,
1117,1701465600000,40025.6,False,HOLD,0.05,NEUTRAL,0.296268,0.5,0.5,NONE,4.0,CHOPPY,CHOPPY,trend,0.5216,0.00032,0.0,0.65,0.65,0.5,0.0,2.6598,0.7332,0.0,False,True,open_interest_missing,
1118,1701465660000,40034.0,False,HOLD,0.16,NEUTRAL,0.285388,0.5,0.5,NONE,4.0,CHOPPY,CHOPPY,trend,0.5216,0.00053,-0.923077,0.326923,0.326923,1.6,0.0,3.0317,0.7212,0.0,False,True,open_interest_missing,
1119,1701465720000,40030.0,False,HOLD,0.11,NEUTRAL,0.277772,0.5,0.5,NONE,4.0,CHOPPY,CHOPPY,trend,0.5216,0.000217,0.5625,-0.421922,-0.421922,1.1,0.0,4.0974,0.6421,0.0,False,True,open_interest_missing,
1120,1701465780000,40012.9,False,HOLD,0.07,NEUTRAL,0.29194,0.5,0.5,NONE,3.0,CHOPPY,CHOPPY,trend,0.5216,0.000107,-0.692308,-0.671473,-0.671473,0.7,0.0,2.348,0.5996,0.0,False,True,open_interest_missing,
1121,1701465840000,40012.8,False,SHORT,0.07,NEUTRAL,0.301858,0.5,0.5,NONE,4.0,CHOPPY,CHOPPY,trend,0.5216,0.00059,-0.692308,-0.892308,-0.892308,0.7,-1.0,2.9051,0.6675,0.0,False,True,open_interest_missing,
1122,1701465900000,39995.8,False,SHORT,0.23,NEUTRAL,0.308801,0.5,0.5,NONE,4.0,CHOPPY,CHOPPY,trend,0.5216,0.000422,0.897436,-0.075809,-0.075809,2.3,-1.0,2.6336,0.6907,0.0,True,True,open_interest_missing,
1123,1701466020000,40000.0,False,HOLD,0.0,NEUTRAL,0.31366,0.5,0.5,NONE,3.0,CHOPPY,CHOPPY,trend,0.5216,0.00032,0.0,0.177296,0.177296,0.0,0.0,1.5973,0.6935,0.0,True,True,open_interest_missing,
1124,1701466140000,39979.3,False,SHORT,0.14,NEUTRAL,0.297562,0.5,0.5,NONE,4.0,CHOPPY,CHOPPY,trend,0.5216,0.000318,-0.423423,-0.798198,-0.798198,1.4,-1.0,2.9371,0.7741,0.0,True,True,open_interest_missing,
1125,1701466200000,39987.3,False,HOLD,0.11,NEUTRAL,0.286294,0.5,0.5,NONE,4.0,RANGING,RANGING,trend,0.5637,0.000518,-0.446429,0.441774,0.441774,1.1,0.0,4.0132,0.7282,0.0,False,True,open_interest_missing,
1126,1701466500000,40016.0,False,HOLD,0.16,NEUTRAL,0.297906,0.5,0.5,NONE,4.0,RANGING,RANGING,trend,0.5637,0.000122,0.888889,-0.338889,-0.338889,1.6,0.0,3.1106,0.7397,0.0,True,True,open_interest_missing,
1127,1701466560000,40020.9,False,LONG,0.07,NEUTRAL,0.306034,0.5,0.5,NONE,4.0,RANGING,RANGING,trend,0.5637,0.000122,0.875,0.95625,0.95625,0.7,1.0,3.0692,0.8062,0.0,True,True,open_interest_missing,
1128,1701466620000,40025.7,False,LONG,0.07,NEUTRAL,0.311724,0.5,0.5,NONE,4.0,RANGING,RANGING,trend,0.5637,0.000275,-0.6,-0.86,-0.86,0.7,1.0,2.9738,0.7211,0.0,True,True,open_interest_missing,
1129,1701466680000,40036.6,False,LONG,0.07,NEUTRAL,0.296207,0.5,0.5,NONE,4.0,RANGING,RANGING,trend,0.5637,0.000217,0.946588,0.981306,0.981306,0.7,1.0,3.1061,0.7732,0.0,True,True,open_interest_missing,
1130,1701466740000,40028.1,False,HOLD,0.11,NEUTRAL,0.304845,0.5,0.5,NONE,5.0,CHOPPY,CHOPPY,trend,0.5637,0.000185,0.6,-0.44,-0.44,1.1,0.0,4.2446,0.7161,0.0,True,True,open_interest_missing,
1131,1701466800000,40054.0,False,LONG,0.18,NEUTRAL,0.310891,0.5,0.5,NONE,4.0,RANGING,RANGING,trend,0.5637,0.000212,-0.5,0.438904,0.438904,1.8,1.0,3.0499,0.8221,0.0,True,True,open_interest_missing,
1132,1701466860000,40021.1,False,HOLD,0.07,NEUTRAL,0.295624,0.5,0.5,NONE,4.0,RANGING,RANGING,trend,0.5637,0.000587,-0.906977,-0.967442,-0.967442,0.7,0.0,3.1027,0.7499,0.0,True,True,open_interest_missing,
1133,1701466920000,40064.0,False,LONG,0.07,NEUTRAL,0.284937,0.5,0.5,NONE,5.0,RANGING,RANGING,trend,0.5637,0.000746,0.809524,0.887717,0.887717,0.7,1.0,4.8045,0.8076,0.0,True,True,open_interest_missing,
1134,1701466980000,40098.4,False,LONG,0.23,NEUTRAL,0.277456,0.5,0.5,NONE,5.0,RANGING,RANGING,trend,0.5637,0.000623,-0.904762,0.179539,0.179539,2.3,1.0,4.8905,0.737,0.0,True,True,open_interest_missing,
1135,1701467040000,40083.5,False,HOLD,0.07,NEUTRAL,0.291719,0.5,0.5,NONE,3.0,CHOPPY,CHOPPY,trend,0.5637,0.000419,-0.7,-0.374997,-0.374997,0.7,0.0,2.5066,0.528,0.0,True,True,open_interest_missing,
1136,1701467100000,40064.9,False,LONG,0.19,NEUTRAL,0.301703,0.5,0.5,NONE,4.0,CHOPPY,CHOPPY,trend,0.5068,0.000387,-0.578947,-0.852632,-0.852632,1.9,1.0,3.9413,0.7744,0.0,True,True,open_interest_missing,
1137,1701467160000,40068.8,False,HOLD,0.07,NEUTRAL,0.289192,0.5,0.5,NONE,4.0,CHOPPY,CHOPPY,trend,0.5068,0.000629,-0.232877,-0.731507,-0.731507,0.7,0.0,3.8196,0.7707,0.0,True,True,open_interest_missing,
1138,1701467340000,40051.3,False,HOLD,0.16,NEUTRAL,0.280435,0.5,0.5,NONE,4.0,CHOPPY,CHOPPY,trend,0.5068,0.000557,0.928571,-0.325,-0.325,1.6,0.0,3.0628,0.7825,0.0,True,True,open_interest_missing,
1139,1701467400000,40072.4,False,HOLD,0.16,NEUTRAL,0.274304,0.5,0.5,NONE,3.0,CHOPPY,CHOPPY,trend,0.5068,0.000527,-0.59375,0.008975,0.008975,1.6,0.0,1.7776,0.5938,0.0,False,True,open_interest_missing,
1140,1701467460000,40069.3,False,HOLD,0.07,NEUTRAL,0.270013,0.5,0.5,NONE,3.0,CHOPPY,CHOPPY,trend,0.5068,0.000357,0.237037,0.605792,0.605792,0.7,0.0,2.2391,0.6897,0.0,False,True,open_interest_missing,
1141,1701467520000,40068.1,False,HOLD,0.07,NEUTRAL,0.286509,0.5,0.5,NONE,3.0,CHOPPY,CHOPPY,trend,0.5068,9e-05,0.5,0.247235,0.247235,0.7,0.0,2.232,0.5303,0.0,False,True,open_interest_missing,
1142,1701467580000,40072.4,False,HOLD,0.16,NEUTRAL,0.278556,0.5,0.5,NONE,4.0,CHOPPY,CHOPPY,trend,0.5068,0.000107,-0.952381,0.316667,0.316667,1.6,0.0,3.9619,0.7252,0.0,False,True,open_interest_missing,
1143,1701467640000,40042.2,False,SHORT,0.14,NEUTRAL,0.27299,0.5,0.5,NONE,4.0,CHOPPY,CHOPPY,trend,0.5068,0.000342,-0.965517,-0.987931,-0.987931,1.4,-1.0,3.0169,0.6708,0.0,False,True,open_interest_missing,
1144,1701467700000,40013.0,False,SHORT,0.14,NEUTRAL,0.288593,0.5,0.5,NONE,4.0,CHOPPY,CHOPPY,trend,0.5068,0.000272,-0.333333,-0.752526,-0.752526,1.4,-1.0,2.8137,0.7318,0.0,True,True,open_interest_missing,
1145,1701467760000,39978.3,False,SHORT,0.14,NEUTRAL,0.280015,0.5,0.5,NONE,5.0,CHOPPY,CHOPPY,trend,0.5068,0.000327,-0.95122,-0.982927,-0.982927,1.4,-1.0,4.2015,0.6988,0.0,True,True,open_interest_missing,
1146,1701467820000,39952.4,False,SHORT,0.23,NEUTRAL,0.274011,0.5,0.5,NONE,5.0,CHOPPY,CHOPPY,trend,0.5068,0.000248,0.923077,-0.326923,-0.326923,2.3,-1.0,4.1996,0.7248,0.0,True,True,open_interest_missing,
1147,1701467880000,39993.0,False,HOLD,0.07,NEUTRAL,0.269807,0.5,0.5,NONE,5.0,CHOPPY,CHOPPY,trend,0.5068,0.000228,0.937255,0.978039,0.978039,0.7,0.0,4.1972,0.811,0.0,True,True,open_interest_missing,
1148,1701467940000,39987.2,False,HOLD,0.16,NEUTRAL,0.286365,0.5,0.5,NONE,5.0,CHOPPY,CHOPPY,trend,0.5068,0.000468,0.333333,-0.533333,-0.533333,1.6,0.0,4.1657,0.7261,0.0,True,True,open_interest_missing,
1149,1701468000000,39986.5,False,HOLD,0.07,NEUTRAL,0.278456,0.5,0.5,NONE,3.0,CHOPPY,CHOPPY,trend,0.5461,0.000153,-0.707317,-0.15466,-0.15466,0.7,0.0,2.8186,0.7861,0.0,True,True,open_interest_missing,
1150,1701468060000,39974.5,False,HOLD,0.16,NEUTRAL,0.272919,0.5,0.5,NONE,5.0,CHOPPY,CHOPPY,trend,0.5461,0.000293,0.967347,-0.311429,-0.311429,1.6,0.0,4.435,0.8904,0.0,True,True,open_interest_missing,
1151,1701468120000,39970.1,False,HOLD,0.07,NEUTRAL,0.269043,0.5,0.5,NONE,3.0,CHOPPY,CHOPPY,trend,0.5461,0.000485,0.95,0.225784,0.225784,0.7,0.0,1.9666,0.6957,0.0,True,True,open_interest_missing,
1152,1701468360000,39974.4,False,HOLD,0.11,NEUTRAL,0.28583,0.5,0.5,NONE,4.0,CHOPPY,CHOPPY,trend,0.5461,0.000193,0.428571,-0.5,-0.5,1.1,0.0,4.1144,0.6415,0.0,False,True,open_interest_missing,
1153,1701468420000,39974.3,False,HOLD,0.07,NEUTRAL,0.297581,0.5,0.5,NONE,3.0,CHOPPY,CHOPPY,trend,0.5461,0.000193,0.304348,0.366589,0.366589,0.7,0.0,2.9059,0.6233,0.0,False,True,open_interest_missing,
1154,1701468540000,40008.8,False,LONG,0.14,NEUTRAL,0.286307,0.5,0.5,NONE,4.0,CHOPPY,CHOPPY,trend,0.5461,0.000277,0.953333,0.983667,0.983667,1.4,1.0,3.0038,0.7467,0.0,False,True,open_interest_missing,
1155,1701468600000,40019.4,False,LONG,0.14,NEUTRAL,0.297915,0.5,0.5,NONE,3.0,RANGING,RANGING,trend,0.5461,0.000387,0.9,0.531706,0.531706,1.4,1.0,2.0308,0.7173,0.0,True,True,open_interest_missing,
1156,1701468660000,40019.4,False,HOLD,0.11,NEUTRAL,0.28654,0.5,0.5,NONE,4.0,CHOPPY,CHOPPY,trend,0.5461,0.000232,-0.6,0.44,0.44,1.1,0.0,3.16,0.8505,0.0,True,True,open_interest_missing,
1157,1701468720000,40050.0,False,LONG,0.14,NEUTRAL,0.278578,0.5,0.5,NONE,2.0,CHOPPY,CHOPPY,trend,0.5461,5.7e-05,-0.546667,-0.212612,-0.212612,1.4,1.0,1.3684,0.5793,0.0,True,True,open_interest_missing,
1158,1701468780000,40050.0,False,HOLD,0.16,NEUTRAL,0.273005,0.5,0.5,NONE,4.0,CHOPPY,CHOPPY,trend,0.5461,2.2e-05,0.994521,-0.301918,-0.301918,1.6,0.0,3.1441,0.7786,0.0,True,True,open_interest_missing,
1159,1701468840000,40028.1,False,SHORT,0.23,NEUTRAL,0.269103,0.5,0.5,NONE,4.0,CHOPPY,CHOPPY,trend,0.5461,0.000405,-0.927273,0.312419,0.312419,2.3,-1.0,3.1504,0.8446,0.0,True,True,open_interest_missing,
1160,1701468960000,40021.6,False,HOLD,0.07,NEUTRAL,0.266373,0.5,0.5,NONE,4.0,CHOPPY,CHOPPY,trend,0.5294,0.000559,-0.995699,-0.998495,-0.998495,0.7,0.0,3.0912,0.7291,0.0,True,True,open_interest_missing,
1161,1701469020000,40024.9,False,HOLD,0.16,NEUTRAL,0.264461,0.5,0.5,NONE,4.0,CHOPPY,CHOPPY,trend,0.5294,0.000397,0.983539,-0.305761,-0.305761,1.6,0.0,3.0952,0.722,0.0,True,True,open_interest_missing,
1162,1701469200000,40020.3,False,HOLD,0.16,NEUTRAL,0.263123,0.5,0.5,NONE,3.0,CHOPPY,CHOPPY,trend,0.5294,0.000455,0.929825,0.000549,0.000549,1.6,0.0,2.3603,0.5746,0.0,False,True,open_interest_missing,
1163,1701469260000,40020.5,False,HOLD,0.16,NEUTRAL,0.262186,0.5,0.5,NONE,4.0,CHOPPY,CHOPPY,trend,0.5294,0.00045,0.964286,-0.3125,-0.3125,1.6,0.0,3.026,0.6742,0.0,False,True,open_interest_missing,
1164,1701469380000,40044.9,False,HOLD,0.05,NEUTRAL,0.28103,0.5,0.5,NONE,4.0,CHOPPY,CHOPPY,trend,0.5294,0.000447,0.0,0.65,0.65,0.5,0.0,3.8009,0.7378,0.0,False,True,open_interest_missing,
1165,1701469500000,40025.6,False,HOLD,0.07,NEUTRAL,0.294221,0.5,0.5,NONE,4.0,CHOPPY,CHOPPY,trend,0.5294,0.00049,-0.666667,-0.883333,-0.883333,0.7,0.0,4.0349,0.6672,0.0,False,True,open_interest_missing,
1166,1701469740000,39979.2,False,SHORT,0.28,NEUTRAL,0.303455,0.5,0.5,NONE,4.0,CHOPPY,CHOPPY,trend,0.5294,8e-05,0.142857,-0.595679,-0.595679,2.8,-1.0,3.776,0.6621,0.0,False,True,open_interest_missing,
1167,1701469800000,39984.4,False,LONG,0.28,NEUTRAL,0.290418,0.5,0.5,NONE,6.0,RANGING,RANGING,trend,0.5338,3e-06,0.932773,-0.281211,-0.281211,2.8,1.0,4.2464,0.8048,0.0,True,True,open_interest_missing,
1168,1701469860000,39984.5,False,HOLD,0.16,NEUTRAL,0.281293,0.5,0.5,NONE,4.0,RANGING,RANGING,trend,0.5338,3e-06,-0.997953,-0.186764,-0.186764,1.6,0.0,2.1478,0.7421,0.0,True,True,open_interest_missing,
1169,1701469920000,39952.1,False,HOLD,0.07,NEUTRAL,0.274905,0.5,0.5,NONE,5.0,RANGING,RANGING,trend,0.5338,7e-05,-0.991778,-0.997122,-0.997122,0.7,0.0,4.3301,0.812,0.0,True,True,open_interest_missing,
1170,1701469980000,39908.4,False,SHORT,0.26,NEUTRAL,0.289934,0.5,0.5,NONE,4.0,CHOPPY,CHOPPY,trend,0.5338,0.000255,0.733333,0.323129,0.323129,2.6,-1.0,3.5502,0.6797,0.0,True,True,open_interest_missing,
1171,1701470040000,39909.1,False,HOLD,0.05,NEUTRAL,0.280954,0.5,0.5,NONE,5.0,CHOPPY,CHOPPY,trend,0.5338,0.000521,-0.060606,-0.346087,-0.346087,0.5,0.0,4.0422,0.6883,0.0,True,True,open_interest_missing,
1172,1701470100000,39910.4,False,HOLD,0.11,NEUTRAL,0.274668,0.5,0.5,NONE,5.0,RANGING,RANGING,trend,0.5338,3.3e-05,0.921569,-0.18293,-0.18293,1.1,0.0,4.0867,0.7431,0.0,True,True,open_interest_missing,
1173,1701470160000,39910.4,False,HOLD,0.11,NEUTRAL,0.289767,0.5,0.5,NONE,5.0,RANGING,RANGING,trend,0.5338,0.000313,-0.5,0.475,0.475,1.1,0.0,4.2996,0.8594,0.0,True,True,open_interest_missing,
1174,1701470220000,39872.0,False,HOLD,0.07,NEUTRAL,0.280837,0.5,0.5,NONE,4.0,RANGING,RANGING,trend,0.5338,8e-05,-0.963636,-0.69845,-0.69845,0.7,0.0,3.5289,0.7307,0.0,True,True,open_interest_missing,
1175,1701470280000,39874.9,False,HOLD,0.11,NEUTRAL,0.274586,0.5,0.5,NONE,5.0,RANGING,RANGING,trend,0.5338,0.000318,-0.678571,0.195887,0.195887,1.1,0.0,3.7905,0.8257,0.0,True,True,open_interest_missing,
1176,1701470400000,39911.8,False,LONG,0.14,NEUTRAL,0.28971,0.5,0.5,NONE,4.0,RANGING,RANGING,trend,0.5338,0.000318,0.809524,0.933333,0.933333,1.4,1.0,2.931,0.7489,0.0,False,True,open_interest_missing,
1177,1701470460000,39911.8,False,HOLD,0.07,NEUTRAL,0.300297,0.5,0.5,NONE,4.0,RANGING,RANGING,trend,0.5338,3.5e-05,0.555556,0.844444,0.844444,0.7,0.0,2.8396,0.7489,0.0,False,True,open_interest_missing,
1178,1701470520000,39911.8,False,HOLD,0.11,NEUTRAL,0.307708,0.5,0.5,NONE,5.0,RANGING,RANGING,trend,0.5338,0.000208,0.666667,-0.416667,-0.416667,1.1,0.0,2.9996,0.6739,0.0,False,True,open_interest_missing,
1179,1701470640000,39911.8,False,HOLD,0.16,NEUTRAL,0.312896,0.5,0.5,NONE,4.0,RANGING,RANGING,trend,0.5338,0.000208,0.62963,-0.243882,-0.243882,1.6,0.0,2.5776,0.6167,0.0,False,True,open_interest_missing,
1180,1701470700000,39911.8,False,HOLD,0.11,NEUTRAL,0.316527,0.5,0.5,NONE,4.0,RANGING,RANGING,trend,0.6062,0.000208,0.217391,-0.573913,-0.573913,1.1,0.0,3.0587,0.7956,0.0,True,True,open_interest_missing,
1181,1701470760000,39911.1,False,HOLD,0.07,NEUTRAL,0.299569,0.5,0.5,NONE,5.0,RANGING,RANGING,trend,0.6062,3.5e-05,-0.986842,-0.995395,-0.995395,0.7,0.0,4.3149,0.7962,0.0,True,True,open_interest_missing,
1182,1701470820000,39920.1,False,HOLD,0.16,NEUTRAL,0.287698,0.5,0.5,NONE,4.0,RANGING,RANGING,trend,0.6062,3.5e-05,-0.986799,0.30462,0.30462,1.6,0.0,3.1668,0.8664,0.0,True,True,open_interest_missing,
1183,1701470880000,39922.8,False,LONG,0.0,NEUTRAL,0.298889,0.5,0.5,NONE,4.0,RANGING,RANGING,trend,0.6062,0.000243,0.0,0.531872,0.531872,0.0,1.0,2.5108,0.8324,0.0,True,True,open_interest_missing,
1184,1701470940000,39899.3,False,HOLD,0.11,NEUTRAL,0.306722,0.5,0.5,NONE,5.0,RANGING,RANGING,trend,0.6062,0.000586,0.2,-0.58,-0.58,1.1,0.0,4.2027,0.7555,0.0,True,True,open_interest_missing,
1185,1701471060000,39904.8,False,HOLD,0.02,NEUTRAL,0.312206,0.5,0.5,NONE,3.0,CHOPPY,CHOPPY,trend,0.6062,0.000278,-0.333333,-0.246637,-0.246637,0.2,0.0,2.6028,0.5401,0.0,True,True,open_interest_missing,
1186,1701471120000,39872.1,False,SHORT,0.14,NEUTRAL,0.316044,0.5,0.5,NONE,3.0,CHOPPY,CHOPPY,trend,0.6062,0.000271,-0.941176,-0.511966,-0.511966,1.4,-1.0,3.0897,0.653,0.0,True,True,open_interest_missing,
1187,1701471180000,39871.8,False,SHORT,0.14,NEUTRAL,0.318731,0.5,0.5,NONE,5.0,CHOPPY,CHOPPY,trend,0.6062,3e-06,-0.842105,-0.944737,-0.944737,1.4,-1.0,4.2331,0.7953,0.0,True,True,open_interest_missing,
1188,1701471240000,39870.7,False,SHORT,0.14,NEUTRAL,0.320611,0.5,0.5,NONE,5.0,CHOPPY,CHOPPY,trend,0.6062,1.5e-05,-0.9375,-0.978125,-0.978125,1.4,-1.0,4.3001,0.7947,0.0,True,True,open_interest_missing,
1189,1701471300000,39870.7,False,HOLD,0.07,NEUTRAL,0.302428,0.5,0.5,NONE,5.0,COMPRESSION,COMPRESSION,trend,0.6062,3e-06,0.470588,0.814706,0.814706,0.7,0.0,4.1321,0.8693,0.0,True,True,open_interest_missing,
1190,1701471360000,39870.7,False,HOLD,0.07,NEUTRAL,0.2897,0.5,0.5,NONE,5.0,CHOPPY,CHOPPY,trend,0.6062,3e-06,0.652174,0.878261,0.878261,0.7,0.0,4.1975,0.8684,0.0,True,True,open_interest_missing,
1191,1701471540000,39870.7,False,HOLD,0.07,NEUTRAL,0.28079,0.5,0.5,NONE,5.0,CHOPPY,CHOPPY,trend,0.6062,3e-06,0.707865,0.897753,0.897753,0.7,0.0,4.2176,0.8684,0.0,True,True,open_interest_missing,
1192,1701471600000,39870.7,False,HOLD,0.07,NEUTRAL,0.274553,0.5,0.5,NONE,4.0,CHOPPY,CHOPPY,trend,0.5405,3e-06,0.764706,0.917647,0.917647,0.7,0.0,4.0784,0.7464,0.0,False,True,open_interest_missing,
1193,1701471660000,39872.0,False,LONG,0.14,NEUTRAL,0.270187,0.5,0.5,NONE,4.0,CHOPPY,CHOPPY,trend,0.5405,3e-06,0.891304,0.961957,0.961957,1.4,1.0,2.9665,0.746,0.0,False,True,open_interest_missing,
1194,1701471720000,39859.3,False,HOLD,0.0,NEUTRAL,0.5,0.5,0.5,NONE,0.0,CHOPPY,CHOPPY,range,0.0,0.0,0.0,0.0,0.0,0.0,0.0,0.0,0.0,0.0,False,False,run_all_engines_error,
1195,1701471780000,39882.9,False,LONG,0.16,NEUTRAL,0.278642,0.5,0.5,NONE,4.0,CHOPPY,CHOPPY,trend,0.5405,0.000529,-0.764706,0.382353,0.382353,1.6,1.0,3.0138,0.7251,0.0,False,True,open_interest_missing,
1196,1701471840000,39877.5,False,HOLD,0.07,NEUTRAL,0.273049,0.5,0.5,NONE,2.0,CHOPPY,CHOPPY,trend,0.5405,1e-05,-0.837838,-0.293199,-0.293199,0.7,0.0,1.3114,0.5371,0.0,False,True,open_interest_missing,
1197,1701471900000,39894.3,False,LONG,0.14,NEUTRAL,0.269135,0.5,0.5,NONE,3.0,CHOPPY,CHOPPY,trend,0.5405,0.000158,0.635854,0.350435,0.350435,1.4,1.0,1.5325,0.5976,0.0,True,True,open_interest_missing,
1198,1701471960000,39888.8,False,HOLD,0.16,NEUTRAL,0.266394,0.5,0.5,NONE,4.0,COMPRESSION,COMPRESSION,trend,0.5405,0.000519,0.98524,-0.305166,-0.305166,1.6,0.0,3.1342,0.73,0.0,True,True,open_interest_missing,
1199,1701472080000,39906.2,False,HOLD,0.07,NEUTRAL,0.264476,0.5,0.5,NONE,3.0,CHOPPY,CHOPPY,trend,0.5405,0.000599,-0.923077,-0.43131,-0.43131,0.7,0.0,1.6195,0.495,0.0,True,True,open_interest_missing,
1200,1701472140000,39906.2,False,HOLD,0.16,NEUTRAL,0.263133,0.5,0.5,NONE,4.0,COMPRESSION,COMPRESSION,trend,0.5405,0.000351,-0.894737,0.336842,0.336842,1.6,0.0,3.1473,0.7467,0.0,True,True,open_interest_missing,
1201,1701472500000,39884.9,False,HOLD,0.07,NEUTRAL,0.262193,0.5,0.5,NONE,2.0,CHOPPY,CHOPPY,manipulation,0.8871,0.000526,0.994374,0.4629,0.4629,0.7,0.0,1.6721,0.5875,0.0,True,True,open_interest_missing,
1202,1701472560000,39917.2,False,HOLD,0.11,NEUTRAL,0.261535,0.5,0.5,NONE,3.0,CHOPPY,CHOPPY,manipulation,0.8871,0.000809,0.673913,0.073616,0.073616,1.1,0.0,2.0172,0.5913,0.0,True,True,open_interest_missing,
1203,1701472800000,39884.8,False,HOLD,0.05,NEUTRAL,0.280575,0.5,0.5,NONE,3.0,RANGING,RANGING,manipulation,0.8871,0.000642,0.0,-0.65,-0.65,0.5,0.0,2.7255,0.6541,0.0,False,True,open_interest_missing,
1204,1701472860000,39907.6,False,HOLD,0.11,NEUTRAL,0.293902,0.5,0.5,NONE,4.0,RANGING,RANGING,manipulation,0.8871,0.000321,-0.5,0.475,0.475,1.1,0.0,4.2277,0.6974,0.0,False,True,open_interest_missing,
1205,1701472920000,39885.6,False,HOLD,0.07,NEUTRAL,0.303232,0.5,0.5,NONE,4.0,RANGING,RANGING,manipulation,0.8871,0.000609,-0.862069,-0.951724,-0.951724,0.7,0.0,3.0364,0.6739,0.0,False,True,open_interest_missing,
1206,1701472980000,39904.0,False,HOLD,0.16,NEUTRAL,0.309762,0.5,0.5,NONE,4.0,RANGING,RANGING,manipulation,0.8871,0.000243,0.2,-0.363345,-0.363345,1.6,0.0,3.5704,0.5841,0.0,False,True,open_interest_missing,
1207,1701473040000,39906.6,False,HOLD,0.16,NEUTRAL,0.314334,0.5,0.5,NONE,4.0,RANGING,RANGING,manipulation,0.8871,0.000551,-0.891892,0.337838,0.337838,1.6,0.0,3.1019,0.7231,0.0,False,True,open_interest_missing,
1208,1701473100000,39879.0,False,SHORT,0.07,NEUTRAL,0.317533,0.5,0.5,NONE,2.0,RANGING,RANGING,manipulation,0.8871,0.000541,-0.857143,-0.26577,-0.26577,0.7,-1.0,1.4339,0.5418,0.0,False,True,open_interest_missing,
1209,1701473220000,39884.6,False,HOLD,0.16,NEUTRAL,0.300273,0.5,0.5,NONE,3.0,RANGING,RANGING,manipulation,0.8871,0.000311,0.976562,0.153175,0.153175,1.6,0.0,2.0943,0.5177,0.0,False,True,open_interest_missing,
1210,1701473280000,39884.5,False,HOLD,0.11,NEUTRAL,0.288191,0.5,0.5,NONE,4.0,RANGING,RANGING,manipulation,0.8871,0.00017,-0.639175,0.426289,0.426289,1.1,0.0,3.0867,0.7345,0.0,False,True,open_interest_missing,
1211,1701473460000,39868.5,False,SHORT,0.23,NEUTRAL,0.299234,0.5,0.5,NONE,4.0,RANGING,RANGING,manipulation,0.9982,0.000306,0.894737,-0.336842,-0.336842,2.3,-1.0,3.3016,0.8159,0.0,True,True,open_interest_missing,
1212,1701473580000,39868.9,False,HOLD,0.11,NEUTRAL,0.306964,0.5,0.5,NONE,4.0,CHOPPY,CHOPPY,manipulation,0.9982,0.000409,0.733333,-0.393333,-0.393333,1.1,0.0,4.4269,0.8153,0.0,True,True,open_interest_missing,
1213,1701473640000,39857.7,False,HOLD,0.0,NEUTRAL,0.5,0.5,0.5,NONE,0.0,CHOPPY,CHOPPY,range,0.0,0.0,0.0,0.0,0.0,0.0,0.0,0.0,0.0,0.0,False,False,run_all_engines_error,
1214,1701473700000,39857.7,False,HOLD,0.0,NEUTRAL,0.5,0.5,0.5,NONE,0.0,CHOPPY,CHOPPY,range,0.0,0.0,0.0,0.0,0.0,0.0,0.0,0.0,0.0,0.0,False,False,run_all_engines_error,
1215,1701473760000,39857.7,False,HOLD,0.0,NEUTRAL,0.5,0.5,0.5,NONE,0.0,CHOPPY,CHOPPY,range,0.0,0.0,0.0,0.0,0.0,0.0,0.0,0.0,0.0,0.0,False,False,run_all_engines_error,
1216,1701473940000,39857.7,False,HOLD,0.0,NEUTRAL,0.5,0.5,0.5,NONE,0.0,CHOPPY,CHOPPY,range,0.0,0.0,0.0,0.0,0.0,0.0,0.0,0.0,0.0,0.0,False,False,run_all_engines_error,
1217,1701474000000,39856.0,False,HOLD,0.0,NEUTRAL,0.5,0.5,0.5,NONE,0.0,CHOPPY,CHOPPY,range,0.0,0.0,0.0,0.0,0.0,0.0,0.0,0.0,0.0,0.0,False,False,run_all_engines_error,
1218,1701474060000,39843.5,False,HOLD,0.0,NEUTRAL,0.5,0.5,0.5,NONE,0.0,CHOPPY,CHOPPY,range,0.0,0.0,0.0,0.0,0.0,0.0,0.0,0.0,0.0,0.0,False,False,run_all_engines_error,
1219,1701474180000,39828.7,False,HOLD,0.0,NEUTRAL,0.5,0.5,0.5,NONE,0.0,CHOPPY,CHOPPY,range,0.0,0.0,0.0,0.0,0.0,0.0,0.0,0.0,0.0,0.0,False,False,run_all_engines_error,
1220,1701474240000,39872.8,False,LONG,0.36,NEUTRAL,0.297463,0.5,0.5,NONE,4.0,COMPRESSION,COMPRESSION,manipulation,0.9982,0.000441,-0.5,0.475,0.475,3.6,1.0,3.1001,0.7483,0.0,False,True,open_interest_missing,
1221,1701474300000,39871.9,False,HOLD,0.07,NEUTRAL,0.305724,0.5,0.5,NONE,3.0,COMPRESSION,COMPRESSION,manipulation,0.8931,0.000685,-0.882353,-0.52529,-0.52529,0.7,0.0,1.9723,0.5394,0.0,False,True,open_interest_missing,
1222,1701474480000,39829.1,False,HOLD,0.07,NEUTRAL,0.292007,0.5,0.5,NONE,4.0,COMPRESSION,COMPRESSION,manipulation,0.8931,0.000828,-0.804627,-0.93162,-0.93162,0.7,0.0,4.1358,0.6743,0.0,False,True,open_interest_missing,
1223,1701474540000,39860.9,False,HOLD,0.07,NEUTRAL,0.301905,0.5,0.5,NONE,3.0,COMPRESSION,COMPRESSION,manipulation,0.8931,0.000432,0.809524,0.562094,0.562094,0.7,0.0,2.0999,0.6331,0.0,False,True,open_interest_missing,
1224,1701474600000,39846.7,False,HOLD,0.07,NEUTRAL,0.289334,0.5,0.5,NONE,4.0,CHOPPY,CHOPPY,manipulation,0.8931,0.000281,-0.689655,-0.891379,-0.891379,0.7,0.0,2.9826,0.6472,0.0,False,True,open_interest_missing,
1225,1701474660000,39872.0,False,HOLD,0.07,NEUTRAL,0.300033,0.5,0.5,NONE,3.0,CHOPPY,CHOPPY,manipulation,0.8931,0.000243,0.333333,0.395234,0.395234,0.7,0.0,3.0565,0.6339,0.0,False,True,open_interest_missing,
1226,1701474720000,39857.7,False,HOLD,0.11,NEUTRAL,0.307523,0.5,0.5,NONE,3.0,CHOPPY,CHOPPY,manipulation,0.8931,0.000344,-0.333333,0.045949,0.045949,1.1,0.0,2.9379,0.5598,0.0,False,True,open_interest_missing,
1227,1701474840000,39881.6,False,LONG,0.23,NEUTRAL,0.293266,0.5,0.5,NONE,5.0,CHOPPY,CHOPPY,manipulation,0.8931,0.000637,-0.457143,0.49,0.49,2.3,1.0,4.1702,0.74,0.0,False,True,open_interest_missing,
1228,1701474900000,39826.9,False,HOLD,0.0,NEUTRAL,0.5,0.5,0.5,NONE,0.0,CHOPPY,CHOPPY,range,0.0,0.0,0.0,0.0,0.0,0.0,0.0,0.0,0.0,0.0,False,False,run_all_engines_error,
1229,1701474960000,39854.9,False,HOLD,0.11,NEUTRAL,0.289951,0.5,0.5,NONE,4.0,CHOPPY,CHOPPY,manipulation,0.8931,0.000805,-0.717949,0.398718,0.398718,1.1,0.0,3.1005,0.7267,0.0,False,True,open_interest_missing,
1230,1701475020000,39859.9,False,HOLD,0.11,NEUTRAL,0.300465,0.5,0.5,NONE,3.0,RANGING,RANGING,manipulation,0.8931,9.3e-05,0.724138,-0.025115,-0.025115,1.1,0.0,2.2478,0.5602,0.0,False,True,open_interest_missing,
1231,1701475080000,39859.8,False,HOLD,0.11,NEUTRAL,0.307826,0.5,0.5,NONE,4.0,CHOPPY,CHOPPY,manipulation,0.8931,3e-06,0.166667,-0.591667,-0.591667,1.1,0.0,2.9842,0.6746,0.0,False,True,open_interest_missing,
1232,1701475140000,39872.0,False,HOLD,0.05,NEUTRAL,0.312978,0.5,0.5,NONE,3.0,RANGING,RANGING,manipulation,0.8931,0.000399,0.0,0.550038,0.550038,0.5,0.0,2.4963,0.7142,0.0,False,True,open_interest_missing,
1233,1701475200000,39892.4,False,LONG,0.23,NEUTRAL,0.297085,0.5,0.5,NONE,4.0,RANGING,RANGING,manipulation,0.9337,0.000461,-0.925926,0.197428,0.197428,2.3,1.0,4.0562,0.7043,0.0,False,True,open_interest_missing,
1234,1701475260000,39876.5,False,HOLD,0.16,NEUTRAL,0.285959,0.5,0.5,NONE,4.0,RANGING,RANGING,manipulation,0.9337,0.00013,0.931034,-0.324138,-0.324138,1.6,0.0,4.215,0.6719,0.0,False,True,open_interest_missing,
1235,1701475320000,39901.4,False,LONG,0.12,NEUTRAL,0.297672,0.5,0.5,NONE,4.0,RANGING,RANGING,manipulation,0.9337,0.000531,0.0,0.65,0.65,1.2,1.0,3.8737,0.7351,0.0,False,True,open_interest_missing,
1236,1701475380000,39901.4,False,HOLD,0.02,NEUTRAL,0.30587,0.5,0.5,NONE,2.0,RANGING,RANGING,manipulation,0.9337,5e-06,0.25,0.087499,0.087499,0.2,0.0,2.3237,0.4583,0.0,False,True,open_interest_missing,
1237,1701475440000,39901.5,False,LONG,0.0,NEUTRAL,0.292109,0.5,0.5,NONE,4.0,RANGING,RANGING,manipulation,0.9337,3e-06,0.006623,0.593227,0.593227,0.0,1.0,3.7272,0.7133,0.0,False,True,open_interest_missing,
1238,1701475500000,39901.4,False,HOLD,0.11,NEUTRAL,0.282476,0.5,0.5,NONE,4.0,RANGING,RANGING,manipulation,0.9337,3e-06,0.162791,-0.593023,-0.593023,1.1,0.0,4.1123,0.6557,0.0,False,True,open_interest_missing,
1239,1701475620000,39901.4,False,HOLD,0.0,NEUTRAL,0.275734,0.5,0.5,NONE,2.0,CHOPPY,CHOPPY,manipulation,0.9337,3e-06,0.084746,-0.046809,-0.046809,0.0,0.0,2.3631,0.454,0.0,False,True,open_interest_missing,
1240,1701475680000,39884.9,False,SHORT,0.14,NEUTRAL,0.271014,0.5,0.5,NONE,3.0,CHOPPY,CHOPPY,manipulation,0.9337,3e-06,-0.315789,-0.760526,-0.760526,1.4,-1.0,2.85,0.6749,0.0,False,True,open_interest_missing,
1241,1701475740000,39876.5,False,SHORT,0.14,NEUTRAL,0.26771,0.5,0.5,NONE,4.0,CHOPPY,CHOPPY,manipulation,0.9337,0.000416,-0.933333,-0.976667,-0.976667,1.4,-1.0,3.066,0.6693,0.0,False,True,open_interest_missing,
1242,1701475800000,39892.1,False,HOLD,0.07,NEUTRAL,0.284897,0.5,0.5,NONE,3.0,RANGING,RANGING,manipulation,0.9337,0.000529,0.5,0.608343,0.608343,0.7,0.0,2.3751,0.6696,0.0,False,True,open_interest_missing,
1243,1701475860000,39871.4,False,SHORT,0.23,NEUTRAL,0.296928,0.5,0.5,NONE,3.0,CHOPPY,CHOPPY,manipulation,0.9337,0.000233,0.777778,-0.219763,-0.219763,2.3,-1.0,2.8176,0.6162,0.0,False,True,open_interest_missing,
1244,1701475920000,39871.0,False,SHORT,0.14,NEUTRAL,0.285849,0.5,0.5,NONE,2.0,CHOPPY,CHOPPY,manipulation,0.9337,0.000163,-0.851043,-0.29786,-0.29786,1.4,-1.0,1.4223,0.4653,0.0,False,True,open_interest_missing,
1245,1701475980000,39865.3,False,SHORT,0.07,NEUTRAL,0.278095,0.5,0.5,NONE,4.0,RANGING,RANGING,manipulation,0.9337,0.000138,-0.544073,-0.840426,-0.840426,0.7,-1.0,2.952,0.6636,0.0,False,True,open_interest_missing,
1246,1701476040000,39865.3,False,HOLD,0.11,NEUTRAL,0.292166,0.5,0.5,NONE,4.0,CHOPPY,CHOPPY,manipulation,0.9337,0.000135,0.5,-0.475,-0.475,1.1,0.0,3.1161,0.6615,0.0,False,True,open_interest_missing,
1247,1701476100000,39846.4,False,SHORT,0.14,NEUTRAL,0.302016,0.5,0.5,NONE,4.0,CHOPPY,CHOPPY,manipulation,0.9747,0.00011,-0.5,-0.825,-0.825,1.4,-1.0,2.9301,0.6318,0.0,False,True,open_interest_missing,
1248,1701476160000,39846.4,False,HOLD,0.07,NEUTRAL,0.308911,0.5,0.5,NONE,4.0,RANGING,RANGING,manipulation,0.9747,0.000349,-0.666667,-0.704863,-0.704863,0.7,0.0,3.6648,0.5766,0.0,False,True,open_interest_missing,
1249,1701476220000,39833.6,False,HOLD,0.07,NEUTRAL,0.313738,0.5,0.5,NONE,5.0,CHOPPY,CHOPPY,manipulation,0.9747,0.000525,-0.391304,-0.786957,-0.786957,0.7,0.0,4.0064,0.662,0.0,False,True,open_interest_missing,
1250,1701476340000,39877.0,False,LONG,0.18,NEUTRAL,0.317117,0.5,0.5,NONE,4.0,RANGING,RANGING,manipulation,0.9747,0.000298,-0.714286,0.385006,0.385006,1.8,1.0,3.0881,0.7371,0.0,False,True,open_interest_missing,
1251,1701476400000,39854.0,False,HOLD,0.07,NEUTRAL,0.299982,0.5,0.5,NONE,5.0,RANGING,RANGING,manipulation,0.9747,0.000584,-0.956897,-0.984914,-0.984914,0.7,0.0,4.2254,0.6346,0.0,False,True,open_interest_missing,
1252,1701476460000,39854.1,False,HOLD,0.11,NEUTRAL,0.307487,0.5,0.5,NONE,4.0,RANGING,RANGING,manipulation,0.9747,0.000592,-0.882353,0.128943,0.128943,1.1,0.0,2.7181,0.6451,0.0,False,True,open_interest_missing,
1253,1701476520000,39886.7,False,LONG,0.07,NEUTRAL,0.293241,0.5,0.5,NONE,3.0,RANGING,RANGING,manipulation,0.9747,0.00072,-0.029412,0.17048,0.17048,0.7,1.0,1.5897,0.6028,0.0,False,True,open_interest_missing,
1254,1701476580000,39884.7,False,HOLD,0.16,NEUTRAL,0.283269,0.5,0.5,NONE,4.0,RANGING,RANGING,manipulation,0.9747,0.00073,-0.987138,0.304502,0.304502,1.6,0.0,3.1215,0.7378,0.0,False,True,open_interest_missing,
1255,1701476700000,39854.2,False,HOLD,0.07,NEUTRAL,0.295788,0.5,0.5,NONE,4.0,RANGING,RANGING,manipulation,0.9747,0.000512,-0.777778,-0.662109,-0.662109,0.7,0.0,3.5047,0.562,0.0,False,True,open_interest_missing,
1256,1701476760000,39854.0,False,HOLD,0.11,NEUTRAL,0.304552,0.5,0.5,NONE,4.0,CHOPPY,CHOPPY,manipulation,0.9747,0.000191,-0.5,0.475,0.475,1.1,0.0,3.1158,0.7143,0.0,False,True,open_interest_missing,
1257,1701476820000,39861.3,False,HOLD,0.07,NEUTRAL,0.310686,0.5,0.5,NONE,4.0,RANGING,RANGING,manipulation,0.9747,0.000354,0.5,0.825,0.825,0.7,0.0,2.9413,0.7463,0.0,False,True,open_interest_missing,
1258,1701476940000,39857.3,False,HOLD,0.07,NEUTRAL,0.31498,0.5,0.5,NONE,5.0,CHOPPY,CHOPPY,manipulation,0.9747,0.000374,0.333333,0.766667,0.766667,0.7,0.0,4.0033,0.7443,0.0,False,True,open_interest_missing,
1259,1701477120000,39850.0,False,SHORT,0.16,NEUTRAL,0.298486,0.5,0.5,NONE,5.0,RANGING,RANGING,trend,0.5002,0.000271,-0.988506,0.304023,0.304023,1.6,-1.0,4.1429,0.7375,0.0,False,True,open_interest_missing,
1260,1701477180000,39866.6,False,HOLD,0.11,NEUTRAL,0.30644,0.5,0.5,NONE,5.0,RANGING,RANGING,trend,0.5002,0.000502,-0.333333,0.515779,0.515779,1.1,0.0,2.9137,0.7438,0.0,False,True,open_interest_missing,
1261,1701477240000,39867.6,False,LONG,0.23,NEUTRAL,0.292508,0.5,0.5,NONE,5.0,RANGING,RANGING,trend,0.5002,0.000805,-0.992095,0.302767,0.302767,2.3,1.0,3.0187,0.7475,0.0,False,True,open_interest_missing,
1262,1701477300000,39876.5,False,LONG,0.23,NEUTRAL,0.302256,0.5,0.5,NONE,5.0,RANGING,RANGING,trend,0.5002,0.000211,-0.73913,0.391304,0.391304,2.3,1.0,4.1504,0.7441,0.0,False,True,open_interest_missing,
1263,1701477360000,39888.5,False,LONG,0.14,NEUTRAL,0.309079,0.5,0.5,NONE,5.0,RANGING,RANGING,trend,0.5002,0.000306,0.428571,0.8,0.8,1.4,1.0,3.9489,0.7497,0.0,False,True,open_interest_missing,
1264,1701477420000,39867.5,False,HOLD,0.07,NEUTRAL,0.294355,0.5,0.5,NONE,6.0,RANGING,RANGING,trend,0.5002,0.000456,-0.961686,-0.541747,-0.541747,0.7,0.0,4.5074,0.5355,0.0,False,True,open_interest_missing,
1265,1701477540000,39890.5,False,LONG,0.11,NEUTRAL,0.303549,0.5,0.5,NONE,6.0,RANGING,RANGING,trend,0.5002,0.000464,-0.333333,0.533333,0.533333,1.1,1.0,4.9868,0.7476,0.0,False,True,open_interest_missing,
1266,1701477600000,39890.5,False,HOLD,0.07,NEUTRAL,0.309984,0.5,0.5,NONE,5.0,RANGING,RANGING,trend,0.5002,0.000143,0.333333,0.766667,0.766667,0.7,0.0,4.0179,0.8401,0.0,True,True,open_interest_missing,
1267,1701477660000,39878.5,False,HOLD,0.07,NEUTRAL,0.294989,0.5,0.5,NONE,5.0,RANGING,RANGING,trend,0.5002,0.000283,-0.923077,-0.973077,-0.973077,0.7,0.0,4.2352,0.7644,0.0,True,True,open_interest_missing,
1268,1701477840000,39884.8,False,HOLD,0.07,NEUTRAL,0.303992,0.5,0.5,NONE,5.0,RANGING,RANGING,trend,0.5002,0.000168,0.851852,0.948148,0.948148,0.7,0.0,3.0845,0.838,0.0,True,True,open_interest_missing,
1269,1701477900000,39896.1,False,LONG,0.16,NEUTRAL,0.290795,0.5,0.5,NONE,6.0,RANGING,RANGING,trend,0.5189,7e-05,-0.973684,0.309211,0.309211,1.6,1.0,5.1379,0.8061,0.0,True,True,open_interest_missing,
1270,1701478080000,39901.5,False,LONG,0.07,NEUTRAL,0.281556,0.5,0.5,NONE,6.0,RANGING,RANGING,trend,0.5189,9e-05,0.93617,0.97766,0.97766,0.7,1.0,5.111,0.8192,0.0,True,True,open_interest_missing,
1271,1701478140000,39910.4,False,LONG,0.07,NEUTRAL,0.294589,0.5,0.5,NONE,6.0,RANGING,RANGING,trend,0.5189,0.000271,0.692308,0.892308,0.892308,0.7,1.0,5.0299,0.7993,0.0,True,True,open_interest_missing,
1272,1701478200000,39920.1,False,LONG,0.12,NEUTRAL,0.303713,0.5,0.5,NONE,5.0,RANGING,RANGING,trend,0.5189,0.000183,0.0,0.65,0.65,1.2,1.0,3.7749,0.802,0.0,True,True,open_interest_missing,
1273,1701478260000,39922.7,False,LONG,0.14,NEUTRAL,0.290599,0.5,0.5,NONE,4.0,RANGING,RANGING,trend,0.5189,0.000243,0.943396,0.460275,0.460275,1.4,1.0,2.9017,0.637,0.0,True,True,open_interest_missing,
1274,1701478320000,39922.7,False,HOLD,0.16,NEUTRAL,0.281419,0.5,0.5,NONE,5.0,RANGING,RANGING,trend,0.5189,3e-06,-0.932203,0.323729,0.323729,1.6,0.0,4.2339,0.7915,0.0,True,True,open_interest_missing,
1275,1701478440000,39922.6,False,HOLD,0.05,NEUTRAL,0.294493,0.5,0.5,NONE,5.0,RANGING,RANGING,trend,0.5189,3e-06,-0.111111,-0.688889,-0.688889,0.5,0.0,3.7468,0.7166,0.0,True,True,open_interest_missing,
1276,1701478500000,39910.4,False,HOLD,0.09,NEUTRAL,0.303645,0.5,0.5,NONE,5.0,RANGING,RANGING,trend,0.5189,0.000298,0.130435,-0.604348,-0.604348,0.9,0.0,2.9826,0.7214,0.0,True,True,open_interest_missing,
1277,1701478680000,39910.4,False,HOLD,0.16,NEUTRAL,0.290552,0.5,0.5,NONE,5.0,RANGING,RANGING,trend,0.5189,0.000296,0.977011,-0.308046,-0.308046,1.6,0.0,3.1156,0.7192,0.0,True,True,open_interest_missing,
1278,1701478800000,39922.6,False,HOLD,0.07,NEUTRAL,0.300886,0.5,0.5,NONE,4.0,RANGING,RANGING,manipulation,0.9646,0.000306,0.2,0.72,0.72,0.7,0.0,2.6598,0.7176,0.0,False,True,open_interest_missing,
1279,1701478860000,39894.5,False,SHORT,0.14,NEUTRAL,0.30812,0.5,0.5,NONE,4.0,RANGING,RANGING,manipulation,0.9646,0.000158,-0.538462,-0.838462,-0.838462,1.4,-1.0,2.9515,0.6749,0.0,False,True,open_interest_missing,
1280,1701479100000,39897.6,False,HOLD,0.07,NEUTRAL,0.313184,0.5,0.5,NONE,4.0,RANGING,RANGING,manipulation,0.9646,0.000178,0.333333,0.766667,0.766667,0.7,0.0,2.9693,0.8153,0.0,True,True,open_interest_missing,
1281,1701479400000,39919.3,False,HOLD,0.11,NEUTRAL,0.316729,0.5,0.5,NONE,4.0,RANGING,RANGING,manipulation,0.9646,8.8e-05,-0.333333,0.294687,0.294687,1.1,0.0,3.5833,0.6595,0.0,False,True,open_interest_missing,
1282,1701479460000,39925.6,False,LONG,0.07,NEUTRAL,0.29971,0.5,0.5,NONE,4.0,RANGING,RANGING,manipulation,0.9646,0.000423,0.969697,0.432407,0.432407,0.7,1.0,3.615,0.5438,0.0,False,True,open_interest_missing,
1283,1701479520000,39918.0,False,HOLD,0.07,NEUTRAL,0.287797,0.5,0.5,NONE,3.0,RANGING,RANGING,manipulation,0.9646,3e-06,-0.581395,-0.420143,-0.420143,0.7,0.0,1.8753,0.5287,0.0,False,True,open_interest_missing,
1284,1701479580000,39918.0,False,HOLD,0.11,NEUTRAL,0.298958,0.5,0.5,NONE,6.0,RANGING,RANGING,manipulation,0.9646,9.8e-05,-0.25,0.5625,0.5625,1.1,0.0,5.2544,0.7379,0.0,False,True,open_interest_missing,
1285,1701479700000,39949.6,False,LONG,0.18,NEUTRAL,0.306771,0.5,0.5,NONE,6.0,RANGING,RANGING,trend,0.5536,4e-05,-0.428571,0.481954,0.481954,1.8,1.0,4.1599,0.7672,0.0,True,True,open_interest_missing,
1286,1701479760000,39950.0,False,LONG,0.11,NEUTRAL,0.312239,0.5,0.5,NONE,6.0,RANGING,RANGING,trend,0.5536,3e-06,-0.5,0.411587,0.411587,1.1,1.0,4.9709,0.7503,0.0,True,True,open_interest_missing,
1287,1701479820000,39974.4,False,LONG,0.18,NEUTRAL,0.316068,0.5,0.5,NONE,6.0,RANGING,RANGING,trend,0.5536,0.000175,-0.636364,0.396069,0.396069,1.8,1.0,4.0344,0.7228,0.0,True,True,open_interest_missing,
1288,1701479880000,39938.9,False,HOLD,0.11,NEUTRAL,0.299247,0.5,0.5,NONE,5.0,RANGING,RANGING,trend,0.5536,0.000756,0.657143,-0.349672,-0.349672,1.1,0.0,3.9252,0.701,0.0,True,True,open_interest_missing,
1289,1701479940000,39974.3,False,HOLD,0.07,NEUTRAL,0.287473,0.5,0.5,NONE,4.0,RANGING,RANGING,trend,0.5536,0.000898,0.753086,0.408025,0.408025,0.7,0.0,2.7083,0.6,0.0,True,True,open_interest_missing,
1290,1701480000000,39941.4,False,HOLD,0.07,NEUTRAL,0.298731,0.5,0.5,NONE,5.0,CHOPPY,CHOPPY,trend,0.5536,0.000636,-0.428571,-0.8,-0.8,0.7,0.0,2.7173,0.7434,0.0,True,True,open_interest_missing,
1291,1701480060000,39974.4,False,HOLD,0.07,NEUTRAL,0.287112,0.5,0.5,NONE,6.0,CHOPPY,CHOPPY,trend,0.5536,0.000503,0.735849,0.796163,0.796163,0.7,0.0,4.8666,0.7518,0.0,True,True,open_interest_missing,
1292,1701480120000,39949.8,False,HOLD,0.11,NEUTRAL,0.298478,0.5,0.5,NONE,4.0,CHOPPY,CHOPPY,trend,0.5536,0.00016,0.333333,-0.146685,-0.146685,1.1,0.0,1.9638,0.6173,0.0,True,True,open_interest_missing,
1293,1701480180000,39949.8,False,HOLD,0.16,NEUTRAL,0.286935,0.5,0.5,NONE,6.0,CHOPPY,CHOPPY,trend,0.5536,7e-05,0.758621,-0.384483,-0.384483,1.6,0.0,4.222,0.7356,0.0,True,True,open_interest_missing,
1294,1701480300000,39961.3,False,HOLD,0.11,NEUTRAL,0.278854,0.5,0.5,NONE,5.0,CHOPPY,CHOPPY,trend,0.5536,0.000178,0.755102,-0.226705,-0.226705,1.1,0.0,2.7963,0.6764,0.0,True,True,open_interest_missing,
1295,1701480360000,39978.4,False,HOLD,0.11,NEUTRAL,0.292698,0.5,0.5,NONE,6.0,CHOPPY,CHOPPY,trend,0.5536,0.000168,-0.333333,0.533333,0.533333,1.1,0.0,4.1834,0.7819,0.0,True,True,open_interest_missing,
1296,1701480480000,39949.8,False,HOLD,0.07,NEUTRAL,0.302389,0.5,0.5,NONE,5.0,CHOPPY,CHOPPY,trend,0.5536,0.000418,-0.891892,-0.962162,-0.962162,0.7,0.0,3.0581,0.7382,0.0,True,True,open_interest_missing,
1297,1701480540000,39972.2,False,HOLD,0.07,NEUTRAL,0.309172,0.5,0.5,NONE,5.0,RANGING,RANGING,trend,0.5536,7e-05,0.833333,0.712252,0.712252,0.7,0.0,3.6003,0.722,0.0,True,True,open_interest_missing,
1298,1701480660000,39965.4,False,HOLD,0.11,NEUTRAL,0.294421,0.5,0.5,NONE,4.0,CHOPPY,CHOPPY,trend,0.5608,0.000545,0.217391,-0.202472,-0.202472,1.1,0.0,3.2115,0.6215,0.0,True,True,open_interest_missing,
1299,1701480720000,39974.3,False,HOLD,0.07,NEUTRAL,0.303594,0.5,0.5,NONE,5.0,COMPRESSION,COMPRESSION,trend,0.5608,3e-06,0.333333,0.766667,0.766667,0.7,0.0,4.0171,0.8002,0.0,True,True,open_interest_missing,
1300,1701480780000,39970.5,False,HOLD,0.07,NEUTRAL,0.290516,0.5,0.5,NONE,5.0,COMPRESSION,COMPRESSION,trend,0.5608,0.000318,0.866667,0.953333,0.953333,0.7,0.0,3.0811,0.8051,0.0,True,True,open_interest_missing,
1301,1701480840000,39978.3,False,LONG,0.16,NEUTRAL,0.300861,0.5,0.5,NONE,4.0,CHOPPY,CHOPPY,trend,0.5608,0.000223,-0.428571,0.054351,0.054351,1.6,1.0,3.1099,0.6587,0.0,True,True,open_interest_missing,
1302,1701480900000,39978.2,False,HOLD,0.16,NEUTRAL,0.288603,0.5,0.5,NONE,5.0,CHOPPY,CHOPPY,trend,0.5608,0.000105,-0.901639,0.334426,0.334426,1.6,0.0,4.2599,0.815,0.0,True,True,open_interest_missing,
1303,1701480960000,39978.3,False,HOLD,0.11,NEUTRAL,0.299522,0.5,0.5,NONE,5.0,CHOPPY,CHOPPY,trend,0.5608,0.000415,-0.692308,0.407692,0.407692,1.1,0.0,4.26,0.8124,0.0,True,True,open_interest_missing,
1304,1701481080000,39948.9,False,SHORT,0.14,NEUTRAL,0.307165,0.5,0.5,NONE,5.0,CHOPPY,CHOPPY,trend,0.5608,0.000415,-0.333333,-0.766667,-0.766667,1.4,-1.0,2.9008,0.7491,0.0,True,True,open_interest_missing,
1305,1701481260000,39974.4,False,HOLD,0.07,NEUTRAL,0.293016,0.5,0.5,NONE,5.0,CHOPPY,CHOPPY,trend,0.5608,0.00059,0.805556,0.931944,0.931944,0.7,0.0,4.1948,0.815,0.0,True,True,open_interest_missing,
1306,1701481320000,39974.4,False,HOLD,0.07,NEUTRAL,0.283111,0.5,0.5,NONE,5.0,CHOPPY,CHOPPY,trend,0.5608,0.00059,0.830986,0.940845,0.940845,0.7,0.0,3.0789,0.8115,0.0,True,True,open_interest_missing,
1307,1701481380000,39978.4,False,LONG,0.23,NEUTRAL,0.295678,0.5,0.5,NONE,5.0,CHOPPY,CHOPPY,trend,0.5608,9.8e-05,-0.833333,0.358333,0.358333,2.3,1.0,4.26,0.8337,0.0,True,True,open_interest_missing,
1308,1701481440000,39978.4,False,HOLD,0.16,NEUTRAL,0.284975,0.5,0.5,NONE,5.0,COMPRESSION,COMPRESSION,trend,0.5608,0.0001,-0.916667,0.329167,0.329167,1.6,0.0,4.26,0.8337,0.0,True,True,open_interest_missing,
1309,1701481500000,39974.4,False,HOLD,0.07,NEUTRAL,0.277482,0.5,0.5,NONE,4.0,COMPRESSION,COMPRESSION,trend,0.5313,5e-05,-0.744681,-0.910638,-0.910638,0.7,0.0,4.0663,0.648,0.0,False,True,open_interest_missing,
1310,1701481620000,39959.8,False,SHORT,0.07,NEUTRAL,0.272238,0.5,0.5,NONE,4.0,COMPRESSION,COMPRESSION,trend,0.5313,0.000593,0.805556,0.861045,0.861045,0.7,-1.0,2.7734,0.7177,0.0,False,True,open_interest_missing,
1311,1701481800000,39947.3,False,SHORT,0.07,NEUTRAL,0.288066,0.5,0.5,NONE,3.0,COMPRESSION,COMPRESSION,trend,0.5313,0.000343,-0.5,-0.39166,-0.39166,0.7,-1.0,1.95,0.6859,0.0,True,True,open_interest_missing,
1312,1701482880000,39955.8,False,HOLD,0.11,NEUTRAL,0.299146,0.5,0.5,NONE,4.0,CHOPPY,CHOPPY,trend,0.5231,0.000118,-0.333333,0.533333,0.533333,1.1,0.0,3.1043,0.8708,0.0,True,True,open_interest_missing,
1313,1701483060000,39955.8,False,HOLD,0.11,NEUTRAL,0.306903,0.5,0.5,NONE,5.0,COMPRESSION,COMPRESSION,trend,0.5231,0.000175,-0.692308,0.407692,0.407692,1.1,0.0,4.2091,0.8039,0.0,True,True,open_interest_missing,
1314,1701483120000,39956.4,False,HOLD,0.11,NEUTRAL,0.312332,0.5,0.5,NONE,3.0,COMPRESSION,COMPRESSION,trend,0.5231,0.00022,-0.5,-0.012526,-0.012526,1.1,0.0,2.9795,0.6522,0.0,True,True,open_interest_missing,
1315,1701483480000,39941.4,False,SHORT,0.14,NEUTRAL,0.296632,0.5,0.5,NONE,5.0,COMPRESSION,COMPRESSION,trend,0.5176,0.000155,-0.991228,-0.99693,-0.99693,1.4,-1.0,4.2799,0.7788,0.0,True,True,open_interest_missing,
1316,1701483540000,39941.4,False,HOLD,0.16,NEUTRAL,0.285643,0.5,0.5,NONE,5.0,COMPRESSION,COMPRESSION,trend,0.5176,3e-06,0.947644,-0.318325,-0.318325,1.6,0.0,4.2831,0.7787,0.0,True,True,open_interest_missing,
1317,1701483720000,39935.7,False,SHORT,0.07,NEUTRAL,0.27795,0.5,0.5,NONE,6.0,RANGING,RANGING,trend,0.5176,3e-06,-0.876442,-0.956755,-0.956755,0.7,-1.0,5.1394,0.7466,0.0,True,True,open_interest_missing,
1318,1701483780000,39933.8,False,SHORT,0.14,NEUTRAL,0.272565,0.5,0.5,NONE,5.0,CHOPPY,CHOPPY,trend,0.5176,3.3e-05,-0.851043,-0.930981,-0.930981,1.4,-1.0,4.1862,0.7382,0.0,True,True,open_interest_missing,
1319,1701483840000,39920.1,False,SHORT,0.14,NEUTRAL,0.268796,0.5,0.5,NONE,5.0,CHOPPY,CHOPPY,trend,0.5176,3.5e-05,-0.992908,-0.997518,-0.997518,1.4,-1.0,4.2828,0.7437,0.0,True,True,open_interest_missing,
1320,1701483900000,39891.7,False,SHORT,0.14,NEUTRAL,0.266157,0.5,0.5,NONE,4.0,RANGING,RANGING,trend,0.5176,0.000115,-0.586777,-0.559514,-0.559514,1.4,-1.0,3.3899,0.6877,0.0,True,True,open_interest_missing,
1321,1701483960000,39888.6,False,SHORT,0.16,NEUTRAL,0.26431,0.5,0.5,NONE,5.0,RANGING,RANGING,trend,0.5176,0.000175,-0.991444,-0.103273,-0.103273,1.6,-1.0,4.3347,0.7208,0.0,True,True,open_interest_missing,
1322,1701484020000,39885.1,False,HOLD,0.07,NEUTRAL,0.263017,0.5,0.5,NONE,3.0,RANGING,RANGING,trend,0.5176,0.000103,0.974026,0.297605,0.297605,0.7,0.0,2.6868,0.5809,0.0,True,True,open_interest_missing,
1323,1701484080000,39897.4,False,HOLD,0.07,NEUTRAL,0.281612,0.5,0.5,NONE,4.0,RANGING,RANGING,trend,0.5176,0.000306,0.304348,0.756522,0.756522,0.7,0.0,4.0367,0.8496,0.0,True,True,open_interest_missing,
1324,1701484140000,39882.9,False,SHORT,0.14,NEUTRAL,0.294628,0.5,0.5,NONE,4.0,RANGING,RANGING,trend,0.5176,0.000296,-0.428571,-0.8,-0.8,1.4,-1.0,4.0729,0.7708,0.0,True,True,open_interest_missing,
1325,1701484200000,39880.0,False,SHORT,0.16,NEUTRAL,0.28424,0.5,0.5,NONE,5.0,RANGING,RANGING,manipulation,0.9986,4.8e-05,-0.97619,0.308333,0.308333,1.6,-1.0,5.3847,0.9464,0.0,True,True,open_interest_missing,
1326,1701484260000,39870.5,False,HOLD,0.0,NEUTRAL,0.5,0.5,0.5,NONE,0.0,CHOPPY,CHOPPY,range,0.0,0.0,0.0,0.0,0.0,0.0,0.0,0.0,0.0,0.0,False,False,run_all_engines_error,
1327,1701484320000,39868.8,False,HOLD,0.0,NEUTRAL,0.5,0.5,0.5,NONE,0.0,CHOPPY,CHOPPY,range,0.0,0.0,0.0,0.0,0.0,0.0,0.0,0.0,0.0,0.0,False,False,run_all_engines_error,
1328,1701484380000,39857.9,False,SHORT,0.14,NEUTRAL,0.277869,0.5,0.5,NONE,4.0,COMPRESSION,COMPRESSION,manipulation,0.9986,3e-05,-0.531034,-0.835862,-0.835862,1.4,-1.0,4.2969,0.8754,0.0,True,True,open_interest_missing,
1329,1701484440000,39851.2,False,HOLD,0.0,NEUTRAL,0.5,0.5,0.5,NONE,0.0,CHOPPY,CHOPPY,range,0.0,0.0,0.0,0.0,0.0,0.0,0.0,0.0,0.0,0.0,False,False,run_all_engines_error,
1330,1701484560000,39859.2,False,HOLD,0.16,NEUTRAL,0.301906,0.5,0.5,NONE,4.0,COMPRESSION,COMPRESSION,manipulation,0.9986,0.000158,-0.777778,0.377778,0.377778,1.6,0.0,4.4668,0.9291,0.0,True,True,open_interest_missing,
1331,1701484620000,39869.9,False,HOLD,0.05,NEUTRAL,0.308834,0.5,0.5,NONE,4.0,COMPRESSION,COMPRESSION,manipulation,0.9986,0.000158,0.0,0.65,0.65,0.5,0.0,4.1148,0.9021,0.0,True,True,open_interest_missing,
1332,1701484800000,39879.2,False,LONG,0.41,NEUTRAL,0.313684,0.5,0.5,NONE,4.0,COMPRESSION,COMPRESSION,manipulation,0.9986,0.000474,-0.75,0.3875,0.3875,4.1,1.0,3.3379,0.8817,0.0,True,True,open_interest_missing,
1333,1701485040000,39880.1,False,LONG,0.16,NEUTRAL,0.297579,0.5,0.5,NONE,4.0,COMPRESSION,COMPRESSION,manipulation,0.9986,0.000604,-0.943662,0.319718,0.319718,1.6,1.0,3.3254,0.8725,0.0,True,True,open_interest_missing,
1334,1701485100000,39879.2,False,HOLD,0.16,NEUTRAL,0.286305,0.5,0.5,NONE,4.0,COMPRESSION,COMPRESSION,trend,0.5252,0.000502,-0.944444,0.319444,0.319444,1.6,0.0,3.1979,0.8252,0.0,True,True,open_interest_missing,
1335,1701485160000,39879.2,False,HOLD,0.16,NEUTRAL,0.278414,0.5,0.5,NONE,4.0,COMPRESSION,COMPRESSION,trend,0.5252,0.000502,-0.942857,0.32,0.32,1.6,0.0,3.2366,0.824,0.0,True,True,open_interest_missing,
1336,1701485340000,39879.1,False,HOLD,0.07,NEUTRAL,0.27289,0.5,0.5,NONE,4.0,COMPRESSION,COMPRESSION,trend,0.5252,0.000401,0.83269,0.941441,0.941441,0.7,0.0,3.1763,0.824,0.0,True,True,open_interest_missing,
1337,1701485400000,39886.6,False,LONG,0.41,NEUTRAL,0.288523,0.5,0.5,NONE,4.0,COMPRESSION,COMPRESSION,trend,0.5252,0.000178,-0.891892,0.337838,0.337838,4.1,1.0,3.0334,0.7416,0.0,False,True,open_interest_missing,
1338,1701485460000,39904.6,False,LONG,0.41,NEUTRAL,0.279966,0.5,0.5,NONE,4.0,COMPRESSION,COMPRESSION,trend,0.5252,3e-06,-0.766082,0.374726,0.374726,4.1,1.0,2.9995,0.7189,0.0,False,True,open_interest_missing,
1339,1701485520000,39910.2,False,LONG,0.16,NEUTRAL,0.273976,0.5,0.5,NONE,5.0,COMPRESSION,COMPRESSION,trend,0.5252,3e-06,-0.752941,0.386471,0.386471,1.6,1.0,4.1375,0.7023,0.0,False,True,open_interest_missing,
1340,1701485760000,39920.1,False,LONG,0.11,NEUTRAL,0.289283,0.5,0.5,NONE,6.0,COMPRESSION,COMPRESSION,trend,0.5252,0.000243,-0.636364,0.427273,0.427273,1.1,1.0,5.3449,0.9158,0.0,True,True,open_interest_missing,
1341,1701485820000,39928.1,False,LONG,0.36,NEUTRAL,0.299998,0.5,0.5,NONE,5.0,COMPRESSION,COMPRESSION,trend,0.5252,0.000243,-0.333333,0.533333,0.533333,3.6,1.0,4.3909,0.9,0.0,True,True,open_interest_missing,
1342,1701486000000,39936.1,False,LONG,0.36,NEUTRAL,0.307499,0.5,0.5,NONE,5.0,COMPRESSION,COMPRESSION,trend,0.503,0.000123,-0.428571,0.5,0.5,3.6,1.0,4.3556,0.8405,0.0,True,True,open_interest_missing,
1343,1701486240000,39920.6,False,HOLD,0.07,NEUTRAL,0.312749,0.5,0.5,NONE,5.0,COMPRESSION,COMPRESSION,trend,0.503,3e-06,-0.862069,-0.951724,-0.951724,0.7,0.0,4.3199,0.7893,0.0,True,True,open_interest_missing,
1344,1701486660000,39941.3,False,LONG,0.14,NEUTRAL,0.316424,0.5,0.5,NONE,5.0,COMPRESSION,COMPRESSION,trend,0.503,0.000195,0.2,0.72,0.72,1.4,1.0,4.0921,0.9372,0.0,True,True,open_interest_missing,
1345,1701486900000,39946.7,False,LONG,0.11,NEUTRAL,0.318997,0.5,0.5,NONE,6.0,COMPRESSION,COMPRESSION,trend,0.513,0.000268,-0.428571,0.5,0.5,1.1,1.0,5.0317,0.7448,0.0,False,True,open_interest_missing,
1346,1701487020000,39923.3,False,HOLD,0.11,NEUTRAL,0.320798,0.5,0.5,NONE,5.0,COMPRESSION,COMPRESSION,trend,0.513,0.000268,0.2,-0.58,-0.58,1.1,0.0,2.9119,0.6042,0.0,False,True,open_interest_missing,
1347,1701487080000,39923.3,False,HOLD,0.16,NEUTRAL,0.302559,0.5,0.5,NONE,5.0,COMPRESSION,COMPRESSION,trend,0.513,0.000573,0.942857,-0.32,-0.32,1.6,0.0,3.0148,0.6037,0.0,False,True,open_interest_missing,
1348,1701487140000,39960.5,False,LONG,0.14,NEUTRAL,0.289791,0.5,0.5,NONE,5.0,COMPRESSION,COMPRESSION,trend,0.513,0.000581,0.6,0.86,0.86,1.4,1.0,4.0065,0.7388,0.0,False,True,open_interest_missing,
1349,1701487200000,39961.1,False,LONG,0.05,NEUTRAL,0.300354,0.5,0.5,NONE,6.0,COMPRESSION,COMPRESSION,trend,0.513,0.000268,0.0,0.65,0.65,0.5,1.0,4.7843,0.9822,0.0,True,True,open_interest_missing,
1350,1701487260000,39961.1,False,HOLD,0.07,NEUTRAL,0.307748,0.5,0.5,NONE,5.0,COMPRESSION,COMPRESSION,trend,0.513,0.000308,0.76,0.916,0.916,0.7,0.0,4.3579,0.9822,0.0,True,True,open_interest_missing,
1351,1701487380000,39961.6,False,HOLD,0.11,NEUTRAL,0.312923,0.5,0.5,NONE,5.0,COMPRESSION,COMPRESSION,trend,0.513,0.000173,0.62963,-0.42963,-0.42963,1.1,0.0,4.4447,0.9062,0.0,True,True,open_interest_missing,
1352,1701487440000,39978.3,False,LONG,0.14,NEUTRAL,0.316546,0.5,0.5,NONE,5.0,COMPRESSION,COMPRESSION,trend,0.513,0.000173,0.62963,0.87037,0.87037,1.4,1.0,4.3177,0.9762,0.0,True,True,open_interest_missing,
1353,1701487500000,39978.3,False,HOLD,0.07,NEUTRAL,0.319082,0.5,0.5,NONE,5.0,COMPRESSION,COMPRESSION,trend,0.513,0.000415,0.866667,0.953333,0.953333,0.7,0.0,4.1419,0.7575,0.0,True,True,open_interest_missing,
1354,1701487560000,39961.6,False,HOLD,0.07,NEUTRAL,0.320858,0.5,0.5,NONE,6.0,COMPRESSION,COMPRESSION,trend,0.513,0.000418,0.875,0.896277,0.896277,0.7,0.0,5.0873,0.7453,0.0,True,True,open_interest_missing,
1355,1701487740000,39982.3,False,HOLD,0.16,NEUTRAL,0.3026,0.5,0.5,NONE,5.0,COMPRESSION,COMPRESSION,trend,0.513,0.000518,-0.914286,0.295806,0.295806,1.6,0.0,3.9725,0.7586,0.0,True,True,open_interest_missing,
1356,1701487800000,39961.6,False,HOLD,0.16,NEUTRAL,0.30932,0.5,0.5,NONE,5.0,COMPRESSION,COMPRESSION,trend,0.5202,0.000515,0.944444,-0.319444,-0.319444,1.6,0.0,3.0277,0.6636,0.0,False,True,open_interest_missing,
1357,1701487860000,39977.8,False,HOLD,0.16,NEUTRAL,0.294524,0.5,0.5,NONE,5.0,COMPRESSION,COMPRESSION,trend,0.5202,0.000405,-0.807365,0.367422,0.367422,1.6,0.0,3.0336,0.7421,0.0,False,True,open_interest_missing,
1358,1701487920000,39961.6,False,HOLD,0.07,NEUTRAL,0.284167,0.5,0.5,NONE,5.0,COMPRESSION,COMPRESSION,trend,0.5202,0.00027,-0.813699,-0.934795,-0.934795,0.7,0.0,2.9607,0.6634,0.0,False,True,open_interest_missing,
1359,1701487980000,39948.8,False,SHORT,0.14,NEUTRAL,0.276917,0.5,0.5,NONE,5.0,CHOPPY,CHOPPY,trend,0.5202,0.00027,-0.871345,-0.954971,-0.954971,1.4,-1.0,2.9826,0.6716,0.0,False,True,open_interest_missing,
1360,1701488040000,39949.1,False,HOLD,0.16,NEUTRAL,0.271842,0.5,0.5,NONE,4.0,CHOPPY,CHOPPY,trend,0.5202,0.000588,0.707317,-0.004325,-0.004325,1.6,0.0,2.0994,0.5521,0.0,False,True,open_interest_missing,
1361,1701488100000,39936.1,False,SHORT,0.35,NEUTRAL,0.268289,0.5,0.5,NONE,5.0,CHOPPY,CHOPPY,trend,0.5202,0.000636,0.929825,-0.319422,-0.319422,3.5,-1.0,3.1993,0.8019,0.0,True,True,open_interest_missing,
1362,1701488340000,39937.3,False,HOLD,0.11,NEUTRAL,0.285303,0.5,0.5,NONE,5.0,CHOPPY,CHOPPY,trend,0.5202,0.000288,0.575758,-0.448485,-0.448485,1.1,0.0,3.2067,0.7967,0.0,True,True,open_interest_missing,
1363,1701488460000,39927.8,False,SHORT,0.14,NEUTRAL,0.297212,0.5,0.5,NONE,5.0,CHOPPY,CHOPPY,trend,0.5202,0.00023,-0.666667,-0.883333,-0.883333,1.4,-1.0,4.0797,0.7175,0.0,True,True,open_interest_missing,
1364,1701488520000,39948.7,False,HOLD,0.07,NEUTRAL,0.305548,0.5,0.5,NONE,4.0,CHOPPY,CHOPPY,trend,0.5202,0.00033,0.481481,0.464069,0.464069,0.7,0.0,3.1345,0.6888,0.0,True,True,open_interest_missing,
1365,1701488580000,39948.0,False,HOLD,0.11,NEUTRAL,0.311384,0.5,0.5,NONE,4.0,CHOPPY,CHOPPY,trend,0.5202,0.000651,0.416667,-0.179013,-0.179013,1.1,0.0,3.3645,0.6243,0.0,True,True,open_interest_missing,
1366,1701488640000,39923.2,False,HOLD,0.11,NEUTRAL,0.315469,0.5,0.5,NONE,5.0,RANGING,RANGING,trend,0.5202,0.000651,0.333333,-0.533333,-0.533333,1.1,0.0,4.1363,0.6885,0.0,True,True,open_interest_missing,
1367,1701488700000,39948.8,False,LONG,0.07,NEUTRAL,0.318328,0.5,0.5,NONE,4.0,CHOPPY,CHOPPY,trend,0.5519,0.000641,0.333333,0.766667,0.766667,0.7,1.0,2.7953,0.7499,0.0,False,True,open_interest_missing,
1368,1701488760000,39932.7,False,HOLD,0.09,NEUTRAL,0.32033,0.5,0.5,NONE,5.0,CHOPPY,CHOPPY,trend,0.5519,0.000145,0.090909,-0.618182,-0.618182,0.9,0.0,2.8759,0.6623,0.0,False,True,open_interest_missing,
1369,1701488820000,39941.4,False,HOLD,0.0,NEUTRAL,0.321731,0.5,0.5,NONE,5.0,CHOPPY,CHOPPY,trend,0.5519,0.000388,0.0,0.61581,0.61581,0.0,0.0,3.7085,0.7169,0.0,False,True,open_interest_missing,
1370,1701488880000,39958.0,False,HOLD,0.07,NEUTRAL,0.322712,0.5,0.5,NONE,4.0,RANGING,RANGING,trend,0.5519,0.00041,0.2,0.72,0.72,0.7,0.0,2.7494,0.7469,0.0,False,True,open_interest_missing,
1371,1701488940000,39953.3,False,HOLD,0.07,NEUTRAL,0.303898,0.5,0.5,NONE,4.0,RANGING,RANGING,trend,0.5519,0.000636,-0.882353,-0.828778,-0.828778,0.7,0.0,2.6682,0.6292,0.0,False,True,open_interest_missing,
1372,1701489000000,39974.3,False,HOLD,0.11,NEUTRAL,0.310229,0.5,0.5,NONE,4.0,RANGING,RANGING,trend,0.5519,9.5e-05,0.75,-0.201685,-0.201685,1.1,0.0,2.658,0.617,0.0,False,True,open_interest_missing,
1373,1701489060000,39952.8,False,HOLD,0.07,NEUTRAL,0.29516,0.5,0.5,NONE,5.0,CHOPPY,CHOPPY,trend,0.5519,0.000588,-0.962264,-0.986792,-0.986792,0.7,0.0,4.1497,0.6702,0.0,False,True,open_interest_missing,
1374,1701489180000,39961.6,False,HOLD,0.11,NEUTRAL,0.284612,0.5,0.5,NONE,5.0,RANGING,RANGING,trend,0.5519,0.000513,-0.964286,0.3125,0.3125,1.1,0.0,3.0401,0.7499,0.0,False,True,open_interest_missing,
1375,1701489240000,39944.8,False,SHORT,0.18,NEUTRAL,0.296729,0.5,0.5,NONE,5.0,RANGING,RANGING,trend,0.5519,0.0003,0.416667,-0.504167,-0.504167,1.8,-1.0,4.1273,0.6638,0.0,False,True,open_interest_missing,
1376,1701489360000,39944.2,False,SHORT,0.05,NEUTRAL,0.30521,0.5,0.5,NONE,5.0,RANGING,RANGING,trend,0.5519,0.000436,-0.058824,-0.670588,-0.670588,0.5,-1.0,3.818,0.6646,0.0,False,True,open_interest_missing,
1377,1701489420000,39983.5,False,HOLD,0.0,NEUTRAL,0.5,0.5,0.5,NONE,0.0,CHOPPY,CHOPPY,range,0.0,0.0,0.0,0.0,0.0,0.0,0.0,0.0,0.0,0.0,False,False,run_all_engines_error,
1378,1701489600000,39982.9,False,HOLD,0.16,NEUTRAL,0.295803,0.5,0.5,NONE,5.0,CHOPPY,CHOPPY,manipulation,0.8997,0.000228,-0.929825,0.324561,0.324561,1.6,0.0,4.0594,0.7499,0.0,False,True,open_interest_missing,
1379,1701489660000,39982.9,False,HOLD,0.16,NEUTRAL,0.285062,0.5,0.5,NONE,4.0,CHOPPY,CHOPPY,manipulation,0.8997,0.000213,-0.911111,0.071168,0.071168,1.6,0.0,3.5516,0.6699,0.0,False,True,open_interest_missing,
1380,1701489720000,39964.6,False,HOLD,0.07,NEUTRAL,0.297043,0.5,0.5,NONE,5.0,CHOPPY,CHOPPY,manipulation,0.8997,0.000453,-0.928571,-0.975,-0.975,0.7,0.0,4.2025,0.6747,0.0,False,True,open_interest_missing,
1381,1701489960000,39974.3,False,HOLD,0.16,NEUTRAL,0.28593,0.5,0.5,NONE,5.0,CHOPPY,CHOPPY,manipulation,0.8997,0.000373,-0.904762,0.333333,0.333333,1.6,0.0,4.2314,0.749,0.0,False,True,open_interest_missing,
1382,1701490080000,39955.5,False,SHORT,0.18,NEUTRAL,0.297651,0.5,0.5,NONE,4.0,CHOPPY,CHOPPY,manipulation,0.8997,0.00016,0.2,-0.58,-0.58,1.8,-1.0,3.0019,0.666,0.0,False,True,open_interest_missing,
1383,1701490200000,39974.3,False,HOLD,0.07,NEUTRAL,0.305856,0.5,0.5,NONE,4.0,CHOPPY,CHOPPY,manipulation,0.8997,0.00028,0.2,0.72,0.72,0.7,0.0,2.8184,0.749,0.0,False,True,open_interest_missing,
1384,1701490320000,39948.2,False,SHORT,0.23,NEUTRAL,0.292099,0.5,0.5,NONE,4.0,CHOPPY,CHOPPY,manipulation,0.8997,0.00051,0.890909,-0.338182,-0.338182,2.3,-1.0,3.1044,0.6728,0.0,False,True,open_interest_missing,
1385,1701490380000,39974.2,False,HOLD,0.07,NEUTRAL,0.301969,0.5,0.5,NONE,5.0,CHOPPY,CHOPPY,manipulation,0.8997,0.000328,0.333333,0.766667,0.766667,0.7,0.0,3.9914,0.7492,0.0,False,True,open_interest_missing,
1386,1701490500000,39961.6,False,HOLD,0.07,NEUTRAL,0.308879,0.5,0.5,NONE,3.0,CHOPPY,CHOPPY,trend,0.5174,0.00032,-0.4,-0.464917,-0.464917,0.7,0.0,1.997,0.5748,0.0,False,True,open_interest_missing,
1387,1701490560000,39948.8,False,HOLD,0.05,NEUTRAL,0.313715,0.5,0.5,NONE,4.0,CHOPPY,CHOPPY,trend,0.5174,0.00016,-0.142857,-0.7,-0.7,0.5,0.0,2.7199,0.6749,0.0,False,True,open_interest_missing,
1388,1701490620000,39972.9,False,HOLD,0.16,NEUTRAL,0.317101,0.5,0.5,NONE,4.0,CHOPPY,CHOPPY,trend,0.5174,0.00032,-0.833333,0.358333,0.358333,1.6,0.0,3.033,0.7384,0.0,False,True,open_interest_missing,
1389,1701490680000,39955.2,False,HOLD,0.11,NEUTRAL,0.31947,0.5,0.5,NONE,4.0,CHOPPY,CHOPPY,trend,0.5174,0.00032,0.6875,-0.409375,-0.409375,1.1,0.0,3.0332,0.6664,0.0,False,True,open_interest_missing,
1390,1701490740000,39961.6,False,HOLD,0.11,NEUTRAL,0.321129,0.5,0.5,NONE,4.0,CHOPPY,CHOPPY,trend,0.5174,0.00032,-0.428571,0.5,0.5,1.1,0.0,3.0075,0.7499,0.0,False,True,open_interest_missing,
1391,1701490800000,39953.6,False,HOLD,0.07,NEUTRAL,0.32229,0.5,0.5,NONE,4.0,CHOPPY,CHOPPY,trend,0.5174,0.00023,-0.675676,-0.597502,-0.597502,0.7,0.0,3.3111,0.5795,0.0,False,True,open_interest_missing,
1392,1701490920000,39967.9,False,HOLD,0.11,NEUTRAL,0.303603,0.5,0.5,NONE,5.0,CHOPPY,CHOPPY,trend,0.5174,0.000528,0.915528,-0.329565,-0.329565,1.1,0.0,4.1542,0.6703,0.0,False,True,open_interest_missing,
1393,1701491220000,39975.8,False,LONG,0.17,NEUTRAL,0.310022,0.5,0.5,NONE,3.0,CHOPPY,CHOPPY,trend,0.5174,0.000155,0.0,-0.415459,-0.415459,1.7,1.0,2.0794,0.6021,0.0,False,True,open_interest_missing,
1394,1701491280000,39973.5,False,HOLD,0.0,NEUTRAL,0.314516,0.5,0.5,NONE,3.0,CHOPPY,CHOPPY,trend,0.5174,3e-06,0.090909,0.331049,0.331049,0.0,0.0,2.9461,0.6413,0.0,False,True,open_interest_missing,
1395,1701491340000,39976.0,False,HOLD,0.16,NEUTRAL,0.298161,0.5,0.5,NONE,4.0,CHOPPY,CHOPPY,trend,0.5174,3e-06,-0.952756,-0.008464,-0.008464,1.6,0.0,3.4992,0.6489,0.0,False,True,open_interest_missing,
1396,1701491400000,39976.0,False,HOLD,0.16,NEUTRAL,0.286713,0.5,0.5,NONE,4.0,RANGING,RANGING,manipulation,0.8795,3e-06,-0.950413,0.317355,0.317355,1.6,0.0,3.1037,0.7488,0.0,False,True,open_interest_missing,
1397,1701491520000,39969.7,False,HOLD,0.07,NEUTRAL,0.278699,0.5,0.5,NONE,4.0,CHOPPY,CHOPPY,manipulation,0.8795,3e-06,-0.919598,-0.971859,-0.971859,0.7,0.0,4.1991,0.6667,0.0,False,True,open_interest_missing,
1398,1701491580000,39976.0,False,HOLD,0.07,NEUTRAL,0.273089,0.5,0.5,NONE,4.0,RANGING,RANGING,manipulation,0.8795,0.000158,0.608008,0.862803,0.862803,0.7,0.0,2.9626,0.7486,0.0,False,True,open_interest_missing,
1399,1701491700000,40000.0,False,LONG,0.35,NEUTRAL,0.269163,0.5,0.5,NONE,4.0,CHOPPY,CHOPPY,manipulation,0.8795,2.5e-05,-0.93617,0.32234,0.32234,3.5,1.0,4.2152,0.7212,0.0,False,True,open_interest_missing,
1400,1701491760000,39990.0,False,HOLD,0.07,NEUTRAL,0.266414,0.5,0.5,NONE,3.0,CHOPPY,CHOPPY,manipulation,0.8795,0.00032,-0.993661,-0.672776,-0.672776,0.7,0.0,3.2261,0.5633,0.0,False,True,open_interest_missing,
1401,1701491820000,39991.4,False,HOLD,0.07,NEUTRAL,0.28399,0.5,0.5,NONE,4.0,CHOPPY,CHOPPY,manipulation,0.8795,0.00015,0.2,0.72,0.72,0.7,0.0,3.7614,0.7406,0.0,False,True,open_interest_missing,
1402,1701491880000,39975.7,False,HOLD,0.07,NEUTRAL,0.276793,0.5,0.5,NONE,4.0,RANGING,RANGING,manipulation,0.8795,0.000108,-0.985401,-0.994891,-0.994891,0.7,0.0,4.2232,0.674,0.0,False,True,open_interest_missing,
1403,1701492060000,39953.8,False,SHORT,0.16,NEUTRAL,0.271755,0.5,0.5,NONE,4.0,CHOPPY,CHOPPY,manipulation,0.8795,0.000108,-0.988166,0.304142,0.304142,1.6,-1.0,3.2189,0.8357,0.0,True,True,open_interest_missing,
1404,1701492120000,39936.0,False,SHORT,0.14,NEUTRAL,0.268229,0.5,0.5,NONE,5.0,CHOPPY,CHOPPY,manipulation,0.8795,0.000103,-0.989142,-0.983816,-0.983816,1.4,-1.0,5.2025,0.7662,0.0,True,True,open_interest_missing,
1405,1701492240000,39945.9,False,HOLD,0.07,NEUTRAL,0.26576,0.5,0.5,NONE,3.0,CHOPPY,CHOPPY,manipulation,0.8795,0.00021,-0.877551,-0.415321,-0.415321,0.7,0.0,2.801,0.5677,0.0,True,True,open_interest_missing,
1406,1701492300000,39953.8,False,HOLD,0.07,NEUTRAL,0.283532,0.5,0.5,NONE,5.0,CHOPPY,CHOPPY,trend,0.5384,0.000566,0.933333,0.785515,0.785515,0.7,0.0,3.8073,0.8122,0.0,True,True,open_interest_missing,
1407,1701492420000,39941.8,False,HOLD,0.11,NEUTRAL,0.295972,0.5,0.5,NONE,5.0,RANGING,RANGING,trend,0.5384,0.0003,0.2,-0.449992,-0.449992,1.1,0.0,3.8778,0.7543,0.0,True,True,open_interest_missing,
1408,1701492540000,39950.5,False,HOLD,0.07,NEUTRAL,0.304681,0.5,0.5,NONE,5.0,RANGING,RANGING,trend,0.5384,0.00021,0.866667,0.953333,0.953333,0.7,0.0,4.2632,0.8761,0.0,True,True,open_interest_missing,
1409,1701492600000,39948.0,False,HOLD,0.07,NEUTRAL,0.310776,0.5,0.5,NONE,4.0,RANGING,RANGING,trend,0.5384,0.00036,0.69697,0.893939,0.893939,0.7,0.0,2.9211,0.7496,0.0,False,True,open_interest_missing,
1410,1701492720000,39936.4,False,HOLD,0.16,NEUTRAL,0.315044,0.5,0.5,NONE,5.0,RANGING,RANGING,trend,0.5384,0.000293,0.870968,-0.345161,-0.345161,1.6,0.0,4.1555,0.6742,0.0,False,True,open_interest_missing,
1411,1701492780000,39928.5,False,HOLD,0.07,NEUTRAL,0.31803,0.5,0.5,NONE,5.0,RANGING,RANGING,trend,0.5384,0.000288,-0.333333,-0.766667,-0.766667,0.7,0.0,3.9172,0.667,0.0,False,True,open_interest_missing,
1412,1701492840000,39948.0,False,HOLD,0.07,NEUTRAL,0.320121,0.5,0.5,NONE,4.0,RANGING,RANGING,trend,0.5384,0.000488,0.857143,0.95,0.95,0.7,0.0,2.9787,0.7496,0.0,False,True,open_interest_missing,
1413,1701492960000,39979.2,False,LONG,0.14,NEUTRAL,0.302085,0.5,0.5,NONE,5.0,RANGING,RANGING,trend,0.5384,0.00019,0.847071,0.946475,0.946475,1.4,1.0,3.1032,0.8546,0.0,True,True,open_interest_missing,
1414,1701493020000,39991.2,False,LONG,0.07,NEUTRAL,0.28946,0.5,0.5,NONE,4.0,RANGING,RANGING,trend,0.5384,0.000195,0.848101,0.946835,0.946835,0.7,1.0,2.9274,0.8486,0.0,True,True,open_interest_missing,
1415,1701493080000,39999.9,False,LONG,0.07,NEUTRAL,0.280622,0.5,0.5,NONE,5.0,RANGING,RANGING,trend,0.5384,0.000218,0.172414,0.658345,0.658345,0.7,1.0,3.6844,0.8215,0.0,True,True,open_interest_missing,
1416,1701493140000,39999.9,False,HOLD,0.07,NEUTRAL,0.274435,0.5,0.5,NONE,5.0,RANGING,RANGING,trend,0.5384,3e-06,-0.931889,-0.976161,-0.976161,0.7,0.0,4.0891,0.7614,0.0,True,True,open_interest_missing,
1417,1701493200000,40000.0,False,LONG,0.07,NEUTRAL,0.270105,0.5,0.5,NONE,3.0,RANGING,RANGING,trend,0.5042,2e-06,-0.987322,-0.273305,-0.273305,0.7,1.0,2.7724,0.6785,0.0,True,True,open_interest_missing,
1418,1701493260000,40000.0,False,HOLD,0.07,NEUTRAL,0.267073,0.5,0.5,NONE,4.0,RANGING,RANGING,trend,0.5042,4.2e-05,-0.990783,-0.580665,-0.580665,0.7,0.0,3.2703,0.672,0.0,True,True,open_interest_missing,
1419,1701493380000,39969.6,False,SHORT,0.11,NEUTRAL,0.284451,0.5,0.5,NONE,4.0,RANGING,RANGING,trend,0.5042,0.00012,0.2,-0.58,-0.58,1.1,-1.0,3.0978,0.8093,0.0,True,True,open_interest_missing,
1420,1701493440000,39966.0,False,SHORT,0.14,NEUTRAL,0.296616,0.5,0.5,NONE,4.0,RANGING,RANGING,trend,0.5042,1.3e-05,0.2,0.694001,0.694001,1.4,-1.0,3.9745,0.8824,0.0,True,True,open_interest_missing,
1421,1701493500000,39966.0,False,HOLD,0.16,NEUTRAL,0.305131,0.5,0.5,NONE,4.0,CHOPPY,CHOPPY,trend,0.5042,0.000405,-0.818182,0.363636,0.363636,1.6,0.0,3.0251,0.741,0.0,False,True,open_interest_missing,
1422,1701493740000,39966.1,False,HOLD,0.0,NEUTRAL,0.311092,0.5,0.5,NONE,3.0,CHOPPY,CHOPPY,trend,0.5042,0.00011,0.0,0.324999,0.324999,0.0,0.0,1.8452,0.6399,0.0,False,True,open_interest_missing,
1423,1701493800000,39972.6,False,HOLD,0.11,NEUTRAL,0.315264,0.5,0.5,NONE,4.0,RANGING,RANGING,trend,0.5042,3e-06,0.75,-0.14673,-0.14673,1.1,0.0,2.5126,0.5948,0.0,False,True,open_interest_missing,
1424,1701493860000,39975.1,False,HOLD,0.16,NEUTRAL,0.298685,0.5,0.5,NONE,5.0,CHOPPY,CHOPPY,trend,0.5042,1.5e-05,-0.958042,0.314685,0.314685,1.6,0.0,4.1529,0.7482,0.0,False,True,open_interest_missing,
1425,1701494040000,39975.1,False,HOLD,0.07,NEUTRAL,0.28708,0.5,0.5,NONE,4.0,CHOPPY,CHOPPY,trend,0.5042,8e-06,0.417722,0.796203,0.796203,0.7,0.0,3.9433,0.7481,0.0,False,True,open_interest_missing,
1426,1701494400000,39975.1,False,HOLD,0.07,NEUTRAL,0.278956,0.5,0.5,NONE,5.0,CHOPPY,CHOPPY,trend,0.5077,8e-06,0.411765,0.687996,0.687996,0.7,0.0,3.8145,0.8322,0.0,True,True,open_interest_missing,
1427,1701494460000,39974.8,False,HOLD,0.11,NEUTRAL,0.273269,0.5,0.5,NONE,5.0,CHOPPY,CHOPPY,trend,0.5077,8e-06,0.71875,-0.398438,-0.398438,1.1,0.0,4.2939,0.7903,0.0,True,True,open_interest_missing,
1428,1701494520000,39974.8,False,HOLD,0.16,NEUTRAL,0.269288,0.5,0.5,NONE,5.0,CHOPPY,CHOPPY,trend,0.5077,8e-06,0.76087,-0.383696,-0.383696,1.6,0.0,4.2939,0.79,0.0,True,True,open_interest_missing,
1429,1701494640000,39974.9,False,HOLD,0.07,NEUTRAL,0.286002,0.5,0.5,NONE,5.0,CHOPPY,CHOPPY,trend,0.5077,5e-06,-0.913043,-0.969565,-0.969565,0.7,0.0,3.1376,0.7894,0.0,True,True,open_interest_missing,
1430,1701494760000,39974.8,False,HOLD,0.16,NEUTRAL,0.278201,0.5,0.5,NONE,5.0,CHOPPY,CHOPPY,trend,0.5077,8e-06,0.758242,-0.384615,-0.384615,1.6,0.0,3.0284,0.6728,0.0,False,True,open_interest_missing,
1431,1701494880000,39989.5,False,LONG,0.23,NEUTRAL,0.292241,0.5,0.5,NONE,5.0,CHOPPY,CHOPPY,trend,0.5077,5e-06,-0.833333,0.358333,0.358333,2.3,1.0,3.9736,0.7419,0.0,False,True,open_interest_missing,
1432,1701495000000,39975.3,False,HOLD,0.11,NEUTRAL,0.302069,0.5,0.5,NONE,4.0,RANGING,RANGING,manipulation,0.998,0.000535,0.636364,-0.427273,-0.427273,1.1,0.0,3.1284,0.6754,0.0,True,True,open_interest_missing,
1433,1701495060000,39975.3,False,HOLD,0.11,NEUTRAL,0.308948,0.5,0.5,NONE,4.0,RANGING,RANGING,manipulation,0.998,0.000518,0.2,-0.58,-0.58,1.1,0.0,3.0204,0.6749,0.0,True,True,open_interest_missing,
1434,1701495300000,39986.7,False,HOLD,0.07,NEUTRAL,0.294264,0.5,0.5,NONE,4.0,RANGING,RANGING,manipulation,0.998,0.00029,0.98374,0.994309,0.994309,0.7,0.0,3.1231,0.7483,0.0,False,True,open_interest_missing,
1435,1701495480000,39975.2,False,HOLD,0.16,NEUTRAL,0.283985,0.5,0.5,NONE,4.0,RANGING,RANGING,manipulation,0.998,0.000303,0.921875,-0.327344,-0.327344,1.6,0.0,3.1268,0.6745,0.0,False,True,open_interest_missing,
1436,1701495540000,39975.2,False,HOLD,0.16,NEUTRAL,0.276789,0.5,0.5,NONE,5.0,RANGING,RANGING,manipulation,0.998,0.0003,0.919355,-0.328226,-0.328226,1.6,0.0,4.2493,0.6745,0.0,False,True,open_interest_missing,
1437,1701495600000,39975.2,False,HOLD,0.16,NEUTRAL,0.271753,0.5,0.5,NONE,5.0,RANGING,RANGING,manipulation,0.998,0.0003,0.901639,-0.334426,-0.334426,1.6,0.0,4.2493,0.6744,0.0,False,True,open_interest_missing,
1438,1701495660000,39975.2,False,HOLD,0.16,NEUTRAL,0.268227,0.5,0.5,NONE,4.0,CHOPPY,CHOPPY,manipulation,0.998,0.000295,0.983051,-0.305932,-0.305932,1.6,0.0,3.1243,0.6743,0.0,False,True,open_interest_missing,
1439,1701495720000,39975.2,False,HOLD,0.07,NEUTRAL,0.265759,0.5,0.5,NONE,4.0,RANGING,RANGING,manipulation,0.998,0.000295,0.965517,0.410307,0.410307,0.7,0.0,2.6654,0.5495,0.0,False,True,open_interest_missing,
1440,1701495900000,39982.4,False,HOLD,0.07,NEUTRAL,0.283531,0.5,0.5,NONE,5.0,CHOPPY,CHOPPY,trend,0.503,0.000425,-0.636364,-0.872727,-0.872727,0.7,0.0,4.0217,0.6746,0.0,False,True,open_interest_missing,
1441,1701495960000,39982.4,False,HOLD,0.05,NEUTRAL,0.295972,0.5,0.5,NONE,5.0,CHOPPY,CHOPPY,trend,0.503,0.000313,-0.125,-0.69375,-0.69375,0.5,0.0,3.8376,0.6746,0.0,False,True,open_interest_missing,
1442,1701496020000,39988.0,False,HOLD,0.07,NEUTRAL,0.30468,0.5,0.5,NONE,5.0,CHOPPY,CHOPPY,trend,0.503,0.000318,-0.636364,-0.872727,-0.872727,0.7,0.0,4.0246,0.6731,0.0,False,True,open_interest_missing,
1443,1701496080000,39987.2,False,HOLD,0.16,NEUTRAL,0.291276,0.5,0.5,NONE,5.0,CHOPPY,CHOPPY,trend,0.503,0.00016,0.973494,-0.309277,-0.309277,1.6,0.0,4.1553,0.673,0.0,False,True,open_interest_missing,
1444,1701496200000,39982.7,False,HOLD,0.16,NEUTRAL,0.301393,0.5,0.5,NONE,5.0,CHOPPY,CHOPPY,trend,0.503,0.00011,0.8,-0.37,-0.37,1.6,0.0,4.1528,0.6734,0.0,False,True,open_interest_missing,
1445,1701496320000,39983.0,False,HOLD,0.16,NEUTRAL,0.288975,0.5,0.5,NONE,5.0,CHOPPY,CHOPPY,trend,0.503,8e-05,0.989446,-0.303694,-0.303694,1.6,0.0,4.153,0.6718,0.0,False,True,open_interest_missing,
1446,1701496380000,39974.4,False,SHORT,0.07,NEUTRAL,0.280283,0.5,0.5,NONE,5.0,CHOPPY,CHOPPY,trend,0.503,0.000233,0.84375,0.945312,0.945312,0.7,-1.0,3.8738,0.7425,0.0,False,True,open_interest_missing,
1447,1701496440000,39965.6,False,SHORT,0.14,NEUTRAL,0.293698,0.5,0.5,NONE,5.0,CHOPPY,CHOPPY,trend,0.503,0.000235,-0.846154,-0.946154,-0.946154,1.4,-1.0,4.0967,0.6646,0.0,False,True,open_interest_missing,
1448,1701496500000,39974.9,False,HOLD,0.07,NEUTRAL,0.303089,0.5,0.5,NONE,5.0,CHOPPY,CHOPPY,trend,0.503,0.000505,-0.846154,-0.512752,-0.512752,0.7,0.0,4.2485,0.6595,0.0,True,True,open_interest_missing,
1449,1701496620000,39974.4,False,HOLD,0.16,NEUTRAL,0.309662,0.5,0.5,NONE,5.0,CHOPPY,CHOPPY,trend,0.503,0.000298,-0.8,0.37,0.37,1.6,0.0,3.1721,0.8466,0.0,True,True,open_interest_missing,
1450,1701496740000,39951.8,False,SHORT,0.14,NEUTRAL,0.294763,0.5,0.5,NONE,5.0,CHOPPY,CHOPPY,trend,0.503,0.000283,-0.995708,-0.998498,-0.998498,1.4,-1.0,4.2913,0.772,0.0,True,True,open_interest_missing,
1451,1701496800000,39951.2,False,SHORT,0.14,NEUTRAL,0.284334,0.5,0.5,NONE,4.0,COMPRESSION,COMPRESSION,manipulation,0.9239,0.000568,-0.607235,-0.21247,-0.21247,1.4,-1.0,3.3819,0.5563,0.0,True,True,open_interest_missing,
1452,1701496860000,39951.2,False,HOLD,0.07,NEUTRAL,0.277034,0.5,0.5,NONE,5.0,COMPRESSION,COMPRESSION,manipulation,0.9239,0.000183,-0.794521,-0.928082,-0.928082,0.7,0.0,4.1854,0.6164,0.0,True,True,open_interest_missing,
1453,1701496920000,39956.3,False,HOLD,0.07,NEUTRAL,0.271924,0.5,0.5,NONE,4.0,COMPRESSION,COMPRESSION,manipulation,0.9239,0.000138,-0.888551,-0.58953,-0.58953,0.7,0.0,3.2857,0.5737,0.0,True,True,open_interest_missing,
1454,1701496980000,39951.2,False,HOLD,0.07,NEUTRAL,0.268347,0.5,0.5,NONE,5.0,COMPRESSION,COMPRESSION,manipulation,0.9239,0.000128,-0.900407,-0.965142,-0.965142,0.7,0.0,4.2234,0.5988,0.0,True,True,open_interest_missing,
1455,1701497040000,39958.2,False,HOLD,0.07,NEUTRAL,0.265843,0.5,0.5,NONE,4.0,COMPRESSION,COMPRESSION,manipulation,0.9239,0.000128,0.769231,0.919231,0.919231,0.7,0.0,3.0565,0.7559,0.0,True,True,open_interest_missing,
1456,1701497160000,39964.5,False,LONG,0.14,NEUTRAL,0.26409,0.5,0.5,NONE,4.0,COMPRESSION,COMPRESSION,manipulation,0.9239,0.000175,0.918367,0.883316,0.883316,1.4,1.0,2.8872,0.742,0.0,True,True,open_interest_missing,
1457,1701497400000,39967.9,False,LONG,0.05,NEUTRAL,0.262863,0.5,0.5,NONE,4.0,COMPRESSION,COMPRESSION,manipulation,0.9239,0.000148,-0.134752,-0.697163,-0.697163,0.5,1.0,2.83,0.6912,0.0,True,True,open_interest_missing,
1458,1701497460000,39967.9,False,HOLD,0.11,NEUTRAL,0.262004,0.5,0.5,NONE,4.0,COMPRESSION,COMPRESSION,manipulation,0.9239,0.000148,-0.928571,0.162521,0.162521,1.1,0.0,2.8858,0.7163,0.0,True,True,open_interest_missing,
1459,1701497640000,39963.2,False,HOLD,0.07,NEUTRAL,0.261403,0.5,0.5,NONE,4.0,COMPRESSION,COMPRESSION,manipulation,0.9239,0.000145,-0.643836,-0.875342,-0.875342,0.7,0.0,3.0152,0.6902,0.0,True,True,open_interest_missing,
1460,1701497700000,39961.6,False,HOLD,0.07,NEUTRAL,0.260982,0.5,0.5,NONE,5.0,COMPRESSION,COMPRESSION,trend,0.5111,4e-05,-0.770609,-0.919713,-0.919713,0.7,0.0,2.9485,0.6717,0.0,False,True,open_interest_missing,
1461,1701497760000,39963.2,False,HOLD,0.16,NEUTRAL,0.260688,0.5,0.5,NONE,5.0,COMPRESSION,COMPRESSION,trend,0.5111,4e-05,-0.765125,0.382206,0.382206,1.6,0.0,4.1572,0.7401,0.0,False,True,open_interest_missing,
1462,1701497880000,39961.6,False,HOLD,0.07,NEUTRAL,0.260481,0.5,0.5,NONE,5.0,COMPRESSION,COMPRESSION,trend,0.5111,4e-05,-0.759717,-0.915901,-0.915901,0.7,0.0,4.0695,0.6711,0.0,False,True,open_interest_missing,
1463,1701498000000,39951.2,False,SHORT,0.16,NEUTRAL,0.260337,0.5,0.5,NONE,5.0,COMPRESSION,COMPRESSION,trend,0.5111,0.00026,0.829787,-0.359574,-0.359574,1.6,-1.0,4.1482,0.5868,0.0,False,True,open_interest_missing,
1464,1701498180000,39952.9,False,HOLD,0.16,NEUTRAL,0.260236,0.5,0.5,NONE,4.0,COMPRESSION,COMPRESSION,trend,0.5111,0.00026,0.755102,-0.005223,-0.005223,1.6,0.0,3.2814,0.5496,0.0,False,True,open_interest_missing,
1465,1701498240000,39963.2,False,HOLD,0.07,NEUTRAL,0.279665,0.5,0.5,NONE,3.0,COMPRESSION,COMPRESSION,trend,0.5111,0.000128,0.842105,0.457289,0.457289,0.7,0.0,1.7455,0.5882,0.0,False,True,open_interest_missing,
1466,1701498300000,39953.0,False,HOLD,0.16,NEUTRAL,0.273766,0.5,0.5,NONE,5.0,CHOPPY,CHOPPY,trend,0.5111,2e-05,-0.974026,-0.01587,-0.01587,1.6,0.0,3.5004,0.6426,0.0,False,True,open_interest_missing,
1467,1701498600000,39951.2,False,HOLD,0.07,NEUTRAL,0.289136,0.5,0.5,NONE,5.0,CHOPPY,CHOPPY,trend,0.5274,0.000213,-0.857143,-0.95,-0.95,0.7,0.0,4.1,0.577,0.0,False,True,open_interest_missing,
1468,1701498780000,39951.2,False,HOLD,0.11,NEUTRAL,0.280395,0.5,0.5,NONE,5.0,CHOPPY,CHOPPY,trend,0.5274,0.000255,0.254237,-0.561017,-0.561017,1.1,0.0,2.938,0.575,0.0,False,True,open_interest_missing,
1469,1701498900000,39937.3,False,SHORT,0.07,NEUTRAL,0.274277,0.5,0.5,NONE,5.0,RANGING,RANGING,trend,0.5274,0.00025,0.033333,-0.638333,-0.638333,0.7,-1.0,3.9479,0.7594,0.0,True,True,open_interest_missing,
1470,1701499020000,39937.0,False,SHORT,0.16,NEUTRAL,0.269994,0.5,0.5,NONE,6.0,RANGING,RANGING,trend,0.5274,2.8e-05,-0.987013,0.304545,0.304545,1.6,-1.0,5.1956,0.8715,0.0,True,True,open_interest_missing,
1471,1701499080000,39936.0,False,SHORT,0.14,NEUTRAL,0.266996,0.5,0.5,NONE,5.0,RANGING,RANGING,trend,0.5274,2.3e-05,-0.995694,-0.998493,-0.998493,1.4,-1.0,4.2934,0.7965,0.0,True,True,open_interest_missing,
1472,1701499200000,39935.7,False,SHORT,0.07,NEUTRAL,0.264897,0.5,0.5,NONE,6.0,COMPRESSION,COMPRESSION,trend,0.5274,2.8e-05,0.948052,0.981818,0.981818,0.7,-1.0,5.3302,1.0,0.0,True,True,open_interest_missing,
1473,1701499260000,39936.0,False,HOLD,0.07,NEUTRAL,0.263428,0.5,0.5,NONE,5.0,COMPRESSION,COMPRESSION,trend,0.5274,2.3e-05,0.95122,0.982927,0.982927,0.7,0.0,4.4316,0.9982,0.0,True,True,open_interest_missing,
1474,1701499320000,39934.7,False,SHORT,0.07,NEUTRAL,0.2624,0.5,0.5,NONE,6.0,COMPRESSION,COMPRESSION,trend,0.5274,2.8e-05,-0.850598,-0.947709,-0.947709,0.7,-1.0,5.2943,0.925,0.0,True,True,open_interest_missing,
1475,1701499560000,39936.0,False,HOLD,0.07,NEUTRAL,0.26168,0.5,0.5,NONE,3.0,COMPRESSION,COMPRESSION,manipulation,0.9488,3e-05,-0.904762,-0.316657,-0.316657,0.7,0.0,2.5933,0.4956,0.0,True,True,open_interest_missing,
1476,1701499740000,39934.7,False,HOLD,0.07,NEUTRAL,0.261176,0.5,0.5,NONE,5.0,RANGING,RANGING,manipulation,0.9488,3e-05,-0.782857,-0.924,-0.924,0.7,0.0,4.1885,0.7036,0.0,True,True,open_interest_missing,
1477,1701499800000,39934.7,False,HOLD,0.07,NEUTRAL,0.260823,0.5,0.5,NONE,5.0,COMPRESSION,COMPRESSION,manipulation,0.9488,3e-05,-0.650794,-0.877778,-0.877778,0.7,0.0,4.1421,0.7036,0.0,True,True,open_interest_missing,
1478,1701499980000,39936.0,False,HOLD,0.11,NEUTRAL,0.260576,0.5,0.5,NONE,4.0,COMPRESSION,COMPRESSION,manipulation,0.9488,3.3e-05,-0.414414,0.504955,0.504955,1.1,0.0,3.113,0.7681,0.0,True,True,open_interest_missing,
1479,1701500040000,39937.0,False,LONG,0.41,NEUTRAL,0.260403,0.5,0.5,NONE,4.0,COMPRESSION,COMPRESSION,manipulation,0.9488,0.000223,0.801325,-0.369536,-0.369536,4.1,1.0,3.1496,0.6937,0.0,True,True,open_interest_missing,
1480,1701500100000,39936.9,False,HOLD,0.07,NEUTRAL,0.260282,0.5,0.5,NONE,4.0,COMPRESSION,COMPRESSION,manipulation,0.9488,0.000258,-0.948052,-0.981818,-0.981818,0.7,0.0,3.1308,0.6911,0.0,True,True,open_interest_missing,
1481,1701500160000,39947.2,False,LONG,0.16,NEUTRAL,0.260198,0.5,0.5,NONE,4.0,COMPRESSION,COMPRESSION,manipulation,0.9488,0.00026,-0.948052,0.318182,0.318182,1.6,1.0,3.1523,0.7344,0.0,True,True,open_interest_missing,
1482,1701500220000,39936.4,False,HOLD,0.07,NEUTRAL,0.260139,0.5,0.5,NONE,4.0,COMPRESSION,COMPRESSION,manipulation,0.9488,0.000265,-0.945946,-0.981081,-0.981081,0.7,0.0,3.1297,0.7004,0.0,True,True,open_interest_missing,
1483,1701500400000,39947.2,False,HOLD,0.07,NEUTRAL,0.260097,0.5,0.5,NONE,5.0,COMPRESSION,COMPRESSION,trend,0.5169,0.00025,0.818868,0.936604,0.936604,0.7,0.0,3.2212,0.9263,0.0,True,True,open_interest_missing,
1484,1701500460000,39947.2,False,HOLD,0.07,NEUTRAL,0.260068,0.5,0.5,NONE,5.0,COMPRESSION,COMPRESSION,trend,0.5169,0.00031,0.3,0.755,0.755,0.7,0.0,3.0343,0.9263,0.0,True,True,open_interest_missing,
1485,1701500520000,39946.6,False,HOLD,0.07,NEUTRAL,0.279548,0.5,0.5,NONE,5.0,COMPRESSION,COMPRESSION,trend,0.5169,4e-05,-0.333333,-0.766667,-0.766667,0.7,0.0,3.0458,0.856,0.0,True,True,open_interest_missing,
1486,1701500580000,39948.8,False,LONG,0.07,NEUTRAL,0.293183,0.5,0.5,NONE,5.0,COMPRESSION,COMPRESSION,trend,0.5169,5.8e-05,0.851852,0.948148,0.948148,0.7,1.0,4.3592,0.9144,0.0,True,True,open_interest_missing,
1487,1701500700000,39952.8,False,LONG,0.11,NEUTRAL,0.283228,0.5,0.5,NONE,6.0,COMPRESSION,COMPRESSION,trend,0.5169,0.000258,0.622166,-0.432242,-0.432242,1.1,1.0,5.2884,0.8611,0.0,True,True,open_interest_missing,
1488,1701500760000,39966.8,False,LONG,0.53,NEUTRAL,0.27626,0.5,0.5,NONE,5.0,COMPRESSION,COMPRESSION,trend,0.5169,0.00016,-0.810345,0.355566,0.355566,5.3,1.0,4.3816,0.9236,0.0,True,True,open_interest_missing,
1489,1701500880000,39952.9,False,HOLD,0.07,NEUTRAL,0.271382,0.5,0.5,NONE,5.0,COMPRESSION,COMPRESSION,trend,0.5169,0.000123,-0.971014,-0.989855,-0.989855,0.7,0.0,4.3781,0.8649,0.0,True,True,open_interest_missing,
1490,1701500940000,39966.8,False,HOLD,0.11,NEUTRAL,0.267967,0.5,0.5,NONE,5.0,COMPRESSION,COMPRESSION,trend,0.5169,0.000348,-0.259259,0.559259,0.559259,1.1,0.0,4.3083,0.9332,0.0,True,True,open_interest_missing,
1491,1701501000000,39996.7,False,LONG,0.36,NEUTRAL,0.265577,0.5,0.5,NONE,5.0,COMPRESSION,COMPRESSION,trend,0.5169,0.000193,-0.184466,0.56756,0.56756,3.6,1.0,4.1222,0.9901,0.0,True,True,open_interest_missing,
1492,1701501060000,39999.5,False,HOLD,0.16,NEUTRAL,0.263904,0.5,0.5,NONE,5.0,COMPRESSION,COMPRESSION,trend,0.5169,0.000185,-0.99005,-0.008487,-0.008487,1.6,0.0,3.6722,0.892,0.0,True,True,open_interest_missing,
1493,1701501240000,39985.5,False,HOLD,0.16,NEUTRAL,0.282233,0.5,0.5,NONE,5.0,COMPRESSION,COMPRESSION,trend,0.5169,0.000183,-0.846154,0.180537,0.180537,1.6,0.0,4.1411,0.9368,0.0,True,True,open_interest_missing,
1494,1701501360000,39961.7,False,HOLD,0.07,NEUTRAL,0.295063,0.5,0.5,NONE,5.0,RANGING,RANGING,trend,0.5143,0.000335,-0.625,-0.86875,-0.86875,0.7,0.0,4.0218,0.653,0.0,False,True,open_interest_missing,
1495,1701501420000,39986.3,False,HOLD,0.07,NEUTRAL,0.284544,0.5,0.5,NONE,5.0,RANGING,RANGING,trend,0.5143,0.00059,0.859649,0.950877,0.950877,0.7,0.0,4.1033,0.7407,0.0,False,True,open_interest_missing,
1496,1701501480000,39961.7,False,HOLD,0.11,NEUTRAL,0.277181,0.5,0.5,NONE,5.0,RANGING,RANGING,trend,0.5143,0.0003,0.666667,-0.416667,-0.416667,1.1,0.0,3.0318,0.6562,0.0,False,True,open_interest_missing,
1497,1701501540000,39961.8,False,HOLD,0.16,NEUTRAL,0.272027,0.5,0.5,NONE,5.0,CHOPPY,CHOPPY,trend,0.5143,0.0003,0.821429,-0.3625,-0.3625,1.6,0.0,3.0318,0.6549,0.0,False,True,open_interest_missing,
1498,1701501600000,39962.0,False,HOLD,0.07,NEUTRAL,0.287919,0.5,0.5,NONE,4.0,RANGING,RANGING,trend,0.5143,0.000298,0.5,0.500071,0.500071,0.7,0.0,2.0282,0.6495,0.0,False,True,open_interest_missing,
1499,1701501660000,39962.0,False,HOLD,0.16,NEUTRAL,0.279543,0.5,0.5,NONE,5.0,RANGING,RANGING,trend,0.5143,0.000293,0.993583,-0.302246,-0.302246,1.6,0.0,4.153,0.6745,0.0,False,True,open_interest_missing,
1500,1701501780000,39962.3,False,HOLD,0.16,NEUTRAL,0.27368,0.5,0.5,NONE,5.0,RANGING,RANGING,trend,0.5143,0.0003,0.995842,-0.224967,-0.224967,1.6,0.0,2.934,0.6504,0.0,False,True,open_interest_missing,
1501,1701501840000,39952.8,False,SHORT,0.16,NEUTRAL,0.269576,0.5,0.5,NONE,5.0,RANGING,RANGING,trend,0.5143,0.000305,0.985027,-0.305241,-0.305241,1.6,-1.0,3.0319,0.6724,0.0,False,True,open_interest_missing,
1502,1701501900000,39949.7,False,SHORT,0.14,NEUTRAL,0.266703,0.5,0.5,NONE,4.0,CHOPPY,CHOPPY,trend,0.5143,0.000215,-0.769231,-0.640667,-0.640667,1.4,-1.0,2.4864,0.7896,0.0,True,True,open_interest_missing,
1503,1701501960000,39934.7,False,SHORT,0.16,NEUTRAL,0.264692,0.5,0.5,NONE,6.0,RANGING,RANGING,trend,0.5143,0.000353,0.944444,-0.319444,-0.319444,1.6,-1.0,5.2978,0.8755,0.0,True,True,open_interest_missing,
1504,1701502080000,39934.7,False,HOLD,0.16,NEUTRAL,0.263285,0.5,0.5,NONE,5.0,RANGING,RANGING,trend,0.5143,0.0003,0.916084,-0.329371,-0.329371,1.6,0.0,4.3978,0.8755,0.0,True,True,open_interest_missing,
1505,1701502140000,39934.7,False,HOLD,0.16,NEUTRAL,0.262299,0.5,0.5,NONE,5.0,CHOPPY,CHOPPY,trend,0.5143,0.000353,0.934426,-0.322951,-0.322951,1.6,0.0,4.3978,0.8755,0.0,True,True,open_interest_missing,
1506,1701502200000,39924.3,False,HOLD,0.0,NEUTRAL,0.5,0.5,0.5,NONE,0.0,CHOPPY,CHOPPY,range,0.0,0.0,0.0,0.0,0.0,0.0,0.0,0.0,0.0,0.0,False,False,run_all_engines_error,
1507,1701502380000,39934.8,False,HOLD,0.05,NEUTRAL,0.280627,0.5,0.5,NONE,4.0,CHOPPY,CHOPPY,trend,0.515,0.000255,0.0,0.65,0.65,0.5,0.0,3.9703,0.8939,0.0,True,True,open_interest_missing,
1508,1701502440000,39924.3,False,HOLD,0.0,NEUTRAL,0.5,0.5,0.5,NONE,0.0,CHOPPY,CHOPPY,range,0.0,0.0,0.0,0.0,0.0,0.0,0.0,0.0,0.0,0.0,False,False,run_all_engines_error,
1509,1701502500000,39922.9,False,HOLD,0.0,NEUTRAL,0.5,0.5,0.5,NONE,0.0,CHOPPY,CHOPPY,range,0.0,0.0,0.0,0.0,0.0,0.0,0.0,0.0,0.0,0.0,False,False,run_all_engines_error,
1510,1701502680000,39922.9,False,HOLD,0.0,NEUTRAL,0.5,0.5,0.5,NONE,0.0,CHOPPY,CHOPPY,range,0.0,0.0,0.0,0.0,0.0,0.0,0.0,0.0,0.0,0.0,False,False,run_all_engines_error,
1511,1701502800000,39922.9,False,HOLD,0.0,NEUTRAL,0.5,0.5,0.5,NONE,0.0,CHOPPY,CHOPPY,range,0.0,0.0,0.0,0.0,0.0,0.0,0.0,0.0,0.0,0.0,False,False,run_all_engines_error,
1512,1701502980000,39928.7,False,HOLD,0.07,NEUTRAL,0.268149,0.5,0.5,NONE,5.0,COMPRESSION,COMPRESSION,trend,0.515,0.000143,0.841427,0.9445,0.9445,0.7,0.0,4.2687,0.8693,0.0,True,True,open_interest_missing,
1513,1701503040000,39923.0,False,HOLD,0.07,NEUTRAL,0.265704,0.5,0.5,NONE,5.0,CHOPPY,CHOPPY,trend,0.515,0.000143,0.843254,0.917087,0.917087,0.7,0.0,4.1943,0.8851,0.0,True,True,open_interest_missing,
1514,1701503100000,39923.0,False,HOLD,0.16,NEUTRAL,0.263993,0.5,0.5,NONE,4.0,CHOPPY,CHOPPY,manipulation,0.9881,0.000311,0.925234,-0.326168,-0.326168,1.6,0.0,3.1182,0.6746,0.0,False,True,open_interest_missing,
1515,1701503220000,39942.8,False,LONG,0.23,NEUTRAL,0.282295,0.5,0.5,NONE,4.0,CHOPPY,CHOPPY,manipulation,0.9881,0.000308,-0.944444,0.319444,0.319444,2.3,1.0,3.1275,0.7451,0.0,False,True,open_interest_missing,
1516,1701503400000,39933.5,False,HOLD,0.11,NEUTRAL,0.295107,0.5,0.5,NONE,4.0,CHOPPY,CHOPPY,manipulation,0.9881,0.00017,0.333333,-0.533333,-0.533333,1.1,0.0,3.0661,0.6377,0.0,False,True,open_interest_missing,
1517,1701503460000,39923.6,False,HOLD,0.07,NEUTRAL,0.304075,0.5,0.5,NONE,4.0,CHOPPY,CHOPPY,manipulation,0.9881,0.000293,-0.478261,-0.817391,-0.817391,0.7,0.0,4.0558,0.6728,0.0,False,True,open_interest_missing,
1518,1701503520000,39948.3,False,LONG,0.14,NEUTRAL,0.290852,0.5,0.5,NONE,4.0,CHOPPY,CHOPPY,manipulation,0.9881,0.000473,0.96,0.986,0.986,1.4,1.0,3.1122,0.745,0.0,False,True,open_interest_missing,
1519,1701503580000,39948.3,False,HOLD,0.07,NEUTRAL,0.281597,0.5,0.5,NONE,4.0,CHOPPY,CHOPPY,manipulation,0.9881,0.000463,0.997963,0.999287,0.999287,0.7,0.0,3.1259,0.7452,0.0,False,True,open_interest_missing,
1520,1701503700000,39936.3,False,HOLD,0.16,NEUTRAL,0.275118,0.5,0.5,NONE,4.0,CHOPPY,CHOPPY,manipulation,0.9881,0.0003,0.997963,-0.300713,-0.300713,1.6,0.0,4.2503,0.6742,0.0,False,True,open_interest_missing,
1521,1701503820000,39920.1,False,HOLD,0.0,NEUTRAL,0.5,0.5,0.5,NONE,0.0,CHOPPY,CHOPPY,range,0.0,0.0,0.0,0.0,0.0,0.0,0.0,0.0,0.0,0.0,False,False,run_all_engines_error,
1522,1701503880000,39914.6,False,HOLD,0.0,NEUTRAL,0.5,0.5,0.5,NONE,0.0,CHOPPY,CHOPPY,range,0.0,0.0,0.0,0.0,0.0,0.0,0.0,0.0,0.0,0.0,False,False,run_all_engines_error,
1523,1701503940000,39922.0,False,HOLD,0.07,NEUTRAL,0.278835,0.5,0.5,NONE,4.0,CHOPPY,CHOPPY,manipulation,0.9881,0.00021,0.153846,0.680211,0.680211,0.7,0.0,3.8876,0.7236,0.0,False,True,open_interest_missing,
1524,1701504000000,39914.6,False,HOLD,0.0,NEUTRAL,0.5,0.5,0.5,NONE,0.0,CHOPPY,CHOPPY,range,0.0,0.0,0.0,0.0,0.0,0.0,0.0,0.0,0.0,0.0,False,False,run_all_engines_error,
1525,1701504180000,39912.4,False,HOLD,0.0,NEUTRAL,0.5,0.5,0.5,NONE,0.0,CHOPPY,CHOPPY,range,0.0,0.0,0.0,0.0,0.0,0.0,0.0,0.0,0.0,0.0,False,False,run_all_engines_error,
1526,1701504240000,39931.5,False,LONG,0.14,NEUTRAL,0.289666,0.5,0.5,NONE,4.0,CHOPPY,CHOPPY,manipulation,0.883,5.8e-05,0.951681,0.983088,0.983088,1.4,1.0,3.0862,0.7386,0.0,False,True,open_interest_missing,
1527,1701504300000,39923.2,False,HOLD,0.11,NEUTRAL,0.280766,0.5,0.5,NONE,5.0,CHOPPY,CHOPPY,manipulation,0.883,0.000473,0.852941,-0.351471,-0.351471,1.1,0.0,4.2315,0.6745,0.0,False,True,open_interest_missing,
1528,1701504360000,39923.2,False,HOLD,0.07,NEUTRAL,0.274536,0.5,0.5,NONE,3.0,CHOPPY,CHOPPY,manipulation,0.883,0.000208,0.989282,0.222569,0.222569,0.7,0.0,2.9275,0.4746,0.0,False,True,open_interest_missing,
1529,1701504420000,39948.3,False,LONG,0.14,NEUTRAL,0.270175,0.5,0.5,NONE,5.0,CHOPPY,CHOPPY,manipulation,0.883,0.000536,0.993392,0.997687,0.997687,1.4,1.0,4.2248,0.7467,0.0,False,True,open_interest_missing,
1530,1701504480000,39931.5,False,HOLD,0.11,NEUTRAL,0.286623,0.5,0.5,NONE,4.0,CHOPPY,CHOPPY,manipulation,0.883,0.000531,0.2,-0.58,-0.58,1.1,0.0,2.9956,0.6655,0.0,False,True,open_interest_missing,
1531,1701504600000,39931.5,False,HOLD,0.07,NEUTRAL,0.298136,0.5,0.5,NONE,4.0,CHOPPY,CHOPPY,manipulation,0.883,0.000328,-0.666667,-0.883333,-0.883333,0.7,0.0,2.9836,0.6649,0.0,False,True,open_interest_missing,
1532,1701504660000,39923.2,False,HOLD,0.02,NEUTRAL,0.306195,0.5,0.5,NONE,4.0,CHOPPY,CHOPPY,manipulation,0.883,0.000301,-0.555556,-0.115057,-0.115057,0.2,0.0,2.9091,0.5496,0.0,False,True,open_interest_missing,
1533,1701504720000,39890.5,False,HOLD,0.0,NEUTRAL,0.5,0.5,0.5,NONE,0.0,CHOPPY,CHOPPY,range,0.0,0.0,0.0,0.0,0.0,0.0,0.0,0.0,0.0,0.0,False,False,run_all_engines_error,
1534,1701504780000,39897.8,False,HOLD,0.16,NEUTRAL,0.296286,0.5,0.5,NONE,5.0,CHOPPY,CHOPPY,manipulation,0.883,0.000619,0.971429,-0.31,-0.31,1.6,0.0,4.2164,0.6621,0.0,False,True,open_interest_missing,
1535,1701504900000,39885.5,False,HOLD,0.0,NEUTRAL,0.5,0.5,0.5,NONE,0.0,CHOPPY,CHOPPY,range,0.0,0.0,0.0,0.0,0.0,0.0,0.0,0.0,0.0,0.0,False,False,run_all_engines_error,
1536,1701504960000,39885.5,False,HOLD,0.0,NEUTRAL,0.5,0.5,0.5,NONE,0.0,CHOPPY,CHOPPY,range,0.0,0.0,0.0,0.0,0.0,0.0,0.0,0.0,0.0,0.0,False,False,run_all_engines_error,
1537,1701505020000,39885.5,False,HOLD,0.0,NEUTRAL,0.5,0.5,0.5,NONE,0.0,CHOPPY,CHOPPY,range,0.0,0.0,0.0,0.0,0.0,0.0,0.0,0.0,0.0,0.0,False,False,run_all_engines_error,
1538,1701505080000,39883.5,False,HOLD,0.0,NEUTRAL,0.5,0.5,0.5,NONE,0.0,CHOPPY,CHOPPY,range,0.0,0.0,0.0,0.0,0.0,0.0,0.0,0.0,0.0,0.0,False,False,run_all_engines_error,
1539,1701505200000,39871.7,False,SHORT,0.41,NEUTRAL,0.275654,0.5,0.5,NONE,3.0,COMPRESSION,COMPRESSION,manipulation,0.8419,5e-05,0.72549,0.11433,0.11433,4.1,-1.0,3.0647,0.5819,0.0,True,True,open_interest_missing,
1540,1701505260000,39882.8,False,LONG,0.19,NEUTRAL,0.270958,0.5,0.5,NONE,4.0,COMPRESSION,COMPRESSION,manipulation,0.8419,0.000148,-0.987654,-0.500329,-0.500329,1.9,1.0,4.1252,0.5371,0.0,True,True,open_interest_missing,
1541,1701505320000,39862.3,False,HOLD,0.07,NEUTRAL,0.28717,0.5,0.5,NONE,4.0,COMPRESSION,COMPRESSION,manipulation,0.8419,0.000299,0.789474,0.926316,0.926316,0.7,0.0,4.1883,0.7973,0.0,True,True,open_interest_missing,
1542,1701505380000,39882.6,False,HOLD,0.07,NEUTRAL,0.279019,0.5,0.5,NONE,4.0,COMPRESSION,COMPRESSION,manipulation,0.8419,0.000115,0.777778,0.922222,0.922222,0.7,0.0,4.1994,0.7681,0.0,True,True,open_interest_missing,
1543,1701505440000,39871.1,False,HOLD,0.11,NEUTRAL,0.292814,0.5,0.5,NONE,4.0,COMPRESSION,COMPRESSION,manipulation,0.8419,0.000298,0.368421,-0.521053,-0.521053,1.1,0.0,4.2234,0.7076,0.0,True,True,open_interest_missing,
1544,1701505560000,39897.5,False,LONG,0.14,NEUTRAL,0.28297,0.5,0.5,NONE,4.0,COMPRESSION,COMPRESSION,manipulation,0.8419,0.000246,0.997852,0.999248,0.999248,1.4,1.0,3.0823,0.7326,0.0,False,True,open_interest_missing,
1545,1701505620000,39887.4,False,HOLD,0.07,NEUTRAL,0.276079,0.5,0.5,NONE,4.0,COMPRESSION,COMPRESSION,manipulation,0.8419,0.000524,0.965726,0.988004,0.988004,0.7,0.0,3.063,0.7473,0.0,False,True,open_interest_missing,
1546,1701505800000,39887.4,False,HOLD,0.07,NEUTRAL,0.271255,0.5,0.5,NONE,4.0,COMPRESSION,COMPRESSION,trend,0.5022,6.3e-05,0.914894,0.970213,0.970213,0.7,0.0,3.1308,0.8588,0.0,True,True,open_interest_missing,
1547,1701505860000,39913.5,False,LONG,0.36,NEUTRAL,0.287379,0.5,0.5,NONE,4.0,COMPRESSION,COMPRESSION,trend,0.5022,0.000218,-0.428571,0.5,0.5,3.6,1.0,3.1354,0.86,0.0,True,True,open_interest_missing,
1548,1701506100000,39910.4,False,HOLD,0.07,NEUTRAL,0.298665,0.5,0.5,NONE,4.0,COMPRESSION,COMPRESSION,trend,0.5022,9.3e-05,-0.333333,-0.766667,-0.766667,0.7,0.0,2.8315,0.6931,0.0,True,True,open_interest_missing,
1549,1701506160000,39911.1,False,HOLD,0.11,NEUTRAL,0.306566,0.5,0.5,NONE,4.0,COMPRESSION,COMPRESSION,trend,0.5022,0.000241,-0.625,0.43125,0.43125,1.1,0.0,3.072,0.7779,0.0,True,True,open_interest_missing,
1550,1701506220000,39897.7,False,HOLD,0.07,NEUTRAL,0.312096,0.5,0.5,NONE,4.0,COMPRESSION,COMPRESSION,trend,0.5022,0.000338,-0.833333,-0.941667,-0.941667,0.7,0.0,3.0113,0.7136,0.0,True,True,open_interest_missing,
1551,1701506340000,39918.1,False,LONG,0.14,NEUTRAL,0.296467,0.5,0.5,NONE,5.0,COMPRESSION,COMPRESSION,trend,0.5022,0.000338,0.989293,0.996253,0.996253,1.4,1.0,4.1948,0.7888,0.0,True,True,open_interest_missing,
1552,1701506400000,39925.4,False,LONG,0.36,NEUTRAL,0.305027,0.5,0.5,NONE,5.0,COMPRESSION,COMPRESSION,trend,0.5022,0.000193,-0.428571,0.5,0.5,3.6,1.0,4.2749,0.8779,0.0,True,True,open_interest_missing,
1553,1701506460000,39925.4,False,HOLD,0.07,NEUTRAL,0.311019,0.5,0.5,NONE,5.0,RANGING,RANGING,trend,0.5022,2.8e-05,0.818182,0.936364,0.936364,0.7,0.0,4.2352,0.8779,0.0,True,True,open_interest_missing,
1554,1701506520000,39924.3,False,HOLD,0.16,NEUTRAL,0.315213,0.5,0.5,NONE,5.0,COMPRESSION,COMPRESSION,trend,0.5022,2.8e-05,0.875,-0.34375,-0.34375,1.6,0.0,4.2998,0.8016,0.0,True,True,open_interest_missing,
1555,1701506640000,39930.4,False,LONG,0.14,NEUTRAL,0.318149,0.5,0.5,NONE,4.0,COMPRESSION,COMPRESSION,trend,0.5022,0.000376,0.333333,0.766667,0.766667,1.4,1.0,4.0644,0.8685,0.0,True,True,open_interest_missing,
1556,1701506700000,39930.4,False,HOLD,0.16,NEUTRAL,0.320204,0.5,0.5,NONE,5.0,COMPRESSION,COMPRESSION,trend,0.5032,0.000501,-0.777778,0.377778,0.377778,1.6,0.0,4.1508,0.7389,0.0,False,True,open_interest_missing,
1557,1701506760000,39915.4,False,SHORT,0.14,NEUTRAL,0.321643,0.5,0.5,NONE,4.0,COMPRESSION,COMPRESSION,trend,0.5032,0.000501,-0.5,-0.825,-0.825,1.4,-1.0,2.8486,0.6699,0.0,False,True,open_interest_missing,
1558,1701506940000,39930.3,False,HOLD,0.16,NEUTRAL,0.32265,0.5,0.5,NONE,5.0,COMPRESSION,COMPRESSION,trend,0.5032,0.000498,-0.8,0.37,0.37,1.6,0.0,4.1507,0.7385,0.0,False,True,open_interest_missing,
1559,1701507000000,39910.4,False,SHORT,0.14,NEUTRAL,0.323355,0.5,0.5,NONE,3.0,CHOPPY,CHOPPY,trend,0.5032,0.000498,-0.789474,-0.601194,-0.601194,1.4,-1.0,2.1288,0.5616,0.0,False,True,open_interest_missing,
