agg_trade_id,price,quantity,first_trade_id,last_trade_id,transact_time,is_buyer_maker
1860983,68859.0,0.006,2717453,2717454,1774569603838,true
1860984,68857.5,0.024,2717455,2717455,1774569603838,true
1860985,68863.9,0.001,2717456,2717456,1774569605417,false
1860986,68863.8,0.001,2717457,2717457,1774569613224,false
1860987,68807.3,0.02,2717458,2717458,1774569639958,true
1860988,68797.5,0.001,2717459,2717459,1774569639965,true
1860989,68790.0,0.001,2717460,2717460,1774569639965,true
1860990,68801.8,0.168,2717461,2717461,1774569640154,false
1860991,68778.0,0.004,2717462,2717462,1774569643624,true
1860992,68776.2,0.001,2717463,2717463,1774569643628,true
1860993,68769.6,0.008,2717464,2717465,1774569643628,true
1860994,68769.3,0.001,2717466,2717466,1774569643631,true
1860995,68762.4,0.001,2717467,2717467,1774569643644,true
1860996,68769.7,0.004,2717468,2717468,1774569643685,true
1860997,68783.1,0.001,2717469,2717469,1774569647146,true
1860998,68779.9,0.023,2717470,2717475,1774569647146,true
1860999,68769.3,0.001,2717476,2717476,1774569659361,true
1861000,68760.0,0.011,2717477,2717479,1774569659365,true
1861001,68750.0,0.001,2717480,2717480,1774569659368,true
1861002,68739.0,0.001,2717481,2717481,1774569659368,true
1861003,68734.8,0.001,2717482,2717482,1774569659368,true
1861004,68722.4,0.014,2717483,2717484,1774569659375,true
1861005,68721.0,0.001,2717485,2717485,1774569659376,true
1861006,68718.2,0.004,2717486,2717486,1774569659394,true
1861007,68724.3,0.004,2717487,2717487,1774569659435,false
1861008,68787.1,0.002,2717488,2717489,1774569660718,true
1861009,68776.2,0.001,2717490,2717490,1774569661122,true
1861010,68767.4,0.001,2717491,2717491,1774569681653,true
1861011,68785.5,0.001,2717492,2717492,1774569701193,true
1861012,68787.9,0.015,2717493,2717493,1774569757565,false
1861013,68794.8,0.016,2717494,2717494,1774569757804,false
1861014,68798.1,0.005,2717495,2717495,1774569767635,false
1861015,68801.7,0.005,2717496,2717496,1774569767635,false
1861016,68801.8,0.005,2717497,2717497,1774569767635,false
1861017,68815.5,0.031,2717498,2717498,1774569769437,false
1861018,68797.0,0.087,2717499,2717499,1774569796784,false
1861019,68797.0,0.07,2717500,2717500,1774569811496,false
1861020,68803.5,0.07,2717501,2717503,1774569812646,false
1861021,68797.0,0.04,2717504,2717506,1774569814066,false
1861022,68798.7,0.07,2717507,2717507,1774569814643,false
1861023,68801.0,0.07,2717508,2717508,1774569814842,false
1861024,68804.1,0.001,2717509,2717509,1774569818321,false
1861025,68804.2,0.07,2717510,2717510,1774569818321,false
1861026,68805.4,0.07,2717511,2717511,1774569819364,false
1861027,68806.7,0.07,2717512,2717512,1774569820654,false
1861028,68806.8,0.07,2717513,2717513,1774569821299,false
1861029,68809.1,0.07,2717514,2717514,1774569824723,false
1861030,68821.4,0.001,2717515,2717515,1774569826053,false
1861031,68821.5,0.07,2717516,2717516,1774569826053,false
1861032,68820.2,0.001,2717517,2717517,1774569832550,false
1861033,68820.3,0.07,2717518,2717518,1774569832550,false
1861034,68828.4,0.07,2717519,2717519,1774569834049,false
1861035,68828.5,0.002,2717520,2717520,1774569835168,false
1861036,68824.6,0.07,2717521,2717521,1774569843018,false
1861037,68831.3,0.002,2717522,2717522,1774569849395,false
1861038,68831.4,0.07,2717523,2717523,1774569849395,false
1861039,68846.3,0.07,2717524,2717524,1774569851336,false
1861040,68824.6,0.341,2717525,2717525,1774569869101,true
1861041,68810.7,0.001,2717526,2717526,1774569879237,true
1861042,68807.4,0.001,2717527,2717527,1774569879237,true
1861043,68804.7,0.003,2717528,2717528,1774569879237,true
1861044,68827.7,0.003,2717529,2717529,1774569896502,true
1861045,68836.3,0.001,2717530,2717530,1774569940896,false
1861046,68863.0,0.07,2717531,2717532,1774569986052,true
1861047,68879.0,0.057,2717533,2717533,1774569998517,true
1861048,68900.3,0.004,2717534,2717534,1774570120515,false
1861049,68950.8,0.001,2717535,2717535,1774570139316,false
1861050,68973.8,0.001,2717536,2717536,1774570188925,false
1861051,68975.5,0.001,2717537,2717537,1774570259824,false
1861052,68993.3,0.07,2717538,2717538,1774570273498,true
1861053,68985.2,0.016,2717539,2717540,1774570273498,true
1861054,69001.8,0.07,2717541,2717541,1774570276221,true
1861055,69001.9,0.001,2717542,2717542,1774570276224,false
1861056,68974.0,0.07,2717543,2717543,1774570294242,true
1861057,68969.4,0.001,2717544,2717544,1774570294242,true
1861058,68963.9,0.005,2717545,2717545,1774570294242,true
1861059,68963.8,0.019,2717546,2717547,1774570294242,true
1861060,68963.6,0.015,2717548,2717548,1774570294242,true
1861061,68962.5,0.001,2717549,2717549,1774570294242,true
1861062,68955.6,0.001,2717550,2717550,1774570294242,true
1861063,68954.9,0.003,2717551,2717551,1774570294242,true
1861064,68985.2,0.07,2717552,2717552,1774570321046,true
1861065,68984.5,0.002,2717553,2717554,1774570321046,true
1861066,68985.5,0.07,2717555,2717555,1774570333443,true
1861067,68962.5,0.001,2717556,2717556,1774570333451,true
1861068,68955.6,0.001,2717557,2717557,1774570333451,true
1861069,68949.0,0.013,2717558,2717558,1774570333454,true
1861070,68946.8,0.034,2717559,2717559,1774570336268,true
1861071,68935.0,0.01,2717560,2717560,1774570336273,true
1861072,68929.1,0.018,2717561,2717561,1774570336273,true
1861073,68919.9,0.012,2717562,2717564,1774570336278,true
1861074,68907.3,0.001,2717565,2717565,1774570336282,true
1861075,68900.4,0.001,2717566,2717566,1774570336282,true
1861076,68897.6,0.058,2717567,2717581,1774570336282,true
1861077,68893.5,0.001,2717582,2717582,1774570336308,true
1861078,68892.1,0.004,2717583,2717583,1774570336336,false
1861079,68923.8,0.013,2717584,2717584,1774570338569,false
1861080,68936.7,0.047,2717585,2717586,1774570346088,true
1861081,68935.0,0.01,2717587,2717587,1774570346088,true
1861082,68932.8,0.051,2717588,2717588,1774570346088,true
1861083,68946.6,0.004,2717589,2717589,1774570354097,false
1861084,68946.6,0.034,2717590,2717590,1774570362668,false
1861085,68959.2,0.048,2717591,2717593,1774570369878,false
1861086,68960.4,0.005,2717594,2717594,1774570369878,false
1861087,68960.5,0.005,2717595,2717595,1774570369878,false
1861088,68950.5,0.001,2717596,2717596,1774570380551,false
1861089,68948.7,0.005,2717597,2717597,1774570392477,true
1861090,68944.8,0.015,2717598,2717598,1774570392477,true
1861091,68930.8,0.07,2717599,2717599,1774570399813,false
1861092,68937.6,0.07,2717600,2717600,1774570410792,false
1861093,68938.7,0.001,2717601,2717601,1774570410792,false
1861094,68950.9,0.005,2717602,2717602,1774570428036,false
1861095,68952.1,0.02,2717603,2717604,1774570428037,false
1861096,68952.2,0.005,2717605,2717605,1774570428037,false
1861097,68954.8,0.005,2717606,2717606,1774570429624,false
1861098,68949.6,0.07,2717608,2717608,1774570496321,false
1861099,68953.4,0.001,2717609,2717609,1774570496321,false
1861100,68957.9,0.217,2717610,2717610,1774570496321,false
1861101,68963.4,0.001,2717611,2717611,1774570501659,true
1861102,68938.4,0.031,2717612,2717612,1774570519547,true
1861103,68938.4,0.001,2717613,2717613,1774570526748,false
1861104,68939.1,0.007,2717614,2717614,1774570526748,false
1861105,68935.0,0.004,2717615,2717615,1774570534373,true
1861106,68946.1,0.07,2717616,2717616,1774570560395,true
1861107,68937.8,0.07,2717617,2717617,1774570586913,true
1861108,68987.5,0.07,2717618,2717618,1774570712962,true
1861109,68981.1,0.015,2717619,2717619,1774570712962,true
1861110,68976.4,0.005,2717620,2717620,1774570712962,true
1861111,68976.3,0.006,2717621,2717622,1774570712962,true
1861112,68976.1,0.005,2717623,2717623,1774570712962,true
1861113,68976.0,0.014,2717624,2717624,1774570712962,true
1861114,68960.1,0.01,2717625,2717625,1774570743841,true
1861115,68948.7,0.001,2717626,2717626,1774570766005,true
1861116,68948.2,0.07,2717627,2717627,1774570766005,true
1861117,68944.2,0.001,2717628,2717628,1774570766005,true
1861118,68941.9,0.005,2717629,2717629,1774570766005,true
1861119,68941.8,0.006,2717630,2717631,1774570766005,true
1861120,68960.0,0.001,2717632,2717632,1774570786884,true
1861121,68935.5,0.003,2717633,2717633,1774570787305,false
1861122,68921.2,0.034,2717634,2717634,1774570938422,true
1861123,68920.3,0.012,2717635,2717635,1774570946867,true
1861124,68886.6,0.005,2717636,2717636,1774570952864,true
1861125,68852.1,0.001,2717637,2717637,1774570965922,true
1861126,68785.0,0.001,2717638,2717638,1774570975160,true
1861127,68786.7,0.001,2717639,2717639,1774570981183,true
1861128,68779.7,0.01,2717640,2717640,1774571037659,false
1861129,68825.0,0.007,2717641,2717641,1774571241557,false
1861130,68767.3,0.001,2717642,2717642,1774571668732,false
1861131,68774.2,0.001,2717643,2717643,1774571685684,false
1861132,68691.5,0.001,2717644,2717644,1774571751113,true
1861133,68686.0,0.01,2717645,2717645,1774571755177,true
1861134,68683.2,0.035,2717646,2717646,1774571805033,false
1861135,68669.4,0.004,2717647,2717647,1774571807822,true
1861136,68660.7,0.001,2717648,2717648,1774571821501,true
1861137,68619.9,0.001,2717649,2717649,1774571863085,true
1861138,68611.6,0.005,2717650,2717650,1774571864518,true
1861139,68611.6,0.005,2717651,2717651,1774571864655,true
1861140,68600.0,0.008,2717652,2717654,1774571868726,true
1861141,68583.0,0.001,2717655,2717655,1774571868733,true
1861142,68576.1,0.001,2717656,2717656,1774571868734,true
1861143,68568.3,0.001,2717657,2717657,1774571868746,true
1861144,68568.0,0.001,2717658,2717658,1774571868746,true
1861145,68557.5,0.002,2717659,2717659,1774571868746,true
1861146,68555.4,0.001,2717660,2717660,1774571868761,true
1861147,68560.8,0.014,2717661,2717662,1774571871062,true
1861148,68560.7,0.014,2717663,2717663,1774571871062,true
1861149,68566.0,0.001,2717664,2717664,1774571881821,true
1861150,68622.4,0.001,2717665,2717665,1774571947754,false
1861151,68629.3,0.013,2717666,2717667,1774571947754,false
1861152,68631.8,0.002,2717668,2717668,1774572018210,true
1861153,68632.0,0.001,2717669,2717669,1774572027107,true
1861154,68687.2,0.005,2717670,2717671,1774572038867,false
1861155,68687.9,0.005,2717672,2717672,1774572038868,false
1861156,68688.4,0.005,2717673,2717673,1774572038868,false
1861157,68714.1,0.001,2717674,2717674,1774572040793,true
1861158,68753.5,0.001,2717675,2717675,1774572041308,false
1861159,68760.4,0.001,2717676,2717676,1774572041312,false
1861160,68764.5,0.001,2717677,2717677,1774572041312,false
1861161,68767.4,0.001,2717678,2717678,1774572080660,true
1861162,68786.8,0.07,2717679,2717679,1774572190664,true
1861163,68771.1,0.007,2717680,2717680,1774572194694,true
1861164,68737.3,0.035,2717681,2717681,1774572247278,true
1861165,68719.6,0.001,2717682,2717682,1774572263714,true
1861166,68739.7,0.001,2717683,2717683,1774572287165,false
1861167,68705.4,0.001,2717684,2717684,1774572300576,false
1861168,68707.2,0.005,2717685,2717685,1774572328921,true
1861169,68644.0,0.001,2717686,2717686,1774572361334,true
1861170,68668.7,0.018,2717687,2717687,1774572384560,false
1861171,68670.7,0.003,2717688,2717689,1774572600564,false
1861172,68680.6,0.07,2717690,2717690,1774572609050,false
1861173,68685.8,0.021,2717691,2717691,1774572609050,false
1861174,68675.5,0.001,2717692,2717692,1774572655564,false
1861175,68696.3,0.001,2717693,2717693,1774572733994,true
1861176,68724.7,0.059,2717694,2717695,1774572766551,false
1861177,68725.2,0.005,2717696,2717696,1774572766551,false
1861178,68725.3,0.005,2717697,2717697,1774572766551,false
1861179,68725.4,0.005,2717698,2717698,1774572766551,false
1861180,68739.4,0.012,2717699,2717699,1774572775121,false
1861181,68748.7,0.07,2717700,2717700,1774572781742,false
1861182,68761.2,0.009,2717701,2717702,1774572782970,false
1861183,68764.2,0.002,2717703,2717704,1774572785453,false
1861184,68768.2,0.005,2717705,2717705,1774572787008,false
1861185,68772.2,0.07,2717706,2717706,1774572787008,false
1861186,68773.7,0.002,2717707,2717707,1774572798258,false
1861187,68763.3,0.005,2717708,2717708,1774572827734,true
1861188,68763.1,0.005,2717709,2717709,1774572827734,true
1861189,68762.9,0.005,2717710,2717710,1774572827734,true
1861190,68793.2,0.07,2717711,2717711,1774572981728,true
1861191,68846.4,0.07,2717712,2717712,1774573256410,true
1861192,68844.9,0.001,2717713,2717713,1774573258202,false
1861193,68837.9,0.001,2717714,2717714,1774573261057,true
1861194,68848.9,0.001,2717715,2717715,1774573265424,false
1861195,68851.6,0.001,2717716,2717716,1774573267920,true
1861196,68805.5,0.014,2717717,2717717,1774573299668,true
1861197,68840.8,0.003,2717718,2717718,1774573329661,false
1861198,68840.8,0.001,2717719,2717719,1774573330175,false
1861199,68822.4,0.005,2717720,2717720,1774573427217,false
1861200,68827.6,0.005,2717721,2717721,1774573488792,false
1861201,68833.9,0.07,2717722,2717722,1774573492181,true
1861202,68812.8,0.217,2717723,2717723,1774573494448,true
1861203,68807.2,0.035,2717724,2717724,1774573494448,true
1861204,68805.2,0.001,2717725,2717725,1774573498065,true
1861205,68805.1,0.005,2717726,2717726,1774573498065,true
1861206,68803.9,0.001,2717727,2717727,1774573501289,true
1861207,68803.9,0.004,2717728,2717728,1774573555391,true
1861208,68803.8,0.005,2717729,2717729,1774573555391,true
1861209,68781.0,0.001,2717730,2717730,1774573572849,true
1861210,68780.2,0.07,2717731,2717731,1774573572849,true
1861211,68773.3,0.006,2717732,2717732,1774573572849,true
1861212,68758.5,0.07,2717733,2717733,1774573687328,true
1861213,68725.9,0.07,2717734,2717734,1774573720953,true
1861214,68746.6,0.001,2717735,2717735,1774573751277,false
1861215,68759.8,0.07,2717736,2717736,1774573766172,false
1861216,68843.1,0.005,2717737,2717737,1774573800334,false
1861217,68826.2,0.001,2717738,2717738,1774573801095,true
1861218,68843.1,0.009,2717739,2717739,1774573806650,true
1861219,68879.2,0.07,2717740,2717740,1774573836379,true
1861220,68900.3,0.001,2717741,2717741,1774573839740,false
1861221,68886.6,0.031,2717742,2717742,1774573862069,false
1861222,68883.2,0.001,2717743,2717743,1774573921347,false
1861223,68896.8,0.005,2717744,2717744,1774573990317,false
1861224,68897.4,0.005,2717745,2717745,1774573990317,false
1861225,68900.3,0.003,2717746,2717746,1774573990317,false
1861226,68893.6,0.026,2717747,2717747,1774574009791,false
1861227,68886.6,0.005,2717748,2717748,1774574049686,true
1861228,68884.5,0.005,2717749,2717749,1774574049686,true
1861229,68882.1,0.005,2717750,2717750,1774574050760,true
1861230,68910.5,0.003,2717751,2717751,1774574219580,true
1861231,68953.3,0.003,2717752,2717752,1774574259184,false
1861232,68904.5,0.217,2717753,2717753,1774574317482,true
1861233,68890.3,0.002,2717754,2717755,1774574395141,false
1861234,68872.0,0.07,2717756,2717756,1774574513781,true
1861235,68860.1,0.005,2717757,2717757,1774574513793,true
1861236,68859.1,0.005,2717758,2717758,1774574513793,true
1861237,68877.6,0.036,2717759,2717760,1774574533575,false
1861238,68877.7,0.005,2717761,2717761,1774574533575,false
1861239,68881.9,0.001,2717762,2717762,1774574536858,false
1861240,68881.9,0.002,2717763,2717763,1774574537210,false
1861241,68881.9,0.002,2717764,2717764,1774574538680,false
1861242,68908.3,0.001,2717765,2717765,1774574543652,false
1861243,68974.2,0.002,2717766,2717766,1774574733164,false
1861244,68962.9,0.034,2717767,2717767,1774574754705,true
1861245,68955.7,0.001,2717768,2717768,1774574755884,true
1861246,68949.6,0.035,2717769,2717769,1774574886133,true
1861247,68949.1,0.005,2717770,2717770,1774574886133,true
1861248,68948.8,0.005,2717771,2717771,1774574886133,true
1861249,68948.7,0.005,2717772,2717772,1774574886133,true
1861250,68944.5,0.001,2717773,2717773,1774575022337,false
1861251,68947.0,0.001,2717774,2717774,1774575121187,true
1861252,68929.7,0.001,2717775,2717775,1774575214856,false
1861253,68934.9,0.001,2717776,2717776,1774575241812,true
1861254,68908.7,0.01,2717777,2717777,1774575326500,false
1861255,68908.8,0.04,2717778,2717778,1774575326500,false
1861256,68902.8,0.009,2717779,2717779,1774575350974,false
1861257,68916.5,0.04,2717780,2717781,1774575408562,false
1861258,68918.2,0.005,2717782,2717782,1774575408562,false
1861259,68918.8,0.005,2717783,2717783,1774575408562,false
1861260,68903.3,0.01,2717784,2717784,1774575428050,true
1861261,68903.2,0.007,2717785,2717785,1774575428050,true
1861262,68906.8,0.009,2717786,2717786,1774575447716,true
1861263,68909.2,0.029,2717787,2717787,1774575469622,false
1861264,68900.8,0.011,2717788,2717788,1774575472746,true
1861265,68919.1,0.001,2717789,2717789,1774575552218,false
1861266,68919.9,0.001,2717790,2717790,1774575552218,false
1861267,68920.4,0.001,2717791,2717791,1774575552218,false
1861268,68920.8,0.01,2717792,2717792,1774575552218,false
1861269,68920.9,0.07,2717793,2717793,1774575552218,false
1861270,68926.0,0.001,2717794,2717794,1774575552218,false
1861271,68928.7,0.032,2717795,2717795,1774575552218,false
1861272,68928.8,0.076,2717796,2717796,1774575552218,false
1861273,68893.5,0.001,2717797,2717797,1774575600509,true
1861274,68904.2,0.006,2717798,2717798,1774575660547,true
1861275,68879.7,0.001,2717799,2717799,1774575720494,true
1861276,68920.3,0.011,2717800,2717800,1774575849740,false
1861277,68920.8,0.011,2717801,2717801,1774575849740,false
1861278,68920.9,0.008,2717802,2717802,1774575849740,false
1861279,68937.1,0.005,2717803,2717803,1774575929207,false
1861280,68937.2,0.005,2717804,2717804,1774575929207,false
1861281,68928.0,0.001,2717805,2717805,1774575939142,true
1861282,68921.8,0.005,2717806,2717806,1774575964091,true
1861283,68921.5,0.04,2717807,2717808,1774575964091,true
1861284,68921.4,0.005,2717809,2717809,1774575964091,true
1861285,68900.4,0.001,2717810,2717810,1774576002070,true
1861286,68903.7,0.01,2717811,2717811,1774576019651,true
1861287,68903.6,0.06,2717812,2717812,1774576019651,true
1861288,68915.7,0.006,2717813,2717813,1774576020483,true
1861289,68935.6,0.01,2717814,2717814,1774576112381,true
1861290,68935.5,0.042,2717815,2717815,1774576112381,true
1861291,68937.7,0.005,2717816,2717816,1774576125666,false
1861292,68968.5,0.022,2717817,2717820,1774576140525,true
1861293,68975.5,0.001,2717821,2717821,1774576148409,false
1861294,68985.4,0.005,2717822,2717823,1774576200541,true
1861295,68970.1,0.014,2717824,2717824,1774576202156,true
1861296,68970.0,0.005,2717825,2717825,1774576202156,true
1861297,68969.9,0.217,2717826,2717826,1774576202169,true
1861298,68962.9,0.021,2717827,2717827,1774576202173,true
1861299,68958.9,0.428,2717828,2717828,1774576217627,false
1861300,68958.9,0.147,2717829,2717829,1774576219557,false
1861301,68988.3,0.07,2717830,2717830,1774576246154,true
1861302,68986.8,0.011,2717831,2717831,1774576246154,true
1861303,68983.2,0.001,2717832,2717832,1774576246154,true
1861304,68982.4,0.005,2717833,2717833,1774576246154,true
1861305,68981.7,0.013,2717834,2717834,1774576246154,true
1861306,68996.8,0.004,2717836,2717837,1774576320554,true
1861307,68981.6,0.001,2717838,2717838,1774576356116,true
1861308,68976.3,0.001,2717839,2717839,1774576369793,true
1861309,68956.6,0.001,2717840,2717840,1774576381242,true
1861310,68970.4,0.005,2717841,2717841,1774576451542,false
1861311,68972.3,0.005,2717842,2717842,1774576451552,false
1861312,68972.4,0.005,2717843,2717843,1774576451552,false
1861313,69015.7,0.001,2717844,2717844,1774576518113,false
1861314,69016.6,0.01,2717845,2717845,1774576518117,false
1861315,69016.7,0.07,2717846,2717846,1774576518117,false
1861316,69022.5,0.001,2717847,2717847,1774576518117,false
1861317,69022.6,0.001,2717848,2717848,1774576518117,false
1861318,69029.5,0.02,2717849,2717850,1774576518117,false
1861319,69031.6,0.051,2717851,2717851,1774576518117,false
1861320,69021.6,0.07,2717852,2717852,1774576519779,false
1861321,69053.5,0.011,2717853,2717853,1774576532398,true
1861322,69052.9,0.01,2717854,2717854,1774576545311,false
1861323,69053.0,0.033,2717855,2717855,1774576545311,false
1861324,69045.5,0.003,2717856,2717856,1774576563909,false
1861325,69050.7,0.001,2717857,2717857,1774576579339,false
1861326,69050.7,0.001,2717858,2717858,1774576580008,false
1861327,69050.7,0.001,2717859,2717859,1774576581308,false
1861328,69050.7,0.001,2717860,2717860,1774576584873,false
1861329,69050.7,0.001,2717861,2717861,1774576585023,false
1861330,69053.0,0.001,2717862,2717862,1774576592346,false
1861331,69053.0,0.001,2717863,2717863,1774576592948,false
1861332,69053.0,0.001,2717864,2717864,1774576593436,false
1861333,69053.0,0.002,2717865,2717866,1774576595422,false
1861334,69053.0,0.001,2717867,2717867,1774576595642,false
1861335,69053.0,0.001,2717868,2717868,1774576596454,false
1861336,69053.0,0.001,2717869,2717869,1774576597261,false
1861337,69058.1,0.01,2717870,2717870,1774576610057,true
1861338,69070.9,0.001,2717871,2717871,1774576615368,false
1861339,69066.2,0.001,2717872,2717872,1774576681318,true
1861340,69053.9,0.006,2717873,2717874,1774576740801,true
1861341,69052.1,0.001,2717875,2717875,1774576745335,true
1861342,69052.2,0.002,2717876,2717877,1774576758345,true
1861343,69061.9,0.001,2717878,2717878,1774576761160,true
1861344,69061.3,0.069,2717879,2717879,1774576761160,true
1861345,69084.3,0.069,2717880,2717880,1774576799976,true
1861346,69088.9,0.006,2717881,2717883,1774576800513,true
1861347,69086.2,0.013,2717884,2717884,1774576804798,true
1861348,69101.9,0.063,2717885,2717885,1774576821157,true
1861349,69092.8,0.001,2717886,2717886,1774576874856,true
1861350,69102.6,0.03,2717887,2717887,1774576947271,true
1861351,69123.2,0.028,2717888,2717888,1774577027674,true
1861352,69130.4,0.011,2717889,2717889,1774577033455,false
1861353,69130.5,0.034,2717890,2717890,1774577033455,false
1861354,69130.6,0.035,2717891,2717891,1774577033455,false
1861355,69132.0,0.004,2717892,2717892,1774577033455,false
1861356,69132.5,0.01,2717893,2717893,1774577033455,false
1861357,69132.6,0.061,2717894,2717894,1774577033455,false
1861358,69118.4,0.001,2717896,2717896,1774577038908,false
1861359,69132.0,0.3,2717897,2717898,1774577071952,false
1861360,69144.4,0.01,2717899,2717899,1774577073434,true
1861361,69144.5,0.001,2717900,2717900,1774577084698,false
1861362,69097.6,0.005,2717901,2717901,1774577118602,true
1861363,69097.5,0.005,2717902,2717902,1774577118602,true
1861364,69084.7,0.002,2717903,2717903,1774577145060,true
1861365,69078.2,0.001,2717904,2717904,1774577158850,false
1861366,69091.5,0.034,2717905,2717905,1774577162240,true
1861367,69094.6,0.001,2717906,2717906,1774577165462,true
1861368,69085.8,0.005,2717907,2717907,1774577179134,false
1861369,69144.5,0.002,2717908,2717908,1774577400442,false
1861370,69138.3,0.001,2717909,2717909,1774577441056,true
1861371,69143.2,0.005,2717910,2717910,1774577442183,true
1861372,69144.5,0.013,2717911,2717911,1774577457138,false
1861373,69150.2,0.072,2717912,2717912,1774577457249,false
1861374,69201.5,0.07,2717913,2717913,1774577465342,true
1861375,69163.0,0.07,2717914,2717914,1774577502290,true
1861376,69162.9,0.035,2717915,2717915,1774577502290,true
1861377,69162.7,0.005,2717916,2717916,1774577502290,true
1861378,69162.6,0.005,2717917,2717917,1774577502290,true
1861379,69160.9,0.001,2717918,2717918,1774577502290,true
1861380,69157.3,0.105,2717919,2717919,1774577502290,true
1861381,69153.8,0.034,2717920,2717920,1774577517261,true
1861382,69143.4,0.005,2717921,2717921,1774577524818,true
1861383,69118.4,0.07,2717922,2717922,1774577529988,false
1861384,69126.1,0.001,2717923,2717923,1774577529988,false
1861385,69133.0,0.034,2717924,2717926,1774577529988,false
1861386,69133.1,0.014,2717927,2717927,1774577529988,false
1861387,69121.9,0.002,2717928,2717928,1774577533699,false
1861388,69115.8,0.001,2717929,2717929,1774577581161,true
1861389,69133.0,0.001,2717930,2717930,1774577584839,false
1861390,69137.7,0.004,2717931,2717931,1774577584839,false
1861391,69091.5,0.005,2717932,2717932,1774577621494,false
1861392,69102.8,0.01,2717933,2717933,1774577639660,true
1861393,69091.6,0.001,2717934,2717934,1774577658245,false
1861394,69092.3,0.01,2717935,2717935,1774577658245,false
1861395,69092.4,0.014,2717936,2717936,1774577658245,false
1861396,69073.1,0.005,2717937,2717937,1774577769398,false
1861397,69066.0,0.001,2717938,2717938,1774577770109,true
1861398,69065.0,0.003,2717939,2717939,1774577786531,true
1861399,69065.0,0.439,2717940,2717940,1774577787534,true
1861400,69065.0,0.258,2717941,2717947,1774577787763,true
1861401,69031.7,0.001,2717948,2717948,1774577813621,false
1861402,69020.1,0.001,2717949,2717949,1774577941776,true
1861403,69000.0,0.05,2717950,2717950,1774578064183,true
1861404,69000.1,0.004,2717951,2717954,1774578069640,false
1861405,69000.0,0.07,2717955,2717956,1774578069717,true
1861406,69000.1,0.002,2717957,2717958,1774578069760,false
1861407,69000.1,0.001,2717959,2717959,1774578070102,false
1861408,69000.1,0.001,2717960,2717960,1774578076457,false
1861409,69000.1,0.001,2717961,2717961,1774578076610,false
1861410,69000.1,0.001,2717962,2717962,1774578076716,false
1861411,69000.0,0.07,2717963,2717963,1774578076815,true
1861412,69000.0,0.006,2717964,2717964,1774578076943,true
1861413,69000.1,0.001,2717965,2717965,1774578076995,false
1861414,69000.1,0.001,2717966,2717966,1774578077517,false
1861415,69000.1,0.003,2717967,2717969,1774578078851,false
1861416,69000.1,0.001,2717970,2717970,1774578079355,false
1861417,69018.3,0.001,2717971,2717971,1774578092219,true
1861418,69017.5,0.001,2717972,2717972,1774578128767,true
1861419,69016.7,0.052,2717973,2717973,1774578128767,true
1861420,69020.5,0.07,2717974,2717974,1774578133786,true
1861421,69029.4,0.001,2717975,2717975,1774578143987,true
1861422,69034.4,0.07,2717976,2717976,1774578144904,true
1861423,69034.5,0.001,2717977,2717977,1774578146420,false
1861424,69034.5,0.001,2717978,2717978,1774578146601,false
1861425,69034.5,0.001,2717979,2717979,1774578147120,false
1861426,69034.5,0.001,2717980,2717980,1774578148030,false
1861427,69034.5,0.001,2717981,2717981,1774578148644,false
1861428,69034.5,0.001,2717982,2717982,1774578149429,false
1861429,69034.5,0.008,2717983,2717985,1774578149637,false
1861430,69035.6,0.001,2717986,2717986,1774578164210,true
1861431,69034.7,0.001,2717987,2717987,1774578195752,false
1861432,69026.7,0.001,2717988,2717988,1774578214067,false
1861433,69015.7,0.001,2717989,2717989,1774578221219,false
1861434,69033.8,0.005,2717990,2717990,1774578248629,false
1861435,69033.9,0.005,2717991,2717991,1774578248629,false
1861436,69034.0,0.04,2717992,2717993,1774578248629,false
1861437,69061.8,0.001,2717994,2717994,1774578280476,true
1861438,69055.6,0.217,2717995,2717995,1774578280476,true
1861439,69032.0,0.002,2717996,2717996,1774578280537,false
1861440,69051.6,0.001,2717997,2717997,1774578294683,true
1861441,69017.7,0.001,2717998,2717998,1774578295320,true
1861442,69015.3,0.001,2717999,2717999,1774578295348,true
1861443,68999.7,0.002,2718000,2718001,1774578480597,false
1861444,69051.2,0.001,2718002,2718002,1774578604705,true
1861445,69050.8,0.019,2718003,2718003,1774578604705,true
1861446,69047.9,0.006,2718004,2718004,1774578622387,true
1861447,69072.1,0.001,2718005,2718005,1774578684519,true
1861448,69070.3,0.024,2718006,2718006,1774578684519,true
1861449,69075.1,0.045,2718007,2718007,1774578684533,true
1861450,69097.3,0.001,2718008,2718008,1774578693455,true
1861451,69097.9,0.069,2718009,2718009,1774578764067,true
1861452,69093.2,0.006,2718010,2718011,1774578764143,true
1861453,69098.1,0.052,2718012,2718012,1774578764238,true
1861454,69098.2,0.002,2718013,2718014,1774578780520,false
1861455,69087.0,0.004,2718015,2718015,1774578794552,false
1861456,69086.0,0.035,2718016,2718016,1774578802418,true
1861457,69083.4,0.005,2718017,2718017,1774578808135,true
1861458,69082.5,0.005,2718018,2718018,1774578808135,true
1861459,69082.4,0.005,2718019,2718019,1774578808135,true
1861460,69073.7,0.002,2718020,2718021,1774578840516,false
1861461,69046.8,0.001,2718022,2718022,1774578898728,true
1861462,69027.1,0.001,2718023,2718023,1774578935814,false
1861463,69020.8,0.018,2718024,2718024,1774578946015,false
1861464,69012.6,0.001,2718025,2718025,1774578961122,true
1861465,69023.7,0.01,2718026,2718026,1774579025577,true
1861466,69007.4,0.012,2718027,2718027,1774579050916,false
1861467,68980.3,0.01,2718028,2718028,1774579122281,true
1861468,68980.2,0.07,2718029,2718029,1774579122281,true
1861469,68983.0,0.01,2718030,2718030,1774579129341,true
1861470,68982.9,0.07,2718031,2718031,1774579129341,true
1861471,68981.0,0.001,2718032,2718032,1774579129341,true
1861472,68974.4,0.001,2718033,2718033,1774579136952,true
1861473,68962.5,0.001,2718034,2718034,1774579136952,true
1861474,68961.8,0.001,2718035,2718035,1774579136952,true
1861475,68959.6,0.001,2718036,2718036,1774579137230,true
1861476,68957.4,0.01,2718037,2718037,1774579137321,true
1861477,68957.3,0.011,2718038,2718038,1774579137321,true
1861478,68965.0,0.006,2718039,2718040,1774579140596,false
1861479,68962.6,0.012,2718041,2718042,1774579142391,true
1861480,68962.9,0.012,2718043,2718044,1774579152650,true
1861481,68962.8,0.07,2718045,2718045,1774579152650,true
1861482,68961.0,0.001,2718046,2718046,1774579152650,true
1861483,68962.6,0.002,2718047,2718048,1774579157686,true
1861484,68962.2,0.01,2718049,2718049,1774579157686,true
1861485,68962.1,0.07,2718050,2718050,1774579157686,true
1861486,68956.8,0.001,2718051,2718051,1774579182841,true
1861487,68955.6,0.001,2718052,2718052,1774579182841,true
1861488,68955.0,0.011,2718053,2718053,1774579183786,true
1861489,68934.1,0.001,2718054,2718054,1774579282232,true
1861490,68933.1,0.01,2718055,2718055,1774579282232,true
1861491,68933.0,0.022,2718056,2718056,1774579282232,true
1861492,68902.6,0.002,2718057,2718057,1774579317289,true
1861493,68901.4,0.001,2718058,2718058,1774579317289,true
1861494,68900.4,0.001,2718059,2718059,1774579317289,true
1861495,68900.3,0.004,2718060,2718060,1774579317289,true
1861496,68889.4,0.005,2718061,2718061,1774579330052,true
1861497,68883.5,0.001,2718062,2718062,1774579330902,true
1861498,68910.0,0.001,2718063,2718063,1774579347735,true
1861499,68918.9,0.003,2718064,2718064,1774579357302,true
1861500,68925.1,0.034,2718065,2718065,1774579367235,false
1861501,68931.5,0.005,2718066,2718066,1774579371155,false
1861502,68932.2,0.005,2718067,2718067,1774579371155,false
1861503,68932.3,0.04,2718068,2718069,1774579371155,false
1861504,68947.1,0.01,2718070,2718070,1774579372627,true
1861505,68947.0,0.07,2718071,2718071,1774579372627,true
1861506,68937.7,0.032,2718072,2718073,1774579372627,true
1861507,68949.3,0.07,2718074,2718074,1774579427493,false
1861508,68944.6,0.217,2718075,2718075,1774579495936,true
1861509,68937.7,1.45,2718076,2718077,1774579495936,true
1861510,68934.9,0.001,2718078,2718078,1774579495936,true
1861511,68921.1,0.001,2718079,2718079,1774579496501,true
1861512,68918.3,0.01,2718080,2718080,1774579496627,true
1861513,68918.2,0.018,2718081,2718081,1774579496627,true
1861514,68941.8,0.001,2718082,2718082,1774579501690,true
1861515,68952.4,0.025,2718083,2718083,1774579541431,true
1861516,68953.2,0.001,2718084,2718084,1774579617296,true
1861517,68933.7,0.07,2718085,2718085,1774579696577,false
1861518,68939.4,0.011,2718086,2718086,1774579696577,false
1861519,68939.7,0.005,2718087,2718087,1774579696577,false
1861520,68939.8,0.001,2718088,2718088,1774579696577,false
1861521,68943.1,0.005,2718089,2718089,1774579696577,false
1861522,68943.2,0.005,2718090,2718090,1774579696577,false
1861523,68944.3,0.001,2718091,2718091,1774579696577,false
1861524,68946.6,0.016,2718092,2718092,1774579696577,false
1861525,68946.7,0.019,2718093,2718094,1774579696577,false
1861526,68949.3,0.035,2718095,2718095,1774579696577,false
1861527,68949.4,0.176,2718096,2718096,1774579696577,false
1861528,68941.2,0.001,2718097,2718097,1774579742100,true
1861529,68944.3,0.057,2718098,2718098,1774579751840,true
1861530,68948.6,0.002,2718099,2718099,1774579800535,true
1861531,68948.7,0.001,2718100,2718100,1774579805264,false
1861532,68956.1,0.011,2718101,2718101,1774579844991,false
1861533,68967.3,0.005,2718102,2718102,1774579851734,false
1861534,68970.2,0.005,2718103,2718103,1774579851734,false
1861535,68981.7,0.001,2718104,2718104,1774579980557,true
1861536,68980.9,0.001,2718105,2718105,1774579980557,true
1861537,68978.6,0.001,2718106,2718106,1774580161247,true
1861538,68950.0,0.05,2718107,2718107,1774580270571,true
1861539,68942.0,0.001,2718108,2718108,1774580281111,true
1861540,68940.8,0.01,2718109,2718109,1774580293911,false
1861541,68940.9,0.018,2718110,2718110,1774580293911,false
1861542,68931.2,0.01,2718111,2718111,1774580315463,false
1861543,68912.4,0.001,2718112,2718112,1774580528674,true
1861544,68911.3,0.028,2718113,2718113,1774580528674,true
1861545,68898.9,0.001,2718114,2718114,1774580681271,true
1861546,68886.1,0.003,2718115,2718115,1774580700477,false
1861547,68825.9,0.001,2718116,2718116,1774580844389,true
1861548,68809.2,0.001,2718117,2718117,1774580847507,true
1861549,68807.5,0.005,2718118,2718118,1774580847507,true
1861550,68800.1,0.014,2718119,2718119,1774580847507,true
1861551,68800.0,0.011,2718120,2718121,1774580847507,true
1861552,68796.9,0.018,2718122,2718123,1774580847508,true
1861553,68794.9,0.001,2718124,2718124,1774580847514,true
1861554,68790.5,0.017,2718125,2718125,1774580847514,true
1861555,68785.0,0.001,2718126,2718126,1774580847514,true
1861556,68778.6,0.015,2718127,2718128,1774580847514,true
1861557,68776.6,0.015,2718129,2718129,1774580847518,true
1861558,68772.9,0.014,2718130,2718130,1774580847518,true
1861559,68756.1,0.017,2718131,2718131,1774580847518,true
1861560,68748.6,0.013,2718132,2718132,1774580847525,true
1861561,68745.6,0.018,2718133,2718133,1774580847525,true
1861562,68725.9,0.01,2718134,2718134,1774580847663,true
1861563,68722.1,0.004,2718135,2718135,1774580847761,false
1861564,68723.7,0.004,2718136,2718136,1774580847768,false
1861565,68725.3,0.004,2718137,2718137,1774580847768,false
1861566,68726.9,0.004,2718138,2718138,1774580847768,false
1861567,68733.9,0.004,2718139,2718139,1774580847771,false
1861568,68728.5,0.014,2718140,2718144,1774580847781,false
1861569,68735.5,0.004,2718145,2718145,1774580847815,false
1861570,68737.1,0.004,2718146,2718147,1774580847815,false
1861571,68738.7,0.004,2718148,2718150,1774580847818,false
1861572,68739.7,0.001,2718151,2718151,1774580847841,false
1861573,68740.3,0.004,2718152,2718152,1774580847841,false
1861574,68775.0,0.002,2718153,2718154,1774580882751,true
1861575,68714.9,0.035,2718155,2718155,1774580920847,true
1861576,68714.8,0.001,2718156,2718156,1774580920847,true
1861577,68712.0,0.218,2718157,2718157,1774580920847,true
1861578,68708.1,0.059,2718158,2718158,1774580920847,true
1861579,68704.8,0.031,2718159,2718159,1774580920847,true
1861580,68754.9,0.001,2718160,2718160,1774581001593,true
1861581,68755.6,0.015,2718161,2718161,1774581019912,true
1861582,68754.0,0.274,2718162,2718162,1774581028197,false
1861583,68754.0,0.003,2718163,2718163,1774581028303,false
1861584,68749.6,0.011,2718164,2718164,1774581033592,true
1861585,68744.9,0.005,2718165,2718165,1774581049177,true
1861586,68741.8,0.005,2718166,2718166,1774581049177,true
1861587,68741.7,0.005,2718167,2718167,1774581049177,true
1861588,68711.0,0.01,2718168,2718168,1774581114975,false
1861589,68711.1,0.07,2718169,2718169,1774581114975,false
1861590,68719.0,0.001,2718170,2718170,1774581114975,false
1861591,68720.0,0.069,2718171,2718171,1774581118965,true
1861592,68719.0,0.001,2718172,2718172,1774581125144,false
1861593,68725.9,0.001,2718173,2718173,1774581125144,false
1861594,68732.8,0.001,2718174,2718174,1774581125144,false
1861595,68739.0,0.05,2718175,2718175,1774581125148,false
1861596,68739.7,0.001,2718176,2718176,1774581125148,false
1861597,68740.0,0.337,2718177,2718179,1774581125148,false
1861598,68746.5,0.046,2718180,2718180,1774581125347,true
1861599,68762.2,0.005,2718181,2718182,1774581129521,false
1861600,68781.1,0.001,2718183,2718183,1774581129524,false
1861601,68791.4,0.001,2718184,2718184,1774581129606,true
1861602,68800.6,0.011,2718185,2718187,1774581132244,false
1861603,68771.0,0.002,2718188,2718189,1774581183721,false
1861604,68786.3,0.001,2718190,2718190,1774581259217,true
1861605,68788.0,0.001,2718191,2718191,1774581312241,false
1861606,68778.4,0.001,2718192,2718192,1774581318033,false
1861607,68788.8,0.07,2718193,2718193,1774581328864,false
1861608,68786.3,0.001,2718194,2718194,1774581331732,true
1861609,68773.5,0.015,2718195,2718195,1774581349003,false
1861610,68786.2,0.005,2718196,2718196,1774581392228,false
1861611,68786.3,0.005,2718197,2718197,1774581392228,false
1861612,68786.4,0.005,2718198,2718198,1774581392228,false
1861613,68800.3,0.07,2718199,2718199,1774581394186,false
1861614,68801.8,0.001,2718200,2718200,1774581394186,false
1861615,68808.7,0.014,2718201,2718202,1774581394186,false
1861616,68814.5,0.016,2718203,2718203,1774581394186,false
1861617,68815.0,0.071,2718204,2718205,1774581394186,false
1861618,68815.1,0.218,2718206,2718206,1774581394186,false
1861619,68815.6,0.001,2718207,2718207,1774581394186,false
1861620,68817.0,0.07,2718208,2718208,1774581394186,false
1861621,68817.3,0.001,2718209,2718209,1774581394186,false
1861622,68822.5,0.001,2718210,2718210,1774581394186,false
1861623,68823.9,0.059,2718211,2718211,1774581394186,false
1861624,68829.4,0.019,2718212,2718213,1774581394186,false
1861625,68832.3,0.059,2718214,2718214,1774581394186,false
1861626,68834.0,0.014,2718215,2718215,1774581394186,false
1861627,68800.8,0.07,2718216,2718216,1774581394356,false
1861628,68808.7,0.001,2718217,2718217,1774581394356,false
1861629,68815.6,0.001,2718218,2718218,1774581394356,false
1861630,68816.9,0.015,2718219,2718219,1774581394356,false
1861631,68817.0,0.07,2718220,2718220,1774581394356,false
1861632,68817.2,0.015,2718221,2718221,1774581394356,false
1861633,68817.3,0.059,2718222,2718222,1774581394356,false
1861634,68822.5,0.001,2718223,2718223,1774581394356,false
1861635,68825.6,0.059,2718224,2718224,1774581394356,false
1861636,68829.4,0.019,2718225,2718226,1774581394356,false
1861637,68834.0,0.023,2718227,2718228,1774581394356,false
1861638,68834.1,0.281,2718229,2718229,1774581394356,false
1861639,68827.2,0.001,2718230,2718230,1774581410979,false
1861640,68803.0,0.002,2718231,2718232,1774581438121,false
1861641,68823.4,0.046,2718233,2718233,1774581459958,true
1861642,68835.3,0.005,2718234,2718234,1774581480558,true
1861643,68800.1,0.001,2718235,2718235,1774581525402,true
1861644,68804.1,0.022,2718236,2718236,1774581532029,true
1861645,68825.5,0.001,2718237,2718237,1774581540603,true
1861646,68806.3,0.001,2718238,2718238,1774581781378,true
1861647,68803.0,0.001,2718239,2718239,1774581785118,true
1861648,68786.3,0.007,2718240,2718240,1774581827525,true
1861649,68746.8,0.07,2718241,2718241,1774581839212,false
1861650,68764.1,0.07,2718242,2718242,1774581846064,false
1861651,68834.7,0.07,2718243,2718243,1774581997747,false
1861652,68870.8,0.006,2718244,2718245,1774582200272,false
1861653,68872.0,0.02,2718246,2718246,1774582200272,false
1861654,68877.6,0.035,2718247,2718247,1774582228979,false
1861655,68868.4,0.047,2718248,2718248,1774582313829,false
1861656,68827.7,0.001,2718249,2718249,1774582440512,true
1861657,68863.4,0.001,2718250,2718250,1774582501597,true
1861658,68890.0,0.15,2718251,2718251,1774582504307,false
1861659,68890.1,0.045,2718252,2718253,1774582507921,true
1861660,68919.3,0.001,2718254,2718254,1774582514627,true
1861661,68903.1,0.035,2718255,2718256,1774582742688,false
1861662,68903.2,0.026,2718257,2718257,1774582742688,false
1861663,68914.3,0.07,2718258,2718258,1774582786119,false
1861664,68917.2,0.07,2718259,2718259,1774582786187,false
1861665,68918.9,0.07,2718260,2718260,1774583016320,false
1861666,68926.0,0.001,2718261,2718261,1774583016320,false
1861667,68932.1,0.002,2718262,2718262,1774583016320,false
1861668,68863.2,0.058,2718263,2718263,1774583142675,false
1861669,68860.8,0.008,2718264,2718264,1774583154827,false
1861670,68891.0,0.003,2718265,2718265,1774583233697,false
1861671,68866.1,0.001,2718266,2718266,1774583341118,true
1861672,68879.7,0.056,2718267,2718267,1774583515824,true
1861673,68870.5,0.01,2718268,2718268,1774583616329,true
1861674,68877.9,0.001,2718269,2718269,1774583640556,true
1861675,68841.6,0.001,2718270,2718270,1774583706212,true
1861676,68841.5,0.001,2718271,2718271,1774583706212,true
1861677,68839.3,0.023,2718272,2718272,1774583706216,true
1861678,68839.3,0.047,2718273,2718273,1774583706380,true
1861679,68836.5,0.038,2718274,2718274,1774583706380,true
1861680,68805.9,0.055,2718275,2718275,1774583881737,true
1861681,68793.2,0.001,2718276,2718276,1774584002989,true
1861682,68813.8,0.012,2718277,2718277,1774584008189,false
1861683,68812.1,0.009,2718278,2718278,1774584010130,true
1861684,68808.1,0.005,2718279,2718279,1774584014481,true
1861685,68808.0,0.005,2718280,2718280,1774584014481,true
1861686,68807.9,0.005,2718281,2718281,1774584014481,true
1861687,68807.1,0.035,2718282,2718282,1774584014481,true
1861688,68800.1,0.001,2718283,2718283,1774584014488,true
1861689,68773.4,0.002,2718284,2718284,1774584014611,true
1861690,68783.1,0.024,2718285,2718285,1774584037573,true
1861691,68773.5,0.025,2718286,2718287,1774584041702,true
1861692,68741.8,0.005,2718288,2718288,1774584048044,true
1861693,68741.6,0.005,2718289,2718289,1774584048044,true
1861694,68736.5,0.014,2718290,2718290,1774584048044,true
1861695,68732.9,0.013,2718291,2718291,1774584048044,true
1861696,68731.4,0.087,2718292,2718293,1774584048048,true
1861697,68731.5,0.011,2718294,2718294,1774584048082,true
1861698,68731.4,0.003,2718295,2718295,1774584048082,true
1861699,68731.4,0.005,2718296,2718296,1774584048212,true
1861700,68725.9,0.001,2718297,2718297,1774584048406,true
1861701,68731.0,0.002,2718298,2718298,1774584051129,true
1861702,68725.8,0.014,2718299,2718299,1774584054769,true
1861703,68719.1,0.001,2718300,2718300,1774584056424,true
1861704,68716.6,0.002,2718301,2718302,1774584058142,true
1861705,68685.8,0.001,2718303,2718303,1774584059096,true
1861706,68678.2,0.001,2718304,2718304,1774584059149,true
1861707,68669.4,0.002,2718305,2718306,1774584059378,true
1861708,68684.3,0.001,2718307,2718307,1774584060991,false
1861709,68674.9,0.013,2718308,2718308,1774584071565,true
1861710,68669.7,0.001,2718309,2718309,1774584071602,true
1861711,68669.4,0.002,2718310,2718310,1774584071602,true
1861712,68658.2,0.728,2718311,2718311,1774584076579,false
1861713,68636.8,0.014,2718312,2718312,1774584085835,true
1861714,68633.0,0.017,2718313,2718313,1774584085835,true
1861715,68600.0,0.007,2718314,2718314,1774584087796,true
1861716,68589.2,0.001,2718315,2718315,1774584087816,true
1861717,68543.3,0.001,2718316,2718316,1774584087840,true
1861718,68533.8,0.001,2718317,2718317,1774584087840,true
1861719,68550.2,0.012,2718318,2718318,1774584087865,true
1861720,68512.3,0.03,2718319,2718319,1774584088281,true
1861721,68521.8,0.007,2718320,2718320,1774584088305,true
1861722,68458.1,0.002,2718321,2718321,1774584092876,true
1861723,68457.4,0.219,2718322,2718327,1774584092876,true
1861724,68439.8,0.001,2718328,2718328,1774584092879,true
1861725,68439.3,0.004,2718329,2718329,1774584092879,true
1861726,68432.9,0.001,2718330,2718330,1774584092879,true
1861727,68431.2,0.001,2718331,2718331,1774584092879,true
1861728,68426.0,0.001,2718332,2718332,1774584092879,true
1861729,68419.1,0.001,2718333,2718333,1774584092879,true
1861730,68412.2,0.001,2718334,2718334,1774584092879,true
1861731,68410.4,0.014,2718335,2718335,1774584092879,true
1861732,68407.3,0.059,2718336,2718336,1774584092879,true
1861733,68405.3,0.001,2718337,2718337,1774584092879,true
1861734,68405.2,0.014,2718338,2718338,1774584092879,true
1861735,68403.1,0.509,2718339,2718339,1774584092879,true
1861736,68491.7,0.626,2718340,2718348,1774584099367,false
1861737,68519.5,0.023,2718349,2718349,1774584103309,false
1861738,68520.1,0.004,2718350,2718350,1774584103309,false
1861739,68529.0,0.068,2718351,2718367,1774584103313,false
1861740,68538.9,0.004,2718368,2718368,1774584103329,false
1861741,68563.6,0.15,2718369,2718369,1774584104743,false
1861742,68576.1,0.005,2718370,2718370,1774584108271,false
1861743,68607.3,0.003,2718371,2718371,1774584111010,false
1861744,68608.6,0.405,2718372,2718373,1774584111010,false
1861745,68570.8,0.007,2718374,2718374,1774584129621,true
1861746,68587.9,0.001,2718375,2718375,1774584130624,false
1861747,68593.5,0.013,2718376,2718376,1774584130624,false
1861748,68594.8,0.002,2718377,2718378,1774584130624,false
1861749,68606.4,0.025,2718379,2718379,1774584142948,false
1861750,68606.5,0.035,2718380,2718380,1774584142948,false
1861751,68568.0,0.001,2718381,2718381,1774584267465,true
1861752,68533.8,0.001,2718382,2718382,1774584309665,true
1861753,68538.3,0.027,2718383,2718383,1774584321812,false
1861754,68551.0,0.007,2718384,2718384,1774584323400,false
1861755,68560.2,0.003,2718385,2718385,1774584327678,false
1861756,68560.2,0.002,2718386,2718386,1774584328593,false
1861757,68562.2,0.005,2718387,2718387,1774584338196,true
1861758,68509.1,0.012,2718388,2718388,1774584420166,false
1861759,68512.0,0.001,2718389,2718389,1774584420166,false
1861760,68516.8,0.005,2718390,2718390,1774584420166,false
1861761,68518.8,0.005,2718391,2718391,1774584420166,false
1861762,68518.9,0.006,2718392,2718393,1774584420166,false
1861763,68520.0,0.271,2718394,2718395,1774584421088,true
1861764,68479.0,0.027,2718396,2718396,1774584426933,true
1861765,68453.8,0.019,2718397,2718397,1774584495859,true
1861766,68403.0,0.001,2718398,2718398,1774584514013,true
1861767,68400.1,0.005,2718399,2718400,1774584514013,true
1861768,68400.0,0.003,2718401,2718401,1774584514013,true
1861769,68386.1,0.001,2718402,2718402,1774584514019,true
1861770,68388.3,0.001,2718403,2718403,1774584514033,false
1861771,68377.7,0.002,2718404,2718405,1774584514033,true
1861772,68355.5,0.001,2718406,2718406,1774584514825,true
1861773,68344.9,0.034,2718407,2718407,1774584538423,false
1861774,68346.4,0.001,2718408,2718408,1774584538423,false
1861775,68350.4,0.02,2718409,2718410,1774584538423,false
1861776,68350.5,0.015,2718411,2718411,1774584538423,false
1861777,68351.1,0.005,2718412,2718412,1774584538423,false
1861778,68351.2,0.012,2718413,2718413,1774584538423,false
1861779,68353.0,0.162,2718414,2718414,1774584538423,false
1861780,68341.0,0.008,2718415,2718415,1774584577541,false
1861781,68335.7,0.001,2718416,2718416,1774584579110,false
1861782,68390.5,0.056,2718417,2718420,1774584612549,false
1861783,68390.6,0.013,2718421,2718421,1774584612549,false
1861784,68390.8,0.018,2718422,2718423,1774584612549,false
1861785,68393.5,0.074,2718424,2718424,1774584612549,false
1861786,68372.4,0.1,2718425,2718425,1774584660861,false
1861787,68378.0,0.077,2718426,2718426,1774584692301,false
1861788,68358.1,0.003,2718427,2718427,1774584719681,false
1861789,68358.2,0.036,2718428,2718428,1774584719681,false
1861790,68378.0,0.036,2718429,2718429,1774584762074,false
1861791,68397.0,0.008,2718430,2718430,1774584772726,false
1861792,68397.0,0.001,2718431,2718431,1774584772930,false
1861793,68397.0,0.001,2718432,2718432,1774584773413,false
1861794,68397.0,0.001,2718433,2718433,1774584773666,false
1861795,68397.0,0.008,2718434,2718435,1774584774347,false
1861796,68397.0,0.089,2718436,2718436,1774584774629,false
1861797,68397.0,0.032,2718437,2718437,1774584785259,false
1861798,68397.0,0.002,2718438,2718439,1774584785366,false
1861799,68397.0,0.001,2718440,2718440,1774584786239,false
1861800,68397.0,0.116,2718441,2718442,1774584792026,false
1861801,68414.2,0.04,2718443,2718443,1774584811470,false
1861802,68416.8,0.022,2718444,2718444,1774584835743,true
1861803,68416.8,0.018,2718445,2718446,1774584837946,true
1861804,68416.7,0.026,2718447,2718447,1774584837946,true
1861805,68414.1,0.005,2718448,2718448,1774584876334,false
1861806,68426.8,0.002,2718449,2718449,1774584900143,true
1861807,68449.8,0.017,2718450,2718450,1774584917121,true
1861808,68449.9,0.001,2718451,2718451,1774584928367,false
1861809,68463.5,0.002,2718452,2718452,1774584933237,false
1861810,68463.3,0.002,2718453,2718453,1774584958944,false
1861811,68457.6,0.008,2718454,2718454,1774584982115,false
1861812,68475.2,0.046,2718455,2718455,1774585049467,true
1861813,68500.6,0.07,2718456,2718456,1774585063583,true
1861814,68500.2,0.072,2718457,2718457,1774585063594,true
1861815,68486.4,0.018,2718458,2718458,1774585102162,true
1861816,68503.2,0.001,2718459,2718459,1774585140562,true
1861817,68504.9,0.001,2718460,2718460,1774585141104,true
1861818,68505.0,0.002,2718461,2718461,1774585143690,false
1861819,68527.5,0.005,2718462,2718462,1774585180565,false
1861820,68551.3,0.021,2718463,2718463,1774585229297,true
1861821,68553.3,0.004,2718464,2718464,1774585241860,false
1861822,68577.5,0.07,2718465,2718465,1774585319571,false
1861823,68581.0,0.001,2718466,2718466,1774585319571,false
1861824,68587.9,0.019,2718467,2718468,1774585319571,false
1861825,68591.1,0.001,2718469,2718469,1774585319571,false
1861826,68591.3,0.016,2718470,2718470,1774585319571,false
1861827,68594.2,0.04,2718471,2718472,1774585319571,false
1861828,68594.3,0.011,2718473,2718473,1774585319571,false
1861829,68571.0,0.003,2718474,2718474,1774585341502,true
1861830,68575.4,0.051,2718475,2718475,1774585401426,true
1861831,68575.4,0.022,2718476,2718476,1774585405493,true
1861832,68556.6,0.052,2718477,2718477,1774585414222,true
1861833,68553.4,0.001,2718478,2718478,1774585440497,false
1861834,68552.2,0.07,2718479,2718480,1774585492243,true
1861835,68544.3,0.005,2718481,2718481,1774585492245,true
1861836,68544.2,0.005,2718482,2718482,1774585492245,true
1861837,68544.1,0.005,2718483,2718483,1774585492245,true
1861838,68509.5,0.006,2718484,2718485,1774585500586,false
1861839,68518.7,0.003,2718486,2718486,1774585532519,true
1861840,68517.8,0.07,2718487,2718487,1774585533527,false
1861841,68539.8,0.001,2718488,2718488,1774585566084,false
1861842,68502.4,0.003,2718489,2718490,1774585620571,false
1861843,68539.8,0.139,2718491,2718491,1774585643200,false
1861844,68574.1,0.002,2718492,2718493,1774585740518,false
1861845,68556.6,0.02,2718494,2718494,1774585748962,true
1861846,68568.8,0.001,2718495,2718495,1774585850869,false
1861847,68580.3,0.018,2718496,2718496,1774585850874,false
1861848,68549.1,0.07,2718497,2718497,1774585906549,false
1861849,68557.5,0.005,2718498,2718498,1774585906549,false
1861850,68557.6,0.031,2718499,2718499,1774585906549,false
1861851,68557.7,0.005,2718500,2718500,1774585906549,false
1861852,68558.1,0.005,2718501,2718501,1774585906549,false
1861853,68554.5,0.07,2718502,2718502,1774585906552,false
1861854,68544.6,0.001,2718503,2718503,1774585981676,true
1861855,68588.4,0.07,2718504,2718508,1774586027251,false
1861856,68582.5,0.019,2718509,2718509,1774586037472,true
1861857,68616.6,0.008,2718510,2718510,1774586059273,true
1861858,68649.8,0.07,2718511,2718511,1774586124628,true
1861859,68633.2,0.018,2718512,2718512,1774586134691,true
1861860,68630.2,0.005,2718513,2718513,1774586271071,false
1861861,68622.5,0.07,2718514,2718514,1774586300973,false
1861862,68629.3,0.001,2718515,2718515,1774586300973,false
1861863,68636.2,0.003,2718516,2718517,1774586300973,false
1861864,68630.0,0.006,2718518,2718518,1774586309383,false
1861865,68632.3,0.043,2718519,2718519,1774586382927,false
1861866,68628.2,0.001,2718520,2718520,1774586465321,true
1861867,68633.0,0.001,2718521,2718521,1774586490698,true
1861868,68632.9,0.002,2718522,2718522,1774586490698,true
1861869,68632.9,0.001,2718523,2718523,1774586520483,false
1861870,68635.1,0.001,2718524,2718524,1774586520545,true
1861871,68640.5,0.002,2718525,2718525,1774586528575,false
1861872,68633.9,0.07,2718526,2718526,1774586531072,true
1861873,68636.2,0.001,2718527,2718527,1774586538858,false
1861874,68636.3,0.006,2718528,2718528,1774586538858,false
1861875,68622.9,0.002,2718529,2718529,1774586556055,true
1861876,68622.5,0.003,2718530,2718530,1774586580541,false
1861877,68622.2,0.035,2718531,2718531,1774586583834,true
1861878,68619.4,0.005,2718532,2718532,1774586583869,true
1861879,68619.3,0.005,2718533,2718533,1774586583869,true
1861880,68619.2,0.005,2718534,2718534,1774586583869,true
1861881,68604.5,0.008,2718535,2718535,1774586585080,false
1861882,68602.0,0.003,2718536,2718536,1774586640555,false
1861883,68612.5,0.005,2718537,2718537,1774586700530,false
1861884,68611.6,0.005,2718538,2718538,1774586735199,true
1861885,68646.3,0.001,2718539,2718539,1774586760467,false
1861886,68643.4,0.002,2718540,2718540,1774586820566,true
1861887,68634.4,0.046,2718541,2718541,1774586989467,false
1861888,68641.7,0.003,2718542,2718542,1774586995218,false
1861889,68622.5,0.001,2718543,2718543,1774587102920,true
1861890,68633.6,0.035,2718544,2718544,1774587120789,false
1861891,68633.7,0.005,2718545,2718545,1774587120789,false
1861892,68633.9,0.005,2718546,2718546,1774587126045,false
1861893,68634.0,0.005,2718547,2718547,1774587126045,false
1861894,68647.8,0.01,2718548,2718548,1774587154480,true
1861895,68647.7,0.007,2718549,2718549,1774587154480,true
1861896,68633.1,0.07,2718550,2718550,1774587176469,false
1861897,68648.4,0.005,2718551,2718551,1774587206327,false
1861898,68645.5,0.001,2718552,2718552,1774587233503,true
1861899,68648.3,0.001,2718553,2718553,1774587361328,true
1861900,68648.4,0.021,2718554,2718554,1774587376422,false
1861901,68622.4,0.001,2718555,2718555,1774587480484,false
1861902,68608.4,0.001,2718556,2718556,1774587540507,false
1861903,68602.4,0.001,2718557,2718557,1774587600527,false
1861904,68602.3,0.035,2718558,2718558,1774587601142,true
1861905,68601.9,0.005,2718559,2718559,1774587601142,true
1861906,68601.8,0.005,2718560,2718560,1774587601142,true
1861907,68601.7,0.005,2718561,2718561,1774587601142,true
1861908,68608.6,0.001,2718562,2718562,1774587607203,false
1861909,68605.4,0.001,2718563,2718563,1774587612149,true
1861910,68608.6,0.029,2718564,2718564,1774587613809,false
1861911,68610.0,0.077,2718565,2718565,1774587900928,false
1861912,68629.2,0.001,2718566,2718566,1774587901306,true
1861913,68595.2,0.011,2718567,2718567,1774587977670,true
1861914,68606.7,0.035,2718568,2718568,1774588021418,false
1861915,68608.9,0.005,2718569,2718569,1774588021452,false
1861916,68612.6,0.005,2718570,2718570,1774588021460,false
1861917,68612.7,0.005,2718571,2718571,1774588021460,false
1861918,68669.4,0.004,2718572,2718572,1774588102035,false
1861919,68687.4,0.001,2718573,2718573,1774588102187,false
1861920,68681.6,0.016,2718574,2718574,1774588132202,true
1861921,68756.9,0.001,2718575,2718575,1774588191329,false
1861922,68736.5,0.001,2718576,2718576,1774588208599,true
1861923,68729.6,0.007,2718577,2718578,1774588208599,true
1861924,68750.0,0.059,2718579,2718579,1774588225499,false
1861925,68750.0,0.091,2718580,2718581,1774588226801,false
1861926,68729.6,0.001,2718582,2718582,1774588303727,true
1861927,68727.1,0.035,2718583,2718583,1774588303727,true
1861928,68729.6,0.001,2718584,2718584,1774588315566,true
1861929,68727.1,0.004,2718585,2718585,1774588319554,false
1861930,68773.2,0.07,2718586,2718586,1774588368457,true
1861931,68783.7,0.07,2718587,2718587,1774588394036,true
1861932,68788.0,0.001,2718588,2718588,1774588395483,false
1861933,68792.6,0.001,2718589,2718589,1774588396016,false
1861934,68785.0,0.015,2718590,2718590,1774588396410,true
1861935,68789.5,0.001,2718591,2718591,1774588402939,false
1861936,68843.2,0.013,2718592,2718592,1774588454167,false
1861937,68833.9,0.014,2718593,2718593,1774588494364,true
1861938,68833.9,0.054,2718594,2718594,1774588494500,true
1861939,68884.5,0.001,2718595,2718595,1774588524222,false
1861940,68862.7,0.001,2718596,2718596,1774588634626,false
1861941,68824.8,0.004,2718597,2718598,1774588680583,false
1861942,68829.4,0.015,2718599,2718599,1774588703104,false
1861943,68824.8,0.017,2718600,2718600,1774588737408,false
1861944,68825.9,0.06,2718601,2718601,1774588744756,false
1861945,68832.7,0.022,2718602,2718602,1774588747904,false
1861946,68813.8,0.008,2718603,2718603,1774588786338,true
1861947,68810.3,0.004,2718604,2718605,1774588800505,false
1861948,68763.7,0.001,2718606,2718606,1774588815243,true
1861949,68757.2,0.001,2718607,2718607,1774588844176,true
1861950,68754.2,0.001,2718608,2718608,1774588860516,false
1861951,68757.2,0.003,2718609,2718609,1774588906572,true
1861952,68744.4,0.035,2718610,2718611,1774588913161,true
1861953,68738.2,0.005,2718612,2718612,1774588913166,true
1861954,68738.0,0.005,2718613,2718613,1774588913166,true
1861955,68737.9,0.005,2718614,2718614,1774588913166,true
1861956,68730.3,0.07,2718615,2718615,1774588930410,false
1861957,68735.8,0.005,2718616,2718616,1774588930410,false
1861958,68735.9,0.005,2718617,2718617,1774588930410,false
1861959,68738.9,0.005,2718618,2718618,1774588930410,false
1861960,68702.4,0.001,2718619,2718619,1774589101343,true
1861961,68671.7,0.001,2718620,2718620,1774589125964,true
1861962,68662.7,0.07,2718621,2718621,1774589155239,true
1861963,68662.2,0.004,2718622,2718622,1774589159034,false
1861964,68656.9,0.007,2718623,2718623,1774589159527,true
1861965,68654.9,0.001,2718624,2718624,1774589159527,true
1861966,68612.3,0.006,2718625,2718626,1774589170132,true
1861967,68607.5,0.019,2718627,2718628,1774589170132,true
1861968,68607.4,0.006,2718629,2718630,1774589170132,true
1861969,68606.8,0.005,2718631,2718631,1774589170132,true
1861970,68606.7,0.015,2718632,2718632,1774589170132,true
1861971,68606.5,0.061,2718633,2718633,1774589170132,true
1861972,68624.6,0.028,2718634,2718634,1774589240029,false
1861973,68605.5,0.07,2718635,2718635,1774589300158,false
1861974,68606.3,0.039,2718636,2718637,1774589300271,false
1861975,68607.2,0.001,2718638,2718638,1774589300762,false
1861976,68606.7,0.001,2718639,2718639,1774589301021,false
1861977,68608.2,0.067,2718640,2718640,1774589301916,false
1861978,68608.2,0.001,2718641,2718641,1774589303419,false
1861979,68609.7,0.001,2718642,2718642,1774589303768,false
1861980,68613.6,0.07,2718643,2718645,1774589305681,false
1861981,68616.5,0.019,2718646,2718646,1774589305811,false
1861982,68613.0,0.013,2718647,2718648,1774589308609,false
1861983,68613.2,0.001,2718649,2718649,1774589309039,false
1861984,68613.2,0.028,2718650,2718650,1774589309372,false
1861985,68620.3,0.001,2718651,2718651,1774589311982,false
1861986,68620.3,0.001,2718652,2718652,1774589314507,false
1861987,68620.3,0.042,2718653,2718655,1774589315380,false
1861988,68622.6,0.002,2718656,2718656,1774589316102,false
1861989,68622.6,0.001,2718657,2718657,1774589317387,false
1861990,68622.6,0.001,2718658,2718658,1774589318243,false
1861991,68622.6,0.001,2718659,2718659,1774589319486,false
1861992,68622.6,0.038,2718660,2718661,1774589320464,false
1861993,68622.6,0.001,2718662,2718662,1774589322367,false
1861994,68622.6,0.001,2718663,2718663,1774589323140,false
1861995,68622.6,0.001,2718664,2718664,1774589323626,false
1861996,68622.6,0.001,2718665,2718665,1774589324134,false
1861997,68622.6,0.001,2718666,2718666,1774589324675,false
1861998,68622.6,0.001,2718667,2718667,1774589326953,false
1861999,68622.6,0.001,2718668,2718668,1774589328239,false
1862000,68622.0,0.002,2718669,2718669,1774589328614,false
1862001,68622.0,0.059,2718670,2718672,1774589329444,false
1862002,68622.0,0.002,2718673,2718673,1774589330218,false
1862003,68622.0,0.001,2718674,2718674,1774589331846,false
1862004,68622.0,0.001,2718675,2718675,1774589332341,false
1862005,68623.6,0.001,2718676,2718676,1774589333319,false
1862006,68623.6,0.036,2718677,2718678,1774589334180,false
1862007,68624.3,0.001,2718679,2718679,1774589335556,false
1862008,68625.2,0.001,2718680,2718680,1774589337552,false
1862009,68627.9,0.001,2718681,2718681,1774589337972,false
1862010,68627.9,0.001,2718682,2718682,1774589340921,false
1862011,68627.9,0.001,2718683,2718683,1774589341306,false
1862012,68627.9,0.001,2718684,2718684,1774589341441,false
1862013,68629.6,0.001,2718685,2718685,1774589351389,false
1862014,68631.6,0.07,2718686,2718686,1774589353485,false
1862015,68628.4,0.001,2718687,2718687,1774589358835,false
1862016,68631.5,0.001,2718688,2718688,1774589371279,false
1862017,68631.5,0.001,2718689,2718689,1774589371842,false
1862018,68632.9,0.001,2718690,2718690,1774589372695,false
1862019,68634.1,0.001,2718691,2718691,1774589373155,false
1862020,68619.3,0.004,2718692,2718692,1774589380705,false
1862021,68605.5,0.001,2718693,2718693,1774589383345,false
1862022,68605.5,0.07,2718694,2718694,1774589392604,false
1862023,68608.1,0.07,2718695,2718695,1774589396594,false
1862024,68617.7,0.058,2718696,2718696,1774589403382,false
1862025,68624.0,0.037,2718697,2718697,1774589405877,false
1862026,68611.4,0.003,2718698,2718698,1774589451320,false
1862027,68626.2,0.07,2718699,2718699,1774589465524,false
1862028,68617.2,0.003,2718700,2718700,1774589468723,false
1862029,68618.2,0.001,2718701,2718701,1774589468912,false
1862030,68621.9,0.052,2718702,2718703,1774589470230,false
1862031,68629.7,0.001,2718704,2718704,1774589471486,false
1862032,68629.7,0.001,2718705,2718705,1774589471892,false
1862033,68629.7,0.001,2718706,2718706,1774589472353,false
1862034,68631.2,0.001,2718707,2718707,1774589473669,false
1862035,68631.2,0.001,2718708,2718708,1774589474146,false
1862036,68626.8,0.001,2718709,2718709,1774589481612,false
1862037,68627.7,0.001,2718710,2718710,1774589482249,false
1862038,68629.3,0.001,2718711,2718711,1774589495849,false
1862039,68629.3,0.001,2718712,2718712,1774589496316,false
1862040,68598.5,0.001,2718713,2718713,1774589521794,true
1862041,68595.9,0.07,2718714,2718714,1774589541365,false
1862042,68574.1,0.07,2718715,2718715,1774589559740,false
1862043,68564.8,0.003,2718716,2718716,1774589580559,false
1862044,68544.4,0.001,2718717,2718717,1774589583288,false
1862045,68539.1,0.034,2718718,2718719,1774589584458,true
1862046,68512.4,0.003,2718720,2718720,1774589584673,false
1862047,68569.4,0.001,2718721,2718721,1774589667927,false
1862048,68569.4,0.06,2718722,2718724,1774589668173,false
1862049,68573.9,0.042,2718725,2718726,1774589669928,false
1862050,68577.5,0.07,2718727,2718727,1774589671230,false
1862051,68585.6,0.07,2718728,2718728,1774589684634,false
1862052,68590.0,0.15,2718729,2718730,1774589684635,false
1862053,68606.2,0.005,2718731,2718731,1774589704794,true
1862054,68615.8,0.019,2718732,2718732,1774589719307,false
1862055,68640.4,0.013,2718733,2718733,1774589736996,false
1862056,68664.9,0.006,2718734,2718735,1774589760572,true
1862057,68681.7,0.07,2718736,2718736,1774589779343,false
1862058,68670.6,0.002,2718737,2718737,1774589820541,true
1862059,68670.5,0.002,2718738,2718739,1774589820541,true
1862060,68699.9,0.07,2718740,2718741,1774589859459,false
1862061,68694.0,0.035,2718742,2718742,1774589879186,false
1862062,68698.3,0.001,2718743,2718743,1774589879186,false
1862063,68698.7,0.024,2718744,2718744,1774589879186,false
1862064,68653.8,0.07,2718745,2718745,1774589924669,false
1862065,68654.6,0.014,2718746,2718746,1774589924750,false
1862066,68620.6,0.069,2718747,2718748,1774589987592,true
1862067,68612.4,0.001,2718749,2718749,1774589987666,false
1862068,68585.9,0.002,2718750,2718750,1774589992254,false
1862069,68593.5,0.002,2718751,2718752,1774589996052,false
1862070,68580.9,0.002,2718753,2718754,1774589999252,false
1862071,68583.6,0.001,2718755,2718755,1774589999386,false
1862072,68583.6,0.069,2718756,2718756,1774589999544,false
1862073,68568.1,0.07,2718757,2718757,1774590000070,false
1862074,68568.2,0.001,2718758,2718758,1774590000679,false
1862075,68567.9,0.07,2718759,2718759,1774590000905,false
1862076,68569.4,0.001,2718760,2718760,1774590001962,false
1862077,68582.9,0.002,2718761,2718762,1774590003670,false
1862078,68585.4,0.001,2718763,2718763,1774590007989,false
1862079,68585.4,0.006,2718764,2718765,1774590008426,false
1862080,68586.5,0.001,2718766,2718766,1774590009464,false
1862081,68585.3,0.07,2718767,2718767,1774590041187,false
1862082,68598.2,0.024,2718768,2718768,1774590041191,false
1862083,68571.1,0.01,2718769,2718769,1774590086522,false
1862084,68645.4,0.021,2718770,2718770,1774590207846,false
1862085,68606.2,0.054,2718771,2718771,1774590319158,false
1862086,68612.5,0.023,2718772,2718773,1774590357974,true
1862087,68612.4,0.024,2718774,2718774,1774590357974,true
1862088,68612.3,0.001,2718775,2718775,1774590357974,true
1862089,68611.8,0.041,2718776,2718776,1774590357974,true
1862090,68623.6,0.006,2718777,2718777,1774590438043,true
1862091,68612.4,0.005,2718778,2718778,1774590556111,true
1862092,68612.3,0.005,2718779,2718779,1774590556112,true
1862093,68606.1,0.005,2718780,2718780,1774590645430,true
1862094,68585.8,0.07,2718781,2718781,1774590677017,true
1862095,68587.9,0.001,2718782,2718782,1774590686699,false
1862096,68593.8,0.003,2718783,2718783,1774590686699,false
1862097,68598.5,0.001,2718784,2718784,1774590781319,true
1862098,68608.9,0.002,2718785,2718785,1774590900584,true
1862099,68626.8,0.002,2718786,2718787,1774590960574,true
1862100,68631.8,0.001,2718788,2718788,1774591020533,true
1862101,68636.8,0.001,2718789,2718789,1774591080535,true
1862102,68635.1,0.035,2718790,2718792,1774591109813,false
1862103,68636.1,0.001,2718793,2718793,1774591111376,false
1862104,68636.1,0.004,2718794,2718794,1774591111609,false
1862105,68636.2,0.005,2718795,2718795,1774591111609,false
1862106,68640.1,0.005,2718796,2718797,1774591122039,false
1862107,68640.4,0.015,2718798,2718798,1774591124054,true
1862108,68635.0,0.002,2718799,2718799,1774591140437,true
1862109,68638.9,0.001,2718800,2718800,1774591200494,true
1862110,68638.9,0.001,2718801,2718801,1774591200612,true
1862111,68627.5,0.001,2718802,2718802,1774591309603,true
1862112,68614.2,0.007,2718803,2718803,1774591370680,true
1862113,68614.9,0.001,2718804,2718804,1774591381828,true
1862114,68619.5,0.043,2718805,2718805,1774591447361,true
1862115,68612.8,0.001,2718806,2718806,1774591510703,false
1862116,68612.8,0.001,2718807,2718807,1774591511224,false
1862117,68614.6,0.001,2718808,2718808,1774591512348,false
1862118,68612.6,0.005,2718809,2718813,1774591570803,false
1862119,68613.8,0.011,2718814,2718814,1774591570912,false
1862120,68654.6,0.037,2718815,2718818,1774591594697,false
1862121,68676.0,0.003,2718819,2718819,1774591620205,true
1862122,68684.4,0.003,2718820,2718821,1774591620576,true
1862123,68684.5,0.001,2718822,2718822,1774591625019,false
1862124,68691.2,0.012,2718823,2718823,1774591625019,false
1862125,68691.3,0.012,2718824,2718824,1774591625019,false
1862126,68698.2,0.014,2718825,2718825,1774591668525,true
1862127,68711.3,0.07,2718826,2718826,1774591805547,false
1862128,68738.9,0.014,2718827,2718827,1774591830998,false
1862129,68749.0,0.005,2718828,2718828,1774591881643,false
1862130,68749.4,0.013,2718829,2718829,1774591885770,true
1862131,68723.6,0.07,2718830,2718830,1774591910910,false
1862132,68689.2,0.07,2718831,2718831,1774591947623,false
1862133,68684.4,0.07,2718832,2718832,1774591952135,false
1862134,68686.6,0.07,2718833,2718833,1774591952239,false
1862135,68691.1,0.07,2718834,2718834,1774591956848,false
1862136,68692.3,0.07,2718835,2718835,1774591957361,false
1862137,68732.7,0.034,2718836,2718836,1774592035412,false
1862138,68740.8,0.012,2718837,2718837,1774592041204,false
1862139,68745.2,0.07,2718838,2718838,1774592054067,false
1862140,68742.6,0.07,2718839,2718839,1774592060079,false
1862141,68750.1,0.005,2718840,2718840,1774592062196,false
1862142,68750.3,0.005,2718841,2718841,1774592062196,false
1862143,68766.4,0.013,2718842,2718842,1774592101997,true
1862144,68733.0,0.003,2718843,2718843,1774592249002,false
1862145,68733.0,0.003,2718844,2718844,1774592249104,false
1862146,68752.7,0.068,2718845,2718845,1774592288813,false
1862147,68768.6,0.001,2718846,2718846,1774592341363,true
1862148,68774.6,0.012,2718847,2718847,1774592428115,true
1862149,68781.9,0.002,2718848,2718848,1774592428610,false
1862150,68764.1,0.001,2718849,2718849,1774592520511,true
1862151,68741.4,0.001,2718850,2718850,1774592594331,false
1862152,68740.7,0.001,2718851,2718851,1774592621203,false
1862153,68763.4,0.001,2718852,2718852,1774592640517,false
1862154,68787.4,0.07,2718853,2718853,1774592681602,false
1862155,68792.0,0.006,2718854,2718855,1774592745374,true
1862156,68808.7,0.001,2718856,2718856,1774592822045,false
1862157,68815.6,0.001,2718857,2718857,1774592822045,false
1862158,68817.3,0.001,2718858,2718858,1774592822045,false
1862159,68808.2,0.011,2718859,2718859,1774592861161,true
1862160,68813.9,0.002,2718860,2718861,1774592880523,false
1862161,68841.6,0.002,2718862,2718862,1774592932231,false
1862162,68831.0,0.011,2718863,2718863,1774592955074,true
1862163,68852.7,0.014,2718864,2718864,1774592992361,false
1862164,68860.0,0.217,2718865,2718865,1774592993449,true
1862165,68859.3,0.07,2718866,2718866,1774592993449,true
1862166,68840.0,0.001,2718867,2718867,1774592995626,true
1862167,68813.2,0.001,2718868,2718868,1774592998117,true
1862168,68816.4,0.002,2718869,2718869,1774593055565,false
1862169,68820.0,0.007,2718870,2718870,1774593067383,true
1862170,68829.3,0.012,2718871,2718872,1774593072411,false
1862171,68829.4,0.001,2718873,2718873,1774593072411,false
1862172,68833.2,0.016,2718874,2718874,1774593072411,false
1862173,68833.3,0.008,2718875,2718875,1774593072411,false
1862174,68799.1,0.001,2718876,2718876,1774593121519,true
1862175,68811.0,0.001,2718877,2718877,1774593420473,false
1862176,68773.2,0.001,2718878,2718878,1774593532620,true
1862177,68773.1,0.001,2718879,2718879,1774593532620,true
1862178,68775.0,0.003,2718880,2718880,1774593579003,true
1862179,68751.0,0.07,2718881,2718881,1774593579584,false
1862180,68750.4,0.07,2718882,2718882,1774593581718,false
1862181,68757.3,0.001,2718883,2718883,1774593581718,false
1862182,68760.4,0.001,2718884,2718884,1774593581718,false
1862183,68765.0,0.039,2718885,2718886,1774593581718,false
1862184,68745.8,0.07,2718887,2718887,1774593613426,false
1862185,68768.5,0.015,2718888,2718888,1774593698062,true
1862186,68779.6,0.001,2718889,2718889,1774593815203,true
1862187,68777.1,0.002,2718890,2718890,1774593815402,true
1862188,68765.1,0.001,2718891,2718891,1774593841122,true
1862189,68742.8,0.001,2718892,2718892,1774593900175,true
1862190,68739.5,0.218,2718893,2718893,1774593900178,true
1862191,68702.3,0.001,2718894,2718894,1774593927602,false
1862192,68700.0,0.001,2718895,2718895,1774593988823,true
1862193,68698.5,0.001,2718896,2718896,1774594179210,true
1862194,68696.7,0.218,2718897,2718897,1774594179210,true
1862195,68695.1,0.001,2718898,2718898,1774594179210,true
1862196,68691.4,0.075,2718899,2718900,1774594179210,true
1862197,68691.3,0.005,2718901,2718901,1774594179210,true
1862198,68688.3,0.005,2718902,2718902,1774594179210,true
1862199,68688.2,0.001,2718903,2718903,1774594179210,true
1862200,68682.7,0.014,2718904,2718904,1774594179210,true
1862201,68681.3,0.001,2718905,2718905,1774594179210,true
1862202,68676.1,0.016,2718906,2718906,1774594179210,true
1862203,68676.0,0.059,2718907,2718907,1774594179210,true
1862204,68674.4,0.013,2718908,2718909,1774594179210,true
1862205,68670.6,0.015,2718910,2718911,1774594179210,true
1862206,68667.6,0.059,2718912,2718912,1774594179210,true
1862207,68667.5,0.018,2718913,2718914,1774594179210,true
1862208,68661.9,0.07,2718915,2718915,1774594179210,true
1862209,68660.6,0.001,2718916,2718916,1774594179210,true
1862210,68658.8,0.059,2718917,2718917,1774594179210,true
1862211,68654.7,0.019,2718918,2718919,1774594179210,true
1862212,68654.5,0.002,2718920,2718920,1774594179210,true
1862213,68653.7,0.001,2718921,2718921,1774594179210,true
1862214,68650.5,0.007,2718922,2718922,1774594179210,true
1862215,68691.7,0.001,2718923,2718923,1774594182602,false
1862216,68714.4,0.001,2718924,2718924,1774594305572,true
1862217,68714.0,0.21,2718925,2718932,1774594405028,true
1862218,68714.0,0.177,2718933,2718934,1774594405424,true
1862219,68714.0,0.409,2718935,2718941,1774594418356,true
1862220,68714.0,0.172,2718942,2718942,1774594419217,true
1862221,68714.0,0.032,2718943,2718943,1774594420217,true
1862222,68698.4,0.003,2718944,2718944,1774594422601,false
1862223,68698.4,0.003,2718945,2718945,1774594425603,false
1862224,68729.9,0.001,2718946,2718946,1774594498234,true
1862225,68729.1,0.218,2718947,2718947,1774594498234,true
1862226,68710.4,0.001,2718948,2718948,1774594498364,false
1862227,68695.1,0.001,2718949,2718949,1774594501342,true
1862228,68713.0,0.452,2718950,2718950,1774594643510,true
1862229,68713.1,0.001,2718951,2718951,1774594650606,false
1862230,68713.1,0.001,2718952,2718952,1774594653603,false
1862231,68713.1,0.001,2718953,2718953,1774594659602,false
1862232,68713.1,0.001,2718954,2718954,1774594680510,false
1862233,68713.0,0.548,2718955,2718955,1774594686931,true
1862234,68712.9,0.001,2718956,2718956,1774594686931,true
1862235,68702.1,0.005,2718957,2718957,1774594686931,true
1862236,68702.0,0.006,2718958,2718959,1774594686931,true
1862237,68701.7,0.005,2718960,2718960,1774594686931,true
1862238,68698.0,0.033,2718961,2718961,1774594686931,true
1862239,68697.9,0.135,2718962,2718962,1774594686931,true
1862240,68700.0,0.005,2718963,2718963,1774594687221,false
1862241,68700.4,0.001,2718964,2718964,1774594687568,false
1862242,68700.4,0.001,2718965,2718965,1774594688078,false
1862243,68700.4,0.001,2718966,2718966,1774594688252,false
1862244,68702.1,0.001,2718967,2718967,1774594690131,false
1862245,68702.1,0.001,2718968,2718968,1774594690868,false
1862246,68702.1,0.001,2718969,2718969,1774594691714,false
1862247,68702.1,0.002,2718970,2718971,1774594692604,false
1862248,68704.3,0.001,2718972,2718972,1774594693016,true
1862249,68655.3,0.001,2718973,2718973,1774594718018,false
1862250,68659.7,0.035,2718974,2718974,1774594727484,false
1862251,68668.4,0.001,2718975,2718975,1774594794712,false
1862252,68680.8,0.001,2718976,2718976,1774594802539,false
1862253,68683.2,0.003,2718977,2718977,1774594812003,false
1862254,68674.8,0.07,2718978,2718978,1774594866623,false
1862255,68699.2,0.005,2718979,2718979,1774595177441,true
1862256,68695.7,0.035,2718980,2718982,1774595180842,true
1862257,68680.6,0.002,2718983,2718983,1774595203609,false
1862258,68684.5,0.001,2718984,2718984,1774595205658,false
1862259,68684.5,0.002,2718985,2718985,1774595205777,false
1862260,68684.5,0.001,2718986,2718986,1774595206309,false
1862261,68684.5,0.001,2718987,2718987,1774595206973,false
1862262,68684.5,0.001,2718988,2718988,1774595207388,false
1862263,68684.5,0.001,2718989,2718989,1774595207622,false
1862264,68684.5,0.001,2718990,2718990,1774595207858,false
1862265,68684.5,0.002,2718991,2718991,1774595208127,false
1862266,68684.5,0.001,2718992,2718992,1774595208728,false
1862267,68690.7,0.001,2718993,2718993,1774595213073,false
1862268,68690.7,0.002,2718994,2718994,1774595213504,false
1862269,68690.7,0.001,2718995,2718995,1774595213853,false
1862270,68691.4,0.001,2718996,2718996,1774595213897,false
1862271,68698.2,0.001,2718997,2718997,1774595218021,true
1862272,68690.7,0.003,2718998,2718999,1774595218023,false
1862273,68690.7,0.001,2719000,2719000,1774595218818,false
1862274,68690.6,0.001,2719001,2719001,1774595221152,true
1862275,68683.3,0.001,2719002,2719002,1774595221341,false
1862276,68681.4,0.001,2719003,2719003,1774595221814,false
1862277,68681.4,0.002,2719004,2719004,1774595222288,false
1862278,68690.7,0.002,2719005,2719006,1774595237690,false
1862279,68690.7,0.001,2719007,2719007,1774595241002,false
1862280,68677.6,0.001,2719008,2719008,1774595296285,false
1862281,68677.6,0.001,2719009,2719009,1774595296723,false
1862282,68677.6,0.001,2719010,2719010,1774595297132,false
1862283,68677.6,0.001,2719011,2719011,1774595298712,false
1862284,68677.6,0.001,2719012,2719012,1774595299017,false
1862285,68677.6,0.001,2719013,2719013,1774595299668,false
1862286,68676.3,0.001,2719014,2719014,1774595300698,true
1862287,68660.7,0.007,2719015,2719015,1774595300705,false
1862288,68655.0,0.002,2719016,2719016,1774595300830,false
1862289,68663.8,0.001,2719017,2719017,1774595302830,false
1862290,68663.8,0.001,2719018,2719018,1774595303632,false
1862291,68655.4,0.003,2719019,2719019,1774595304265,false
1862292,68655.5,0.001,2719020,2719020,1774595304278,false
1862293,68661.5,0.001,2719021,2719021,1774595313333,true
1862294,68646.9,0.008,2719022,2719022,1774595313339,false
1862295,68647.6,0.001,2719023,2719023,1774595323127,true
1862296,68636.6,0.004,2719024,2719025,1774595323141,false
1862297,68636.6,0.001,2719026,2719026,1774595323469,false
1862298,68636.6,0.001,2719027,2719027,1774595324097,false
1862299,68636.6,0.001,2719028,2719028,1774595324378,false
1862300,68636.6,0.001,2719029,2719029,1774595324899,false
1862301,68636.6,0.001,2719030,2719030,1774595325733,false
1862302,68636.6,0.001,2719031,2719031,1774595326046,false
1862303,68636.6,0.001,2719032,2719032,1774595326587,false
1862304,68636.6,0.001,2719033,2719033,1774595326863,false
1862305,68636.6,0.001,2719034,2719034,1774595327452,false
1862306,68636.6,0.001,2719035,2719035,1774595340779,false
1862307,68633.0,0.002,2719036,2719036,1774595345793,true
1862308,68619.3,0.002,2719037,2719037,1774595345805,false
1862309,68619.3,0.002,2719038,2719038,1774595346035,false
1862310,68619.3,0.002,2719039,2719039,1774595346155,false
1862311,68626.5,0.002,2719040,2719040,1774595357507,false
1862312,68629.1,0.002,2719041,2719041,1774595378336,false
1862313,68629.1,0.001,2719042,2719042,1774595378859,false
1862314,68624.1,0.001,2719043,2719043,1774595380736,false
1862315,68625.0,0.001,2719044,2719044,1774595381263,false
1862316,68625.0,0.001,2719045,2719045,1774595381802,false
1862317,68625.0,0.001,2719046,2719046,1774595382427,false
1862318,68634.8,0.001,2719047,2719047,1774595383082,false
1862319,68634.8,0.001,2719048,2719048,1774595386855,false
1862320,68634.8,0.001,2719049,2719049,1774595387273,false
1862321,68634.8,0.001,2719050,2719050,1774595391164,false
1862322,68634.8,0.001,2719051,2719051,1774595391783,false
1862323,68634.8,0.001,2719052,2719052,1774595392149,false
1862324,68626.2,0.07,2719053,2719053,1774595402869,false
1862325,68634.8,1.423,2719054,2719056,1774595405990,false
1862326,68656.3,0.004,2719057,2719057,1774595433354,false
1862327,68656.4,0.04,2719058,2719058,1774595433354,false
1862328,68840.0,0.001,2719059,2719059,1774595542155,true
1862329,68847.3,0.003,2719060,2719062,1774595567034,true
1862330,68842.9,0.001,2719063,2719063,1774595568089,true
1862331,68842.9,0.001,2719064,2719064,1774595571071,true
1862332,68842.9,0.001,2719065,2719065,1774595571627,true
1862333,68842.9,0.001,2719066,2719066,1774595574782,true
1862334,68840.1,0.001,2719067,2719067,1774595575391,false
1862335,68866.9,0.001,2719068,2719068,1774595579033,true
1862336,68866.9,0.002,2719069,2719069,1774595579334,true
1862337,68874.5,0.001,2719070,2719070,1774595595799,true
1862338,68900.3,0.004,2719071,2719071,1774595601354,false
1862339,68901.2,0.001,2719072,2719072,1774595601354,false
1862340,68918.7,0.005,2719073,2719073,1774595602410,false
1862341,68918.7,0.002,2719074,2719074,1774595602549,false
1862342,68925.9,0.003,2719075,2719075,1774595602549,false
1862343,68845.7,0.013,2719076,2719076,1774595631109,true
1862344,68855.3,0.001,2719077,2719077,1774595719587,false
1862345,68863.8,0.005,2719078,2719078,1774595719587,false
1862346,68863.9,0.006,2719079,2719080,1774595719587,false
1862347,68868.8,0.005,2719081,2719081,1774595719587,false
1862348,68868.9,0.087,2719082,2719082,1774595719587,false
1862349,68869.0,0.008,2719083,2719083,1774595719587,false
1862350,68853.8,0.006,2719084,2719085,1774595720057,true
1862351,68847.0,0.005,2719086,2719086,1774595720057,true
1862352,68846.9,0.001,2719087,2719087,1774595720057,true
1862353,68844.6,0.005,2719088,2719088,1774595720057,true
1862354,68844.5,0.05,2719089,2719090,1774595720057,true
1862355,68844.4,0.033,2719091,2719091,1774595720057,true
1862356,68845.1,0.001,2719092,2719092,1774595728811,false
1862357,68845.1,0.001,2719093,2719093,1774595738672,true
1862358,68851.5,0.002,2719094,2719094,1774595809764,true
1862359,68848.9,0.001,2719095,2719095,1774595818284,false
1862360,68833.2,0.002,2719096,2719096,1774595835029,true
1862361,68819.4,0.002,2719097,2719097,1774595835258,false
1862362,68813.7,0.002,2719098,2719098,1774595835701,false
1862363,68893.2,0.01,2719099,2719099,1774595916853,true
1862364,68900.5,0.011,2719100,2719100,1774595921870,false
1862365,68952.6,0.07,2719101,2719102,1774595947373,true
1862366,68925.6,0.002,2719103,2719103,1774595974044,false
1862367,68932.5,0.001,2719104,2719104,1774596001587,true
1862368,68935.2,0.001,2719105,2719105,1774596004511,false
1862369,68952.7,0.018,2719106,2719106,1774596013148,false
1862370,68958.6,0.001,2719107,2719107,1774596013148,false
1862371,68974.6,0.02,2719108,2719108,1774596013397,true
1862372,68963.5,0.005,2719109,2719109,1774596045229,false
1862373,68967.4,0.005,2719110,2719110,1774596054804,false
1862374,68970.8,0.005,2719111,2719111,1774596054804,false
1862375,68970.9,0.005,2719112,2719112,1774596054862,false
1862376,68975.5,0.001,2719113,2719113,1774596055978,false
1862377,68981.4,0.07,2719114,2719114,1774596056752,true
1862378,68975.5,0.003,2719115,2719116,1774596057228,true
1862379,68967.4,0.002,2719117,2719117,1774596057321,true
1862380,68967.6,0.002,2719118,2719118,1774596057515,false
1862381,68965.0,0.001,2719119,2719119,1774596060284,true
1862382,68965.0,0.001,2719120,2719120,1774596060562,true
1862383,68956.5,0.002,2719121,2719122,1774596061623,true
1862384,68956.5,0.001,2719123,2719123,1774596062487,true
1862385,68956.5,0.001,2719124,2719124,1774596064384,true
1862386,68956.5,0.001,2719125,2719125,1774596064646,true
1862387,68956.5,0.001,2719126,2719126,1774596065718,true
1862388,68956.5,0.001,2719127,2719127,1774596066109,true
1862389,68956.5,0.001,2719128,2719128,1774596067802,true
1862390,68956.5,0.001,2719129,2719129,1774596068344,true
1862391,68956.5,0.001,2719130,2719130,1774596068915,true
1862392,68956.5,0.001,2719131,2719131,1774596069368,true
1862393,68954.6,0.002,2719132,2719132,1774596104808,false
1862394,68952.8,0.001,2719133,2719133,1774596105218,false
1862395,68952.8,0.003,2719134,2719135,1774596107832,true
1862396,68937.3,0.002,2719136,2719136,1774596108072,false
1862397,68937.2,0.002,2719137,2719137,1774596122495,true
1862398,68935.2,0.001,2719138,2719138,1774596122500,true
1862399,68922.8,0.001,2719139,2719139,1774596122500,true
1862400,68918.5,0.001,2719140,2719140,1774596122502,true
1862401,68916.0,0.004,2719141,2719142,1774596122502,true
1862402,68916.0,0.002,2719143,2719143,1774596129275,true
1862403,68916.0,0.013,2719144,2719144,1774596129911,true
1862404,68919.0,0.01,2719145,2719145,1774596152927,true
1862405,68913.7,0.034,2719146,2719148,1774596187016,true
1862406,68909.1,0.005,2719149,2719149,1774596193678,true
1862407,68909.0,0.005,2719150,2719150,1774596193678,true
1862408,68908.1,0.005,2719151,2719151,1774596193741,true
1862409,68916.8,0.032,2719152,2719152,1774596219191,false
1862410,68916.2,0.048,2719153,2719154,1774596220533,false
1862411,68916.3,0.005,2719155,2719155,1774596221906,false
1862412,68916.5,0.005,2719156,2719156,1774596221906,false
1862413,68916.7,0.002,2719157,2719157,1774596221906,false
1862414,68916.7,0.003,2719158,2719158,1774596223258,false
1862415,68921.0,0.002,2719159,2719159,1774596223258,false
1862416,68902.9,0.006,2719160,2719160,1774596224623,true
1862417,68902.9,0.016,2719161,2719161,1774596225971,true
1862418,68902.8,0.009,2719162,2719162,1774596225971,true
1862419,68895.2,0.001,2719163,2719163,1774596227314,true
1862420,68893.2,0.007,2719164,2719164,1774596227314,true
1862421,68905.3,0.001,2719165,2719165,1774596228662,false
1862422,68905.5,0.009,2719166,2719166,1774596228662,false
1862423,68903.8,0.044,2719167,2719167,1774596230059,false
1862424,68903.8,0.026,2719168,2719168,1774596230695,false
1862425,68910.1,0.005,2719169,2719169,1774596230695,false
1862426,68912.1,0.005,2719170,2719170,1774596230695,false
1862427,68912.2,0.006,2719171,2719172,1774596230695,false
1862428,68916.5,0.217,2719173,2719173,1774596230695,false
1862429,68919.1,0.001,2719174,2719174,1774596230695,false
1862430,68922.0,0.04,2719175,2719175,1774596230695,false
1862431,68902.3,0.056,2719176,2719176,1774596231417,false
1862432,68896.2,0.004,2719177,2719177,1774596232769,true
1862433,68900.4,0.002,2719178,2719178,1774596234112,false
1862434,68911.1,0.008,2719179,2719179,1774596235462,false
1862435,68904.4,0.07,2719180,2719180,1774596236622,false
1862436,68912.2,0.001,2719181,2719181,1774596236622,false
1862437,68919.1,0.001,2719182,2719182,1774596236622,false
1862438,68922.3,0.059,2719183,2719183,1774596236622,false
1862439,68922.4,0.069,2719184,2719184,1774596236622,false
1862440,68899.7,0.015,2719185,2719186,1774596236798,true
1862441,68897.9,0.001,2719187,2719187,1774596236798,true
1862442,68896.0,0.009,2719188,2719189,1774596238174,true
1862443,68895.9,0.028,2719190,2719190,1774596238174,true
1862444,68895.9,0.025,2719191,2719191,1774596239528,true
1862445,68895.9,0.017,2719192,2719192,1774596240896,true
1862446,68895.2,0.021,2719193,2719194,1774596240896,true
1862447,68899.4,0.015,2719195,2719195,1774596242261,true
1862448,68898.0,0.01,2719196,2719196,1774596242488,true
1862449,68896.3,0.013,2719197,2719197,1774596243838,true
1862450,68904.8,0.012,2719198,2719198,1774596245205,true
1862451,68898.7,0.006,2719199,2719199,1774596246542,false
1862452,68903.1,0.002,2719200,2719200,1774596247885,false
1862453,68903.1,0.032,2719201,2719201,1774596249236,false
1862454,68896.6,0.001,2719202,2719202,1774596250595,false
1862455,68894.1,0.001,2719203,2719203,1774596251977,true
1862456,68894.1,0.006,2719204,2719204,1774596253325,true
1862457,68900.0,0.046,2719205,2719205,1774596254667,false
1862458,68900.0,0.005,2719206,2719206,1774596256005,false
1862459,68899.6,0.029,2719207,2719207,1774596257349,false
1862460,68905.2,0.001,2719208,2719208,1774596264821,false
1862461,68905.3,0.001,2719209,2719209,1774596264821,false
1862462,68905.8,0.07,2719210,2719210,1774596264821,false
1862463,68912.2,0.001,2719211,2719211,1774596264821,false
1862464,68919.1,0.001,2719212,2719212,1774596264821,false
1862465,68919.4,0.032,2719213,2719213,1774596264821,false
1862466,68919.5,0.194,2719214,2719214,1774596264821,false
1862467,68900.7,0.07,2719215,2719215,1774596270406,false
1862468,68910.2,0.02,2719216,2719216,1774596270406,false
1862469,68912.2,0.001,2719217,2719217,1774596270406,false
1862470,68919.1,0.001,2719218,2719218,1774596270406,false
1862471,68920.1,0.008,2719219,2719219,1774596270406,false
1862472,68902.5,0.07,2719220,2719220,1774596274932,false
1862473,68912.2,0.001,2719221,2719221,1774596274932,false
1862474,68917.5,0.022,2719222,2719222,1774596274932,false
1862475,68917.6,0.007,2719223,2719223,1774596274932,false
1862476,68902.5,0.07,2719224,2719224,1774596282730,false
1862477,68912.2,0.001,2719225,2719225,1774596282730,false
1862478,68917.1,0.011,2719226,2719226,1774596282730,false
1862479,68917.2,0.018,2719227,2719227,1774596282730,false
1862480,68903.8,0.07,2719228,2719228,1774596286900,false
1862481,68912.2,0.001,2719229,2719229,1774596286900,false
1862482,68917.2,0.029,2719230,2719230,1774596286900,false
1862483,68903.8,0.07,2719231,2719231,1774596290468,false
1862484,68912.2,0.001,2719232,2719232,1774596290468,false
1862485,68917.4,0.029,2719233,2719233,1774596290468,false
1862486,68914.5,0.015,2719234,2719235,1774596329931,false
1862487,68914.6,0.07,2719236,2719236,1774596329931,false
1862488,68920.1,0.014,2719237,2719237,1774596329931,false
1862489,68926.0,0.001,2719238,2719238,1774596329931,false
1862490,68923.3,0.07,2719239,2719239,1774596337452,false
1862491,68926.0,0.001,2719240,2719240,1774596337452,false
1862492,68932.9,0.001,2719241,2719241,1774596337452,false
1862493,68935.6,0.028,2719242,2719242,1774596337452,false
1862494,68926.0,0.001,2719243,2719243,1774596344572,false
1862495,68932.9,0.001,2719244,2719244,1774596344572,false
1862496,68939.0,0.043,2719245,2719245,1774596344572,false
1862497,68939.1,0.055,2719246,2719246,1774596344572,false
1862498,68922.8,0.001,2719247,2719247,1774596365214,true
1862499,68901.2,0.07,2719248,2719248,1774596422098,true
1862500,68957.6,0.07,2719249,2719249,1774596530785,true
1862501,68950.5,0.035,2719250,2719250,1774596530786,true
1862502,68950.4,0.001,2719251,2719251,1774596530786,true
1862503,68955.3,0.003,2719252,2719252,1774596544596,false
1862504,68937.0,0.005,2719253,2719253,1774596565165,true
1862505,68936.6,0.001,2719254,2719254,1774596565165,true
1862506,68934.7,0.013,2719255,2719255,1774596565165,true
1862507,68934.6,0.001,2719256,2719256,1774596565165,true
1862508,68957.3,0.001,2719257,2719257,1774596614949,true
1862509,68952.8,0.009,2719258,2719258,1774596614949,true
1862510,68963.3,0.001,2719259,2719259,1774596626525,true
1862511,68953.5,0.004,2719260,2719260,1774596672786,true
1862512,68949.8,0.005,2719261,2719261,1774596684793,true
1862513,68949.8,0.005,2719262,2719262,1774596685585,true
1862514,68946.7,0.059,2719263,2719263,1774596691677,true
1862515,68946.7,0.032,2719264,2719264,1774596698601,true
1862516,68940.0,0.004,2719265,2719266,1774596698682,true
1862517,68921.5,0.005,2719267,2719267,1774596710457,true
1862518,68939.8,0.001,2719268,2719268,1774596715427,false
1862519,68943.4,0.07,2719269,2719269,1774596715427,false
1862520,68946.7,0.001,2719270,2719270,1774596715427,false
1862521,68953.6,0.001,2719271,2719271,1774596715427,false
1862522,68954.1,0.001,2719272,2719272,1774596715427,false
1862523,68960.5,0.001,2719273,2719273,1774596715427,false
1862524,68963.6,0.059,2719274,2719274,1774596715427,false
1862525,68967.4,0.001,2719275,2719275,1774596715427,false
1862526,68972.1,0.059,2719276,2719276,1774596715427,false
1862527,68972.8,0.008,2719277,2719277,1774596715427,false
1862528,68956.9,0.054,2719278,2719278,1774596725396,true
1862529,68843.5,0.001,2719279,2719279,1774596824877,true
1862530,68831.6,0.006,2719280,2719280,1774596826507,false
1862531,68822.1,0.034,2719281,2719281,1774596845873,true
1862532,68821.8,0.005,2719282,2719282,1774596845873,true
1862533,68821.6,0.005,2719283,2719283,1774596845873,true
1862534,68785.0,0.001,2719284,2719284,1774596856791,true
1862535,68769.3,0.003,2719285,2719285,1774596872752,true
1862536,68785.4,0.005,2719286,2719286,1774596876095,false
1862537,68785.8,0.005,2719287,2719287,1774596876095,false
1862538,68794.9,0.001,2719288,2719288,1774596876095,false
1862539,68801.8,0.001,2719289,2719289,1774596876095,false
1862540,68808.7,0.001,2719290,2719290,1774596876095,false
1862541,68812.7,0.009,2719291,2719291,1774596876095,false
1862542,68812.8,0.059,2719292,2719292,1774596876095,false
1862543,68815.6,0.001,2719293,2719293,1774596876095,false
1862544,68817.3,0.001,2719294,2719294,1774596876095,false
1862545,68821.0,0.024,2719295,2719296,1774596876095,false
1862546,68821.1,0.059,2719297,2719297,1774596876095,false
1862547,68822.5,0.001,2719298,2719298,1774596876095,false
1862548,68829.4,0.001,2719299,2719299,1774596876095,false
1862549,68830.8,0.032,2719300,2719300,1774596876095,false
1862550,68792.6,0.001,2719301,2719301,1774596894818,false
1862551,68764.3,0.009,2719302,2719303,1774596923611,false
1862552,68764.4,0.028,2719304,2719304,1774596923611,false
1862553,68759.5,0.07,2719305,2719305,1774596951468,true
1862554,68758.9,0.07,2719306,2719306,1774596952724,true
1862555,68758.8,0.07,2719307,2719307,1774596953965,true
1862556,68750.8,0.035,2719308,2719308,1774596953965,true
1862557,68763.3,0.07,2719309,2719309,1774596957680,true
1862558,68763.3,0.07,2719310,2719310,1774596957949,true
1862559,68765.0,0.001,2719311,2719311,1774596961361,true
1862560,68763.3,0.07,2719312,2719312,1774596961361,true
1862561,68760.5,0.07,2719313,2719313,1774596968209,true
1862562,68760.5,0.14,2719314,2719315,1774596968320,true
1862563,68760.5,0.14,2719316,2719318,1774596969205,true
1862564,68760.3,0.021,2719319,2719319,1774596971993,true
1862565,68765.5,0.02,2719320,2719321,1774596976091,false
1862566,68755.7,0.07,2719322,2719324,1774596978317,true
1862567,68755.7,0.03,2719325,2719326,1774596978488,true
1862568,68755.6,0.013,2719327,2719328,1774596981965,true
1862569,68760.9,0.008,2719329,2719330,1774596982580,false
1862570,68755.7,0.003,2719331,2719331,1774596983658,true
1862571,68751.7,0.014,2719332,2719332,1774597016204,true
1862572,68751.6,0.07,2719333,2719333,1774597016204,true
1862573,68762.7,0.001,2719334,2719334,1774597020278,true
1862574,68762.8,0.001,2719335,2719335,1774597021176,true
1862575,68762.0,0.07,2719336,2719336,1774597025261,true
1862576,68760.7,0.07,2719337,2719337,1774597026273,true
1862577,68754.0,0.07,2719338,2719338,1774597046427,true
1862578,68753.0,0.07,2719339,2719339,1774597056270,true
1862579,68748.5,0.07,2719340,2719340,1774597064533,true
1862580,68729.9,0.07,2719341,2719341,1774597065198,true
1862581,68722.9,0.07,2719342,2719342,1774597072908,true
1862582,68722.9,0.07,2719343,2719343,1774597073525,true
1862583,68728.7,0.031,2719344,2719344,1774597077525,true
1862584,68728.7,0.039,2719345,2719345,1774597080973,true
1862585,68746.4,0.07,2719346,2719346,1774597083178,true
1862586,68734.1,0.07,2719347,2719347,1774597091748,true
1862587,68736.2,0.07,2719348,2719348,1774597107269,true
1862588,68736.0,0.07,2719349,2719349,1774597107373,true
1862589,68736.0,0.051,2719350,2719350,1774597107474,true
1862590,68735.6,0.015,2719351,2719351,1774597109193,true
1862591,68735.6,0.061,2719352,2719352,1774597112589,true
1862592,68725.8,0.023,2719353,2719353,1774597118520,true
1862593,68715.9,0.07,2719354,2719354,1774597124154,true
1862594,68716.0,0.07,2719355,2719355,1774597124887,true
1862595,68718.9,0.07,2719356,2719356,1774597129337,false
1862596,68725.9,0.001,2719357,2719357,1774597129337,false
1862597,68732.8,0.001,2719358,2719358,1774597129337,false
1862598,68739.7,0.001,2719359,2719359,1774597129337,false
1862599,68744.7,0.028,2719360,2719360,1774597129337,false
1862600,68724.3,0.026,2719361,2719361,1774597170023,true
1862601,68724.2,0.046,2719362,2719362,1774597171170,true
1862602,68707.6,0.07,2719363,2719363,1774597175726,true
1862603,68711.9,0.07,2719364,2719364,1774597179427,true
1862604,68706.9,0.07,2719365,2719365,1774597197635,true
1862605,68707.0,0.07,2719366,2719366,1774597200414,true
1862606,68706.7,0.07,2719367,2719367,1774597201769,true
1862607,68706.7,0.025,2719368,2719368,1774597204199,true
1862608,68701.2,0.002,2719369,2719369,1774597210349,true
1862609,68701.8,0.07,2719370,2719370,1774597213337,true
1862610,68701.8,0.07,2719371,2719371,1774597215164,true
1862611,68710.3,0.07,2719372,2719372,1774597218729,true
1862612,68710.3,0.07,2719373,2719373,1774597221431,true
1862613,68710.0,0.032,2719374,2719374,1774597223298,true
1862614,68670.8,0.027,2719375,2719376,1774597225431,true
1862615,68669.4,0.004,2719377,2719377,1774597225431,true
1862616,68661.0,0.002,2719378,2719378,1774597225435,true
1862617,68670.8,0.003,2719379,2719379,1774597225439,true
1862618,68656.4,0.023,2719380,2719380,1774597225448,true
1862619,68633.0,0.001,2719381,2719381,1774597225455,true
1862620,68628.2,0.001,2719382,2719382,1774597225476,true
1862621,68613.7,0.002,2719383,2719383,1774597225476,true
1862622,68619.3,0.005,2719384,2719384,1774597225543,true
1862623,68601.0,0.002,2719385,2719385,1774597225577,true
1862624,68682.6,0.07,2719386,2719387,1774597225773,true
1862625,68649.6,0.07,2719388,2719388,1774597226248,true
1862626,68654.4,0.018,2719389,2719390,1774597226517,true
1862627,68654.4,0.052,2719391,2719394,1774597226636,true
1862628,68644.8,0.088,2719395,2719395,1774597233644,true
1862629,68644.6,0.088,2719396,2719396,1774597234329,true
1862630,68642.8,0.088,2719397,2719399,1774597234471,true
1862631,68640.6,0.077,2719400,2719403,1774597234636,true
1862632,68625.7,0.02,2719404,2719404,1774597234820,true
1862633,68641.4,0.016,2719405,2719405,1774597237318,true
1862634,68641.4,0.016,2719406,2719406,1774597237423,true
1862635,68626.2,0.011,2719407,2719407,1774597239225,true
1862636,68636.2,0.001,2719408,2719408,1774597245117,false
1862637,68643.1,0.001,2719409,2719409,1774597245604,false
1862638,68641.6,0.088,2719410,2719410,1774597248957,true
1862639,68645.3,0.088,2719411,2719411,1774597251260,true
1862640,68676.8,0.07,2719412,2719412,1774597360991,true
1862641,68676.6,0.07,2719413,2719413,1774597366077,true
1862642,68678.6,0.009,2719414,2719414,1774597435098,true
1862643,68668.1,0.07,2719415,2719415,1774597454998,true
1862644,68667.8,0.07,2719416,2719416,1774597459184,true
1862645,68667.6,0.068,2719417,2719417,1774597461879,true
1862646,68668.3,0.07,2719418,2719418,1774597464416,true
1862647,68667.1,0.07,2719419,2719419,1774597473400,true
1862648,68667.1,0.001,2719420,2719420,1774597482979,true
1862649,68667.0,0.07,2719421,2719421,1774597482979,true
1862650,68666.7,0.051,2719422,2719422,1774597484353,true
1862651,68666.7,0.07,2719423,2719423,1774597488112,true
1862652,68666.7,0.07,2719424,2719424,1774597491813,true
1862653,68666.7,0.044,2719425,2719425,1774597493362,true
1862654,68672.0,0.001,2719426,2719426,1774597500757,false
1862655,68665.9,0.07,2719427,2719427,1774597502278,true
1862656,68671.4,0.021,2719428,2719428,1774597503952,false
1862657,68674.2,0.02,2719429,2719430,1774597547963,true
1862658,68655.7,0.07,2719431,2719431,1774597548356,true
1862659,68655.7,0.07,2719432,2719432,1774597550797,true
1862660,68657.0,0.068,2719433,2719433,1774597554682,true
1862661,68671.7,0.07,2719434,2719434,1774597576887,true
1862662,68667.6,0.005,2719435,2719435,1774597576887,true
1862663,68667.5,0.006,2719436,2719437,1774597576887,true
1862664,68662.5,0.005,2719438,2719438,1774597576887,true
1862665,68660.6,0.001,2719439,2719439,1774597576887,true
1862666,68653.7,0.001,2719440,2719440,1774597576887,true
1862667,68646.8,0.001,2719441,2719441,1774597576887,true
1862668,68641.2,0.046,2719442,2719442,1774597576887,true
1862669,68671.6,0.07,2719443,2719443,1774597580321,true
1862670,68665.3,0.07,2719444,2719444,1774597651929,true
1862671,68663.3,0.005,2719445,2719445,1774597651929,true
1862672,68663.2,0.005,2719446,2719446,1774597651929,true
1862673,68662.0,0.005,2719447,2719447,1774597651929,true
1862674,68644.2,0.001,2719448,2719448,1774597741274,true
1862675,68644.2,0.015,2719449,2719449,1774597743930,true
1862676,68663.7,0.001,2719450,2719450,1774597781083,false
1862677,68675.6,0.035,2719451,2719451,1774597920015,false
1862678,68678.4,0.005,2719452,2719452,1774597920015,false
1862679,68678.5,0.005,2719453,2719453,1774597920015,false
1862680,68682.5,0.005,2719454,2719454,1774597920015,false
1862681,68684.5,0.002,2719455,2719455,1774597920019,false
1862682,68900.3,0.004,2719456,2719456,1774597920051,false
1862683,68975.5,0.001,2719457,2719457,1774597920051,false
1862684,69000.0,0.01,2719458,2719458,1774597920051,false
1862685,68669.4,0.001,2719459,2719459,1774597920058,true
1862686,69132.0,0.004,2719460,2719460,1774597920059,false
1862687,69200.7,0.08,2719461,2719462,1774597920059,false
1862688,69185.2,0.001,2719463,2719463,1774598023767,false
1862689,69185.2,0.001,2719464,2719464,1774598024064,false
1862690,69185.2,0.001,2719465,2719465,1774598029463,false
1862691,69185.2,0.001,2719466,2719466,1774598030066,false
1862692,68900.3,0.001,2719467,2719467,1774598101480,true
1862693,68900.3,0.003,2719468,2719468,1774598127044,true
1862694,68851.7,0.001,2719469,2719469,1774598127044,true
1862695,68669.4,0.003,2719470,2719470,1774598127044,true
1862696,68621.0,0.002,2719471,2719471,1774598127044,true
1862697,68531.0,0.003,2719472,2719472,1774598127044,true
1862698,68523.2,0.001,2719473,2719473,1774598127044,true
1862699,68500.1,0.005,2719474,2719474,1774598127044,true
1862700,68500.0,0.033,2719475,2719476,1774598127044,true
1862701,68450.1,0.015,2719477,2719477,1774598127044,true
1862702,68450.0,0.045,2719478,2719478,1774598127044,true
1862703,68502.7,0.001,2719479,2719479,1774598148813,true
1862704,68450.0,0.055,2719480,2719480,1774598148813,true
1862705,68439.3,0.004,2719481,2719481,1774598148813,true
1862706,68354.5,0.002,2719482,2719482,1774598148813,true
1862707,68300.0,0.004,2719483,2719484,1774598148813,true
1862708,68271.7,0.002,2719485,2719485,1774598148813,true
1862709,68258.1,0.002,2719486,2719486,1774598148813,true
1862710,68251.7,0.001,2719487,2719487,1774598148813,true
1862711,68210.0,0.004,2719488,2719488,1774598148813,true
1862712,68200.0,0.026,2719489,2719491,1774598148813,true
1862713,68142.9,0.001,2719492,2719492,1774598148813,true
1862714,68100.0,0.003,2719493,2719493,1774598148813,true
1862715,68058.1,0.002,2719494,2719494,1774598148813,true
1862716,68048.0,0.007,2719495,2719495,1774598148813,true
1862717,68000.0,0.193,2719496,2719503,1774598148813,true
1862718,68900.3,0.001,2719504,2719504,1774598148817,false
1862719,68000.0,0.028,2719505,2719507,1774598148817,true
1862720,67981.4,0.004,2719508,2719508,1774598148817,true
1862721,67951.3,0.001,2719509,2719509,1774598148817,true
1862722,67900.0,0.005,2719510,2719510,1774598148817,true
1862723,67857.0,0.162,2719511,2719511,1774598148817,true
1862724,68900.3,0.003,2719512,2719512,1774598148817,false
1862725,69132.0,0.004,2719513,2719513,1774598148817,false
1862726,69185.2,0.069,2719514,2719514,1774598148817,false
1862727,69300.0,0.001,2719515,2719515,1774598148817,false
1862728,69364.4,0.004,2719516,2719516,1774598148817,false
1862729,69393.5,0.131,2719517,2719517,1774598148817,false
1862730,67857.0,0.015,2719518,2719519,1774598148817,true
1862731,68100.5,0.001,2719520,2719520,1774598148820,false
1862732,67857.0,0.007,2719521,2719521,1774598148820,true
1862733,68439.3,0.004,2719522,2719522,1774598148821,false
1862734,68669.4,0.004,2719523,2719524,1774598148821,false
1862735,68714.2,0.001,2719525,2719525,1774598148821,false
1862736,69000.0,0.001,2719526,2719526,1774598148821,false
1862737,69393.5,0.013,2719527,2719527,1774598148821,false
1862738,69428.5,0.001,2719528,2719528,1774598148821,false
1862739,69500.0,0.001,2719529,2719529,1774598148821,false
1862740,69557.0,0.001,2719530,2719530,1774598148821,false
1862741,69597.6,0.004,2719531,2719531,1774598148821,false
1862742,69700.0,0.007,2719532,2719534,1774598148821,false
1862743,69800.0,0.088,2719535,2719536,1774598148821,false
1862744,67857.0,0.008,2719537,2719538,1774598148821,true
1862745,69800.0,0.014,2719539,2719540,1774598148821,false
1862746,67857.0,0.205,2719541,2719543,1774598148821,true
1862747,68210.0,0.004,2719544,2719544,1774598148822,false
1862748,69800.0,0.399,2719545,2719547,1774598148824,false
1862749,69831.7,0.004,2719548,2719548,1774598148825,false
1862750,69850.0,0.136,2719549,2719549,1774598148825,false
1862751,70000.0,0.041,2719550,2719553,1774598148825,false
1862752,70004.6,0.001,2719554,2719554,1774598148825,false
1862753,70066.4,0.004,2719555,2719555,1774598148825,false
1862754,70100.0,0.01,2719556,2719556,1774598148825,false
1862755,70142.8,0.001,2719557,2719557,1774598148825,false
1862756,70300.0,0.103,2719558,2719558,1774598148825,false
1862757,70302.0,0.004,2719559,2719559,1774598148825,false
1862758,70324.1,0.001,2719560,2719560,1774598148825,false
1862759,70400.0,0.001,2719561,2719561,1774598148825,false
1862760,70500.0,0.009,2719562,2719562,1774598148825,false
1862761,70518.9,0.001,2719563,2719563,1774598148825,false
1862762,70538.4,0.004,2719564,2719564,1774598148825,false
1862763,70775.6,0.004,2719565,2719565,1774598148825,false
1862764,70857.1,0.001,2719566,2719566,1774598148825,false
1862765,71013.6,0.004,2719567,2719567,1774598148825,false
1862766,71100.0,0.001,2719568,2719568,1774598148825,false
1862767,71235.8,0.001,2719569,2719569,1774598148825,false
1862768,71252.3,0.004,2719570,2719570,1774598148825,false
1862769,71300.0,0.011,2719571,2719571,1774598148825,false
1862770,71329.0,0.086,2719572,2719572,1774598148825,false
1862771,71333.0,0.4,2719573,2719574,1774598148825,false
1862772,71414.9,0.001,2719575,2719575,1774598148825,false
1862773,71491.9,0.004,2719576,2719576,1774598148825,false
1862774,71500.0,0.002,2719577,2719578,1774598148825,false
1862775,69364.4,0.004,2719579,2719579,1774598148825,true
1862776,69132.0,0.004,2719580,2719580,1774598148825,true
1862777,68900.3,0.004,2719581,2719581,1774598148825,true
1862778,68714.2,0.001,2719582,2719582,1774598148825,true
1862779,68439.3,0.004,2719583,2719583,1774598148825,true
1862780,68300.0,0.001,2719584,2719584,1774598148825,true
1862781,68210.0,0.004,2719585,2719585,1774598148825,true
1862782,68000.0,0.001,2719586,2719586,1774598148825,true
1862783,67857.0,0.053,2719587,2719587,1774598148825,true
1862784,69000.0,0.001,2719588,2719588,1774598148825,true
1862785,67951.3,0.001,2719589,2719589,1774598148825,true
1862786,67857.0,0.008,2719590,2719590,1774598148825,true
1862787,67981.4,0.004,2719591,2719591,1774598148828,true
1862788,67857.0,0.068,2719592,2719597,1774598148828,true
1862789,67855.0,0.004,2719598,2719598,1774598148828,true
1862790,67800.0,0.008,2719599,2719600,1774598148828,true
1862791,67778.0,0.006,2719601,2719601,1774598148828,true
1862792,67753.6,0.004,2719602,2719602,1774598148828,true
1862793,67706.0,0.005,2719603,2719603,1774598148828,true
1862794,67700.0,0.005,2719604,2719604,1774598148828,true
1862795,67662.0,0.128,2719605,2719606,1774598148828,true
1862796,67646.0,0.001,2719607,2719607,1774598148828,true
1862797,67600.0,0.006,2719608,2719610,1774598148828,true
1862798,67578.0,0.004,2719611,2719611,1774598148828,true
1862799,67550.0,0.121,2719612,2719614,1774598148828,true
1862800,67526.5,0.004,2719615,2719615,1774598148828,true
1862801,67500.0,0.012,2719616,2719620,1774598148828,true
1862802,67499.9,0.001,2719621,2719621,1774598148828,true
1862803,68900.3,0.004,2719622,2719622,1774598148828,false
1862804,71500.0,0.004,2719623,2719624,1774598148828,false
1862805,71571.4,0.001,2719625,2719625,1774598148828,false
1862806,71580.0,0.008,2719626,2719626,1774598148828,false
1862807,71700.0,0.006,2719627,2719627,1774598148828,false
1862808,71732.3,0.004,2719628,2719628,1774598148828,false
1862809,71777.0,0.004,2719629,2719629,1774598148828,false
1862810,71800.0,0.008,2719630,2719632,1774598148828,false
1862811,71877.0,0.012,2719633,2719634,1774598148828,false
1862812,71890.0,0.035,2719635,2719635,1774598148828,false
1862813,67488.0,0.44,2719636,2719641,1774598148828,true
1862814,71890.0,0.029,2719642,2719642,1774598148828,false
1862815,67488.0,0.29,2719643,2719647,1774598148828,true
1862816,70142.8,0.001,2719648,2719648,1774598148829,true
1862817,69428.5,0.001,2719649,2719649,1774598148829,true
1862818,69557.0,0.001,2719650,2719650,1774598148830,false
1862819,70400.0,0.001,2719651,2719651,1774598148830,true
1862820,70066.4,0.001,2719652,2719652,1774598148830,true
1862821,71252.3,0.004,2719653,2719653,1774598148830,true
1862822,71013.6,0.004,2719654,2719654,1774598148830,true
1862823,70775.6,0.004,2719655,2719655,1774598148830,true
1862824,70538.4,0.004,2719656,2719656,1774598148830,true
1862825,70302.0,0.004,2719657,2719657,1774598148830,true
1862826,71890.0,0.083,2719658,2719658,1774598148831,false
1862827,71900.0,0.037,2719659,2719662,1774598148831,false
1862828,71950.0,0.002,2719663,2719663,1774598148831,false
1862829,71966.0,0.001,2719664,2719664,1774598148831,false
1862830,71973.5,0.004,2719665,2719665,1774598148831,false
1862831,71986.0,0.001,2719666,2719666,1774598148831,false
1862832,72000.0,0.011,2719667,2719668,1774598148831,false
1862833,70066.4,0.003,2719669,2719670,1774598148831,true
1862834,69831.7,0.004,2719671,2719671,1774598148831,true
1862835,72000.0,0.001,2719672,2719672,1774598148831,false
1862836,69597.6,0.004,2719673,2719673,1774598148831,true
1862837,67488.0,0.143,2719674,2719677,1774598148831,true
1862838,70857.1,0.001,2719678,2719678,1774598148832,true
1862839,67753.6,0.004,2719679,2719679,1774598148832,false
1862840,67488.0,0.001,2719680,2719680,1774598148833,true
1862841,67981.4,0.004,2719681,2719681,1774598148833,false
1862842,68210.0,0.003,2719682,2719684,1774598148833,false
1862843,68300.0,0.001,2719685,2719685,1774598148833,false
1862844,68000.0,0.001,2719686,2719686,1774598148833,true
1862845,67951.3,0.001,2719687,2719687,1774598148833,true
1862846,67488.0,0.014,2719688,2719688,1774598148833,true
1862847,70142.8,0.001,2719689,2719689,1774598148833,false
1862848,67488.0,0.352,2719690,2719694,1774598148833,true
1862849,70857.1,0.001,2719695,2719695,1774598148833,false
1862850,72000.0,0.008,2719696,2719696,1774598148833,false
1862851,67488.0,0.008,2719697,2719697,1774598148834,true
1862852,69364.4,0.004,2719698,2719700,1774598148834,true
1862853,69132.0,0.004,2719701,2719702,1774598148834,true
1862854,68900.3,0.004,2719703,2719703,1774598148834,true
1862855,68439.3,0.004,2719704,2719704,1774598148834,true
1862856,67488.0,0.146,2719705,2719706,1774598148834,true
1862857,69000.0,0.001,2719707,2719707,1774598148836,true
1862858,70400.0,0.001,2719708,2719708,1774598148836,false
1862859,70538.4,0.003,2719709,2719709,1774598148836,false
1862860,68714.2,0.001,2719710,2719710,1774598148838,false
1862861,68900.3,0.001,2719711,2719711,1774598148838,false
1862862,68300.0,0.001,2719712,2719712,1774598148840,true
1862863,68210.0,0.004,2719713,2719714,1774598148840,true
1862864,67981.4,0.004,2719715,2719715,1774598148840,true
1862865,67753.6,0.004,2719716,2719716,1774598148840,true
1862866,67600.0,0.001,2719717,2719717,1774598148840,true
1862867,67526.5,0.004,2719718,2719719,1774598148840,true
1862868,67488.0,0.144,2719720,2719723,1774598148840,true
1862869,68669.4,0.001,2719724,2719724,1774598148841,false
1862870,68000.0,0.001,2719725,2719725,1774598148847,true
1862871,67488.0,0.005,2719726,2719726,1774598150294,true
1862872,67753.6,0.004,2719727,2719727,1774598150514,false
1862873,67981.4,0.003,2719728,2719728,1774598150514,false
1862874,68210.0,0.004,2719729,2719729,1774598150514,false
1862875,68300.0,0.001,2719730,2719730,1774598150514,false
1862876,68439.3,0.004,2719731,2719731,1774598150521,false
1862877,68210.0,0.004,2719732,2719732,1774598151620,true
1862878,67981.4,0.001,2719733,2719733,1774598151620,true
1862879,68439.3,0.004,2719734,2719734,1774598151630,false
1862880,68669.4,0.003,2719735,2719735,1774598151886,false
1862881,68714.2,0.001,2719736,2719736,1774598151886,false
1862882,68900.3,0.003,2719737,2719737,1774598151886,false
1862883,69000.0,0.001,2719738,2719738,1774598151886,false
1862884,69132.0,0.004,2719739,2719739,1774598151886,false
1862885,69364.4,0.004,2719740,2719740,1774598151886,false
1862886,69428.5,0.001,2719741,2719741,1774598151886,false
1862887,69557.0,0.001,2719742,2719742,1774598151886,false
1862888,69597.6,0.004,2719743,2719743,1774598151886,false
1862889,69700.0,0.001,2719744,2719744,1774598151886,false
1862890,69831.7,0.004,2719745,2719745,1774598151886,false
1862891,70066.4,0.002,2719746,2719746,1774598151886,false
1862892,69597.6,0.001,2719747,2719747,1774598156926,true
1862893,69597.6,0.003,2719748,2719748,1774598211372,true
1862894,69500.0,0.001,2719749,2719749,1774598211372,true
1862895,69364.4,0.004,2719750,2719750,1774598211372,true
1862896,69132.0,0.004,2719751,2719751,1774598211372,true
1862897,69000.0,0.001,2719752,2719752,1774598211372,true
1862898,68900.3,0.004,2719753,2719753,1774598211372,true
1862899,68714.2,0.001,2719754,2719754,1774598211372,true
1862900,68669.4,0.004,2719755,2719755,1774598211372,true
1862901,68439.3,0.004,2719756,2719756,1774598211372,true
1862902,68300.0,0.001,2719757,2719757,1774598211372,true
1862903,68210.0,0.004,2719758,2719758,1774598211372,true
1862904,68000.0,0.001,2719759,2719759,1774598211372,true
1862905,67981.4,0.003,2719760,2719760,1774598211372,true
1862906,67956.1,0.029,2719761,2719761,1774598211372,true
1862907,67951.3,0.001,2719762,2719762,1774598211372,true
1862908,67753.6,0.004,2719763,2719763,1774598211372,true
1862909,67600.0,0.001,2719764,2719764,1774598211372,true
1862910,67555.0,0.01,2719765,2719765,1774598211372,true
1862911,67526.5,0.004,2719766,2719766,1774598211372,true
1862912,67488.0,0.166,2719767,2719767,1774598211372,true
1862913,67753.6,0.004,2719768,2719768,1774598211381,false
1862914,67981.4,0.004,2719769,2719769,1774598211381,false
1862915,68210.0,0.004,2719770,2719770,1774598211381,false
1862916,68300.0,0.001,2719771,2719771,1774598211381,false
1862917,68439.3,0.004,2719772,2719772,1774598211381,false
1862918,68669.4,0.004,2719773,2719773,1774598226340,false
1862919,68714.2,0.001,2719774,2719774,1774598226340,false
1862920,68900.3,0.004,2719775,2719775,1774598226340,false
1862921,69000.0,0.001,2719776,2719776,1774598226340,false
1862922,69132.0,0.004,2719777,2719777,1774598306879,false
1862923,69260.0,0.004,2719778,2719778,1774598306879,false
1862924,68656.7,0.033,2719779,2719779,1774598514469,false
1862925,68656.7,0.059,2719780,2719782,1774598514473,true
1862926,68656.7,0.023,2719783,2719785,1774598514485,false
1862927,68656.7,0.006,2719786,2719786,1774598514497,true
1862928,68656.7,0.064,2719787,2719787,1774598514501,false
1862929,68656.7,0.002,2719788,2719788,1774598514505,true
1862930,68656.7,0.002,2719789,2719789,1774598514505,false
1862931,68656.7,0.004,2719790,2719790,1774598514508,true
1862932,68656.7,0.002,2719791,2719791,1774598514508,false
1862933,68656.7,0.222,2719792,2719793,1774598514512,true
1862934,68656.7,0.001,2719794,2719794,1774598514520,false
1862935,68656.7,0.002,2719795,2719795,1774598514524,true
1862936,68656.7,0.048,2719796,2719799,1774598514527,false
1862937,68656.7,0.204,2719800,2719808,1774598514543,true
1862938,68656.7,0.016,2719809,2719810,1774598514581,false
1862939,68656.7,0.219,2719811,2719813,1774598514589,true
1862940,68656.7,0.02,2719814,2719814,1774598514600,false
1862941,68656.7,1.59,2719815,2719820,1774598514604,true
1862942,68656.7,0.006,2719821,2719821,1774598514624,false
1862943,68656.7,0.237,2719822,2719823,1774598514628,true
1862944,68656.7,0.001,2719824,2719824,1774598514635,false
1862945,68656.7,0.016,2719825,2719825,1774598514639,true
1862946,68656.7,0.007,2719826,2719826,1774598514639,false
1862947,68656.7,0.994,2719827,2719829,1774598514643,true
1862948,68656.7,0.011,2719830,2719830,1774598514659,false
1862949,68656.7,0.056,2719831,2719832,1774598514663,true
1862950,68656.7,0.005,2719833,2719833,1774598514667,false
1862951,68656.7,0.058,2719834,2719837,1774598514671,true
1862952,68656.7,0.011,2719838,2719840,1774598514686,false
1862953,68656.7,1.769,2719841,2719842,1774598514697,true
1862954,68656.7,0.15,2719843,2719844,1774598514705,false
1862955,68656.7,0.005,2719845,2719845,1774598514713,true
1862956,68656.7,1.484,2719846,2719847,1774598514717,false
1862957,68656.7,0.018,2719848,2719848,1774598514724,true
1862958,68656.7,0.015,2719849,2719849,1774598514728,false
1862959,68656.7,0.388,2719850,2719853,1774598514732,true
1862960,68656.7,0.076,2719854,2719854,1774598514747,false
1862961,68656.7,0.013,2719855,2719856,1774598514751,true
1862962,68656.7,0.104,2719857,2719858,1774598514755,false
1862963,68656.7,1.028,2719859,2719864,1774598514763,true
1862964,68656.7,0.017,2719865,2719866,1774598514789,false
1862965,68656.7,0.005,2719867,2719868,1774598514797,true
1862966,68656.7,0.002,2719869,2719869,1774598514801,false
1862967,68656.7,0.881,2719870,2719886,1774598514804,true
1862968,68656.7,57.459,2719887,2719888,1774598514875,false
1862969,68656.7,0.002,2719889,2719889,1774598514883,true
1862970,68656.7,0.001,2719890,2719890,1774598514883,false
1862971,68656.7,1.073,2719891,2719894,1774598514886,true
1862972,68656.7,0.002,2719895,2719895,1774598514901,false
1862973,68656.7,0.001,2719896,2719896,1774598514905,true
1862974,68656.7,0.004,2719897,2719897,1774598514909,false
1862975,68656.7,0.034,2719898,2719899,1774598514913,true
1862976,68656.7,0.001,2719900,2719900,1774598514920,false
1862977,68656.7,0.065,2719901,2719903,1774598514924,true
1862978,68656.7,5.5,2719904,2719905,1774598514936,false
1862979,68656.7,0.003,2719906,2719906,1774598514944,true
1862980,68656.7,7.272,2719907,2719907,1774598514948,false
1862981,68656.7,0.132,2719908,2719913,1774598514953,true
1862982,68656.7,0.159,2719914,2719915,1774598514980,false
1862983,68656.7,0.345,2719916,2719923,1774598514988,true
1862984,68656.7,0.023,2719924,2719924,1774598515022,false
1862985,68656.7,0.479,2719925,2719927,1774598515026,true
1862986,68656.7,0.007,2719928,2719928,1774598515036,false
1862987,68656.7,0.015,2719929,2719930,1774598515040,true
1862988,68656.7,0.001,2719931,2719931,1774598515052,false
1862989,68656.7,1.542,2719932,2719933,1774598515055,true
1862990,68656.7,0.017,2719934,2719934,1774598515063,false
1862991,68656.7,0.145,2719935,2719937,1774598515067,true
1862992,68656.7,3.422,2719938,2719939,1774598515074,false
1862993,68656.7,0.16,2719940,2719943,1774598515086,true
1862994,68656.7,0.011,2719944,2719945,1774598515097,false
1862995,68656.7,0.018,2719946,2719946,1774598515104,true
1862996,68656.7,0.015,2719947,2719947,1774598515104,false
1862997,68656.7,0.01,2719948,2719948,1774598515108,true
1862998,68656.7,0.001,2719949,2719949,1774598515112,false
1862999,68656.7,0.009,2719950,2719950,1774598515115,true
1863000,68656.7,0.001,2719951,2719951,1774598515119,false
1863001,68656.7,0.016,2719952,2719954,1774598515123,true
1863002,68656.7,0.028,2719955,2719955,1774598515134,false
1863003,68656.7,0.506,2719956,2719960,1774598515138,true
1863004,68656.7,0.027,2719961,2719963,1774598515157,false
1863005,68656.7,0.013,2719964,2719966,1774598515168,true
1863006,68656.7,1.701,2719967,2719968,1774598515183,false
1863007,68656.7,0.001,2719969,2719969,1774598515190,true
1863008,68656.7,2.705,2719970,2719970,1774598515194,false
1863009,68656.7,0.585,2719971,2719975,1774598515198,true
1863010,68656.7,0.745,2719976,2719978,1774598515217,false
1863011,68656.7,0.011,2719979,2719979,1774598515239,true
1863012,68656.7,0.01,2719980,2719980,1774598515243,false
1863013,68656.7,0.269,2719981,2719982,1774598515246,true
1863014,68656.7,0.054,2719983,2719983,1774598515254,false
1863015,68656.7,0.094,2719984,2719985,1774598515258,true
1863016,68656.7,0.136,2719986,2719986,1774598515265,false
1863017,68656.7,0.291,2719987,2719988,1774598515269,true
1863018,68656.7,0.018,2719989,2719989,1774598515276,false
1863019,68656.7,0.379,2719990,2719993,1774598515280,true
1863020,68656.7,0.05,2719994,2719994,1774598515291,false
1863021,68656.7,0.01,2719995,2719995,1774598515295,true
1863022,68656.7,0.031,2719996,2719996,1774598515298,false
1863023,68656.7,0.06,2719997,2719998,1774598515302,true
1863024,68656.7,0.3,2719999,2719999,1774598515309,false
1863025,68656.7,1.34,2720000,2720004,1774598515313,true
1863026,68656.7,3.702,2720005,2720008,1774598515331,false
1863027,68656.7,0.002,2720009,2720009,1774598515351,true
1863028,68656.7,0.025,2720010,2720010,1774598515358,false
1863029,68656.7,0.008,2720011,2720011,1774598515362,true
1863030,68656.7,0.041,2720012,2720012,1774598515369,false
1863031,68656.7,331.561,2720013,2720019,1774598515373,true
1863032,68656.7,0.046,2720020,2720020,1774598515407,false
1863033,68656.7,0.002,2720021,2720021,1774598515411,true
1863034,68656.7,4.317,2720022,2720022,1774598515415,false
1863035,68656.7,0.001,2720023,2720023,1774598515419,true
1863036,68656.7,0.002,2720024,2720024,1774598515422,false
1863037,68656.7,0.075,2720025,2720032,1774598515426,true
1863038,68656.7,0.003,2720033,2720033,1774598515456,false
1863039,68656.7,0.097,2720034,2720036,1774598515460,true
1863040,68656.7,0.051,2720037,2720037,1774598515475,false
1863041,68656.7,0.009,2720038,2720039,1774598515478,true
1863042,68656.7,0.01,2720040,2720040,1774598515485,false
1863043,68656.7,0.211,2720041,2720046,1774598515493,true
1863044,68656.7,0.001,2720047,2720047,1774598515518,false
1863045,68656.7,0.001,2720048,2720048,1774598515522,true
1863046,68656.7,0.001,2720049,2720049,1774598515533,false
1863047,68656.7,3.107,2720050,2720051,1774598515537,true
1863048,68656.7,0.081,2720052,2720053,1774598515544,false
1863049,68656.7,0.033,2720054,2720056,1774598515552,true
1863050,68656.7,0.014,2720057,2720057,1774598515559,false
1863051,68656.7,0.026,2720058,2720063,1774598515563,true
1863052,68656.7,0.016,2720064,2720064,1774598515586,false
1863053,68656.7,0.001,2720065,2720065,1774598515590,true
1863054,68656.7,0.215,2720066,2720066,1774598515593,false
1863055,68656.7,0.544,2720067,2720069,1774598515597,true
1863056,68656.7,0.006,2720070,2720070,1774598515608,false
1863057,68656.7,0.018,2720071,2720071,1774598515612,true
1863058,68656.7,3.0,2720072,2720072,1774598515615,false
1863059,68656.7,0.097,2720073,2720078,1774598515619,true
1863060,68656.7,0.587,2720079,2720080,1774598515641,false
1863061,68656.7,0.031,2720081,2720081,1774598515649,true
1863062,68656.7,0.014,2720082,2720082,1774598515649,false
1863063,68656.7,0.239,2720083,2720085,1774598515653,true
1863064,68656.7,0.003,2720086,2720086,1774598515663,false
1863065,68656.7,0.32,2720087,2720087,1774598515671,true
1863066,68656.7,0.004,2720088,2720088,1774598515674,false
1863067,68656.7,0.008,2720089,2720090,1774598515678,true
1863068,68656.7,0.001,2720091,2720091,1774598515685,false
1863069,68656.7,0.006,2720092,2720092,1774598515689,true
1863070,68656.7,0.112,2720093,2720094,1774598515696,false
1863071,68656.7,0.034,2720095,2720095,1774598515704,true
1863072,68656.7,0.114,2720096,2720097,1774598515704,false
1863073,68656.7,1.729,2720098,2720099,1774598515711,true
1863074,68656.7,0.133,2720100,2720100,1774598515719,false
1863075,68656.7,0.292,2720101,2720101,1774598515723,true
1863076,68656.7,0.069,2720102,2720102,1774598515726,false
1863077,68656.7,0.267,2720103,2720103,1774598515729,true
1863078,68656.7,18.94,2720104,2720107,1774598515733,false
1863079,68656.7,0.009,2720108,2720109,1774598515748,true
1863080,68656.7,0.025,2720110,2720112,1774598515759,false
1863081,68656.7,0.003,2720113,2720113,1774598515770,true
1863082,68656.7,0.038,2720114,2720115,1774598515774,false
1863083,68656.7,0.003,2720116,2720116,1774598515786,true
1863084,68656.7,0.198,2720117,2720120,1774598515789,false
1863085,68656.7,0.068,2720121,2720122,1774598515816,true
1863086,68656.7,0.025,2720123,2720124,1774598515826,false
1863087,68656.7,1.114,2720125,2720128,1774598515834,true
1863088,68656.7,0.007,2720129,2720129,1774598515848,false
1863089,68656.7,0.049,2720130,2720136,1774598515852,true
1863090,68656.7,0.006,2720137,2720138,1774598515874,false
1863091,68656.7,0.001,2720139,2720139,1774598515881,true
1863092,68656.7,1.9,2720140,2720140,1774598515885,false
1863093,68656.7,1.505,2720141,2720147,1774598515888,true
1863094,68656.7,1.015,2720148,2720153,1774598515915,false
1863095,68656.7,0.013,2720154,2720154,1774598515937,true
1863096,68656.7,19.076,2720155,2720156,1774598515940,false
1863097,68656.7,0.543,2720157,2720161,1774598515948,true
1863098,68656.7,0.006,2720162,2720163,1774598515966,false
1863099,68656.7,0.116,2720164,2720166,1774598515974,true
1863100,68656.7,0.03,2720167,2720167,1774598515984,false
1863101,68656.7,0.001,2720168,2720168,1774598515988,true
1863102,68656.7,0.01,2720169,2720169,1774598515992,false
1863103,68656.7,0.307,2720170,2720174,1774598515996,true
1863104,68656.7,0.014,2720175,2720175,1774598516011,false
1863105,68656.7,0.005,2720176,2720176,1774598516014,true
1863106,68656.7,0.007,2720177,2720178,1774598516018,false
1863107,68656.7,0.117,2720179,2720179,1774598516026,true
1863108,68656.7,0.027,2720180,2720180,1774598516030,false
1863109,68656.7,0.505,2720181,2720181,1774598516033,true
1863110,68656.7,0.507,2720182,2720185,1774598516037,false
1863111,68656.7,0.005,2720186,2720186,1774598516052,true
1863112,68656.7,0.001,2720187,2720187,1774598516056,false
1863113,68656.7,1.001,2720188,2720189,1774598516059,true
1863114,68656.7,0.923,2720190,2720191,1774598516070,false
1863115,68656.7,0.393,2720192,2720193,1774598516078,true
1863116,68656.7,0.002,2720194,2720194,1774598516085,false
1863117,68656.7,0.003,2720195,2720195,1774598516089,true
1863118,68656.7,0.4,2720196,2720196,1774598516093,false
1863119,68656.7,0.078,2720197,2720201,1774598516096,true
1863120,68656.7,3.487,2720202,2720202,1774598516115,false
1863121,68656.7,0.002,2720203,2720203,1774598516118,true
1863122,68656.7,20.213,2720204,2720205,1774598516122,false
1863123,68656.7,0.233,2720206,2720207,1774598516130,true
1863124,68656.7,0.281,2720208,2720209,1774598516137,false
1863125,68656.7,0.109,2720210,2720210,1774598516149,true
1863126,68656.7,0.239,2720211,2720211,1774598516152,false
1863127,68656.7,0.003,2720212,2720212,1774598516156,true
1863128,68656.7,0.01,2720213,2720213,1774598516156,false
1863129,68656.7,0.195,2720214,2720215,1774598516159,true
1863130,68656.7,0.348,2720216,2720218,1774598516167,false
1863131,68656.7,0.004,2720219,2720219,1774598516178,true
1863132,68656.7,0.294,2720220,2720220,1774598516182,false
1863133,68656.7,0.055,2720221,2720224,1774598516186,true
1863134,68656.7,2.116,2720225,2720231,1774598516204,false
1863135,68656.7,0.008,2720232,2720233,1774598516231,true
1863136,68656.7,0.021,2720234,2720236,1774598516238,false
1863137,68656.7,0.076,2720237,2720238,1774598516249,true
1863138,68656.7,0.013,2720239,2720239,1774598516253,false
1863139,68656.7,0.75,2720240,2720241,1774598516260,true
1863140,68656.7,1.633,2720242,2720244,1774598516268,false
1863141,68656.7,0.474,2720245,2720250,1774598516279,true
1863142,68656.7,0.004,2720251,2720251,1774598516301,false
1863143,68656.7,0.006,2720252,2720253,1774598516305,true
1863144,68656.7,0.04,2720254,2720254,1774598516312,false
1863145,68656.7,0.15,2720255,2720256,1774598516316,true
1863146,68656.7,0.002,2720257,2720257,1774598516323,false
1863147,68656.7,0.204,2720258,2720262,1774598516327,true
1863148,68656.7,4.977,2720263,2720265,1774598516346,false
1863149,68656.7,0.018,2720266,2720267,1774598516357,true
1863150,68656.7,0.264,2720268,2720269,1774598516364,false
1863151,68656.7,0.012,2720270,2720270,1774598516372,true
1863152,68656.7,4.121,2720271,2720271,1774598516375,false
1863153,68656.7,0.132,2720272,2720275,1774598516383,true
1863154,68656.7,0.025,2720276,2720278,1774598516394,false
1863155,68656.7,0.013,2720279,2720280,1774598516406,true
1863156,68656.7,0.043,2720281,2720281,1774598516413,false
1863157,68656.7,0.153,2720282,2720287,1774598516417,true
1863158,68656.7,0.007,2720288,2720288,1774598516439,false
1863159,68656.7,0.011,2720289,2720289,1774598516442,true
1863160,68656.7,0.004,2720290,2720290,1774598516446,false
1863161,68656.7,0.06,2720291,2720291,1774598516449,true
1863162,68656.7,0.039,2720292,2720293,1774598516453,false
1863163,68656.7,0.021,2720294,2720294,1774598516460,true
1863164,68656.7,0.025,2720295,2720295,1774598516467,false
1863165,68656.7,3.413,2720296,2720299,1774598516471,true
1863166,68656.7,0.003,2720300,2720300,1774598516485,false
1863167,68656.7,0.006,2720301,2720301,1774598516489,true
1863168,68656.7,0.046,2720302,2720304,1774598516492,false
1863169,68656.7,0.152,2720305,2720308,1774598516503,true
1863170,68656.7,0.005,2720309,2720310,1774598516517,false
1863171,68656.7,0.002,2720311,2720311,1774598516525,true
1863172,68656.7,0.008,2720312,2720312,1774598516529,false
1863173,68656.7,0.018,2720313,2720314,1774598516532,true
1863174,68656.7,0.003,2720315,2720315,1774598516540,false
1863175,68656.7,0.005,2720316,2720316,1774598516544,true
1863176,68656.7,0.019,2720317,2720317,1774598516547,false
1863177,68656.7,0.184,2720318,2720322,1774598516551,true
1863178,68656.7,0.005,2720323,2720325,1774598516573,false
1863179,68656.7,0.008,2720326,2720326,1774598516587,true
1863180,68656.7,0.029,2720327,2720328,1774598516587,false
1863181,68656.7,0.415,2720329,2720334,1774598516595,true
1863182,68656.7,0.002,2720335,2720335,1774598516617,false
1863183,68656.7,0.02,2720336,2720336,1774598516621,true
1863184,68656.7,0.053,2720337,2720338,1774598516625,false
1863185,68656.7,0.588,2720339,2720340,1774598516632,true
1863186,68656.7,0.015,2720341,2720341,1774598516640,false
1863187,68656.7,0.193,2720342,2720345,1774598516643,true
1863188,68656.7,0.001,2720346,2720346,1774598516658,false
1863189,68656.7,0.111,2720347,2720349,1774598516662,true
1863190,68656.7,0.123,2720350,2720351,1774598516677,false
1863191,68656.7,0.002,2720352,2720352,1774598516684,true
1863192,68656.7,0.001,2720353,2720353,1774598516684,false
1863193,68656.7,0.1,2720354,2720354,1774598516688,true
1863194,68656.7,5.75,2720355,2720355,1774598516692,false
1863195,68656.7,0.005,2720356,2720356,1774598516696,true
1863196,68656.7,0.002,2720357,2720357,1774598516699,false
1863197,68656.7,0.25,2720358,2720359,1774598516703,true
1863198,68656.7,0.002,2720360,2720360,1774598516714,false
1863199,68656.7,0.001,2720361,2720361,1774598516718,true
1863200,68656.7,0.31,2720362,2720363,1774598516721,false
1863201,68656.7,1.003,2720364,2720366,1774598516728,true
1863202,68656.7,0.068,2720367,2720369,1774598516739,false
1863203,68656.7,0.03,2720370,2720370,1774598516751,true
1863204,68656.7,0.001,2720371,2720371,1774598516758,false
1863205,68656.7,0.002,2720372,2720373,1774598516762,true
1863206,68656.7,0.744,2720374,2720375,1774598516770,false
1863207,68656.7,0.012,2720376,2720376,1774598516778,true
1863208,68656.7,0.917,2720377,2720378,1774598516778,false
1863209,68656.7,0.044,2720379,2720382,1774598516785,true
1863210,68656.7,0.372,2720383,2720383,1774598516800,false
1863211,68656.7,0.035,2720384,2720385,1774598516804,true
1863212,68656.7,5.832,2720386,2720388,1774598516812,false
1863213,68656.7,0.002,2720389,2720389,1774598516830,true
1863214,68656.7,0.009,2720390,2720391,1774598516830,false
1863215,68656.7,0.025,2720392,2720395,1774598516838,true
1863216,68656.7,0.016,2720396,2720396,1774598516849,false
1863217,68656.7,0.001,2720397,2720397,1774598516853,true
1863218,68656.7,0.546,2720398,2720399,1774598516856,false
1863219,68656.7,0.023,2720400,2720401,1774598516863,true
1863220,68656.7,0.504,2720402,2720402,1774598516870,false
1863221,68656.7,0.662,2720403,2720405,1774598516874,true
1863222,68656.7,0.018,2720406,2720407,1774598516889,false
1863223,68656.7,0.052,2720408,2720409,1774598516897,true
1863224,68656.7,0.3,2720410,2720410,1774598516904,false
1863225,68656.7,0.13,2720411,2720411,1774598516907,true
1863226,68656.7,0.1,2720412,2720412,1774598516907,false
1863227,68656.7,0.006,2720413,2720413,1774598516911,true
1863228,68656.7,0.634,2720414,2720415,1774598516914,false
1863229,68656.7,0.102,2720416,2720417,1774598516922,true
1863230,68656.7,0.176,2720418,2720422,1774598516929,false
1863231,68656.7,0.042,2720423,2720426,1774598516950,true
1863232,68656.7,1.823,2720427,2720430,1774598516965,false
1863233,68656.7,0.006,2720431,2720432,1774598516984,true
1863234,68656.7,0.631,2720433,2720435,1774598516991,false
1863235,68656.7,0.001,2720436,2720436,1774598517002,true
1863236,68656.7,0.025,2720437,2720437,1774598517006,false
1863237,68656.7,1.014,2720438,2720439,1774598517009,true
1863238,68656.7,0.058,2720440,2720440,1774598517017,false
1863239,68656.7,13.651,2720441,2720443,1774598517020,true
1863240,68656.7,156.084,2720444,2720444,1774598517032,false
1863241,68656.7,0.003,2720445,2720445,1774598517035,true
1863242,68656.7,0.021,2720446,2720446,1774598517038,false
1863243,68656.7,0.003,2720447,2720447,1774598517042,true
1863244,68656.7,0.043,2720448,2720448,1774598517046,false
1863245,68656.7,0.029,2720449,2720450,1774598517053,true
1863246,68656.7,0.006,2720451,2720451,1774598517057,false
1863247,68656.7,0.031,2720452,2720453,1774598517064,true
1863248,68656.7,0.028,2720454,2720454,1774598517076,false
1863249,68656.7,0.214,2720455,2720456,1774598517079,true
1863250,68656.7,0.077,2720457,2720457,1774598517087,false
1863251,68656.7,0.007,2720458,2720460,1774598517090,true
1863252,68656.7,0.048,2720461,2720461,1774598517101,false
1863253,68656.7,0.038,2720462,2720462,1774598517105,true
1863254,68656.7,1.003,2720463,2720464,1774598517108,false
1863255,68656.7,0.003,2720465,2720465,1774598517115,true
1863256,68656.7,0.086,2720466,2720466,1774598517119,false
1863257,68656.7,0.39,2720467,2720469,1774598517126,true
1863258,68656.7,0.172,2720470,2720471,1774598517137,false
1863259,68656.7,0.161,2720472,2720474,1774598517148,true
1863260,68656.7,11.712,2720475,2720475,1774598517159,false
1863261,68656.7,0.001,2720476,2720476,1774598517163,true
1863262,68656.7,0.001,2720477,2720477,1774598517163,false
1863263,68656.7,0.173,2720478,2720481,1774598517166,true
1863264,68656.7,0.028,2720482,2720483,1774598517184,false
1863265,68656.7,0.001,2720484,2720484,1774598517195,true
1863266,68656.7,0.002,2720485,2720485,1774598517199,false
1863267,68656.7,0.148,2720486,2720489,1774598517202,true
1863268,68656.7,0.001,2720490,2720490,1774598517228,false
1863269,68656.7,0.011,2720491,2720492,1774598517232,true
1863270,68656.7,0.041,2720493,2720493,1774598517239,false
1863271,68656.7,0.107,2720494,2720500,1774598517243,true
1863272,68656.7,0.051,2720501,2720502,1774598517269,false
1863273,68656.7,0.339,2720503,2720506,1774598517276,true
1863274,68656.7,0.07,2720507,2720509,1774598517287,false
1863275,68656.7,0.034,2720510,2720512,1774598517302,true
1863276,68656.7,0.005,2720513,2720513,1774598517313,false
1863277,68656.7,0.383,2720514,2720519,1774598517317,true
1863278,68656.7,1.007,2720520,2720521,1774598517339,false
1863279,68656.7,0.064,2720522,2720524,1774598517347,true
1863280,68656.7,0.002,2720525,2720526,1774598517358,false
1863281,68656.7,0.007,2720527,2720527,1774598517365,true
1863282,68656.7,0.075,2720528,2720530,1774598517368,false
1863283,68656.7,0.018,2720531,2720531,1774598517383,true
1863284,68656.7,0.028,2720532,2720533,1774598517387,false
1863285,68656.7,0.022,2720534,2720535,1774598517394,true
1863286,68656.7,0.033,2720536,2720536,1774598517401,false
1863287,68656.7,0.007,2720537,2720538,1774598517405,true
1863288,68656.7,0.105,2720539,2720540,1774598517412,false
1863289,68656.7,0.317,2720541,2720547,1774598517420,true
1863290,68656.7,0.1,2720548,2720548,1774598517451,false
1863291,68656.7,0.022,2720549,2720549,1774598517454,true
1863292,68656.7,0.001,2720550,2720550,1774598517458,false
1863293,68656.7,0.17,2720551,2720555,1774598517462,true
1863294,68656.7,0.011,2720556,2720557,1774598517485,false
1863295,68656.7,0.002,2720558,2720558,1774598517492,true
1863296,68656.7,0.126,2720559,2720561,1774598517496,false
1863297,68656.7,0.104,2720562,2720562,1774598517506,true
1863298,68656.7,0.228,2720563,2720563,1774598517513,false
1863299,68656.7,0.089,2720564,2720565,1774598517517,true
1863300,68656.7,0.079,2720566,2720567,1774598517525,false
1863301,68656.7,0.15,2720568,2720568,1774598517531,true
1863302,68656.7,1.049,2720569,2720570,1774598517534,false
1863303,68656.7,0.192,2720571,2720573,1774598517542,true
1863304,68656.7,0.002,2720574,2720574,1774598517553,false
1863305,68656.7,0.01,2720575,2720576,1774598517556,true
1863306,68656.7,0.008,2720577,2720577,1774598517564,false
1863307,68656.7,0.007,2720578,2720580,1774598517567,true
1863308,68656.7,3.205,2720581,2720581,1774598517578,false
1863309,68656.7,0.547,2720582,2720586,1774598517582,true
1863310,68656.7,0.002,2720587,2720587,1774598517604,false
1863311,68656.7,0.181,2720588,2720592,1774598517612,true
1863312,68656.7,0.009,2720593,2720595,1774598517638,false
1863313,68656.7,0.198,2720596,2720603,1774598517649,true
1863314,68656.7,0.021,2720604,2720604,1774598517679,false
1863315,68656.7,0.158,2720605,2720606,1774598517683,true
1863316,68656.7,0.001,2720607,2720607,1774598517690,false
1863317,68656.7,0.061,2720608,2720609,1774598517694,true
1863318,68656.7,0.001,2720610,2720610,1774598517705,false
1863319,68656.7,0.01,2720611,2720611,1774598517708,true
1863320,68656.7,9.825,2720612,2720614,1774598517712,false
1863321,68656.7,0.041,2720615,2720616,1774598517723,true
1863322,68656.7,0.001,2720617,2720617,1774598517730,false
1863323,68656.7,0.221,2720618,2720618,1774598517733,true
1863324,68656.7,0.25,2720619,2720620,1774598517733,false
1863325,68656.7,0.022,2720621,2720622,1774598517741,true
1863326,68656.7,0.007,2720623,2720623,1774598517745,false
1863327,68656.7,0.033,2720624,2720627,1774598517749,true
1863328,68656.7,0.891,2720628,2720628,1774598517764,false
1863329,68656.7,0.149,2720629,2720632,1774598517767,true
1863330,68656.7,0.002,2720633,2720633,1774598517782,false
1863331,68656.7,0.342,2720634,2720637,1774598517786,true
1863332,68656.7,0.007,2720638,2720638,1774598517797,false
1863333,68656.7,0.03,2720639,2720640,1774598517800,true
1863334,68656.7,0.121,2720641,2720642,1774598517807,false
1863335,68656.7,0.073,2720643,2720646,1774598517815,true
1863336,68656.7,0.007,2720647,2720647,1774598517826,false
1863337,68656.7,0.098,2720648,2720651,1774598517829,true
1863338,68656.7,0.014,2720652,2720652,1774598517844,false
1863339,68656.7,0.058,2720653,2720653,1774598517848,true
1863340,68656.7,0.156,2720654,2720655,1774598517852,false
1863341,68656.7,0.001,2720656,2720656,1774598517859,true
1863342,68656.7,0.082,2720657,2720657,1774598517863,false
1863343,68656.7,0.03,2720658,2720658,1774598517866,true
1863344,68656.7,0.021,2720659,2720660,1774598517866,false
1863345,68656.7,0.001,2720661,2720661,1774598517881,true
1863346,68656.7,0.663,2720662,2720664,1774598517885,false
1863347,68656.7,0.046,2720665,2720665,1774598517899,true
1863348,68656.7,0.012,2720666,2720666,1774598517903,false
1863349,68656.7,0.272,2720667,2720668,1774598517906,true
1863350,68656.7,2.071,2720669,2720670,1774598517914,false
1863351,68656.7,0.143,2720671,2720674,1774598517921,true
1863352,68656.7,0.043,2720675,2720675,1774598517936,false
1863353,68656.7,0.003,2720676,2720676,1774598517939,true
1863354,68656.7,0.022,2720677,2720678,1774598517943,false
1863355,68656.7,0.003,2720679,2720679,1774598517951,true
1863356,68656.7,5.105,2720680,2720683,1774598517954,false
1863357,68656.7,0.073,2720684,2720685,1774598517972,true
1863358,68656.7,0.257,2720686,2720687,1774598517979,false
1863359,68656.7,0.012,2720688,2720688,1774598517986,true
1863360,68656.7,0.003,2720689,2720689,1774598517990,false
1863361,68656.7,0.056,2720690,2720692,1774598517994,true
1863362,68656.7,0.001,2720693,2720693,1774598518004,false
1863363,68656.7,0.001,2720694,2720694,1774598518008,true
1863364,68656.7,0.507,2720695,2720695,1774598518012,false
1863365,68656.7,0.035,2720696,2720696,1774598518016,true
1863366,68656.7,0.006,2720697,2720697,1774598518019,false
1863367,68656.7,0.035,2720698,2720698,1774598518023,true
1863368,68656.7,0.61,2720699,2720700,1774598518026,false
