timestamp,percentage,depth,notional
2026-03-27 00:00:08,-5.00,72.89500000,4965564.60470000
2026-03-27 00:00:08,-4.00,72.57100000,4944257.77890000
2026-03-27 00:00:08,-3.00,67.90700000,4633580.21740000
2026-03-27 00:00:08,-2.00,60.56200000,4140813.07810000
2026-03-27 00:00:08,-1.00,46.40400000,3182346.53970000
2026-03-27 00:00:08,-0.20,4.01400000,276099.67270000
2026-03-27 00:00:08,0.20,3.83500000,264373.99270000
2026-03-27 00:00:08,1.00,49.45000000,3418309.75020000
2026-03-27 00:00:08,2.00,59.22700000,4101933.43280000
2026-03-27 00:00:08,3.00,66.60800000,4623749.66520000
2026-03-27 00:00:08,4.00,69.73900000,4846596.16030000
2026-03-27 00:00:08,5.00,70.30400000,4887315.80520000
2026-03-27 00:00:46,-5.00,84.16900000,5728871.43180000
2026-03-27 00:00:46,-4.00,83.85300000,5708093.40600000
2026-03-27 00:00:46,-3.00,81.33200000,5540527.16780000
2026-03-27 00:00:46,-2.00,72.78500000,4968139.71580000
2026-03-27 00:00:46,-1.00,50.88600000,3483342.06210000
2026-03-27 00:00:46,-0.20,4.98600000,342652.44580000
2026-03-27 00:00:46,0.20,6.25800000,430966.98020000
2026-03-27 00:00:46,1.00,55.67600000,3845453.47980000
2026-03-27 00:00:46,2.00,65.00500000,4496970.76160000
2026-03-27 00:00:46,3.00,72.08400000,4996472.11630000
2026-03-27 00:00:46,4.00,76.83600000,5334255.96770000
2026-03-27 00:00:46,5.00,77.19600000,5360151.77830000
2026-03-27 00:01:00,-5.00,84.16900000,5728871.43180000
2026-03-27 00:01:00,-4.00,83.85300000,5708093.40600000
2026-03-27 00:01:00,-3.00,81.33200000,5540527.16780000
2026-03-27 00:01:00,-2.00,72.78500000,4968139.71580000
2026-03-27 00:01:00,-1.00,50.88600000,3483342.06210000
2026-03-27 00:01:00,-0.20,4.98600000,342652.44580000
2026-03-27 00:01:00,0.20,6.25800000,430966.98020000
2026-03-27 00:01:00,1.00,55.67600000,3845453.47980000
2026-03-27 00:01:00,2.00,65.00500000,4496970.76160000
2026-03-27 00:01:00,3.00,72.08400000,4996472.11630000
2026-03-27 00:01:00,4.00,76.83600000,5334255.96770000
2026-03-27 00:01:00,5.00,77.19600000,5360151.77830000
2026-03-27 00:01:32,-5.00,87.53600000,5962438.53490000
2026-03-27 00:01:32,-4.00,87.22000000,5941660.50910000
2026-03-27 00:01:32,-3.00,83.35700000,5684646.29030000
2026-03-27 00:01:32,-2.00,75.46200000,5155746.38920000
2026-03-27 00:01:32,-1.00,60.44800000,4139736.60760000
2026-03-27 00:01:32,-0.20,4.73100000,325077.48180000
2026-03-27 00:01:32,0.20,5.33800000,367583.54670000
2026-03-27 00:01:32,1.00,58.91000000,4069326.52830000
2026-03-27 00:01:32,2.00,67.74800000,4686623.64910000
2026-03-27 00:01:32,3.00,74.89300000,5190921.28920000
2026-03-27 00:01:32,4.00,79.37900000,5509861.70300000
2026-03-27 00:01:32,5.00,79.73900000,5535757.51360000
2026-03-27 00:02:01,-5.00,88.59500000,6034870.31370000
2026-03-27 00:02:01,-4.00,88.28600000,6014554.50420000
2026-03-27 00:02:01,-3.00,85.30700000,5816530.40050000
2026-03-27 00:02:01,-2.00,76.52100000,5228178.16800000
2026-03-27 00:02:01,-1.00,61.51000000,4212372.68640000
2026-03-27 00:02:01,-0.20,7.75800000,532831.69480000
2026-03-27 00:02:01,0.20,6.00900000,413785.34930000
2026-03-27 00:02:01,1.00,58.75200000,4058111.25680000
2026-03-27 00:02:01,2.00,67.36300000,4659482.98830000
2026-03-27 00:02:01,3.00,74.19000000,5141092.17850000
2026-03-27 00:02:01,4.00,79.22100000,5498642.28710000
2026-03-27 00:02:01,5.00,79.58100000,5524538.09770000
2026-03-27 00:02:32,-5.00,65.34300000,4441767.43640000
2026-03-27 00:02:32,-4.00,65.03400000,4421451.62690000
2026-03-27 00:02:32,-3.00,60.61900000,4127640.65100000
2026-03-27 00:02:32,-2.00,53.26500000,3635031.54440000
2026-03-27 00:02:32,-1.00,38.40000000,2629177.65250000
2026-03-27 00:02:32,-0.20,6.38100000,438213.13410000
2026-03-27 00:02:32,0.20,8.03000000,552989.83090000
2026-03-27 00:02:32,1.00,40.98100000,2830269.00810000
2026-03-27 00:02:32,2.00,49.45000000,3421761.53210000
2026-03-27 00:02:32,3.00,56.27800000,3903392.61530000
2026-03-27 00:02:32,4.00,61.31100000,4260979.26140000
2026-03-27 00:02:32,5.00,61.67100000,4286875.07200000
2026-03-27 00:03:01,-5.00,86.44400000,5888975.58590000
2026-03-27 00:03:01,-4.00,85.82300000,5848217.98610000
2026-03-27 00:03:01,-3.00,79.80600000,5447518.89970000
2026-03-27 00:03:01,-2.00,74.05900000,5062230.80270000
2026-03-27 00:03:01,-1.00,59.04500000,4046216.26660000
2026-03-27 00:03:01,-0.20,6.26600000,430467.46270000
2026-03-27 00:03:01,0.20,5.35900000,369198.41880000
2026-03-27 00:03:01,1.00,58.69300000,4054204.80430000
2026-03-27 00:03:01,2.00,67.38800000,4661566.44090000
2026-03-27 00:03:01,3.00,76.58200000,5310840.52230000
2026-03-27 00:03:01,4.00,79.02900000,5485161.68100000
2026-03-27 00:03:01,5.00,79.38900000,5511057.49160000
2026-03-27 00:03:32,-5.00,88.51000000,6030949.60420000
2026-03-27 00:03:32,-4.00,87.88900000,5990192.00440000
2026-03-27 00:03:32,-3.00,81.87200000,5589492.91800000
2026-03-27 00:03:32,-2.00,75.88900000,5188323.72970000
2026-03-27 00:03:32,-1.00,61.25700000,4198098.48050000
2026-03-27 00:03:32,-0.20,7.57900000,520738.15620000
2026-03-27 00:03:32,0.20,6.60400000,454963.03390000
2026-03-27 00:03:32,1.00,59.14000000,4085135.26350000
2026-03-27 00:03:32,2.00,67.83500000,4692545.58110000
2026-03-27 00:03:32,3.00,77.03000000,5341876.35900000
2026-03-27 00:03:32,4.00,79.47700000,5516197.51770000
2026-03-27 00:03:32,5.00,79.83700000,5542093.32830000
2026-03-27 00:04:00,-5.00,88.73300000,6046637.45980000
2026-03-27 00:04:00,-4.00,88.11200000,6005879.86000000
2026-03-27 00:04:00,-3.00,82.09500000,5605180.77360000
2026-03-27 00:04:00,-2.00,75.64000000,5172181.65170000
2026-03-27 00:04:00,-1.00,61.47900000,4213718.21270000
2026-03-27 00:04:00,-0.20,5.62500000,386676.68120000
2026-03-27 00:04:00,0.20,7.04000000,485189.18640000
2026-03-27 00:04:00,1.00,58.67200000,4053275.38570000
2026-03-27 00:04:00,2.00,67.59200000,4676476.22270000
2026-03-27 00:04:00,3.00,76.56000000,5309877.47990000
2026-03-27 00:04:00,4.00,79.00800000,5484270.21000000
2026-03-27 00:04:00,5.00,79.36700000,5510094.44920000
2026-03-27 00:06:00,-5.00,87.68000000,5976113.29060000
2026-03-27 00:06:00,-4.00,87.05900000,5935355.69080000
2026-03-27 00:06:00,-3.00,81.93300000,5594108.93580000
2026-03-27 00:06:00,-2.00,74.58500000,5101396.01570000
2026-03-27 00:06:00,-1.00,60.42700000,4143109.81330000
2026-03-27 00:06:00,-0.20,6.40400000,440369.54610000
2026-03-27 00:06:00,0.20,6.94100000,478548.92990000
2026-03-27 00:06:00,1.00,55.92800000,3866277.84860000
2026-03-27 00:06:00,2.00,65.30500000,4521602.66740000
2026-03-27 00:06:00,3.00,73.81800000,5123069.43790000
2026-03-27 00:06:00,4.00,76.27400000,5298034.80800000
2026-03-27 00:06:00,5.00,76.83300000,5338320.65290000
2026-03-27 00:06:32,-5.00,88.40900000,6027777.28650000
2026-03-27 00:06:32,-4.00,87.78300000,5986664.00210000
2026-03-27 00:06:32,-3.00,82.66500000,5645946.04710000
2026-03-27 00:06:32,-2.00,75.31700000,5153191.97200000
2026-03-27 00:06:32,-1.00,61.15900000,4194894.28820000
2026-03-27 00:06:32,-0.20,5.70500000,392415.05100000
2026-03-27 00:06:32,0.20,7.10500000,489864.98130000
2026-03-27 00:06:32,1.00,59.38800000,4105001.31950000
2026-03-27 00:06:32,2.00,68.94400000,4772922.28390000
2026-03-27 00:06:32,3.00,77.25900000,5360524.29020000
2026-03-27 00:06:32,4.00,79.71500000,5535489.66030000
2026-03-27 00:06:32,5.00,80.28000000,5576209.30520000
2026-03-27 00:07:00,-5.00,68.90900000,4691108.31540000
2026-03-27 00:07:00,-4.00,68.27500000,4649466.14300000
2026-03-27 00:07:00,-3.00,62.57300000,4269727.15440000
2026-03-27 00:07:00,-2.00,50.81600000,3479015.50100000
2026-03-27 00:07:00,-1.00,41.51300000,2848229.73680000
2026-03-27 00:07:00,-0.20,10.97400000,754731.05410000
2026-03-27 00:07:00,0.20,6.63400000,457497.25350000
2026-03-27 00:07:00,1.00,40.72700000,2815204.19490000
2026-03-27 00:07:00,2.00,50.73600000,3514947.49970000
2026-03-27 00:07:00,3.00,58.59800000,4070727.16560000
2026-03-27 00:07:00,4.00,61.05400000,4245692.53570000
2026-03-27 00:07:00,5.00,61.61900000,4286412.18060000
2026-03-27 00:07:32,-5.00,89.46600000,6102720.74000000
2026-03-27 00:07:32,-4.00,88.83200000,6061078.56760000
2026-03-27 00:07:32,-3.00,83.84900000,5729228.41340000
2026-03-27 00:07:32,-2.00,71.17400000,4876860.36770000
2026-03-27 00:07:32,-1.00,62.22000000,4269530.76270000
2026-03-27 00:07:32,-0.20,7.41500000,510138.52200000
2026-03-27 00:07:32,0.20,7.21700000,497815.76290000
2026-03-27 00:07:32,1.00,60.04000000,4151365.16080000
2026-03-27 00:07:32,2.00,70.03700000,4850500.29280000
2026-03-27 00:07:32,3.00,76.55700000,5311323.54280000
2026-03-27 00:07:32,4.00,80.36200000,5582013.13800000
2026-03-27 00:07:32,5.00,80.92700000,5622732.78290000
2026-03-27 00:08:02,-5.00,88.32300000,6024564.37940000
2026-03-27 00:08:02,-4.00,87.68900000,5982922.20700000
2026-03-27 00:08:02,-3.00,82.70700000,5651069.71600000
2026-03-27 00:08:02,-2.00,70.03200000,4798606.15270000
2026-03-27 00:08:02,-1.00,61.07800000,4191266.79520000
2026-03-27 00:08:02,-0.20,7.61600000,523966.56210000
2026-03-27 00:08:02,0.20,7.12500000,491455.25700000
2026-03-27 00:08:02,1.00,59.94800000,4144907.26840000
2026-03-27 00:08:02,2.00,69.71700000,4828097.22850000
2026-03-27 00:08:02,3.00,75.78600000,5257012.78930000
2026-03-27 00:08:02,4.00,80.26500000,5575531.91830000
2026-03-27 00:08:02,5.00,80.83000000,5616251.56320000
2026-03-27 00:08:33,-5.00,69.16800000,4710331.92920000
2026-03-27 00:08:33,-4.00,68.53400000,4668689.75680000
2026-03-27 00:08:33,-3.00,61.94800000,4229651.26260000
2026-03-27 00:08:33,-2.00,50.87700000,3484373.70250000
2026-03-27 00:08:33,-1.00,41.91900000,2876758.10520000
2026-03-27 00:08:33,-0.20,6.13400000,422106.49340000
2026-03-27 00:08:33,0.20,7.01400000,483830.05840000
2026-03-27 00:08:33,1.00,40.23600000,2781937.67590000
2026-03-27 00:08:33,2.00,50.23100000,3481009.08540000
2026-03-27 00:08:33,3.00,58.09700000,4037596.95570000
2026-03-27 00:08:33,4.00,60.55300000,4212562.32580000
2026-03-27 00:08:33,5.00,61.11800000,4253281.97070000
2026-03-27 00:09:01,-5.00,88.91900000,6068727.26180000
2026-03-27 00:09:01,-4.00,88.28100000,6026763.30120000
2026-03-27 00:09:01,-3.00,83.22300000,5689791.26340000
2026-03-27 00:09:01,-2.00,70.67100000,4845362.70350000
2026-03-27 00:09:01,-1.00,61.62300000,4231599.47580000
2026-03-27 00:09:01,-0.20,6.12000000,421498.80980000
2026-03-27 00:09:01,0.20,8.13400000,561584.76400000
2026-03-27 00:09:01,1.00,56.05000000,3878005.80790000
2026-03-27 00:09:01,2.00,66.04400000,4577016.50820000
2026-03-27 00:09:01,3.00,73.88200000,5131689.03630000
2026-03-27 00:09:01,4.00,76.34000000,5306800.55200000
2026-03-27 00:09:01,5.00,76.91700000,5348392.62890000
2026-03-27 00:09:30,-5.00,69.64100000,4745053.42940000
2026-03-27 00:09:30,-4.00,68.95200000,4699713.26880000
2026-03-27 00:09:30,-3.00,63.94500000,4366117.43100000
2026-03-27 00:09:30,-2.00,51.38900000,3521418.55910000
2026-03-27 00:09:30,-1.00,42.05600000,2888159.56620000
2026-03-27 00:09:30,-0.20,6.30300000,434166.97650000
2026-03-27 00:09:30,0.20,6.63100000,457868.46120000
2026-03-27 00:09:30,1.00,37.66600000,2606080.93670000
2026-03-27 00:09:30,2.00,47.66000000,3305100.23130000
2026-03-27 00:09:30,3.00,55.49800000,3859802.47290000
2026-03-27 00:09:30,4.00,57.95600000,4034913.98860000
2026-03-27 00:09:30,5.00,58.53700000,4076795.66550000
2026-03-27 00:10:04,-5.00,68.77600000,4686772.95200000
2026-03-27 00:10:04,-4.00,68.08700000,4641432.79140000
2026-03-27 00:10:04,-3.00,63.08200000,4307894.98900000
2026-03-27 00:10:04,-2.00,50.52700000,3463171.14990000
2026-03-27 00:10:04,-1.00,41.34300000,2839896.52480000
2026-03-27 00:10:04,-0.20,5.56000000,383007.12040000
2026-03-27 00:10:04,0.20,5.50600000,380117.96040000
2026-03-27 00:10:04,1.00,41.40900000,2865948.69300000
2026-03-27 00:10:04,2.00,51.17500000,3549175.65600000
2026-03-27 00:10:04,3.00,59.23900000,4119843.53080000
2026-03-27 00:10:04,4.00,61.69700000,4294955.04650000
2026-03-27 00:10:04,5.00,62.27800000,4336836.72340000
2026-03-27 00:10:33,-5.00,84.46900000,5765165.86990000
2026-03-27 00:10:33,-4.00,83.83100000,5723201.90930000
2026-03-27 00:10:33,-3.00,78.77500000,5386287.90690000
2026-03-27 00:10:33,-2.00,66.45900000,4557678.81220000
2026-03-27 00:10:33,-1.00,57.03800000,3918362.89480000
2026-03-27 00:10:33,-0.20,4.73100000,325867.93860000
2026-03-27 00:10:33,0.20,3.45800000,238715.14240000
2026-03-27 00:10:33,1.00,59.81900000,4140743.61200000
2026-03-27 00:10:33,2.00,69.13200000,4792122.12300000
2026-03-27 00:10:33,3.00,77.67400000,5396425.20070000
2026-03-27 00:10:33,4.00,80.13200000,5571536.71640000
2026-03-27 00:10:33,5.00,80.71300000,5613418.39330000
2026-03-27 00:11:01,-5.00,84.22500000,5748931.07910000
2026-03-27 00:11:01,-4.00,83.54000000,5703852.98690000
2026-03-27 00:11:01,-3.00,78.53200000,5370114.48250000
2026-03-27 00:11:01,-2.00,64.64500000,4435304.11640000
2026-03-27 00:11:01,-1.00,56.93900000,3912015.13440000
2026-03-27 00:11:01,-0.20,4.55800000,314069.48650000
2026-03-27 00:11:01,0.20,5.80100000,400759.82320000
2026-03-27 00:11:01,1.00,58.01100000,4016238.42050000
2026-03-27 00:11:01,2.00,68.00100000,4715279.01950000
2026-03-27 00:11:01,3.00,75.85200000,5270969.66970000
2026-03-27 00:11:01,4.00,78.31400000,5446368.11460000
2026-03-27 00:11:01,5.00,78.89100000,5487962.86230000
2026-03-27 00:11:31,-5.00,87.64500000,5985187.59080000
2026-03-27 00:11:31,-4.00,86.96000000,5940109.49860000
2026-03-27 00:11:31,-3.00,81.95200000,5606370.99420000
2026-03-27 00:11:31,-2.00,69.40200000,4761901.24940000
2026-03-27 00:11:31,-1.00,60.36800000,4148780.48300000
2026-03-27 00:11:31,-0.20,12.80900000,882225.78780000
2026-03-27 00:11:31,0.20,5.77700000,398966.97250000
2026-03-27 00:11:31,1.00,59.82700000,4141684.56070000
2026-03-27 00:11:31,2.00,69.22300000,4799081.57460000
2026-03-27 00:11:31,3.00,77.53800000,5387519.77640000
2026-03-27 00:11:31,4.00,79.99600000,5562631.29210000
2026-03-27 00:11:31,5.00,80.57700000,5604512.96900000
2026-03-27 00:12:00,-5.00,87.44800000,5971617.58130000
2026-03-27 00:12:00,-4.00,86.76300000,5926539.48910000
2026-03-27 00:12:00,-3.00,81.75800000,5593001.68670000
2026-03-27 00:12:00,-2.00,69.20500000,4748331.23990000
2026-03-27 00:12:00,-1.00,60.17100000,4135198.34600000
2026-03-27 00:12:00,-0.20,14.39800000,991574.23260000
2026-03-27 00:12:00,0.20,5.34400000,369060.09790000
2026-03-27 00:12:00,1.00,59.46600000,4116780.60610000
2026-03-27 00:12:00,2.00,69.00500000,4784178.51090000
2026-03-27 00:12:00,3.00,77.32000000,5372615.52710000
2026-03-27 00:12:00,4.00,79.77800000,5547727.04280000
2026-03-27 00:12:00,5.00,80.35900000,5589608.71970000
2026-03-27 00:12:30,-5.00,86.93200000,5934576.46640000
2026-03-27 00:12:30,-4.00,86.29400000,5892612.50580000
2026-03-27 00:12:30,-3.00,81.95400000,5603540.62100000
2026-03-27 00:12:30,-2.00,69.16000000,4743020.16180000
2026-03-27 00:12:30,-1.00,59.65200000,4097853.01640000
2026-03-27 00:12:30,-0.20,6.02000000,414594.39310000
2026-03-27 00:12:30,0.20,6.86600000,473986.28760000
2026-03-27 00:12:30,1.00,57.36900000,3970904.61800000
2026-03-27 00:12:30,2.00,66.45600000,4606518.00120000
2026-03-27 00:12:30,3.00,76.71000000,5332141.34900000
2026-03-27 00:12:30,4.00,79.16800000,5507252.86470000
2026-03-27 00:12:30,5.00,79.74500000,5548844.94160000
2026-03-27 00:13:00,-5.00,89.89600000,6136991.22900000
2026-03-27 00:13:00,-4.00,89.25800000,6095027.26840000
2026-03-27 00:13:00,-3.00,84.92000000,5806014.88760000
2026-03-27 00:13:00,-2.00,72.12800000,4945559.10010000
2026-03-27 00:13:00,-1.00,62.61900000,4300325.73240000
2026-03-27 00:13:00,-0.20,6.98300000,480957.59980000
2026-03-27 00:13:00,0.20,6.96300000,480750.27700000
2026-03-27 00:13:00,1.00,58.02900000,4016136.50970000
2026-03-27 00:13:00,2.00,67.11600000,4651749.89290000
2026-03-27 00:13:00,3.00,76.69200000,5329447.30790000
2026-03-27 00:13:00,4.00,79.83700000,5553362.33920000
2026-03-27 00:13:00,5.00,80.41400000,5594954.41610000
2026-03-27 00:13:32,-5.00,88.65100000,6050683.18930000
2026-03-27 00:13:32,-4.00,88.01700000,6009017.94410000
2026-03-27 00:13:32,-3.00,83.62500000,5716431.84750000
2026-03-27 00:13:32,-2.00,71.06900000,4871932.25500000
2026-03-27 00:13:32,-1.00,61.41600000,4217070.32170000
2026-03-27 00:13:32,-0.20,7.35500000,506389.05840000
2026-03-27 00:13:32,0.20,5.99100000,413486.22210000
2026-03-27 00:13:32,1.00,60.53300000,4189008.60880000
2026-03-27 00:13:32,2.00,69.62000000,4824601.22880000
2026-03-27 00:13:32,3.00,77.28700000,5366743.15700000
2026-03-27 00:13:32,4.00,82.33600000,5725848.65630000
2026-03-27 00:13:32,5.00,82.91900000,5767870.93320000
2026-03-27 00:14:00,-5.00,69.38100000,4727617.32090000
2026-03-27 00:14:00,-4.00,68.74300000,4685653.36030000
2026-03-27 00:14:00,-3.00,64.40500000,4396640.97950000
2026-03-27 00:14:00,-2.00,51.37800000,3520316.05830000
2026-03-27 00:14:00,-1.00,42.10300000,2890986.95550000
2026-03-27 00:14:00,-0.20,6.04200000,416186.13900000
2026-03-27 00:14:00,0.20,6.83500000,471890.90600000
2026-03-27 00:14:00,1.00,40.62300000,2811020.30150000
2026-03-27 00:14:00,2.00,49.93600000,3462460.51270000
2026-03-27 00:14:00,3.00,59.28600000,4124257.87060000
2026-03-27 00:14:00,4.00,62.43100000,4348169.51670000
2026-03-27 00:14:00,5.00,63.00800000,4389761.59360000
2026-03-27 00:14:30,-5.00,89.38400000,6102460.51100000
2026-03-27 00:14:30,-4.00,88.69900000,6057382.41880000
2026-03-27 00:14:30,-3.00,83.69300000,5723650.00480000
2026-03-27 00:14:30,-2.00,71.14600000,4879267.94230000
2026-03-27 00:14:30,-1.00,62.11000000,4266093.50100000
2026-03-27 00:14:30,-0.20,6.70600000,462035.22420000
2026-03-27 00:14:30,0.20,7.24600000,500410.56490000
2026-03-27 00:14:30,1.00,59.39200000,4110870.67640000
2026-03-27 00:14:30,2.00,68.93100000,4778189.25090000
2026-03-27 00:14:30,3.00,78.74200000,5472887.89870000
2026-03-27 00:14:30,4.00,81.20000000,5647999.41440000
2026-03-27 00:14:30,5.00,81.78100000,5689881.09130000
2026-03-27 00:15:04,-5.00,89.05900000,6079574.66270000
2026-03-27 00:15:04,-4.00,88.37000000,6034234.50210000
2026-03-27 00:15:04,-3.00,84.08300000,5748598.32130000
2026-03-27 00:15:04,-2.00,70.81500000,4855997.53010000
2026-03-27 00:15:04,-1.00,61.78000000,4242889.58210000
2026-03-27 00:15:04,-0.20,8.04300000,553956.19300000
2026-03-27 00:15:04,0.20,7.73100000,533744.36810000
2026-03-27 00:15:04,1.00,59.96200000,4149769.57570000
2026-03-27 00:15:04,2.00,69.50100000,4817082.79840000
2026-03-27 00:15:04,3.00,78.63900000,5463961.03110000
2026-03-27 00:15:04,4.00,81.77100000,5686949.05840000
2026-03-27 00:15:04,5.00,82.35200000,5728830.73530000
2026-03-27 00:15:39,-5.00,89.11600000,6082789.68560000
2026-03-27 00:15:39,-4.00,88.48200000,6041124.44040000
2026-03-27 00:15:39,-3.00,84.09000000,5748538.34380000
2026-03-27 00:15:39,-2.00,71.53400000,4904044.91330000
2026-03-27 00:15:39,-1.00,61.88000000,4249174.88800000
2026-03-27 00:15:39,-0.20,9.82200000,676198.17590000
2026-03-27 00:15:39,0.20,5.62600000,388306.03760000
2026-03-27 00:15:39,1.00,59.52500000,4119122.03560000
2026-03-27 00:15:39,2.00,68.61200000,4754644.50830000
2026-03-27 00:15:39,3.00,76.85100000,5337382.58230000
2026-03-27 00:15:39,4.00,81.32900000,5655940.95640000
2026-03-27 00:15:39,5.00,81.91200000,5697963.23330000
2026-03-27 00:16:00,-5.00,89.22000000,6089965.95500000
2026-03-27 00:16:00,-4.00,88.53600000,6044991.71480000
2026-03-27 00:16:00,-3.00,84.19400000,5755714.61320000
2026-03-27 00:16:00,-2.00,71.63800000,4911221.18270000
2026-03-27 00:16:00,-1.00,61.98400000,4256366.50840000
2026-03-27 00:16:00,-0.20,9.92600000,683362.37340000
2026-03-27 00:16:00,0.20,5.65400000,390234.46870000
2026-03-27 00:16:00,1.00,59.55300000,4121046.60030000
2026-03-27 00:16:00,2.00,68.64000000,4756554.65860000
2026-03-27 00:16:00,3.00,77.55300000,5387149.83300000
2026-03-27 00:16:00,4.00,81.35700000,5657851.10670000
2026-03-27 00:16:00,5.00,81.94000000,5699873.38360000
2026-03-27 00:18:33,-5.00,86.94200000,5935831.34640000
2026-03-27 00:18:33,-4.00,86.25700000,5890753.25420000
2026-03-27 00:18:33,-3.00,81.25100000,5557060.76270000
2026-03-27 00:18:33,-2.00,67.36500000,4622248.54230000
2026-03-27 00:18:33,-1.00,59.37000000,4079295.54620000
2026-03-27 00:18:33,-0.20,6.52700000,449741.74040000
2026-03-27 00:18:33,0.20,6.53700000,451525.35740000
2026-03-27 00:18:33,1.00,58.68600000,4062259.66200000
2026-03-27 00:18:33,2.00,68.67900000,4761450.35380000
2026-03-27 00:18:33,3.00,78.03800000,5424273.59340000
2026-03-27 00:18:33,4.00,80.50000000,5599672.03830000
2026-03-27 00:18:33,5.00,81.07700000,5641266.78600000
2026-03-27 00:19:00,-5.00,87.52500000,5976143.50870000
2026-03-27 00:19:00,-4.00,86.84000000,5931065.41650000
2026-03-27 00:19:00,-3.00,81.83400000,5597372.92500000
2026-03-27 00:19:00,-2.00,67.94800000,4662560.70460000
2026-03-27 00:19:00,-1.00,60.09900000,4129579.04130000
2026-03-27 00:19:00,-0.20,6.87800000,473932.37100000
2026-03-27 00:19:00,0.20,7.05400000,487251.59970000
2026-03-27 00:19:00,1.00,58.07700000,4020228.67690000
2026-03-27 00:19:00,2.00,68.07000000,4719419.36870000
2026-03-27 00:19:00,3.00,77.42900000,5382242.60830000
2026-03-27 00:19:00,4.00,79.89100000,5557641.05320000
2026-03-27 00:19:00,5.00,80.46800000,5599235.80090000
2026-03-27 00:19:31,-5.00,86.70900000,5919121.68690000
2026-03-27 00:19:31,-4.00,86.01800000,5873643.03050000
2026-03-27 00:19:31,-3.00,81.01500000,5540151.24100000
2026-03-27 00:19:31,-2.00,68.46100000,4695389.10300000
2026-03-27 00:19:31,-1.00,59.42500000,4082256.81830000
2026-03-27 00:19:31,-0.20,7.72600000,532105.45510000
2026-03-27 00:19:31,0.20,7.34300000,507027.33650000
2026-03-27 00:19:31,1.00,59.70100000,4131764.25880000
2026-03-27 00:19:31,2.00,69.69500000,4831033.48110000
2026-03-27 00:19:31,3.00,79.05400000,5493856.89360000
2026-03-27 00:19:31,4.00,81.51200000,5668968.40930000
2026-03-27 00:19:31,5.00,82.09300000,5710850.08620000
2026-03-27 00:20:04,-5.00,86.28800000,5889390.43240000
2026-03-27 00:20:04,-4.00,85.59800000,5844012.97560000
2026-03-27 00:20:04,-3.00,80.54400000,5507144.98610000
2026-03-27 00:20:04,-2.00,68.22900000,4678519.44780000
2026-03-27 00:20:04,-1.00,59.04900000,4055683.14350000
2026-03-27 00:20:04,-0.20,7.47500000,514647.84770000
2026-03-27 00:20:04,0.20,5.59400000,386075.62170000
2026-03-27 00:20:04,1.00,59.86500000,4142315.71450000
2026-03-27 00:20:04,2.00,68.95500000,4778009.07910000
2026-03-27 00:20:04,3.00,78.54100000,5456352.32110000
2026-03-27 00:20:04,4.00,81.67100000,5679183.14920000
2026-03-27 00:20:04,5.00,82.25400000,5721205.42610000
2026-03-27 00:20:33,-5.00,68.02000000,4632865.24010000
2026-03-27 00:20:33,-4.00,67.38600000,4591213.91710000
2026-03-27 00:20:33,-3.00,64.43200000,4394766.72040000
2026-03-27 00:20:33,-2.00,50.67900000,3470501.47440000
2026-03-27 00:20:33,-1.00,40.78600000,2799538.35500000
2026-03-27 00:20:33,-0.20,4.04400000,278331.82920000
2026-03-27 00:20:33,0.20,4.42200000,305131.27600000
2026-03-27 00:20:33,1.00,35.78500000,2475252.60460000
2026-03-27 00:20:33,2.00,45.22400000,3135120.37180000
2026-03-27 00:20:33,3.00,52.90800000,3678413.27980000
2026-03-27 00:20:33,4.00,57.94400000,4036573.80390000
2026-03-27 00:20:33,5.00,58.50900000,4077293.44880000
2026-03-27 00:21:00,-5.00,87.57700000,5975609.62610000
2026-03-27 00:21:00,-4.00,86.94300000,5933958.30310000
2026-03-27 00:21:00,-3.00,83.98700000,5737377.43980000
2026-03-27 00:21:00,-2.00,70.23200000,4812975.75440000
2026-03-27 00:21:00,-1.00,60.33900000,4142009.90100000
2026-03-27 00:21:00,-0.20,5.60100000,385519.71480000
2026-03-27 00:21:00,0.20,6.76300000,466649.91870000
2026-03-27 00:21:00,1.00,59.04000000,4083819.93300000
2026-03-27 00:21:00,2.00,68.13200000,4719607.47560000
2026-03-27 00:21:00,3.00,75.81600000,5262900.38360000
2026-03-27 00:21:00,4.00,80.85200000,5621060.90770000
2026-03-27 00:21:00,5.00,81.41700000,5661780.55260000
2026-03-27 00:21:30,-5.00,87.31500000,5959200.36540000
2026-03-27 00:21:30,-4.00,86.68100000,5917549.04240000
2026-03-27 00:21:30,-3.00,82.28900000,5624981.60310000
2026-03-27 00:21:30,-2.00,70.20700000,4812495.61920000
2026-03-27 00:21:30,-1.00,60.31300000,4141468.26600000
2026-03-27 00:21:30,-0.20,7.46200000,513706.67420000
2026-03-27 00:21:30,0.20,6.73100000,464598.47580000
2026-03-27 00:21:30,1.00,57.77600000,3997570.23590000
2026-03-27 00:21:30,2.00,66.86700000,4633287.28850000
2026-03-27 00:21:30,3.00,74.54700000,5176298.98850000
2026-03-27 00:21:30,4.00,79.58300000,5534459.51260000
2026-03-27 00:21:30,5.00,80.16200000,5576192.28150000
2026-03-27 00:22:01,-5.00,68.40000000,4660193.46570000
2026-03-27 00:22:01,-4.00,67.71600000,4615233.14770000
2026-03-27 00:22:01,-3.00,62.65800000,4278100.43740000
2026-03-27 00:22:01,-2.00,50.34400000,3449539.37760000
2026-03-27 00:22:01,-1.00,41.16100000,2826554.01450000
2026-03-27 00:22:01,-0.20,7.78500000,536001.06790000
2026-03-27 00:22:01,0.20,7.26300000,501362.11740000
2026-03-27 00:22:01,1.00,40.28400000,2786767.26710000
2026-03-27 00:22:01,2.00,49.37500000,3422472.72530000
2026-03-27 00:22:01,3.00,58.96100000,4100805.77230000
2026-03-27 00:22:01,4.00,62.09100000,4323636.60040000
2026-03-27 00:22:01,5.00,62.67400000,4365658.87730000
2026-03-27 00:22:31,-5.00,88.79400000,6059876.13080000
2026-03-27 00:22:31,-4.00,88.16000000,6018224.80780000
2026-03-27 00:22:31,-3.00,85.20400000,5821643.94450000
2026-03-27 00:22:31,-2.00,71.45500000,4897614.62200000
2026-03-27 00:22:31,-1.00,61.55700000,4226329.50360000
2026-03-27 00:22:31,-0.20,7.51300000,517029.92860000
2026-03-27 00:22:31,0.20,5.74200000,396101.43410000
2026-03-27 00:22:31,1.00,59.70200000,4130215.17240000
2026-03-27 00:22:31,2.00,68.79400000,4765980.08100000
2026-03-27 00:22:31,3.00,76.47800000,5309263.83010000
2026-03-27 00:22:31,4.00,81.51400000,5667417.68160000
2026-03-27 00:22:31,5.00,82.07900000,5708137.32650000
2026-03-27 00:23:01,-5.00,89.10400000,6077980.17390000
2026-03-27 00:23:01,-4.00,88.48600000,6037386.53890000
2026-03-27 00:23:01,-3.00,84.79900000,5791995.73370000
2026-03-27 00:23:01,-2.00,76.96800000,5266981.37370000
2026-03-27 00:23:01,-1.00,62.60500000,4294869.91060000
2026-03-27 00:23:01,-0.20,7.66700000,527165.58880000
2026-03-27 00:23:01,0.20,5.38600000,371220.25010000
2026-03-27 00:23:01,1.00,59.08800000,4085046.50930000
2026-03-27 00:23:01,2.00,69.04200000,4780747.02860000
2026-03-27 00:23:01,3.00,76.71600000,5323195.26270000
2026-03-27 00:23:01,4.00,81.75300000,5681331.70620000
2026-03-27 00:23:01,5.00,82.31200000,5721617.55110000
2026-03-27 00:23:32,-5.00,87.23800000,5945131.69630000
2026-03-27 00:23:32,-4.00,86.62700000,5905022.14240000
2026-03-27 00:23:32,-3.00,83.65000000,5707055.04140000
2026-03-27 00:23:32,-2.00,75.10700000,5134736.67490000
2026-03-27 00:23:32,-1.00,60.01300000,4113031.33740000
2026-03-27 00:23:32,-0.20,7.23300000,496900.41470000
2026-03-27 00:23:32,0.20,5.06700000,348957.55060000
2026-03-27 00:23:32,1.00,60.36700000,4170389.98340000
2026-03-27 00:23:32,2.00,68.82000000,4761103.13660000
2026-03-27 00:23:32,3.00,75.91700000,5261918.64580000
2026-03-27 00:23:32,4.00,82.18000000,5706890.80660000
2026-03-27 00:23:32,5.00,82.54000000,5732786.61720000
2026-03-27 00:24:00,-5.00,89.01000000,6066064.57410000
2026-03-27 00:24:00,-4.00,88.40000000,6026021.03450000
2026-03-27 00:24:00,-3.00,85.42200000,5827987.91920000
2026-03-27 00:24:00,-2.00,76.88400000,5256044.30680000
2026-03-27 00:24:00,-1.00,61.78600000,4234107.93650000
2026-03-27 00:24:00,-0.20,7.46100000,512441.06570000
2026-03-27 00:24:00,0.20,5.55500000,382490.97480000
2026-03-27 00:24:00,1.00,58.69500000,4053775.80100000
2026-03-27 00:24:00,2.00,67.29800000,4654907.27850000
2026-03-27 00:24:00,3.00,74.39600000,5155792.93050000
2026-03-27 00:24:00,4.00,80.65900000,5600765.09130000
2026-03-27 00:24:00,5.00,81.01100000,5626083.23990000
2026-03-27 00:24:31,-5.00,90.21900000,6148283.13050000
2026-03-27 00:24:31,-4.00,89.60800000,6108173.57660000
2026-03-27 00:24:31,-3.00,86.62900000,5910234.98990000
2026-03-27 00:24:31,-2.00,77.84800000,5322076.91070000
2026-03-27 00:24:31,-1.00,62.98500000,4316493.39300000
2026-03-27 00:24:31,-0.20,5.64200000,387624.75570000
2026-03-27 00:24:31,0.20,6.89300000,474770.09370000
2026-03-27 00:24:31,1.00,58.93800000,4070650.94130000
2026-03-27 00:24:31,2.00,67.39400000,4661212.54580000
2026-03-27 00:24:31,3.00,74.50400000,5162941.42200000
2026-03-27 00:24:31,4.00,80.75400000,5606992.39110000
2026-03-27 00:24:31,5.00,81.11400000,5632888.20170000
2026-03-27 00:25:00,-5.00,89.41800000,6094331.07100000
2026-03-27 00:25:00,-4.00,88.80000000,6053759.30080000
2026-03-27 00:25:00,-3.00,85.82800000,5856282.93040000
2026-03-27 00:25:00,-2.00,76.33800000,5220352.10420000
2026-03-27 00:25:00,-1.00,62.17900000,4262292.91720000
2026-03-27 00:25:00,-0.20,6.18500000,425069.26130000
2026-03-27 00:25:00,0.20,7.19300000,495607.01860000
2026-03-27 00:25:00,1.00,58.98100000,4074441.41470000
2026-03-27 00:25:00,2.00,67.66300000,4680862.73230000
2026-03-27 00:25:00,3.00,74.82900000,5186655.38690000
2026-03-27 00:25:00,4.00,80.79900000,5610868.65580000
2026-03-27 00:25:00,5.00,81.15900000,5636764.46640000
2026-03-27 00:25:33,-5.00,87.23300000,5945722.54940000
2026-03-27 00:25:33,-4.00,86.61500000,5905150.77920000
2026-03-27 00:25:33,-3.00,83.64300000,5707674.40880000
2026-03-27 00:25:33,-2.00,74.15300000,5071743.58260000
2026-03-27 00:25:33,-1.00,59.98800000,4113224.51050000
2026-03-27 00:25:33,-0.20,7.84400000,539103.45860000
2026-03-27 00:25:33,0.20,6.97300000,480500.55070000
2026-03-27 00:25:33,1.00,57.68700000,3985496.74890000
2026-03-27 00:25:33,2.00,66.83000000,4624273.19670000
2026-03-27 00:25:33,3.00,75.02900000,5203595.89170000
2026-03-27 00:25:33,4.00,79.50000000,5521566.58200000
2026-03-27 00:25:33,5.00,79.85900000,5547390.82120000
2026-03-27 00:26:02,-5.00,86.60800000,5902696.38670000
2026-03-27 00:26:02,-4.00,85.99000000,5862124.61650000
2026-03-27 00:26:02,-3.00,83.01800000,5664648.24610000
2026-03-27 00:26:02,-2.00,73.52800000,5028717.41990000
2026-03-27 00:26:02,-1.00,59.36300000,4070198.34780000
2026-03-27 00:26:02,-0.20,7.21900000,496155.97720000
2026-03-27 00:26:02,0.20,4.38400000,302048.40860000
2026-03-27 00:26:02,1.00,58.11100000,4014848.23670000
2026-03-27 00:26:02,2.00,67.25400000,4653624.68450000
2026-03-27 00:26:02,3.00,75.45300000,5232947.37950000
2026-03-27 00:26:02,4.00,79.92400000,5550918.06980000
2026-03-27 00:26:02,5.00,80.28300000,5576742.30900000
2026-03-27 00:26:32,-5.00,87.93600000,5991815.51370000
2026-03-27 00:26:32,-4.00,87.31800000,5951243.74350000
2026-03-27 00:26:32,-3.00,84.34400000,5753732.64980000
2026-03-27 00:26:32,-2.00,75.32700000,5149705.77940000
2026-03-27 00:26:32,-1.00,60.69100000,4159427.85850000
2026-03-27 00:26:32,-0.20,7.38300000,507230.89350000
2026-03-27 00:26:32,0.20,6.94900000,478692.98380000
2026-03-27 00:26:32,1.00,57.85500000,3996147.24150000
2026-03-27 00:26:32,2.00,66.77300000,4619122.53960000
2026-03-27 00:26:32,3.00,73.71100000,5108881.12010000
2026-03-27 00:26:32,4.00,79.68200000,5533165.24610000
2026-03-27 00:26:32,5.00,80.04200000,5559061.05670000
2026-03-27 00:27:01,-5.00,86.17600000,5871877.32610000
2026-03-27 00:27:01,-4.00,85.55800000,5831305.55590000
2026-03-27 00:27:01,-3.00,82.58400000,5633794.46220000
2026-03-27 00:27:01,-2.00,73.09400000,4997860.54340000
2026-03-27 00:27:01,-1.00,58.93000000,4039412.82160000
2026-03-27 00:27:01,-0.20,5.64400000,387878.48910000
2026-03-27 00:27:01,0.20,5.72800000,394669.63180000
2026-03-27 00:27:01,1.00,56.61500000,3911447.37870000
2026-03-27 00:27:01,2.00,65.75900000,4550247.71530000
2026-03-27 00:27:01,3.00,73.97100000,5130439.54890000
2026-03-27 00:27:01,4.00,78.44200000,5448365.12920000
2026-03-27 00:27:01,5.00,78.80200000,5474260.93980000
2026-03-27 00:27:31,-5.00,86.73900000,5911157.99930000
2026-03-27 00:27:31,-4.00,86.12100000,5870586.22910000
2026-03-27 00:27:31,-3.00,83.14700000,5673075.13540000
2026-03-27 00:27:31,-2.00,73.88900000,5053003.00720000
2026-03-27 00:27:31,-1.00,59.49000000,4078685.68300000
2026-03-27 00:27:31,-0.20,7.76800000,533816.87620000
2026-03-27 00:27:31,0.20,7.13200000,491399.50390000
2026-03-27 00:27:31,1.00,58.04700000,4010045.08200000
2026-03-27 00:27:31,2.00,67.19700000,4649299.85500000
2026-03-27 00:27:31,3.00,73.90900000,5123177.53860000
2026-03-27 00:27:31,4.00,79.88100000,5547414.48360000
2026-03-27 00:27:31,5.00,80.24100000,5573310.29420000
2026-03-27 00:28:03,-5.00,87.95400000,5994591.53050000
2026-03-27 00:28:03,-4.00,87.33600000,5954019.76030000
2026-03-27 00:28:03,-3.00,82.92800000,5660812.32570000
2026-03-27 00:28:03,-2.00,75.33900000,5152342.45810000
2026-03-27 00:28:03,-1.00,60.94000000,4178015.75740000
2026-03-27 00:28:03,-0.20,11.41000000,783849.78320000
2026-03-27 00:28:03,0.20,6.71300000,462527.55670000
2026-03-27 00:28:03,1.00,59.18800000,4088911.19790000
2026-03-27 00:28:03,2.00,68.33800000,4728165.97090000
2026-03-27 00:28:03,3.00,75.05300000,5202074.62920000
2026-03-27 00:28:03,4.00,81.02600000,5626262.25680000
2026-03-27 00:28:03,5.00,81.38600000,5652158.06740000
2026-03-27 00:28:32,-5.00,89.54000000,6102941.38360000
2026-03-27 00:28:32,-4.00,88.92200000,6062369.61340000
2026-03-27 00:28:32,-3.00,84.51400000,5769162.17880000
2026-03-27 00:28:32,-2.00,76.68800000,5244798.42760000
2026-03-27 00:28:32,-1.00,62.28900000,4270406.45890000
2026-03-27 00:28:32,-0.20,11.41500000,784216.74610000
2026-03-27 00:28:32,0.20,6.59700000,454533.23670000
2026-03-27 00:28:32,1.00,59.09800000,4082621.01540000
2026-03-27 00:28:32,2.00,68.24800000,4721906.41740000
2026-03-27 00:28:32,3.00,74.96200000,5195741.52440000
2026-03-27 00:28:32,4.00,80.93500000,5619929.15200000
2026-03-27 00:28:32,5.00,81.29500000,5645824.96260000
2026-03-27 00:32:02,-5.00,79.41100000,5404261.01200000
2026-03-27 00:32:02,-4.00,78.78900000,5363466.69900000
2026-03-27 00:32:02,-3.00,75.84300000,5167837.36970000
2026-03-27 00:32:02,-2.00,66.77700000,4561071.51620000
2026-03-27 00:32:02,-1.00,52.14300000,3571047.14260000
2026-03-27 00:32:02,-0.20,11.62500000,797918.32000000
2026-03-27 00:32:02,0.20,5.69700000,392111.67260000
2026-03-27 00:32:02,1.00,50.07300000,3456168.31010000
2026-03-27 00:32:02,2.00,58.69400000,4058039.62240000
2026-03-27 00:32:02,3.00,65.78400000,4558016.30590000
2026-03-27 00:32:02,4.00,72.02700000,5001326.66610000
2026-03-27 00:32:02,5.00,72.38900000,5027359.78230000
2026-03-27 00:32:32,-5.00,90.77600000,6182833.21880000
2026-03-27 00:32:32,-4.00,90.18000000,6143736.81240000
2026-03-27 00:32:32,-3.00,87.18400000,5944773.48810000
2026-03-27 00:32:32,-2.00,78.16600000,5341362.26900000
2026-03-27 00:32:32,-1.00,63.52900000,4351162.46270000
2026-03-27 00:32:32,-0.20,7.67800000,527211.81170000
2026-03-27 00:32:32,0.20,7.09200000,488258.40710000
2026-03-27 00:32:32,1.00,59.05100000,4076760.59520000
2026-03-27 00:32:32,2.00,67.67000000,4678481.09130000
2026-03-27 00:32:32,3.00,74.77300000,5179374.47110000
2026-03-27 00:32:32,4.00,81.02100000,5623011.93780000
2026-03-27 00:32:32,5.00,81.37900000,5648759.08640000
2026-03-27 00:33:01,-5.00,86.08600000,5861468.08110000
2026-03-27 00:33:01,-4.00,85.47600000,5821447.67470000
2026-03-27 00:33:01,-3.00,80.34000000,5479769.93740000
2026-03-27 00:33:01,-2.00,73.23800000,5004066.42260000
2026-03-27 00:33:01,-1.00,58.83600000,4029709.22350000
2026-03-27 00:33:01,-0.20,6.28400000,431483.89280000
2026-03-27 00:33:01,0.20,5.75500000,396246.07700000
2026-03-27 00:33:01,1.00,57.72600000,3985541.98550000
2026-03-27 00:33:01,2.00,66.34500000,4587259.30700000
2026-03-27 00:33:01,3.00,74.12400000,5135917.81980000
2026-03-27 00:33:01,4.00,79.70400000,5532187.15650000
2026-03-27 00:33:01,5.00,80.05600000,5557505.30510000
2026-03-27 00:33:30,-5.00,89.91700000,6123702.56590000
2026-03-27 00:33:30,-4.00,89.30700000,6083682.15950000
2026-03-27 00:33:30,-3.00,84.17100000,5742004.42220000
2026-03-27 00:33:30,-2.00,76.83300000,5250414.16460000
2026-03-27 00:33:30,-1.00,62.66700000,4291966.06230000
2026-03-27 00:33:30,-0.20,7.73900000,531410.45950000
2026-03-27 00:33:30,0.20,5.16500000,355621.70260000
2026-03-27 00:33:30,1.00,56.86900000,3926082.43670000
2026-03-27 00:33:30,2.00,65.71500000,4543719.13200000
2026-03-27 00:33:30,3.00,73.26700000,5076445.01970000
2026-03-27 00:33:30,4.00,78.84700000,5472714.35640000
2026-03-27 00:33:30,5.00,79.19900000,5498032.50500000
2026-03-27 00:34:01,-5.00,89.84000000,6118346.45740000
2026-03-27 00:34:01,-4.00,89.24400000,6079250.05100000
2026-03-27 00:34:01,-3.00,85.53000000,5832417.09230000
2026-03-27 00:34:01,-2.00,76.99200000,5260955.60060000
2026-03-27 00:34:01,-1.00,62.59200000,4286733.33960000
2026-03-27 00:34:01,-0.20,5.98900000,411277.62970000
2026-03-27 00:34:01,0.20,7.25100000,499149.13050000
2026-03-27 00:34:01,1.00,60.08300000,4147405.30200000
2026-03-27 00:34:01,2.00,68.70200000,4749130.68030000
2026-03-27 00:34:01,3.00,75.80500000,5249904.12300000
2026-03-27 00:34:01,4.00,82.05500000,5693616.27850000
2026-03-27 00:34:01,5.00,82.41300000,5719363.42710000
2026-03-27 00:34:32,-5.00,90.12300000,6137939.30630000
2026-03-27 00:34:32,-4.00,89.51300000,6097918.89990000
2026-03-27 00:34:32,-3.00,84.37800000,5756265.23240000
2026-03-27 00:34:32,-2.00,77.04000000,5264672.39690000
2026-03-27 00:34:32,-1.00,62.87400000,4306214.14210000
2026-03-27 00:34:32,-0.20,6.27400000,430922.21760000
2026-03-27 00:34:32,0.20,7.12700000,490680.38350000
2026-03-27 00:34:32,1.00,61.37600000,4236780.88280000
2026-03-27 00:34:32,2.00,70.44900000,4870347.12060000
2026-03-27 00:34:32,3.00,77.77400000,5387151.18760000
2026-03-27 00:34:32,4.00,83.35400000,5783420.52430000
2026-03-27 00:34:32,5.00,83.71000000,5809027.47290000
2026-03-27 00:35:01,-5.00,89.83100000,6118835.52450000
2026-03-27 00:35:01,-4.00,89.22000000,6078749.10380000
2026-03-27 00:35:01,-3.00,84.08600000,5737161.45060000
2026-03-27 00:35:01,-2.00,76.74800000,5245561.29180000
2026-03-27 00:35:01,-1.00,62.58300000,4287117.86310000
2026-03-27 00:35:01,-0.20,5.98400000,411089.62000000
2026-03-27 00:35:01,0.20,7.14200000,491849.23800000
2026-03-27 00:35:01,1.00,60.53200000,4179487.80400000
2026-03-27 00:35:01,2.00,69.91000000,4834564.03300000
2026-03-27 00:35:01,3.00,77.45600000,5367335.57820000
2026-03-27 00:35:01,4.00,82.36000000,5715722.14490000
2026-03-27 00:35:01,5.00,82.71600000,5741329.09350000
2026-03-27 00:35:30,-5.00,90.18400000,6142867.79860000
2026-03-27 00:35:30,-4.00,89.57400000,6102847.39220000
2026-03-27 00:35:30,-3.00,84.43900000,5761193.72470000
2026-03-27 00:35:30,-2.00,77.10000000,5269522.86170000
2026-03-27 00:35:30,-1.00,62.93500000,4311079.43300000
2026-03-27 00:35:30,-0.20,6.29100000,432138.04670000
2026-03-27 00:35:30,0.20,7.14000000,491617.43020000
2026-03-27 00:35:30,1.00,58.52500000,4040289.21130000
2026-03-27 00:35:30,2.00,67.37100000,4657952.24850000
2026-03-27 00:35:30,3.00,74.93600000,5191595.31820000
2026-03-27 00:35:30,4.00,80.51600000,5587864.65490000
2026-03-27 00:35:30,5.00,80.86800000,5613182.80350000
2026-03-27 00:36:01,-5.00,85.17000000,5797495.21160000
2026-03-27 00:36:01,-4.00,84.54800000,5756703.54220000
2026-03-27 00:36:01,-3.00,81.60400000,5561167.74730000
2026-03-27 00:36:01,-2.00,73.15100000,4995960.15730000
2026-03-27 00:36:01,-1.00,57.90200000,3964522.25230000
2026-03-27 00:36:01,-0.20,10.46200000,717786.89590000
2026-03-27 00:36:01,0.20,4.87700000,335484.31830000
2026-03-27 00:36:01,1.00,60.31400000,4162035.79990000
2026-03-27 00:36:01,2.00,68.92600000,4763236.39470000
2026-03-27 00:36:01,3.00,74.92800000,5186060.57530000
2026-03-27 00:36:01,4.00,82.29800000,5709055.00160000
2026-03-27 00:36:01,5.00,82.66000000,5735088.11780000
2026-03-27 00:36:31,-5.00,88.45700000,6020886.48030000
2026-03-27 00:36:31,-4.00,87.83500000,5980094.81090000
2026-03-27 00:36:31,-3.00,84.89500000,5784825.51960000
2026-03-27 00:36:31,-2.00,76.44200000,5219591.84240000
2026-03-27 00:36:31,-1.00,61.69600000,4222257.84220000
2026-03-27 00:36:31,-0.20,11.27000000,772805.61180000
2026-03-27 00:36:31,0.20,5.60400000,385314.70870000
2026-03-27 00:36:31,1.00,56.02600000,3863021.14360000
2026-03-27 00:36:31,2.00,64.22000000,4434339.01900000
2026-03-27 00:36:31,3.00,72.34900000,5006615.95140000
2026-03-27 00:36:31,4.00,78.88000000,5470195.08660000
2026-03-27 00:36:31,5.00,79.24200000,5496228.20280000
2026-03-27 00:37:01,-5.00,90.16400000,6136408.71630000
2026-03-27 00:37:01,-4.00,89.54100000,6095576.12430000
2026-03-27 00:37:01,-3.00,86.60100000,5900306.83300000
2026-03-27 00:37:01,-2.00,77.91200000,5319324.17740000
2026-03-27 00:37:01,-1.00,63.16000000,4321809.39680000
2026-03-27 00:37:01,-0.20,11.66300000,799699.56300000
2026-03-27 00:37:01,0.20,6.33700000,435689.16720000
2026-03-27 00:37:01,1.00,57.15400000,3940239.68900000
2026-03-27 00:37:01,2.00,65.35200000,4511717.50770000
2026-03-27 00:37:01,3.00,74.04100000,5123552.75760000
2026-03-27 00:37:01,4.00,80.01100000,5547423.78990000
2026-03-27 00:37:01,5.00,80.32800000,5570211.72100000
2026-03-27 00:37:31,-5.00,85.13100000,5789336.78880000
2026-03-27 00:37:31,-4.00,84.50800000,5748504.19680000
2026-03-27 00:37:31,-3.00,81.57000000,5553368.04830000
2026-03-27 00:37:31,-2.00,73.11300000,4988342.88410000
2026-03-27 00:37:31,-1.00,59.00100000,4034517.96840000
2026-03-27 00:37:31,-0.20,7.11200000,487493.44040000
2026-03-27 00:37:31,0.20,6.15300000,422851.94170000
2026-03-27 00:37:31,1.00,53.84400000,3710569.02590000
2026-03-27 00:37:31,2.00,62.04400000,4282072.18310000
2026-03-27 00:37:31,3.00,69.18400000,4784402.45220000
2026-03-27 00:37:31,4.00,76.70600000,5317902.19320000
2026-03-27 00:37:31,5.00,77.02300000,5340690.12430000
2026-03-27 00:38:02,-5.00,89.40800000,6081303.94530000
2026-03-27 00:38:02,-4.00,88.78500000,6040471.35330000
2026-03-27 00:38:02,-3.00,84.40900000,5749637.52710000
2026-03-27 00:38:02,-2.00,77.40900000,5281900.83450000
2026-03-27 00:38:02,-1.00,62.54000000,4276714.18140000
2026-03-27 00:38:02,-0.20,7.77100000,532634.99260000
2026-03-27 00:38:02,0.20,4.79200000,329250.23820000
2026-03-27 00:38:02,1.00,57.76100000,3980543.06260000
2026-03-27 00:38:02,2.00,65.09500000,4491880.32380000
2026-03-27 00:38:02,3.00,71.68000000,4954747.62900000
2026-03-27 00:38:02,4.00,79.76400000,5527820.24280000
2026-03-27 00:38:02,5.00,80.08100000,5550608.17390000
2026-03-27 00:38:32,-5.00,88.35500000,6006166.85330000
2026-03-27 00:38:32,-4.00,87.73200000,5965360.19810000
2026-03-27 00:38:32,-3.00,84.16000000,5728044.25860000
2026-03-27 00:38:32,-2.00,76.11800000,5190901.53460000
2026-03-27 00:38:32,-1.00,61.33700000,4191659.44090000
2026-03-27 00:38:32,-0.20,5.75500000,394474.44260000
2026-03-27 00:38:32,0.20,4.88700000,335754.88590000
2026-03-27 00:38:32,1.00,45.07800000,3105916.86420000
2026-03-27 00:38:32,2.00,53.68700000,3706270.03570000
2026-03-27 00:38:32,3.00,61.09600000,4227702.47800000
2026-03-27 00:38:32,4.00,67.06200000,4650776.92430000
2026-03-27 00:38:32,5.00,67.37900000,4673564.85540000
2026-03-27 00:39:02,-5.00,87.30000000,5933530.82160000
2026-03-27 00:39:02,-4.00,86.62700000,5889465.17140000
2026-03-27 00:39:02,-3.00,84.21900000,5729620.22990000
2026-03-27 00:39:02,-2.00,75.01300000,5115006.50790000
2026-03-27 00:39:02,-1.00,60.23600000,4116169.03650000
2026-03-27 00:39:02,-0.20,5.83700000,399972.20080000
2026-03-27 00:39:02,0.20,7.20400000,494929.43390000
2026-03-27 00:39:02,1.00,48.01700000,3307782.14340000
2026-03-27 00:39:02,2.00,56.62800000,3908204.64470000
2026-03-27 00:39:02,3.00,64.03700000,4429637.08700000
2026-03-27 00:39:02,4.00,70.00300000,4852711.53330000
2026-03-27 00:39:02,5.00,70.31400000,4875067.16440000
2026-03-27 00:39:32,-5.00,86.87600000,5906054.51920000
2026-03-27 00:39:32,-4.00,86.25300000,5865247.86400000
2026-03-27 00:39:32,-3.00,81.87700000,5574414.03780000
2026-03-27 00:39:32,-2.00,74.63900000,5090789.20050000
2026-03-27 00:39:32,-1.00,59.86100000,4091883.81090000
2026-03-27 00:39:32,-0.20,5.69100000,390160.00220000
2026-03-27 00:39:32,0.20,5.42400000,372736.40110000
2026-03-27 00:39:32,1.00,49.17500000,3388339.27730000
2026-03-27 00:39:32,2.00,57.78400000,3988594.25230000
2026-03-27 00:39:32,3.00,65.19300000,4510033.66910000
2026-03-27 00:39:32,4.00,71.15900000,4933108.11540000
2026-03-27 00:39:32,5.00,71.47600000,4955896.04650000
2026-03-27 00:40:05,-5.00,88.99400000,6050728.58940000
2026-03-27 00:40:05,-4.00,88.37100000,6009921.93420000
2026-03-27 00:40:05,-3.00,83.69800000,5699317.61990000
2026-03-27 00:40:05,-2.00,76.26100000,5202137.18150000
2026-03-27 00:40:05,-1.00,61.97700000,4236513.46960000
2026-03-27 00:40:05,-0.20,5.89300000,403956.89990000
2026-03-27 00:40:05,0.20,5.63700000,387341.54340000
2026-03-27 00:40:05,1.00,49.58900000,3416689.58210000
2026-03-27 00:40:05,2.00,58.42700000,4032964.40330000
2026-03-27 00:40:05,3.00,65.60700000,4538298.14590000
2026-03-27 00:40:05,4.00,71.57300000,4961372.59220000
2026-03-27 00:40:05,5.00,71.89000000,4984160.52330000
2026-03-27 00:40:34,-5.00,70.94300000,4817184.75550000
2026-03-27 00:40:34,-4.00,70.32000000,4776356.04190000
2026-03-27 00:40:34,-3.00,64.92600000,4417749.64990000
2026-03-27 00:40:34,-2.00,57.97300000,3952638.63530000
2026-03-27 00:40:34,-1.00,43.92400000,3002820.58770000
2026-03-27 00:40:34,-0.20,7.51400000,515122.72390000
2026-03-27 00:40:34,0.20,7.31300000,502678.83530000
2026-03-27 00:40:34,1.00,40.82100000,2812387.65890000
2026-03-27 00:40:34,2.00,50.34100000,3476407.04740000
2026-03-27 00:40:34,3.00,57.50300000,3980939.87140000
2026-03-27 00:40:34,4.00,62.80500000,4357072.97520000
2026-03-27 00:40:34,5.00,63.12200000,4379860.90630000
2026-03-27 00:41:03,-5.00,89.59200000,6100345.14580000
2026-03-27 00:41:03,-4.00,88.98000000,6060197.92570000
2026-03-27 00:41:03,-3.00,82.35800000,5619724.96960000
2026-03-27 00:41:03,-2.00,76.49200000,5226922.56410000
2026-03-27 00:41:03,-1.00,62.33200000,4268948.33310000
2026-03-27 00:41:03,-0.20,7.07300000,485911.01000000
2026-03-27 00:41:03,0.20,5.85200000,402979.63350000
2026-03-27 00:41:03,1.00,58.22000000,4020635.60720000
2026-03-27 00:41:03,2.00,67.57500000,4673882.90030000
2026-03-27 00:41:03,3.00,76.07200000,5273418.23120000
2026-03-27 00:41:03,4.00,80.01000000,5553363.98480000
2026-03-27 00:41:03,5.00,80.36600000,5578970.93340000
2026-03-27 00:41:32,-5.00,90.05600000,6132906.61560000
2026-03-27 00:41:32,-4.00,89.43700000,6092297.17920000
2026-03-27 00:41:32,-3.00,84.01000000,5731437.71160000
2026-03-27 00:41:32,-2.00,77.18900000,5274871.87630000
2026-03-27 00:41:32,-1.00,61.39000000,4205233.42570000
2026-03-27 00:41:32,-0.20,6.86400000,471586.04450000
2026-03-27 00:41:32,0.20,8.74200000,602100.75510000
2026-03-27 00:41:32,1.00,63.01300000,4351117.87930000
2026-03-27 00:41:32,2.00,72.36500000,5004236.98500000
2026-03-27 00:41:32,3.00,80.86200000,5603772.31590000
2026-03-27 00:41:32,4.00,84.80000000,5883718.06950000
2026-03-27 00:41:32,5.00,85.16000000,5909613.88010000
2026-03-27 00:42:01,-5.00,89.70800000,6109699.31190000
2026-03-27 00:42:01,-4.00,89.08900000,6069089.87550000
2026-03-27 00:42:01,-3.00,83.66200000,5708230.40790000
2026-03-27 00:42:01,-2.00,76.60400000,5235716.70040000
2026-03-27 00:42:01,-1.00,60.80200000,4165873.94980000
2026-03-27 00:42:01,-0.20,6.28600000,431961.09080000
2026-03-27 00:42:01,0.20,5.00200000,344507.32110000
2026-03-27 00:42:01,1.00,61.47600000,4245629.19600000
2026-03-27 00:42:01,2.00,70.60100000,4882899.54830000
2026-03-27 00:42:01,3.00,79.32600000,5498471.94950000
2026-03-27 00:42:01,4.00,83.27700000,5779339.17040000
2026-03-27 00:42:01,5.00,83.63700000,5805234.98100000
2026-03-27 00:43:33,-5.00,88.72100000,6043295.89760000
2026-03-27 00:43:33,-4.00,88.10900000,6003148.67750000
2026-03-27 00:43:33,-3.00,84.83100000,5785400.29460000
2026-03-27 00:43:33,-2.00,76.34200000,5217444.91410000
2026-03-27 00:43:33,-1.00,61.46800000,4211202.41110000
2026-03-27 00:43:33,-0.20,6.17300000,424081.08140000
2026-03-27 00:43:33,0.20,5.98200000,411915.63530000
2026-03-27 00:43:33,1.00,61.74200000,4263108.02290000
2026-03-27 00:43:33,2.00,70.34800000,4863967.16960000
2026-03-27 00:43:33,3.00,77.73400000,5384868.49060000
2026-03-27 00:43:33,4.00,83.69900000,5808431.51250000
2026-03-27 00:43:33,5.00,84.05500000,5834038.46110000
2026-03-27 00:44:01,-5.00,88.77500000,6046133.80820000
2026-03-27 00:44:01,-4.00,88.17800000,6006976.60240000
2026-03-27 00:44:01,-3.00,85.23200000,5811378.03130000
2026-03-27 00:44:01,-2.00,76.39800000,5220368.45870000
2026-03-27 00:44:01,-1.00,61.52700000,4214330.12690000
2026-03-27 00:44:01,-0.20,6.22700000,427647.24150000
2026-03-27 00:44:01,0.20,4.49200000,309156.50680000
2026-03-27 00:44:01,1.00,59.41100000,4101057.34920000
2026-03-27 00:44:01,2.00,68.01800000,4701985.92880000
2026-03-27 00:44:01,3.00,75.40400000,5222887.24980000
2026-03-27 00:44:01,4.00,81.35900000,5645735.30410000
2026-03-27 00:44:01,5.00,81.72100000,5671768.42030000
2026-03-27 00:44:32,-5.00,90.07300000,6134138.40590000
2026-03-27 00:44:32,-4.00,89.44600000,6093022.10350000
2026-03-27 00:44:32,-3.00,86.50000000,5897423.53240000
2026-03-27 00:44:32,-2.00,77.81400000,5316382.76620000
2026-03-27 00:44:32,-1.00,62.80100000,4300784.85200000
2026-03-27 00:44:32,-0.20,15.13600000,1038638.21700000
2026-03-27 00:44:32,0.20,7.31900000,503740.93730000
2026-03-27 00:44:32,1.00,60.06400000,4145459.21450000
2026-03-27 00:44:32,2.00,68.81600000,4756466.30900000
2026-03-27 00:44:32,3.00,75.64200000,5237717.79480000
2026-03-27 00:44:32,4.00,82.15700000,5700213.62510000
2026-03-27 00:44:32,5.00,82.51900000,5726246.74130000
2026-03-27 00:45:04,-5.00,87.83600000,5982292.86800000
2026-03-27 00:45:04,-4.00,87.20900000,5941176.56560000
2026-03-27 00:45:04,-3.00,84.97900000,5793233.02570000
2026-03-27 00:45:04,-2.00,76.05400000,5196111.36220000
2026-03-27 00:45:04,-1.00,61.42500000,4206523.06020000
2026-03-27 00:45:04,-0.20,15.65400000,1074094.50050000
2026-03-27 00:45:04,0.20,5.82400000,400881.92240000
2026-03-27 00:45:04,1.00,59.25900000,4090337.53720000
2026-03-27 00:45:04,2.00,68.14500000,4710616.75490000
2026-03-27 00:45:04,3.00,74.70100000,5172727.94830000
2026-03-27 00:45:04,4.00,80.82800000,5607534.21820000
2026-03-27 00:45:04,5.00,81.19000000,5633567.33440000
2026-03-27 00:45:34,-5.00,89.11900000,6068741.40450000
2026-03-27 00:45:34,-4.00,88.49600000,6027888.93570000
2026-03-27 00:45:34,-3.00,86.26500000,5879881.52720000
2026-03-27 00:45:34,-2.00,77.81200000,5314548.98370000
2026-03-27 00:45:34,-1.00,62.55600000,4282763.73020000
2026-03-27 00:45:34,-0.20,16.54400000,1134911.97770000
2026-03-27 00:45:34,0.20,4.39600000,302341.76270000
2026-03-27 00:45:34,1.00,60.61000000,4182099.77980000
2026-03-27 00:45:34,2.00,67.93300000,4692889.84320000
2026-03-27 00:45:34,3.00,75.46800000,5223387.85160000
2026-03-27 00:45:34,4.00,81.87900000,5678297.21990000
2026-03-27 00:45:34,5.00,82.24100000,5704330.33610000
2026-03-27 00:46:01,-5.00,88.42400000,6018810.19580000
2026-03-27 00:46:01,-4.00,87.80100000,5977980.14900000
2026-03-27 00:46:01,-3.00,85.57400000,5830239.24410000
2026-03-27 00:46:01,-2.00,77.12700000,5265444.33910000
2026-03-27 00:46:01,-1.00,62.57800000,4281752.61940000
2026-03-27 00:46:01,-0.20,15.21800000,1043303.75310000
2026-03-27 00:46:01,0.20,4.48000000,307942.58960000
2026-03-27 00:46:01,1.00,58.33900000,4022316.91230000
2026-03-27 00:46:01,2.00,66.53200000,4593415.18040000
2026-03-27 00:46:01,3.00,73.80000000,5105026.43050000
2026-03-27 00:46:01,4.00,80.49000000,5579665.70390000
2026-03-27 00:46:01,5.00,80.80700000,5602453.63500000
2026-03-27 00:46:32,-5.00,87.31900000,5943575.13470000
2026-03-27 00:46:32,-4.00,86.69600000,5902745.08790000
2026-03-27 00:46:32,-3.00,84.46900000,5755004.18300000
2026-03-27 00:46:32,-2.00,76.02100000,5190141.99230000
2026-03-27 00:46:32,-1.00,61.03200000,4176572.50860000
2026-03-27 00:46:32,-0.20,11.94400000,819015.82630000
2026-03-27 00:46:32,0.20,5.17400000,355727.93180000
2026-03-27 00:46:32,1.00,57.60700000,3972428.24540000
2026-03-27 00:46:32,2.00,65.22400000,4503585.53590000
2026-03-27 00:46:32,3.00,73.89200000,5114038.64240000
2026-03-27 00:46:32,4.00,79.18200000,5489588.68780000
2026-03-27 00:46:32,5.00,79.49900000,5512376.61890000
2026-03-27 00:47:00,-5.00,87.10800000,5928963.90220000
2026-03-27 00:47:00,-4.00,86.48500000,5888133.85540000
2026-03-27 00:47:00,-3.00,84.25800000,5740392.95050000
2026-03-27 00:47:00,-2.00,75.80900000,5175517.42220000
2026-03-27 00:47:00,-1.00,60.81800000,4161896.70350000
2026-03-27 00:47:00,-0.20,15.19700000,1041874.51230000
2026-03-27 00:47:00,0.20,4.78000000,328580.94030000
2026-03-27 00:47:00,1.00,59.29900000,4088875.58620000
2026-03-27 00:47:00,2.00,67.20400000,4640004.27990000
2026-03-27 00:47:00,3.00,75.59200000,5230566.55200000
2026-03-27 00:47:00,4.00,81.16200000,5625917.91740000
2026-03-27 00:47:00,5.00,81.47900000,5648705.84850000
2026-03-27 00:47:32,-5.00,67.00500000,4554328.23880000
2026-03-27 00:47:32,-4.00,66.38200000,4513498.19200000
2026-03-27 00:47:32,-3.00,63.43600000,4317891.94720000
2026-03-27 00:47:32,-2.00,55.46500000,3784904.73640000
2026-03-27 00:47:32,-1.00,42.03600000,2877195.63840000
2026-03-27 00:47:32,-0.20,16.88900000,1157737.56250000
2026-03-27 00:47:32,0.20,4.29000000,294832.91050000
2026-03-27 00:47:32,1.00,38.91100000,2682889.77650000
2026-03-27 00:47:32,2.00,45.00300000,3107849.71750000
2026-03-27 00:47:32,3.00,53.39100000,3698411.98960000
2026-03-27 00:47:32,4.00,58.96300000,4093812.72840000
2026-03-27 00:47:32,5.00,59.28000000,4116600.65950000
2026-03-27 00:48:01,-5.00,82.93100000,5642473.82050000
2026-03-27 00:48:01,-4.00,82.30800000,5601643.77370000
2026-03-27 00:48:01,-3.00,77.92400000,5310324.24890000
2026-03-27 00:48:01,-2.00,71.38700000,4873203.47510000
2026-03-27 00:48:01,-1.00,59.28600000,4055479.06820000
2026-03-27 00:48:01,-0.20,12.95200000,887797.64750000
2026-03-27 00:48:01,0.20,5.33200000,366397.45120000
2026-03-27 00:48:01,1.00,51.67000000,3559506.81100000
2026-03-27 00:48:01,2.00,61.23100000,4224630.71290000
2026-03-27 00:48:01,3.00,68.36200000,4726036.32340000
2026-03-27 00:48:01,4.00,75.19600000,5210469.39330000
2026-03-27 00:48:01,5.00,75.51300000,5233257.32440000
2026-03-27 00:48:31,-5.00,82.19300000,5592883.35430000
2026-03-27 00:48:31,-4.00,81.57000000,5552053.30750000
2026-03-27 00:48:31,-3.00,77.18600000,5260733.78270000
2026-03-27 00:48:31,-2.00,70.64900000,4823571.18120000
2026-03-27 00:48:31,-1.00,59.25700000,4053675.72500000
2026-03-27 00:48:31,-0.20,11.24900000,771171.45520000
2026-03-27 00:48:31,0.20,5.43000000,373161.35230000
2026-03-27 00:48:31,1.00,56.52900000,3896403.92140000
2026-03-27 00:48:31,2.00,61.10100000,4215582.67120000
2026-03-27 00:48:31,3.00,67.77800000,4685077.18190000
2026-03-27 00:48:31,4.00,74.61200000,5169510.25180000
2026-03-27 00:48:31,5.00,74.92900000,5192298.18290000
2026-03-27 00:49:00,-5.00,83.25000000,5665443.79900000
2026-03-27 00:49:00,-4.00,82.62700000,5624613.75220000
2026-03-27 00:49:00,-3.00,78.24300000,5333294.22740000
2026-03-27 00:49:00,-2.00,71.94400000,4912062.32250000
2026-03-27 00:49:00,-1.00,61.02100000,4173802.77720000
2026-03-27 00:49:00,-0.20,6.07500000,416549.05570000
2026-03-27 00:49:00,0.20,7.23000000,496900.70590000
2026-03-27 00:49:00,1.00,57.79500000,3983059.88850000
2026-03-27 00:49:00,2.00,62.13900000,4286347.12950000
2026-03-27 00:49:00,3.00,69.02700000,4770983.67080000
2026-03-27 00:49:00,4.00,75.19700000,5208477.99050000
2026-03-27 00:49:00,5.00,75.51400000,5231265.92160000
2026-03-27 00:49:32,-5.00,81.71800000,5563198.05870000
2026-03-27 00:49:32,-4.00,81.09500000,5522368.01190000
2026-03-27 00:49:32,-3.00,76.71100000,5231048.48710000
2026-03-27 00:49:32,-2.00,71.36100000,4873464.31560000
2026-03-27 00:49:32,-1.00,60.90900000,4167040.15500000
2026-03-27 00:49:32,-0.20,5.96500000,409153.90140000
2026-03-27 00:49:32,0.20,6.68300000,459492.94790000
2026-03-27 00:49:32,1.00,54.33500000,3745359.42550000
2026-03-27 00:49:32,2.00,58.22200000,4016792.42620000
2026-03-27 00:49:32,3.00,66.43400000,4595484.23080000
2026-03-27 00:49:32,4.00,70.37400000,4875295.59880000
2026-03-27 00:49:32,5.00,70.69100000,4898083.52990000
2026-03-27 00:50:04,-5.00,80.28000000,5467420.03730000
2026-03-27 00:50:04,-4.00,79.65700000,5426589.99050000
2026-03-27 00:50:04,-3.00,76.71100000,5230983.74570000
2026-03-27 00:50:04,-2.00,71.36100000,4873399.57420000
2026-03-27 00:50:04,-1.00,60.90900000,4166975.41360000
2026-03-27 00:50:04,-0.20,6.10400000,418692.63720000
2026-03-27 00:50:04,0.20,6.50200000,447073.65790000
2026-03-27 00:50:04,1.00,57.02800000,3931049.98040000
2026-03-27 00:50:04,2.00,60.91500000,4202482.98110000
2026-03-27 00:50:04,3.00,68.45000000,4733314.21290000
2026-03-27 00:50:04,4.00,71.71300000,4965246.99000000
2026-03-27 00:50:04,5.00,72.03000000,4988034.92110000
2026-03-27 00:50:33,-5.00,77.46000000,5278756.06360000
2026-03-27 00:50:33,-4.00,76.83700000,5237926.01680000
2026-03-27 00:50:33,-3.00,74.61000000,5090185.11190000
2026-03-27 00:50:33,-2.00,70.69000000,4828279.38040000
2026-03-27 00:50:33,-1.00,60.23800000,4121855.21980000
2026-03-27 00:50:33,-0.20,14.18700000,972661.14940000
2026-03-27 00:50:33,0.20,4.13800000,284454.07870000
2026-03-27 00:50:33,1.00,56.90700000,3923164.20250000
2026-03-27 00:50:33,2.00,60.79400000,4194597.20320000
2026-03-27 00:50:33,3.00,66.27900000,4580942.48340000
2026-03-27 00:50:33,4.00,69.54200000,4812875.26050000
2026-03-27 00:50:33,5.00,69.85900000,4835663.19160000
2026-03-27 00:51:02,-5.00,77.40100000,5275927.41180000
2026-03-27 00:51:02,-4.00,76.77800000,5235097.36500000
2026-03-27 00:51:02,-3.00,74.55100000,5087356.46010000
2026-03-27 00:51:02,-2.00,71.34600000,4873299.52960000
2026-03-27 00:51:02,-1.00,60.89000000,4166603.44340000
2026-03-27 00:51:02,-0.20,14.84200000,1017612.76480000
2026-03-27 00:51:02,0.20,7.56300000,520140.14820000
2026-03-27 00:51:02,1.00,56.97200000,3927662.19970000
2026-03-27 00:51:02,2.00,60.85900000,4199095.20040000
2026-03-27 00:51:02,3.00,65.66400000,4537586.22770000
2026-03-27 00:51:02,4.00,68.92800000,4769590.41970000
2026-03-27 00:51:02,5.00,69.29000000,4795623.53590000
2026-03-27 00:51:30,-5.00,77.41400000,5277114.70320000
2026-03-27 00:51:30,-4.00,76.79100000,5236284.65640000
2026-03-27 00:51:30,-3.00,74.56000000,5088244.27980000
2026-03-27 00:51:30,-2.00,71.35000000,4873848.15170000
2026-03-27 00:51:30,-1.00,60.63100000,4149261.78010000
2026-03-27 00:51:30,-0.20,9.42800000,646762.19870000
2026-03-27 00:51:30,0.20,5.70900000,392680.03040000
2026-03-27 00:51:30,1.00,56.78800000,3915705.67470000
2026-03-27 00:51:30,2.00,60.67400000,4187072.11890000
2026-03-27 00:51:30,3.00,65.47500000,4525282.88060000
2026-03-27 00:51:30,4.00,68.73900000,4757287.07260000
2026-03-27 00:51:30,5.00,69.10100000,4783320.18880000
2026-03-27 00:52:01,-5.00,58.44300000,3979381.87100000
2026-03-27 00:52:01,-4.00,57.82000000,3938551.82420000
2026-03-27 00:52:01,-3.00,55.58900000,3790511.44760000
2026-03-27 00:52:01,-2.00,52.37900000,3576115.31950000
2026-03-27 00:52:01,-1.00,41.21800000,2821570.53150000
2026-03-27 00:52:01,-0.20,8.45100000,579780.87320000
2026-03-27 00:52:01,0.20,5.02300000,345507.34400000
2026-03-27 00:52:01,1.00,37.79500000,2606868.93320000
2026-03-27 00:52:01,2.00,43.38300000,2997318.42720000
2026-03-27 00:52:01,3.00,46.91200000,3246402.82010000
2026-03-27 00:52:01,4.00,50.17600000,3478407.01210000
2026-03-27 00:52:01,5.00,50.53800000,3504440.12830000
2026-03-27 00:52:32,-5.00,77.46400000,5281841.80130000
2026-03-27 00:52:32,-4.00,76.83700000,5240747.92090000
2026-03-27 00:52:32,-3.00,74.31300000,5073177.01100000
2026-03-27 00:52:32,-2.00,71.39800000,4878440.58320000
2026-03-27 00:52:32,-1.00,60.68000000,4153920.85740000
2026-03-27 00:52:32,-0.20,5.35900000,367871.28580000
2026-03-27 00:52:32,0.20,6.38000000,438987.82780000
2026-03-27 00:52:32,1.00,55.00200000,3794048.92900000
2026-03-27 00:52:32,2.00,60.15800000,4154429.27740000
2026-03-27 00:52:32,3.00,63.68700000,4403513.67030000
2026-03-27 00:52:32,4.00,66.95100000,4635517.86230000
2026-03-27 00:52:32,5.00,67.31300000,4661550.97850000
2026-03-27 00:53:00,-5.00,56.39300000,3840184.09530000
2026-03-27 00:53:00,-4.00,55.76600000,3799090.21490000
2026-03-27 00:53:00,-3.00,53.24200000,3631519.30500000
2026-03-27 00:53:00,-2.00,50.32700000,3436782.87720000
2026-03-27 00:53:00,-1.00,39.60900000,2712237.81700000
2026-03-27 00:53:00,-0.20,5.98400000,410792.24600000
2026-03-27 00:53:00,0.20,6.68100000,459690.07710000
2026-03-27 00:53:00,1.00,37.30300000,2572954.57830000
2026-03-27 00:53:00,2.00,42.45900000,2933334.92670000
2026-03-27 00:53:00,3.00,45.98800000,3182419.31960000
2026-03-27 00:53:00,4.00,49.25200000,3414423.51160000
2026-03-27 00:53:00,5.00,49.61400000,3440456.62780000
2026-03-27 00:53:31,-5.00,56.51300000,3850457.22270000
2026-03-27 00:53:31,-4.00,55.90200000,3810372.40260000
2026-03-27 00:53:31,-3.00,53.33800000,3640112.74960000
2026-03-27 00:53:31,-2.00,50.32500000,3438625.69110000
2026-03-27 00:53:31,-1.00,39.75000000,2723705.93010000
2026-03-27 00:53:31,-0.20,7.66600000,526618.28340000
2026-03-27 00:53:31,0.20,7.71600000,531471.53320000
2026-03-27 00:53:31,1.00,47.96200000,3310635.54810000
2026-03-27 00:53:31,2.00,52.97700000,3661229.17790000
2026-03-27 00:53:31,3.00,56.49900000,3909960.54280000
2026-03-27 00:53:31,4.00,59.78200000,4143318.04390000
2026-03-27 00:53:31,5.00,60.13800000,4168924.99250000
2026-03-27 00:54:01,-5.00,73.83000000,5037095.38640000
2026-03-27 00:54:01,-4.00,73.21900000,4997010.56630000
2026-03-27 00:54:01,-3.00,70.65500000,4826750.91330000
2026-03-27 00:54:01,-2.00,67.64700000,4625600.85480000
2026-03-27 00:54:01,-1.00,57.06700000,3910344.09380000
2026-03-27 00:54:01,-0.20,9.47200000,650554.92760000
2026-03-27 00:54:01,0.20,7.71900000,531658.22070000
2026-03-27 00:54:01,1.00,56.81500000,3922036.83560000
2026-03-27 00:54:01,2.00,61.98000000,4283049.46540000
2026-03-27 00:54:01,3.00,65.51500000,4532700.34890000
2026-03-27 00:54:01,4.00,68.78500000,4765136.40610000
2026-03-27 00:54:01,5.00,69.14100000,4790743.35470000
2026-03-27 00:54:32,-5.00,72.81000000,4966428.64700000
2026-03-27 00:54:32,-4.00,72.20000000,4926409.84120000
2026-03-27 00:54:32,-3.00,69.63500000,4756058.69990000
2026-03-27 00:54:32,-2.00,66.62700000,4554883.10540000
2026-03-27 00:54:32,-1.00,56.04700000,3839601.03640000
2026-03-27 00:54:32,-0.20,4.62600000,317744.47380000
2026-03-27 00:54:32,0.20,3.56000000,245081.30070000
2026-03-27 00:54:32,1.00,56.00400000,3865806.12480000
2026-03-27 00:54:32,2.00,61.16800000,4226748.61180000
2026-03-27 00:54:32,3.00,64.70400000,4476467.66340000
2026-03-27 00:54:32,4.00,67.97400000,4708903.72060000
2026-03-27 00:54:32,5.00,68.32600000,4734221.86920000
2026-03-27 00:55:00,-5.00,73.29100000,4999136.35170000
2026-03-27 00:55:00,-4.00,72.66900000,4958343.63930000
2026-03-27 00:55:00,-3.00,70.43700000,4810208.32410000
2026-03-27 00:55:00,-2.00,67.08200000,4585892.90350000
2026-03-27 00:55:00,-1.00,56.50500000,3870815.00570000
2026-03-27 00:55:00,-0.20,8.88400000,609899.36100000
2026-03-27 00:55:00,0.20,5.85100000,402753.11560000
2026-03-27 00:55:00,1.00,54.97600000,3794633.10700000
2026-03-27 00:55:00,2.00,60.14200000,4155714.45540000
2026-03-27 00:55:00,3.00,63.67800000,4405431.87290000
2026-03-27 00:55:00,4.00,66.93800000,4637152.96250000
2026-03-27 00:55:00,5.00,67.30000000,4663186.07870000
2026-03-27 00:55:33,-5.00,75.29500000,5137337.41550000
2026-03-27 00:55:33,-4.00,74.68500000,5097318.60970000
2026-03-27 00:55:33,-3.00,72.12000000,4926967.46840000
2026-03-27 00:55:33,-2.00,69.11200000,4725791.87390000
2026-03-27 00:55:33,-1.00,58.53200000,4010509.80490000
2026-03-27 00:55:33,-0.20,7.57900000,520523.47190000
2026-03-27 00:55:33,0.20,4.68100000,322234.68540000
2026-03-27 00:55:33,1.00,57.12700000,3943558.58500000
2026-03-27 00:55:33,2.00,62.29100000,4304501.07200000
2026-03-27 00:55:33,3.00,65.81400000,4553303.22580000
2026-03-27 00:55:33,4.00,69.08400000,4785739.28300000
2026-03-27 00:55:33,5.00,69.43600000,4811057.43160000
2026-03-27 00:56:00,-5.00,75.32800000,5139579.19380000
2026-03-27 00:56:00,-4.00,74.71800000,5099560.38800000
2026-03-27 00:56:00,-3.00,72.15300000,4929209.24670000
2026-03-27 00:56:00,-2.00,69.14500000,4728033.65220000
2026-03-27 00:56:00,-1.00,58.56500000,4012751.58320000
2026-03-27 00:56:00,-0.20,7.47300000,513239.51070000
2026-03-27 00:56:00,0.20,4.47100000,307778.96480000
2026-03-27 00:56:00,1.00,56.93100000,3930067.41120000
2026-03-27 00:56:00,2.00,62.09500000,4291009.89820000
2026-03-27 00:56:00,3.00,65.61800000,4539812.05200000
2026-03-27 00:56:00,4.00,68.88800000,4772248.10920000
2026-03-27 00:56:00,5.00,69.24000000,4797566.25780000
2026-03-27 00:56:32,-5.00,76.75400000,5238445.47020000
2026-03-27 00:56:32,-4.00,76.13600000,5197898.43380000
2026-03-27 00:56:32,-3.00,73.87600000,5047881.35420000
2026-03-27 00:56:32,-2.00,70.56700000,4826596.49250000
2026-03-27 00:56:32,-1.00,59.98900000,4111421.73080000
2026-03-27 00:56:32,-0.20,6.49600000,446425.24630000
2026-03-27 00:56:32,0.20,7.57100000,521582.46480000
2026-03-27 00:56:32,1.00,58.03600000,4006868.54180000
2026-03-27 00:56:32,2.00,63.05000000,4357417.30600000
2026-03-27 00:56:32,3.00,66.58500000,4607068.14920000
2026-03-27 00:56:32,4.00,69.85500000,4839504.20640000
2026-03-27 00:56:32,5.00,70.21500000,4865400.01700000
2026-03-27 00:57:01,-5.00,75.76500000,5171254.05090000
2026-03-27 00:57:01,-4.00,75.14700000,5130707.01450000
2026-03-27 00:57:01,-3.00,72.88700000,4980689.93490000
2026-03-27 00:57:01,-2.00,69.57800000,4759405.07320000
2026-03-27 00:57:01,-1.00,59.00000000,4044230.31150000
2026-03-27 00:57:01,-0.20,6.63500000,456003.83630000
2026-03-27 00:57:01,0.20,7.40100000,509929.60380000
2026-03-27 00:57:01,1.00,56.52000000,3902918.00920000
2026-03-27 00:57:01,2.00,61.53400000,4253466.77340000
2026-03-27 00:57:01,3.00,65.07000000,4503188.47370000
2026-03-27 00:57:01,4.00,68.33900000,4735553.67380000
2026-03-27 00:57:01,5.00,68.69900000,4761449.48440000
2026-03-27 00:57:31,-5.00,75.02000000,5119717.06720000
2026-03-27 00:57:31,-4.00,74.40900000,5079632.24710000
2026-03-27 00:57:31,-3.00,72.14200000,4929152.95120000
2026-03-27 00:57:31,-2.00,68.83300000,4707868.08950000
2026-03-27 00:57:31,-1.00,58.25800000,3992897.62780000
2026-03-27 00:57:31,-0.20,14.67100000,1007567.46300000
2026-03-27 00:57:31,0.20,4.61400000,317712.48060000
2026-03-27 00:57:31,1.00,57.20100000,3949573.61310000
2026-03-27 00:57:31,2.00,62.21600000,4300191.84440000
2026-03-27 00:57:31,3.00,65.75100000,4549842.68760000
2026-03-27 00:57:31,4.00,69.02100000,4782278.74480000
2026-03-27 00:57:31,5.00,69.38100000,4808174.55540000
2026-03-27 00:58:01,-5.00,75.04400000,5121364.40940000
2026-03-27 00:58:01,-4.00,74.42600000,5080817.37300000
2026-03-27 00:58:01,-3.00,72.16600000,4930800.29340000
2026-03-27 00:58:01,-2.00,68.85700000,4709515.43170000
2026-03-27 00:58:01,-1.00,58.28200000,3994544.97000000
2026-03-27 00:58:01,-0.20,11.45000000,786493.08490000
2026-03-27 00:58:01,0.20,4.57000000,314683.11240000
2026-03-27 00:58:01,1.00,54.82400000,3785327.54570000
2026-03-27 00:58:01,2.00,59.83800000,4135876.30990000
2026-03-27 00:58:01,3.00,63.37300000,4385527.15310000
2026-03-27 00:58:01,4.00,66.64300000,4617963.21030000
2026-03-27 00:58:01,5.00,67.00300000,4643859.02090000
2026-03-27 00:58:30,-5.00,74.99800000,5118160.02480000
2026-03-27 00:58:30,-4.00,74.38700000,5078075.20470000
2026-03-27 00:58:30,-3.00,72.12000000,4927595.90880000
2026-03-27 00:58:30,-2.00,68.81100000,4706311.04710000
2026-03-27 00:58:30,-1.00,58.23600000,3991340.58540000
2026-03-27 00:58:30,-0.20,11.40400000,783324.70030000
2026-03-27 00:58:30,0.20,4.55400000,313571.01050000
2026-03-27 00:58:30,1.00,54.82200000,3785084.92240000
2026-03-27 00:58:30,2.00,59.83600000,4135633.68660000
2026-03-27 00:58:30,3.00,63.37100000,4385281.72180000
2026-03-27 00:58:30,4.00,66.64100000,4617717.77900000
2026-03-27 00:58:30,5.00,67.00100000,4643613.58960000
2026-03-27 00:59:01,-5.00,75.44700000,5149668.58660000
2026-03-27 00:59:01,-4.00,74.83600000,5109583.76650000
2026-03-27 00:59:01,-3.00,73.02000000,4989080.05030000
2026-03-27 00:59:01,-2.00,69.71600000,4768132.18860000
2026-03-27 00:59:01,-1.00,59.13700000,4052892.81610000
2026-03-27 00:59:01,-0.20,16.06800000,1103393.94610000
2026-03-27 00:59:01,0.20,7.15900000,493032.39050000
2026-03-27 00:59:01,1.00,55.84700000,3855525.47060000
2026-03-27 00:59:01,2.00,60.86200000,4206143.70190000
2026-03-27 00:59:01,3.00,64.39700000,4455789.57260000
2026-03-27 00:59:01,4.00,67.66700000,4688225.62980000
2026-03-27 00:59:01,5.00,68.02300000,4713832.57840000
2026-03-27 00:59:32,-5.00,73.91600000,5045967.44030000
2026-03-27 00:59:32,-4.00,73.60000000,5025189.41450000
2026-03-27 00:59:32,-3.00,71.79100000,4905147.91460000
2026-03-27 00:59:32,-2.00,68.48200000,4683863.05290000
2026-03-27 00:59:32,-1.00,57.90400000,3968688.29120000
2026-03-27 00:59:32,-0.20,5.09700000,350257.91530000
2026-03-27 00:59:32,0.20,5.94100000,409298.50520000
2026-03-27 00:59:32,1.00,56.25800000,3884898.52910000
2026-03-27 00:59:32,2.00,61.27200000,4235447.29330000
2026-03-27 00:59:32,3.00,64.80800000,4485164.02110000
2026-03-27 00:59:32,4.00,68.07700000,4717529.22120000
2026-03-27 00:59:32,5.00,68.43700000,4743425.03180000
2026-03-27 01:00:06,-5.00,69.09400000,4715895.78970000
2026-03-27 01:00:06,-4.00,68.77800000,4695117.76390000
2026-03-27 01:00:06,-3.00,66.96900000,4575076.26400000
2026-03-27 01:00:06,-2.00,63.66000000,4353791.40230000
2026-03-27 01:00:06,-1.00,53.08200000,3638616.64060000
2026-03-27 01:00:06,-0.20,5.29300000,363826.98890000
2026-03-27 01:00:06,0.20,6.69800000,461515.43190000
2026-03-27 01:00:06,1.00,52.52400000,3627113.57040000
2026-03-27 01:00:06,2.00,57.53800000,3977662.33460000
2026-03-27 01:00:06,3.00,61.03500000,4224630.96770000
2026-03-27 01:00:06,4.00,64.35400000,4460571.16780000
2026-03-27 01:00:06,5.00,64.71400000,4486466.97840000
2026-03-27 01:00:43,-5.00,73.24700000,5001712.85590000
2026-03-27 01:00:43,-4.00,72.93100000,4980934.83010000
2026-03-27 01:00:43,-3.00,70.23100000,4801408.32880000
2026-03-27 01:00:43,-2.00,67.80800000,4639271.22850000
2026-03-27 01:00:43,-1.00,57.23300000,3924297.44050000
2026-03-27 01:00:43,-0.20,6.21600000,427425.61190000
2026-03-27 01:00:43,0.20,7.16300000,493719.58480000
2026-03-27 01:00:43,1.00,52.97600000,3659132.36680000
2026-03-27 01:00:43,2.00,57.98800000,4009542.12970000
2026-03-27 01:00:43,3.00,62.99800000,4363770.39460000
2026-03-27 01:00:43,4.00,64.82600000,4494040.65610000
2026-03-27 01:00:43,5.00,65.17700000,4519292.25530000
2026-03-27 01:01:00,-5.00,74.42000000,5082601.69630000
2026-03-27 01:01:00,-4.00,74.10400000,5061823.67050000
2026-03-27 01:01:00,-3.00,71.10700000,4862466.50890000
2026-03-27 01:01:00,-2.00,68.98100000,4720160.06890000
2026-03-27 01:01:00,-1.00,58.40600000,4005186.28090000
2026-03-27 01:01:00,-0.20,5.22400000,359287.88010000
2026-03-27 01:01:00,0.20,5.69400000,392504.67240000
2026-03-27 01:01:00,1.00,54.87100000,3791430.72830000
2026-03-27 01:01:00,2.00,59.88300000,4141840.49120000
2026-03-27 01:01:00,3.00,64.89300000,4496068.75610000
2026-03-27 01:01:00,4.00,66.72100000,4626339.01760000
2026-03-27 01:01:00,5.00,67.27900000,4666552.57680000
2026-03-27 01:01:30,-5.00,75.34200000,5146088.54180000
2026-03-27 01:01:30,-4.00,75.01000000,5124252.82800000
2026-03-27 01:01:30,-3.00,71.58000000,4896019.84240000
2026-03-27 01:01:30,-2.00,64.45400000,4416256.61920000
2026-03-27 01:01:30,-1.00,58.87800000,4038623.16520000
2026-03-27 01:01:30,-0.20,5.86000000,403154.79630000
2026-03-27 01:01:30,0.20,6.80300000,469145.21550000
2026-03-27 01:01:30,1.00,54.85300000,3790886.03790000
2026-03-27 01:01:30,2.00,60.49800000,4185778.46350000
2026-03-27 01:01:30,3.00,64.86900000,4495252.16460000
2026-03-27 01:01:30,4.00,66.69700000,4625522.42610000
2026-03-27 01:01:30,5.00,67.26200000,4666242.07100000
2026-03-27 01:02:02,-5.00,75.20100000,5134066.77300000
2026-03-27 01:02:02,-4.00,74.58000000,5093305.23870000
2026-03-27 01:02:02,-3.00,72.32100000,4943277.26880000
2026-03-27 01:02:02,-2.00,69.01300000,4722028.58190000
2026-03-27 01:02:02,-1.00,58.43500000,4006853.13050000
2026-03-27 01:02:02,-0.20,11.55300000,793607.86620000
2026-03-27 01:02:02,0.20,5.22300000,359797.03280000
2026-03-27 01:02:02,1.00,55.26800000,3818744.47510000
2026-03-27 01:02:02,2.00,60.28200000,4169297.78330000
2026-03-27 01:02:02,3.00,62.95100000,4357731.84620000
2026-03-27 01:02:02,4.00,67.10700000,4652989.90150000
2026-03-27 01:02:02,5.00,67.46700000,4678885.71210000
2026-03-27 01:02:32,-5.00,73.69100000,5030790.95740000
2026-03-27 01:02:32,-4.00,73.07000000,4990029.42310000
2026-03-27 01:02:32,-3.00,70.81100000,4840001.45320000
2026-03-27 01:02:32,-2.00,67.49800000,4618415.52630000
2026-03-27 01:02:32,-1.00,56.92400000,3903509.19150000
2026-03-27 01:02:32,-0.20,9.14000000,628196.92870000
2026-03-27 01:02:32,0.20,3.23900000,223225.32270000
2026-03-27 01:02:32,1.00,53.41500000,3691241.69280000
2026-03-27 01:02:32,2.00,58.42700000,4041655.99970000
2026-03-27 01:02:32,3.00,63.44600000,4396640.28640000
2026-03-27 01:02:32,4.00,65.26600000,4526337.90790000
2026-03-27 01:02:32,5.00,65.62500000,4552162.14710000
2026-03-27 01:03:02,-5.00,73.48800000,5016572.64420000
2026-03-27 01:03:02,-4.00,72.86700000,4975811.10990000
2026-03-27 01:03:02,-3.00,70.60800000,4825783.14000000
2026-03-27 01:03:02,-2.00,67.30000000,4604534.45310000
2026-03-27 01:03:02,-1.00,56.72100000,3889290.87830000
2026-03-27 01:03:02,-0.20,10.63400000,730804.27410000
2026-03-27 01:03:02,0.20,4.63300000,319254.86750000
2026-03-27 01:03:02,1.00,56.63200000,3912927.18690000
2026-03-27 01:03:02,2.00,61.64400000,4263341.49380000
2026-03-27 01:03:02,3.00,66.66300000,4618325.78050000
2026-03-27 01:03:02,4.00,68.48300000,4748023.40200000
2026-03-27 01:03:02,5.00,68.84200000,4773847.64120000
2026-03-27 01:03:30,-5.00,73.33100000,5005554.89840000
2026-03-27 01:03:30,-4.00,72.71000000,4964793.36410000
2026-03-27 01:03:30,-3.00,70.45100000,4814765.39420000
2026-03-27 01:03:30,-2.00,67.14300000,4593516.70730000
2026-03-27 01:03:30,-1.00,56.56400000,3878273.13250000
2026-03-27 01:03:30,-0.20,8.68600000,596949.52440000
2026-03-27 01:03:30,0.20,5.49200000,378421.41320000
2026-03-27 01:03:30,1.00,55.33200000,3822912.80610000
2026-03-27 01:03:30,2.00,60.34400000,4173327.11300000
2026-03-27 01:03:30,3.00,65.36300000,4528311.39970000
2026-03-27 01:03:30,4.00,67.18200000,4657937.44980000
2026-03-27 01:03:30,5.00,67.54200000,4683833.26040000
2026-03-27 01:04:02,-5.00,74.05600000,5055370.55680000
2026-03-27 01:04:02,-4.00,73.43500000,5014609.02250000
2026-03-27 01:04:02,-3.00,71.17600000,4864581.05260000
2026-03-27 01:04:02,-2.00,67.86800000,4643332.36570000
2026-03-27 01:04:02,-1.00,57.28900000,3928088.79090000
2026-03-27 01:04:02,-0.20,7.07300000,486158.47130000
2026-03-27 01:04:02,0.20,5.36700000,369831.02070000
2026-03-27 01:04:02,1.00,55.21300000,3814668.77100000
2026-03-27 01:04:02,2.00,60.22500000,4165083.07790000
2026-03-27 01:04:02,3.00,65.24400000,4520067.36460000
2026-03-27 01:04:02,4.00,67.06300000,4649693.41470000
2026-03-27 01:04:02,5.00,67.42300000,4675589.22530000
2026-03-27 01:04:32,-5.00,74.18800000,5064680.16340000
2026-03-27 01:04:32,-4.00,73.56700000,5023918.62910000
2026-03-27 01:04:32,-3.00,71.30800000,4873890.65920000
2026-03-27 01:04:32,-2.00,67.99500000,4652304.73230000
2026-03-27 01:04:32,-1.00,57.42100000,3937398.39750000
2026-03-27 01:04:32,-0.20,8.99500000,618222.92750000
2026-03-27 01:04:32,0.20,5.52400000,380680.12720000
2026-03-27 01:04:32,1.00,55.11900000,3808497.10910000
2026-03-27 01:04:32,2.00,60.13100000,4158911.41600000
2026-03-27 01:04:32,3.00,65.15000000,4513895.70270000
2026-03-27 01:04:32,4.00,66.97000000,4643593.32420000
2026-03-27 01:04:32,5.00,67.32900000,4669417.56340000
2026-03-27 01:05:04,-5.00,72.42400000,4942762.40110000
2026-03-27 01:05:04,-4.00,71.80300000,4902000.86680000
2026-03-27 01:05:04,-3.00,69.54400000,4751972.89690000
2026-03-27 01:05:04,-2.00,66.23600000,4530724.21000000
2026-03-27 01:05:04,-1.00,55.65800000,3815548.75860000
2026-03-27 01:05:04,-0.20,5.98500000,411306.85210000
2026-03-27 01:05:04,0.20,5.77400000,397781.98310000
2026-03-27 01:05:04,1.00,56.75000000,3920490.19040000
2026-03-27 01:05:04,2.00,61.76400000,4271043.49860000
2026-03-27 01:05:04,3.00,65.00400000,4499939.45450000
2026-03-27 01:05:04,4.00,68.60300000,4755725.09650000
2026-03-27 01:05:04,5.00,68.96300000,4781620.90710000
2026-03-27 01:05:33,-5.00,69.70500000,4756976.36980000
2026-03-27 01:05:33,-4.00,69.08400000,4716214.83550000
2026-03-27 01:05:33,-3.00,66.82500000,4566186.86560000
2026-03-27 01:05:33,-2.00,63.51700000,4344938.17870000
2026-03-27 01:05:33,-1.00,52.93900000,3629762.72730000
2026-03-27 01:05:33,-0.20,5.95700000,409389.42690000
2026-03-27 01:05:33,0.20,5.38800000,371167.92300000
2026-03-27 01:05:33,1.00,56.59500000,3909735.09780000
2026-03-27 01:05:33,2.00,61.60900000,4260288.40600000
2026-03-27 01:05:33,3.00,64.84900000,4489184.36190000
2026-03-27 01:05:33,4.00,68.44800000,4744970.00390000
2026-03-27 01:05:33,5.00,68.80800000,4770865.81450000
2026-03-27 01:06:01,-5.00,71.24100000,4862580.98020000
2026-03-27 01:06:01,-4.00,70.62000000,4821819.44590000
2026-03-27 01:06:01,-3.00,68.36100000,4671791.47600000
2026-03-27 01:06:01,-2.00,65.05300000,4450542.78910000
2026-03-27 01:06:01,-1.00,54.47500000,3735367.33770000
2026-03-27 01:06:01,-0.20,6.01000000,413071.02390000
2026-03-27 01:06:01,0.20,5.52200000,380407.99610000
2026-03-27 01:06:01,1.00,56.14500000,3878312.44410000
2026-03-27 01:06:01,2.00,61.15900000,4228865.75230000
2026-03-27 01:06:01,3.00,64.41200000,4458677.67000000
2026-03-27 01:06:01,4.00,68.01100000,4714463.31200000
2026-03-27 01:06:01,5.00,68.37100000,4740359.12260000
2026-03-27 01:06:33,-5.00,75.19500000,5132436.61440000
2026-03-27 01:06:33,-4.00,74.58100000,5092137.29640000
2026-03-27 01:06:33,-3.00,72.31500000,4941647.11020000
2026-03-27 01:06:33,-2.00,69.01200000,4720735.42330000
2026-03-27 01:06:33,-1.00,58.43300000,4005495.36110000
2026-03-27 01:06:33,-0.20,15.17500000,1042123.65700000
2026-03-27 01:06:33,0.20,5.67200000,390590.85990000
2026-03-27 01:06:33,1.00,55.79000000,3852025.37170000
2026-03-27 01:06:33,2.00,60.80500000,4202648.14700000
2026-03-27 01:06:33,3.00,63.20700000,4372158.61140000
2026-03-27 01:06:33,4.00,67.64400000,4687329.00390000
2026-03-27 01:06:33,5.00,68.00000000,4712935.95250000
2026-03-27 01:07:01,-5.00,75.11400000,5126910.72180000
2026-03-27 01:07:01,-4.00,74.50000000,5086611.40380000
2026-03-27 01:07:01,-3.00,72.23400000,4936121.21760000
2026-03-27 01:07:01,-2.00,68.92600000,4714872.53070000
2026-03-27 01:07:01,-1.00,58.35100000,3999901.37930000
2026-03-27 01:07:01,-0.20,13.30300000,913665.82940000
2026-03-27 01:07:01,0.20,5.65400000,389347.12560000
2026-03-27 01:07:01,1.00,55.77000000,3850643.50480000
2026-03-27 01:07:01,2.00,60.78500000,4201266.28010000
2026-03-27 01:07:01,3.00,63.18700000,4370776.74450000
2026-03-27 01:07:01,4.00,67.62300000,4685875.87590000
2026-03-27 01:07:01,5.00,67.98300000,4711771.68650000
2026-03-27 01:07:32,-5.00,74.83500000,5106563.59780000
2026-03-27 01:07:32,-4.00,74.21000000,5065556.38750000
2026-03-27 01:07:32,-3.00,71.97900000,4917410.18200000
2026-03-27 01:07:32,-2.00,68.62500000,4693129.54300000
2026-03-27 01:07:32,-1.00,58.04900000,3978093.65200000
2026-03-27 01:07:32,-0.20,10.95400000,751970.51910000
2026-03-27 01:07:32,0.20,4.94300000,340188.74690000
2026-03-27 01:07:32,1.00,55.75400000,3848981.57790000
2026-03-27 01:07:32,2.00,60.92000000,4210092.07180000
2026-03-27 01:07:32,3.00,63.04300000,4359839.03230000
2026-03-27 01:07:32,4.00,67.69900000,4690478.77610000
2026-03-27 01:07:32,5.00,68.11100000,4720086.89230000
2026-03-27 01:08:02,-5.00,74.28800000,5067956.24170000
2026-03-27 01:08:02,-4.00,73.67500000,5027722.93800000
2026-03-27 01:08:02,-3.00,71.40800000,4877166.73750000
2026-03-27 01:08:02,-2.00,68.10400000,4656220.09350000
2026-03-27 01:08:02,-1.00,57.52500000,3940980.03130000
2026-03-27 01:08:02,-0.20,6.20700000,426291.60660000
2026-03-27 01:08:02,0.20,7.02700000,483745.16140000
2026-03-27 01:08:02,1.00,55.33400000,3819243.49210000
2026-03-27 01:08:02,2.00,60.49800000,4180186.19210000
2026-03-27 01:08:02,3.00,62.63400000,4330851.06960000
2026-03-27 01:08:02,4.00,67.35000000,4665780.78100000
2026-03-27 01:08:02,5.00,67.70200000,4691098.92960000
2026-03-27 01:08:32,-5.00,74.00900000,5049118.07610000
2026-03-27 01:08:32,-4.00,73.41000000,5009808.77240000
2026-03-27 01:08:32,-3.00,71.12900000,4858328.57190000
2026-03-27 01:08:32,-2.00,67.82500000,4637381.92790000
2026-03-27 01:08:32,-1.00,57.24600000,3922141.86570000
2026-03-27 01:08:32,-0.20,6.06700000,416648.27890000
2026-03-27 01:08:32,0.20,5.30700000,365259.96910000
2026-03-27 01:08:32,1.00,56.87500000,3925689.90280000
2026-03-27 01:08:32,2.00,62.03900000,4286632.60280000
2026-03-27 01:08:32,3.00,65.29500000,4516541.70520000
2026-03-27 01:08:32,4.00,68.83900000,4768379.34240000
2026-03-27 01:08:32,5.00,69.24700000,4797701.49100000
2026-03-27 01:09:01,-5.00,74.46800000,5080032.22860000
2026-03-27 01:09:01,-4.00,73.84300000,5039025.01830000
2026-03-27 01:09:01,-3.00,71.61200000,4890878.81280000
2026-03-27 01:09:01,-2.00,68.25800000,4666598.17380000
2026-03-27 01:09:01,-1.00,57.68200000,3951562.28280000
2026-03-27 01:09:01,-0.20,6.17500000,423996.90930000
2026-03-27 01:09:01,0.20,7.33400000,504797.24340000
2026-03-27 01:09:01,1.00,55.43000000,3825130.26700000
2026-03-27 01:09:01,2.00,60.59600000,4186211.82840000
2026-03-27 01:09:01,3.00,63.85200000,4416120.93080000
2026-03-27 01:09:01,4.00,67.39200000,4667672.60040000
2026-03-27 01:09:01,5.00,67.80400000,4697280.71660000
2026-03-27 01:09:31,-5.00,74.75000000,5100958.68320000
2026-03-27 01:09:31,-4.00,74.13600000,5060659.36520000
2026-03-27 01:09:31,-3.00,71.87000000,4910224.07900000
2026-03-27 01:09:31,-2.00,68.56100000,4688940.43500000
2026-03-27 01:09:31,-1.00,57.98600000,3973969.28360000
2026-03-27 01:09:31,-0.20,6.24000000,428711.93550000
2026-03-27 01:09:31,0.20,5.59400000,385238.18060000
2026-03-27 01:09:31,1.00,54.82200000,3785035.57670000
2026-03-27 01:09:31,2.00,59.83600000,4135559.95240000
2026-03-27 01:09:31,3.00,63.37100000,4385229.49200000
2026-03-27 01:09:31,4.00,66.69100000,4621240.54920000
2026-03-27 01:09:31,5.00,67.05100000,4647136.35980000
2026-03-27 01:10:04,-5.00,74.47300000,5084626.67990000
2026-03-27 01:10:04,-4.00,73.85200000,5043865.14560000
2026-03-27 01:10:04,-3.00,70.70200000,4834408.29200000
2026-03-27 01:10:04,-2.00,68.27900000,4672271.19170000
2026-03-27 01:10:04,-1.00,57.70400000,3957296.71400000
2026-03-27 01:10:04,-0.20,6.17000000,424273.56190000
2026-03-27 01:10:04,0.20,6.92200000,477063.04820000
2026-03-27 01:10:04,1.00,54.97600000,3798165.44660000
2026-03-27 01:10:04,2.00,59.99100000,4148779.13390000
2026-03-27 01:10:04,3.00,65.01400000,4503920.61260000
2026-03-27 01:10:04,4.00,66.85500000,4635113.21240000
2026-03-27 01:10:04,5.00,67.20600000,4660364.81160000
2026-03-27 01:10:33,-5.00,74.54400000,5091546.10600000
2026-03-27 01:10:33,-4.00,73.90700000,5049726.88370000
2026-03-27 01:10:33,-3.00,70.18000000,4801724.79060000
2026-03-27 01:10:33,-2.00,63.35000000,4341750.61780000
2026-03-27 01:10:33,-1.00,57.77400000,3964119.66850000
2026-03-27 01:10:33,-0.20,6.27000000,431379.95440000
2026-03-27 01:10:33,0.20,8.04500000,554879.93960000
2026-03-27 01:10:33,1.00,55.04900000,3804911.14140000
2026-03-27 01:10:33,2.00,60.69800000,4200072.21900000
2026-03-27 01:10:33,3.00,65.08200000,4510475.38280000
2026-03-27 01:10:33,4.00,66.92300000,4641669.13050000
2026-03-27 01:10:33,5.00,67.48800000,4682388.77540000
2026-03-27 01:11:00,-5.00,69.49700000,4745821.97660000
2026-03-27 01:11:00,-4.00,68.86300000,4704173.49240000
2026-03-27 01:11:00,-3.00,66.32400000,4535485.84330000
2026-03-27 01:11:00,-2.00,56.89000000,3900479.58380000
2026-03-27 01:11:00,-1.00,52.72900000,3618359.90700000
2026-03-27 01:11:00,-0.20,4.81300000,331130.29840000
2026-03-27 01:11:00,0.20,5.16600000,356337.51250000
2026-03-27 01:11:00,1.00,52.56400000,3635218.03180000
2026-03-27 01:11:00,2.00,58.22100000,4031075.55250000
2026-03-27 01:11:00,3.00,62.61800000,4342400.21480000
2026-03-27 01:11:00,4.00,64.45500000,4473463.70210000
2026-03-27 01:11:00,5.00,65.02000000,4514183.34700000
2026-03-27 01:11:31,-5.00,54.75000000,3734180.86820000
2026-03-27 01:11:31,-4.00,54.12400000,3693061.27200000
2026-03-27 01:11:31,-3.00,51.87300000,3543617.00210000
2026-03-27 01:11:31,-2.00,48.56300000,3322130.73970000
2026-03-27 01:11:31,-1.00,37.98700000,2607059.79040000
2026-03-27 01:11:31,-0.20,7.74100000,532435.59190000
2026-03-27 01:11:31,0.20,5.44900000,375710.19390000
2026-03-27 01:11:31,1.00,36.49900000,2522685.97990000
2026-03-27 01:11:31,2.00,42.15700000,2918613.07030000
2026-03-27 01:11:31,3.00,46.56400000,3230765.67010000
2026-03-27 01:11:31,4.00,48.40100000,3361829.15740000
2026-03-27 01:11:31,5.00,48.96600000,3402548.80230000
2026-03-27 01:12:00,-5.00,72.67100000,4963557.07880000
2026-03-27 01:12:00,-4.00,72.03700000,4921908.59460000
2026-03-27 01:12:00,-3.00,69.49800000,4753220.94550000
2026-03-27 01:12:00,-2.00,60.06400000,4118214.68600000
2026-03-27 01:12:00,-1.00,55.90800000,3836436.00100000
2026-03-27 01:12:00,-0.20,5.99200000,412254.26550000
2026-03-27 01:12:00,0.20,7.02700000,484652.73570000
2026-03-27 01:12:00,1.00,54.01400000,3734013.01590000
2026-03-27 01:12:00,2.00,59.67200000,4129940.10630000
2026-03-27 01:12:00,3.00,64.07900000,4442089.98130000
2026-03-27 01:12:00,4.00,65.91600000,4573153.46860000
2026-03-27 01:12:00,5.00,66.48100000,4613873.11350000
2026-03-27 01:12:31,-5.00,72.85600000,4976142.59410000
2026-03-27 01:12:31,-4.00,72.22200000,4934494.10990000
2026-03-27 01:12:31,-3.00,69.68300000,4765806.46080000
2026-03-27 01:12:31,-2.00,60.24900000,4130800.20130000
2026-03-27 01:12:31,-1.00,56.09200000,3848953.32450000
2026-03-27 01:12:31,-0.20,5.12000000,352293.08730000
2026-03-27 01:12:31,0.20,6.63800000,457832.77640000
2026-03-27 01:12:31,1.00,53.98900000,3732368.03120000
2026-03-27 01:12:31,2.00,59.64600000,4128225.55190000
2026-03-27 01:12:31,3.00,64.05300000,4440372.07550000
2026-03-27 01:12:31,4.00,65.89000000,4571435.56280000
2026-03-27 01:12:31,5.00,66.45500000,4612155.20770000
2026-03-27 01:13:00,-5.00,73.87900000,5046519.19090000
2026-03-27 01:13:00,-4.00,73.24500000,5004870.70670000
2026-03-27 01:13:00,-3.00,70.70600000,4836183.05760000
2026-03-27 01:13:00,-2.00,61.27200000,4201176.79810000
2026-03-27 01:13:00,-1.00,57.11500000,3919329.92130000
2026-03-27 01:13:00,-0.20,6.14300000,422669.68410000
2026-03-27 01:13:00,0.20,6.93200000,478104.97410000
2026-03-27 01:13:00,1.00,54.31600000,3754917.99120000
2026-03-27 01:13:00,2.00,59.97300000,4150775.51190000
2026-03-27 01:13:00,3.00,64.38000000,4462922.03550000
2026-03-27 01:13:00,4.00,66.21700000,4593985.52280000
2026-03-27 01:13:00,5.00,66.78200000,4634705.16770000
2026-03-27 01:13:32,-5.00,71.83400000,4907055.62290000
2026-03-27 01:13:32,-4.00,71.20000000,4865407.13870000
2026-03-27 01:13:32,-3.00,68.66100000,4696719.48960000
2026-03-27 01:13:32,-2.00,59.22700000,4061713.23010000
2026-03-27 01:13:32,-1.00,55.07000000,3779866.35330000
2026-03-27 01:13:32,-0.20,5.54200000,381298.87070000
2026-03-27 01:13:32,0.20,5.10000000,351804.58250000
2026-03-27 01:13:32,1.00,54.13900000,3744045.76930000
2026-03-27 01:13:32,2.00,59.79600000,4139903.29000000
2026-03-27 01:13:32,3.00,64.20300000,4452047.72840000
2026-03-27 01:13:32,4.00,66.04000000,4583111.21570000
2026-03-27 01:13:32,5.00,66.60500000,4623830.86060000
2026-03-27 01:14:01,-5.00,73.94600000,5052211.51950000
2026-03-27 01:14:01,-4.00,73.31200000,5010563.03530000
2026-03-27 01:14:01,-3.00,70.77300000,4841875.38620000
2026-03-27 01:14:01,-2.00,61.33900000,4206869.12670000
2026-03-27 01:14:01,-1.00,57.17800000,3924749.44990000
2026-03-27 01:14:01,-0.20,7.65400000,526642.86730000
2026-03-27 01:14:01,0.20,5.49100000,378748.34690000
2026-03-27 01:14:01,1.00,54.53000000,3770441.43370000
2026-03-27 01:14:01,2.00,60.18700000,4166298.95440000
2026-03-27 01:14:01,3.00,64.59400000,4478444.39770000
2026-03-27 01:14:01,4.00,66.43100000,4609507.88500000
2026-03-27 01:14:01,5.00,66.99600000,4650227.52990000
2026-03-27 01:14:32,-5.00,73.58100000,5026601.44600000
2026-03-27 01:14:32,-4.00,72.94700000,4984952.96180000
2026-03-27 01:14:32,-3.00,70.40800000,4816265.31270000
2026-03-27 01:14:32,-2.00,62.39400000,4277111.31750000
2026-03-27 01:14:32,-1.00,56.81800000,3899480.36820000
2026-03-27 01:14:32,-0.20,6.04700000,416069.15160000
2026-03-27 01:14:32,0.20,6.41400000,442370.45520000
2026-03-27 01:14:32,1.00,54.39100000,3760398.93070000
2026-03-27 01:14:32,2.00,60.04900000,4156326.02110000
2026-03-27 01:14:32,3.00,64.45600000,4468471.46440000
2026-03-27 01:14:32,4.00,66.29300000,4599534.95170000
2026-03-27 01:14:32,5.00,66.85800000,4640254.59660000
2026-03-27 01:15:04,-5.00,74.75800000,5107827.40450000
2026-03-27 01:15:04,-4.00,74.12400000,5066178.92030000
2026-03-27 01:15:04,-3.00,71.58500000,4897491.27120000
2026-03-27 01:15:04,-2.00,62.15100000,4262485.01170000
2026-03-27 01:15:04,-1.00,57.99400000,3980638.13490000
2026-03-27 01:15:04,-0.20,7.19900000,495383.85270000
2026-03-27 01:15:04,0.20,4.99100000,344281.33300000
2026-03-27 01:15:04,1.00,54.03200000,3736020.00380000
2026-03-27 01:15:04,2.00,59.68900000,4131877.52450000
2026-03-27 01:15:04,3.00,64.09600000,4444022.23980000
2026-03-27 01:15:04,4.00,65.93300000,4575085.72710000
2026-03-27 01:15:04,5.00,66.49800000,4615805.37200000
2026-03-27 01:16:01,-5.00,74.40300000,5083362.59390000
2026-03-27 01:16:01,-4.00,73.76900000,5041714.10970000
2026-03-27 01:16:01,-3.00,71.23000000,4873026.46060000
2026-03-27 01:16:01,-2.00,61.79600000,4238020.20110000
2026-03-27 01:16:01,-1.00,57.63900000,3956173.32430000
2026-03-27 01:16:01,-0.20,11.59800000,797756.72680000
2026-03-27 01:16:01,0.20,4.15600000,286598.05810000
2026-03-27 01:16:01,1.00,54.05000000,3737167.06930000
2026-03-27 01:16:01,2.00,59.70700000,4133024.59000000
2026-03-27 01:16:01,3.00,64.11400000,4445169.62640000
2026-03-27 01:16:01,4.00,65.95100000,4576233.11370000
2026-03-27 01:16:01,5.00,66.51600000,4616952.75860000
2026-03-27 01:16:30,-5.00,74.52700000,5091612.68990000
2026-03-27 01:16:30,-4.00,73.89300000,5049964.20570000
2026-03-27 01:16:30,-3.00,71.35400000,4881276.55660000
2026-03-27 01:16:30,-2.00,63.34000000,4342122.56140000
2026-03-27 01:16:30,-1.00,57.76400000,3964491.61210000
2026-03-27 01:16:30,-0.20,8.26200000,568330.43270000
2026-03-27 01:16:30,0.20,5.63700000,388717.39920000
2026-03-27 01:16:30,1.00,54.57400000,3772903.69730000
2026-03-27 01:16:30,2.00,60.23200000,4168830.78770000
2026-03-27 01:16:30,3.00,64.62600000,4480056.82550000
2026-03-27 01:16:30,4.00,66.46300000,4611120.31280000
2026-03-27 01:16:30,5.00,67.02800000,4651839.95770000
2026-03-27 01:17:01,-5.00,75.55500000,5163946.08640000
2026-03-27 01:17:01,-4.00,74.92100000,5122297.60220000
2026-03-27 01:17:01,-3.00,72.67600000,4973248.55370000
2026-03-27 01:17:01,-2.00,62.94400000,4318299.87320000
2026-03-27 01:17:01,-1.00,58.78300000,4036177.46240000
2026-03-27 01:17:01,-0.20,6.14000000,422701.58580000
2026-03-27 01:17:01,0.20,7.35500000,507539.70560000
2026-03-27 01:17:01,1.00,55.60800000,3845670.29250000
2026-03-27 01:17:01,2.00,61.25700000,4240995.78040000
2026-03-27 01:17:01,3.00,65.66400000,4553140.70370000
2026-03-27 01:17:01,4.00,67.50100000,4684204.19100000
2026-03-27 01:17:01,5.00,68.06600000,4724923.83590000
2026-03-27 01:17:33,-5.00,74.59600000,5098782.41210000
2026-03-27 01:17:33,-4.00,73.96200000,5057133.92790000
2026-03-27 01:17:33,-3.00,71.71300000,4907817.47940000
2026-03-27 01:17:33,-2.00,61.98200000,4252933.54890000
2026-03-27 01:17:33,-1.00,57.82400000,3970987.65210000
2026-03-27 01:17:33,-0.20,6.10200000,420192.92720000
2026-03-27 01:17:33,0.20,7.21900000,498311.55010000
2026-03-27 01:17:33,1.00,55.71800000,3854169.66410000
2026-03-27 01:17:33,2.00,61.37000000,4249706.75610000
2026-03-27 01:17:33,3.00,65.75900000,4560612.58430000
2026-03-27 01:17:33,4.00,67.59600000,4691676.07160000
2026-03-27 01:17:33,5.00,68.17900000,4733698.34850000
2026-03-27 01:18:01,-5.00,74.65200000,5102839.68130000
2026-03-27 01:18:01,-4.00,73.96400000,5057617.48130000
2026-03-27 01:18:01,-3.00,71.17800000,4872286.19840000
2026-03-27 01:18:01,-2.00,62.03900000,4256990.52150000
2026-03-27 01:18:01,-1.00,57.79100000,3968901.85470000
2026-03-27 01:18:01,-0.20,5.94500000,409411.24030000
2026-03-27 01:18:01,0.20,5.82300000,401919.43170000
2026-03-27 01:18:01,1.00,55.74200000,3855895.57310000
2026-03-27 01:18:01,2.00,61.39400000,4251432.66510000
2026-03-27 01:18:01,3.00,65.78300000,4562338.49330000
2026-03-27 01:18:01,4.00,67.63900000,4694756.07630000
2026-03-27 01:18:01,5.00,68.21600000,4736348.15320000
2026-03-27 01:18:32,-5.00,73.46400000,5020985.70100000
2026-03-27 01:18:32,-4.00,72.83000000,4979337.21680000
2026-03-27 01:18:32,-3.00,70.58200000,4830020.47170000
2026-03-27 01:18:32,-2.00,60.85100000,4175136.54120000
2026-03-27 01:18:32,-1.00,56.69300000,3893190.64440000
2026-03-27 01:18:32,-0.20,4.73400000,325975.12680000
2026-03-27 01:18:32,0.20,6.09600000,420815.86840000
2026-03-27 01:18:32,1.00,54.37800000,3761676.60850000
2026-03-27 01:18:32,2.00,60.03000000,4157213.70050000
2026-03-27 01:18:32,3.00,64.43200000,4469039.61930000
2026-03-27 01:18:32,4.00,66.26900000,4600103.10660000
2026-03-27 01:18:32,5.00,66.84800000,4641835.87550000
2026-03-27 01:19:00,-5.00,74.32600000,5079854.86420000
2026-03-27 01:19:00,-4.00,73.69200000,5038206.38000000
2026-03-27 01:19:00,-3.00,71.45000000,4889290.70150000
2026-03-27 01:19:00,-2.00,61.72000000,4234478.46040000
2026-03-27 01:19:00,-1.00,57.56300000,3952605.44760000
2026-03-27 01:19:00,-0.20,15.84900000,1090214.81130000
2026-03-27 01:19:00,0.20,5.65900000,390354.54320000
2026-03-27 01:19:00,1.00,55.14300000,3813883.20840000
2026-03-27 01:19:00,2.00,60.79600000,4209487.08670000
2026-03-27 01:19:00,3.00,65.20200000,4521594.21350000
2026-03-27 01:19:00,4.00,67.03900000,4652657.70080000
2026-03-27 01:19:00,5.00,67.60400000,4693377.34570000
2026-03-27 01:19:33,-5.00,73.53800000,5023322.65530000
2026-03-27 01:19:33,-4.00,72.90400000,4981674.17110000
2026-03-27 01:19:33,-3.00,70.66200000,4832758.49260000
2026-03-27 01:19:33,-2.00,62.35200000,4273798.51580000
2026-03-27 01:19:33,-1.00,56.77600000,3896172.79370000
2026-03-27 01:19:33,-0.20,7.44100000,511781.28110000
2026-03-27 01:19:33,0.20,6.34500000,437567.16460000
2026-03-27 01:19:33,1.00,56.16300000,3882367.57410000
2026-03-27 01:19:33,2.00,61.81700000,4278041.02210000
2026-03-27 01:19:33,3.00,66.22300000,4590148.14890000
2026-03-27 01:19:33,4.00,68.06000000,4721211.63620000
2026-03-27 01:19:33,5.00,68.62500000,4761931.28110000
2026-03-27 01:20:04,-5.00,73.84900000,5045983.11300000
2026-03-27 01:20:04,-4.00,73.21500000,5004334.62880000
2026-03-27 01:20:04,-3.00,70.97100000,4855285.28370000
2026-03-27 01:20:04,-2.00,61.24300000,4200606.70920000
2026-03-27 01:20:04,-1.00,57.07800000,3918219.41960000
2026-03-27 01:20:04,-0.20,7.74000000,532629.88730000
2026-03-27 01:20:04,0.20,7.26700000,501440.99260000
2026-03-27 01:20:04,1.00,53.21100000,3679951.24170000
2026-03-27 01:20:04,2.00,58.86400000,4075555.12000000
2026-03-27 01:20:04,3.00,63.27000000,4387660.35920000
2026-03-27 01:20:04,4.00,65.10700000,4518723.84650000
2026-03-27 01:20:04,5.00,65.67200000,4559443.49140000
2026-03-27 01:20:33,-5.00,74.15900000,5066232.63310000
2026-03-27 01:20:33,-4.00,73.52500000,5024584.14890000
2026-03-27 01:20:33,-3.00,71.28300000,4875668.47040000
2026-03-27 01:20:33,-2.00,62.97300000,4316708.49360000
2026-03-27 01:20:33,-1.00,57.39700000,3939082.77150000
2026-03-27 01:20:33,-0.20,9.85100000,677525.70220000
2026-03-27 01:20:33,0.20,6.77400000,467166.12870000
2026-03-27 01:20:33,1.00,56.08900000,3877868.69640000
2026-03-27 01:20:33,2.00,61.74300000,4273542.14440000
2026-03-27 01:20:33,3.00,66.14900000,4585647.38360000
2026-03-27 01:20:33,4.00,67.98600000,4716710.87090000
2026-03-27 01:20:33,5.00,68.55100000,4757430.51580000
2026-03-27 01:21:02,-5.00,71.82600000,4906510.82050000
2026-03-27 01:21:02,-4.00,71.19000000,4864729.21070000
2026-03-27 01:21:02,-3.00,68.94800000,4715813.53220000
2026-03-27 01:21:02,-2.00,60.63800000,4156853.55540000
2026-03-27 01:21:02,-1.00,55.06200000,3779227.83330000
2026-03-27 01:21:02,-0.20,9.89600000,680664.62870000
2026-03-27 01:21:02,0.20,7.09500000,489340.35930000
2026-03-27 01:21:02,1.00,55.67600000,3849645.93990000
2026-03-27 01:21:02,2.00,61.33000000,4245319.38790000
2026-03-27 01:21:02,3.00,65.73600000,4557425.32130000
2026-03-27 01:21:02,4.00,67.57300000,4688488.80860000
2026-03-27 01:21:02,5.00,68.13800000,4729208.45350000
2026-03-27 01:21:31,-5.00,74.11200000,5062987.28300000
2026-03-27 01:21:31,-4.00,73.47600000,5021205.67320000
2026-03-27 01:21:31,-3.00,71.23400000,4872289.99470000
2026-03-27 01:21:31,-2.00,62.92400000,4313330.01790000
2026-03-27 01:21:31,-1.00,57.34800000,3935704.29580000
2026-03-27 01:21:31,-0.20,9.83400000,676357.94080000
2026-03-27 01:21:31,0.20,7.07100000,487660.98070000
2026-03-27 01:21:31,1.00,55.65200000,3847780.26130000
2026-03-27 01:21:31,2.00,61.30600000,4243453.70930000
2026-03-27 01:21:31,3.00,65.71200000,4555559.64270000
2026-03-27 01:21:31,4.00,67.54900000,4686623.13000000
2026-03-27 01:21:31,5.00,68.11400000,4727342.77490000
2026-03-27 01:22:01,-5.00,73.33600000,5009465.78550000
2026-03-27 01:22:01,-4.00,72.70000000,4967684.17570000
2026-03-27 01:22:01,-3.00,70.45800000,4818768.49720000
2026-03-27 01:22:01,-2.00,62.14800000,4259808.52040000
2026-03-27 01:22:01,-1.00,56.57200000,3882182.79830000
2026-03-27 01:22:01,-0.20,6.53200000,449337.78050000
2026-03-27 01:22:01,0.20,7.21500000,497569.80620000
2026-03-27 01:22:01,1.00,55.57600000,3842323.62240000
2026-03-27 01:22:01,2.00,61.23000000,4237997.07040000
2026-03-27 01:22:01,3.00,65.63600000,4550103.00380000
2026-03-27 01:22:01,4.00,67.47300000,4681166.49110000
2026-03-27 01:22:01,5.00,68.03800000,4721886.13600000
2026-03-27 01:22:31,-5.00,74.93500000,5121202.57140000
2026-03-27 01:22:31,-4.00,74.29900000,5079420.96160000
2026-03-27 01:22:31,-3.00,72.05500000,4930371.61650000
2026-03-27 01:22:31,-2.00,62.32700000,4275693.04200000
2026-03-27 01:22:31,-1.00,58.16200000,3993305.75240000
2026-03-27 01:22:31,-0.20,7.92500000,545414.83010000
2026-03-27 01:22:31,0.20,7.04000000,485735.33510000
2026-03-27 01:22:31,1.00,55.64800000,3848449.56520000
2026-03-27 01:22:31,2.00,61.30100000,4244053.44350000
2026-03-27 01:22:31,3.00,65.70700000,4556164.53530000
2026-03-27 01:22:31,4.00,67.54400000,4687228.02260000
2026-03-27 01:22:31,5.00,68.10900000,4727947.66750000
2026-03-27 01:23:01,-5.00,74.49500000,5091372.21420000
2026-03-27 01:23:01,-4.00,73.85900000,5049590.60440000
2026-03-27 01:23:01,-3.00,71.61500000,4900541.25930000
2026-03-27 01:23:01,-2.00,61.88300000,4245592.57880000
2026-03-27 01:23:01,-1.00,57.71500000,3962998.94020000
2026-03-27 01:23:01,-0.20,5.94600000,409373.44870000
2026-03-27 01:23:01,0.20,7.09000000,489259.27100000
2026-03-27 01:23:01,1.00,55.44800000,3835204.04510000
2026-03-27 01:23:01,2.00,61.09600000,4230459.92910000
2026-03-27 01:23:01,3.00,65.50200000,4542567.69160000
2026-03-27 01:23:01,4.00,67.33900000,4673631.17890000
2026-03-27 01:23:01,5.00,67.90400000,4714350.82380000
2026-03-27 01:23:33,-5.00,75.82400000,5182593.29700000
2026-03-27 01:23:33,-4.00,75.18800000,5140811.68720000
2026-03-27 01:23:33,-3.00,72.94400000,4991762.34210000
2026-03-27 01:23:33,-2.00,63.21200000,4336813.66160000
2026-03-27 01:23:33,-1.00,59.04400000,4054220.02300000
2026-03-27 01:23:33,-0.20,5.92000000,407560.50150000
2026-03-27 01:23:33,0.20,6.98900000,482276.99410000
2026-03-27 01:23:33,1.00,55.34700000,3828221.76820000
2026-03-27 01:23:33,2.00,60.99500000,4223477.65220000
2026-03-27 01:23:33,3.00,65.40100000,4535585.41470000
2026-03-27 01:23:33,4.00,67.23800000,4666648.90200000
2026-03-27 01:23:33,5.00,67.80300000,4707368.54690000
2026-03-27 01:24:01,-5.00,75.35500000,5150026.67060000
2026-03-27 01:24:01,-4.00,74.71900000,5108245.06080000
2026-03-27 01:24:01,-3.00,72.47700000,4959329.38230000
2026-03-27 01:24:01,-2.00,62.74700000,4304517.14120000
2026-03-27 01:24:01,-1.00,58.58300000,4022199.03660000
2026-03-27 01:24:01,-0.20,13.58100000,934180.77740000
2026-03-27 01:24:01,0.20,4.89200000,337373.19860000
2026-03-27 01:24:01,1.00,55.73500000,3854868.42940000
2026-03-27 01:24:01,2.00,61.38800000,4250472.30770000
2026-03-27 01:24:01,3.00,65.79400000,4562580.07020000
2026-03-27 01:24:01,4.00,67.63100000,4693643.55750000
2026-03-27 01:24:01,5.00,68.19600000,4734363.20240000
2026-03-27 01:24:31,-5.00,73.07400000,4994388.26080000
2026-03-27 01:24:31,-4.00,72.38400000,4949032.93520000
2026-03-27 01:24:31,-3.00,70.19300000,4803293.94590000
2026-03-27 01:24:31,-2.00,61.79700000,4238328.75170000
2026-03-27 01:24:31,-1.00,56.30300000,3866007.48310000
2026-03-27 01:24:31,-0.20,9.43700000,649753.07210000
2026-03-27 01:24:31,0.20,4.84800000,334609.07780000
2026-03-27 01:24:31,1.00,55.49000000,3840418.79480000
2026-03-27 01:24:31,2.00,61.14200000,4235955.88680000
2026-03-27 01:24:31,3.00,65.53100000,4546862.56650000
2026-03-27 01:24:31,4.00,67.38100000,4678850.13800000
2026-03-27 01:24:31,5.00,67.96400000,4720872.41490000
2026-03-27 01:25:01,-5.00,73.24700000,5007293.06510000
2026-03-27 01:25:01,-4.00,72.55700000,4961937.73950000
2026-03-27 01:25:01,-3.00,69.47800000,4756815.23020000
2026-03-27 01:25:01,-2.00,61.97000000,4251233.55600000
2026-03-27 01:25:01,-1.00,56.38600000,3872769.51740000
2026-03-27 01:25:01,-0.20,7.99500000,550541.70840000
2026-03-27 01:25:01,0.20,5.40300000,372964.66270000
2026-03-27 01:25:01,1.00,55.87600000,3867070.93020000
2026-03-27 01:25:01,2.00,61.52900000,4262678.34630000
2026-03-27 01:25:01,3.00,65.92100000,4573798.75630000
2026-03-27 01:25:01,4.00,67.77300000,4705933.16110000
2026-03-27 01:25:01,5.00,68.35000000,4747525.23800000
2026-03-27 01:25:31,-5.00,73.90100000,5053577.80030000
2026-03-27 01:25:31,-4.00,73.21400000,5008383.34350000
2026-03-27 01:25:31,-3.00,69.88900000,4786773.83180000
2026-03-27 01:25:31,-2.00,62.67400000,4300785.04800000
2026-03-27 01:25:31,-1.00,57.09100000,3922386.54500000
2026-03-27 01:25:31,-0.20,6.12600000,422031.27520000
2026-03-27 01:25:31,0.20,8.39600000,579863.61370000
2026-03-27 01:25:31,1.00,56.06700000,3881124.16160000
2026-03-27 01:25:31,2.00,61.71900000,4276661.93960000
2026-03-27 01:25:31,3.00,66.12400000,4588734.67570000
2026-03-27 01:25:31,4.00,67.96300000,4719944.30860000
2026-03-27 01:25:31,5.00,68.54400000,4761825.98550000
2026-03-27 01:26:01,-5.00,73.49100000,5025912.50050000
2026-03-27 01:26:01,-4.00,72.85400000,4984008.24080000
2026-03-27 01:26:01,-3.00,69.92800000,4789021.29570000
2026-03-27 01:26:01,-2.00,62.71200000,4302965.61190000
2026-03-27 01:26:01,-1.00,57.12900000,3924567.10890000
2026-03-27 01:26:01,-0.20,12.99800000,894939.18180000
2026-03-27 01:26:01,0.20,7.25300000,500805.07490000
2026-03-27 01:26:01,1.00,56.24500000,3893031.69480000
2026-03-27 01:26:01,2.00,61.89700000,4288569.47280000
2026-03-27 01:26:01,3.00,66.30200000,4600642.21280000
2026-03-27 01:26:01,4.00,68.14100000,4731851.84570000
2026-03-27 01:26:01,5.00,68.72200000,4773733.52260000
2026-03-27 01:26:32,-5.00,56.08700000,3829858.64140000
2026-03-27 01:26:32,-4.00,55.45000000,3787954.38170000
2026-03-27 01:26:32,-3.00,52.07400000,3563000.54160000
2026-03-27 01:26:32,-2.00,44.86200000,3077215.16980000
2026-03-27 01:26:32,-1.00,39.27500000,2698546.35480000
2026-03-27 01:26:32,-0.20,13.13600000,904464.89250000
2026-03-27 01:26:32,0.20,5.70100000,393597.26780000
2026-03-27 01:26:32,1.00,37.96700000,2627998.02650000
2026-03-27 01:26:32,2.00,43.61900000,3023535.80450000
2026-03-27 01:26:32,3.00,48.02400000,3335608.54450000
2026-03-27 01:26:32,4.00,49.86300000,3466818.17740000
2026-03-27 01:26:32,5.00,50.44400000,3508699.85430000
2026-03-27 01:27:01,-5.00,73.86600000,5050820.26520000
2026-03-27 01:27:01,-4.00,73.22900000,5008916.00550000
2026-03-27 01:27:01,-3.00,69.85300000,4783962.16540000
2026-03-27 01:27:01,-2.00,62.64100000,4298176.79360000
2026-03-27 01:27:01,-1.00,57.05400000,3919507.97860000
2026-03-27 01:27:01,-0.20,12.91600000,889305.73060000
2026-03-27 01:27:01,0.20,5.73900000,396210.41360000
2026-03-27 01:27:01,1.00,56.00600000,3876603.36320000
2026-03-27 01:27:01,2.00,61.65800000,4272141.14120000
2026-03-27 01:27:01,3.00,66.06300000,4584211.38130000
2026-03-27 01:27:01,4.00,67.90200000,4715421.01420000
2026-03-27 01:27:01,5.00,68.47900000,4757013.09110000
2026-03-27 01:27:31,-5.00,74.11200000,5067715.99000000
2026-03-27 01:27:31,-4.00,73.47500000,5025811.73030000
2026-03-27 01:27:31,-3.00,70.09900000,4800857.89020000
2026-03-27 01:27:31,-2.00,62.88700000,4315072.51840000
2026-03-27 01:27:31,-1.00,57.30000000,3936403.70340000
2026-03-27 01:27:31,-0.20,13.16200000,906244.65540000
2026-03-27 01:27:31,0.20,5.57300000,384735.76690000
2026-03-27 01:27:31,1.00,56.05900000,3880186.45870000
2026-03-27 01:27:31,2.00,61.71100000,4275724.23670000
2026-03-27 01:27:31,3.00,66.11600000,4587794.47680000
2026-03-27 01:27:31,4.00,67.95500000,4719004.10970000
2026-03-27 01:27:31,5.00,68.53200000,4760596.18660000
2026-03-27 01:28:02,-5.00,56.02900000,3825905.57820000
2026-03-27 01:28:02,-4.00,55.39200000,3784001.31850000
2026-03-27 01:28:02,-3.00,52.01600000,3559047.47840000
2026-03-27 01:28:02,-2.00,44.80400000,3073262.10660000
2026-03-27 01:28:02,-1.00,39.30700000,2700736.06160000
2026-03-27 01:28:02,-0.20,13.16900000,906723.41360000
2026-03-27 01:28:02,0.20,5.51100000,380456.25200000
2026-03-27 01:28:02,1.00,37.99700000,2630057.64380000
2026-03-27 01:28:02,2.00,43.64900000,3025595.42180000
2026-03-27 01:28:02,3.00,48.04100000,3336746.53590000
2026-03-27 01:28:02,4.00,49.88000000,3467956.16880000
2026-03-27 01:28:02,5.00,50.45700000,3509548.24570000
2026-03-27 01:28:31,-5.00,74.41600000,5088201.08170000
2026-03-27 01:28:31,-4.00,73.72900000,5043021.82160000
2026-03-27 01:28:31,-3.00,71.53700000,4897247.80390000
2026-03-27 01:28:31,-2.00,63.14100000,4332282.60970000
2026-03-27 01:28:31,-1.00,57.64700000,3959961.34110000
2026-03-27 01:28:31,-0.20,11.29400000,777607.20080000
2026-03-27 01:28:31,0.20,6.57800000,454109.56870000
2026-03-27 01:28:31,1.00,56.00200000,3875925.38340000
2026-03-27 01:28:31,2.00,61.65400000,4271462.47540000
2026-03-27 01:28:31,3.00,66.05600000,4583318.80840000
2026-03-27 01:28:31,4.00,67.89300000,4714382.29570000
2026-03-27 01:28:31,5.00,68.47600000,4756404.57260000
2026-03-27 01:29:00,-5.00,74.59300000,5100675.86370000
2026-03-27 01:29:00,-4.00,73.95600000,5058771.60400000
2026-03-27 01:29:00,-3.00,70.58000000,4833817.76390000
2026-03-27 01:29:00,-2.00,63.36800000,4348032.39210000
2026-03-27 01:29:00,-1.00,57.87100000,3975506.34710000
2026-03-27 01:29:00,-0.20,11.52100000,793277.24030000
2026-03-27 01:29:00,0.20,5.11700000,353273.85570000
2026-03-27 01:29:00,1.00,55.14100000,3816522.71050000
2026-03-27 01:29:00,2.00,60.79300000,4212060.48850000
2026-03-27 01:29:00,3.00,65.19800000,4524129.36620000
2026-03-27 01:29:00,4.00,67.03700000,4655338.99910000
2026-03-27 01:29:00,5.00,67.61800000,4697220.67600000
2026-03-27 01:29:33,-5.00,74.43300000,5089443.33220000
2026-03-27 01:29:33,-4.00,73.74600000,5044264.07210000
2026-03-27 01:29:33,-3.00,71.55400000,4898490.05440000
2026-03-27 01:29:33,-2.00,63.15800000,4333524.86020000
2026-03-27 01:29:33,-1.00,57.66400000,3961203.59160000
2026-03-27 01:29:33,-0.20,14.88500000,1024704.55490000
2026-03-27 01:29:33,0.20,4.67000000,322293.16820000
2026-03-27 01:29:33,1.00,54.16500000,3748551.49590000
2026-03-27 01:29:33,2.00,59.81700000,4144088.58790000
2026-03-27 01:29:33,3.00,64.21900000,4455942.89030000
2026-03-27 01:29:33,4.00,66.05600000,4587006.37760000
2026-03-27 01:29:33,5.00,66.63900000,4629028.65450000
2026-03-27 01:30:05,-5.00,74.42300000,5088529.45510000
2026-03-27 01:30:05,-4.00,73.79000000,5046923.91080000
2026-03-27 01:30:05,-3.00,71.54400000,4897576.17730000
2026-03-27 01:30:05,-2.00,63.14800000,4332610.98310000
2026-03-27 01:30:05,-1.00,57.65400000,3960289.71450000
2026-03-27 01:30:05,-0.20,12.68100000,872982.29520000
2026-03-27 01:30:05,0.20,4.28600000,295784.95560000
2026-03-27 01:30:05,1.00,53.10100000,3674946.96880000
2026-03-27 01:30:05,2.00,58.75300000,4070484.06080000
2026-03-27 01:30:05,3.00,63.15500000,4382338.36320000
2026-03-27 01:30:05,4.00,64.99200000,4513401.85050000
2026-03-27 01:30:05,5.00,65.57500000,4555424.12740000
2026-03-27 01:30:39,-5.00,74.09600000,5066344.23240000
2026-03-27 01:30:39,-4.00,73.40900000,5021164.97230000
2026-03-27 01:30:39,-3.00,70.32900000,4816007.43460000
2026-03-27 01:30:39,-2.00,62.82100000,4310425.76040000
2026-03-27 01:30:39,-1.00,57.32700000,3938104.49180000
2026-03-27 01:30:39,-0.20,11.45000000,788376.37780000
2026-03-27 01:30:39,0.20,7.13700000,492745.58580000
2026-03-27 01:30:39,1.00,54.18200000,3749884.55730000
2026-03-27 01:30:39,2.00,59.83500000,4145491.97340000
2026-03-27 01:30:39,3.00,64.23600000,4457278.81170000
2026-03-27 01:30:39,4.00,66.07900000,4588772.49900000
2026-03-27 01:30:39,5.00,66.65600000,4630364.57590000
2026-03-27 01:31:00,-5.00,73.81800000,5046948.48330000
2026-03-27 01:31:00,-4.00,73.18500000,5005342.93900000
2026-03-27 01:31:00,-3.00,70.93900000,4855995.20550000
2026-03-27 01:31:00,-2.00,62.54300000,4291030.01130000
2026-03-27 01:31:00,-1.00,57.04900000,3918708.74270000
2026-03-27 01:31:00,-0.20,16.38500000,1127860.43980000
2026-03-27 01:31:00,0.20,4.91600000,339285.79620000
2026-03-27 01:31:00,1.00,54.46200000,3768999.38770000
2026-03-27 01:31:00,2.00,60.11400000,4164536.47970000
2026-03-27 01:31:00,3.00,64.51600000,4476393.78510000
2026-03-27 01:31:00,4.00,66.35300000,4607457.27240000
2026-03-27 01:31:00,5.00,66.93600000,4649479.54930000
2026-03-27 01:31:33,-5.00,75.53900000,5164947.47510000
2026-03-27 01:31:33,-4.00,74.90600000,5123341.93080000
2026-03-27 01:31:33,-3.00,72.66000000,4973994.19730000
2026-03-27 01:31:33,-2.00,64.26400000,4409029.00310000
2026-03-27 01:31:33,-1.00,58.77000000,4036707.73450000
2026-03-27 01:31:33,-0.20,16.59500000,1142292.02260000
2026-03-27 01:31:33,0.20,8.11500000,560162.01730000
2026-03-27 01:31:33,1.00,54.55900000,3775024.76800000
2026-03-27 01:31:33,2.00,60.21100000,4170561.86000000
2026-03-27 01:31:33,3.00,64.61300000,4482416.12730000
2026-03-27 01:31:33,4.00,66.45000000,4613479.61460000
2026-03-27 01:31:33,5.00,67.02900000,4655212.38350000
2026-03-27 01:32:02,-5.00,75.34800000,5152488.54830000
2026-03-27 01:32:02,-4.00,74.71100000,5110584.28860000
2026-03-27 01:32:02,-3.00,71.33500000,4885630.44850000
2026-03-27 01:32:02,-2.00,64.12300000,4399845.07670000
2026-03-27 01:32:02,-1.00,58.62600000,4027319.03170000
2026-03-27 01:32:02,-0.20,14.78600000,1018024.88870000
2026-03-27 01:32:02,0.20,8.95600000,618382.07790000
2026-03-27 01:32:02,1.00,54.47400000,3769595.71050000
2026-03-27 01:32:02,2.00,60.12600000,4165133.48850000
2026-03-27 01:32:02,3.00,64.53100000,4477201.61610000
2026-03-27 01:32:02,4.00,66.37000000,4608411.24900000
2026-03-27 01:32:02,5.00,66.95100000,4650292.92590000
2026-03-27 01:32:30,-5.00,75.15800000,5139931.68910000
2026-03-27 01:32:30,-4.00,74.47400000,5094913.29780000
2026-03-27 01:32:30,-3.00,71.14900000,4873335.65770000
2026-03-27 01:32:30,-2.00,63.93300000,4387279.97390000
2026-03-27 01:32:30,-1.00,58.44000000,4015024.24090000
2026-03-27 01:32:30,-0.20,7.54300000,519601.95100000
2026-03-27 01:32:30,0.20,7.24900000,500599.82370000
2026-03-27 01:32:30,1.00,54.54100000,3775197.93840000
2026-03-27 01:32:30,2.00,60.19300000,4170735.71640000
2026-03-27 01:32:30,3.00,64.59800000,4482803.84400000
2026-03-27 01:32:30,4.00,66.43700000,4614013.47690000
2026-03-27 01:32:30,5.00,67.01800000,4655895.15380000
2026-03-27 01:33:02,-5.00,75.24300000,5144759.37690000
2026-03-27 01:33:02,-4.00,74.61000000,5103153.83260000
2026-03-27 01:33:02,-3.00,72.36400000,4953806.09910000
2026-03-27 01:33:02,-2.00,63.97100000,4389043.55490000
2026-03-27 01:33:02,-1.00,58.47400000,4016519.63630000
2026-03-27 01:33:02,-0.20,16.29900000,1122034.62440000
2026-03-27 01:33:02,0.20,5.30500000,366110.69550000
2026-03-27 01:33:02,1.00,54.29100000,3757114.73610000
2026-03-27 01:33:02,2.00,59.94300000,4152651.82810000
2026-03-27 01:33:02,3.00,64.34500000,4464507.80230000
2026-03-27 01:33:02,4.00,66.18200000,4595571.28960000
2026-03-27 01:33:02,5.00,66.76100000,4637304.05850000
2026-03-27 01:33:33,-5.00,75.68400000,5174469.63040000
2026-03-27 01:33:33,-4.00,75.05100000,5132864.08610000
2026-03-27 01:33:33,-3.00,72.80500000,4983516.35260000
2026-03-27 01:33:33,-2.00,64.41200000,4418753.80840000
2026-03-27 01:33:33,-1.00,58.91500000,4046229.88980000
2026-03-27 01:33:33,-0.20,7.91000000,544602.75470000
2026-03-27 01:33:33,0.20,5.55400000,383261.37440000
2026-03-27 01:33:33,1.00,54.54000000,3774084.51500000
2026-03-27 01:33:33,2.00,60.19200000,4169621.60700000
2026-03-27 01:33:33,3.00,64.58100000,4480558.89720000
2026-03-27 01:33:33,4.00,66.41800000,4611622.38450000
2026-03-27 01:33:33,5.00,66.99700000,4653355.15340000
2026-03-27 01:34:01,-5.00,57.52200000,3927666.32350000
2026-03-27 01:34:01,-4.00,56.83500000,3882487.06340000
2026-03-27 01:34:01,-3.00,54.64300000,3736713.04570000
2026-03-27 01:34:01,-2.00,46.24700000,3171747.85150000
2026-03-27 01:34:01,-1.00,40.75300000,2799426.58290000
2026-03-27 01:34:01,-0.20,9.41500000,648228.91990000
2026-03-27 01:34:01,0.20,7.25500000,500798.16010000
2026-03-27 01:34:01,1.00,37.74700000,2612075.07490000
2026-03-27 01:34:01,2.00,43.39900000,3007612.16690000
2026-03-27 01:34:01,3.00,47.78800000,3318549.45710000
2026-03-27 01:34:01,4.00,49.62500000,3449612.94440000
2026-03-27 01:34:01,5.00,50.20800000,3491635.22130000
2026-03-27 01:34:31,-5.00,75.54200000,5164790.54990000
2026-03-27 01:34:31,-4.00,74.90900000,5123185.00560000
2026-03-27 01:34:31,-3.00,72.66700000,4974104.67210000
2026-03-27 01:34:31,-2.00,64.27000000,4409074.72790000
2026-03-27 01:34:31,-1.00,58.77300000,4036550.80930000
2026-03-27 01:34:31,-0.20,9.55400000,657611.51950000
2026-03-27 01:34:31,0.20,6.96400000,480509.36860000
2026-03-27 01:34:31,1.00,56.25500000,3891934.26890000
2026-03-27 01:34:31,2.00,61.90400000,4287259.75680000
2026-03-27 01:34:31,3.00,66.31000000,4599397.34850000
2026-03-27 01:34:31,4.00,68.14700000,4730460.83580000
2026-03-27 01:34:31,5.00,68.71200000,4771180.48070000
2026-03-27 01:35:01,-5.00,75.47100000,5159738.13070000
2026-03-27 01:35:01,-4.00,74.83800000,5118132.58640000
2026-03-27 01:35:01,-3.00,72.59700000,4969044.04260000
2026-03-27 01:35:01,-2.00,64.20000000,4404014.09840000
2026-03-27 01:35:01,-1.00,58.70300000,4031490.17980000
2026-03-27 01:35:01,-0.20,11.36800000,782272.56060000
2026-03-27 01:35:01,0.20,5.14600000,354936.78720000
2026-03-27 01:35:01,1.00,57.28900000,3963040.41020000
2026-03-27 01:35:01,2.00,62.94200000,4358644.28850000
2026-03-27 01:35:01,3.00,67.06900000,4650977.77630000
2026-03-27 01:35:01,4.00,69.18500000,4801843.17700000
2026-03-27 01:35:01,5.00,69.75000000,4842562.82190000
2026-03-27 01:35:32,-5.00,75.62900000,5170517.71690000
2026-03-27 01:35:32,-4.00,74.99600000,5128912.17260000
2026-03-27 01:35:32,-3.00,72.75500000,4979823.62880000
2026-03-27 01:35:32,-2.00,64.35800000,4414793.68460000
2026-03-27 01:35:32,-1.00,58.86100000,4042269.76600000
2026-03-27 01:35:32,-0.20,11.24000000,773457.94090000
2026-03-27 01:35:32,0.20,4.57200000,315315.17840000
2026-03-27 01:35:32,1.00,54.04400000,3738357.11180000
2026-03-27 01:35:32,2.00,59.69700000,4133960.99010000
2026-03-27 01:35:32,3.00,63.82400000,4426294.47790000
2026-03-27 01:35:32,4.00,65.94000000,4577159.87860000
2026-03-27 01:35:32,5.00,66.50500000,4617879.52350000
2026-03-27 01:36:01,-5.00,74.02300000,5059620.58620000
2026-03-27 01:36:01,-4.00,73.38700000,5017833.35240000
2026-03-27 01:36:01,-3.00,71.14600000,4868744.80860000
2026-03-27 01:36:01,-2.00,62.74900000,4303714.86440000
2026-03-27 01:36:01,-1.00,57.25200000,3931190.94580000
2026-03-27 01:36:01,-0.20,10.97400000,755160.74680000
2026-03-27 01:36:01,0.20,4.62700000,319109.03760000
2026-03-27 01:36:01,1.00,54.09900000,3741606.47100000
2026-03-27 01:36:01,2.00,59.75200000,4137210.34930000
2026-03-27 01:36:01,3.00,63.87900000,4429541.84290000
2026-03-27 01:36:01,4.00,65.99500000,4580407.24360000
2026-03-27 01:36:01,5.00,66.56000000,4621126.88850000
2026-03-27 01:36:32,-5.00,74.56600000,5097465.01190000
2026-03-27 01:36:32,-4.00,73.93000000,5055677.77810000
2026-03-27 01:36:32,-3.00,71.68900000,4906589.23430000
2026-03-27 01:36:32,-2.00,63.29200000,4341559.29010000
2026-03-27 01:36:32,-1.00,57.79500000,3969035.37150000
2026-03-27 01:36:32,-0.20,11.34200000,780491.99580000
2026-03-27 01:36:32,0.20,4.61400000,318225.77050000
2026-03-27 01:36:32,1.00,54.09000000,3740935.89430000
2026-03-27 01:36:32,2.00,59.73900000,4136261.38220000
2026-03-27 01:36:32,3.00,64.14500000,4448394.88670000
2026-03-27 01:36:32,4.00,65.98200000,4579458.37400000
2026-03-27 01:36:32,5.00,66.54700000,4620178.01890000
2026-03-27 01:37:33,-5.00,56.51800000,3858820.25170000
2026-03-27 01:37:33,-4.00,55.88200000,3817033.01790000
2026-03-27 01:37:33,-3.00,53.64100000,3667944.47410000
2026-03-27 01:37:33,-2.00,45.24400000,3102914.52990000
2026-03-27 01:37:33,-1.00,39.74700000,2730390.61130000
2026-03-27 01:37:33,-0.20,11.07600000,762235.16730000
2026-03-27 01:37:33,0.20,4.82000000,332470.75580000
2026-03-27 01:37:33,1.00,38.17200000,2639977.22330000
2026-03-27 01:37:33,2.00,43.82100000,3035302.71120000
2026-03-27 01:37:33,3.00,48.22700000,3347438.43740000
2026-03-27 01:37:33,4.00,50.06400000,3478501.92470000
2026-03-27 01:37:33,5.00,50.62900000,3519221.56960000
2026-03-27 01:38:02,-5.00,73.53600000,5025630.34010000
2026-03-27 01:38:02,-4.00,72.90000000,4983843.10630000
2026-03-27 01:38:02,-3.00,70.66100000,4834888.22910000
2026-03-27 01:38:02,-2.00,62.26600000,4269994.72430000
2026-03-27 01:38:02,-1.00,56.76900000,3897473.53970000
2026-03-27 01:38:02,-0.20,14.88900000,1024202.03300000
2026-03-27 01:38:02,0.20,6.83000000,471140.68920000
2026-03-27 01:38:02,1.00,57.24000000,3958245.41840000
2026-03-27 01:38:02,2.00,62.89300000,4353849.29670000
2026-03-27 01:38:02,3.00,67.02000000,4646183.10950000
2026-03-27 01:38:02,4.00,69.13600000,4797048.51020000
2026-03-27 01:38:02,5.00,69.70100000,4837768.15510000
2026-03-27 01:38:31,-5.00,73.97700000,5055890.74120000
2026-03-27 01:38:31,-4.00,73.34100000,5014103.50740000
2026-03-27 01:38:31,-3.00,71.10200000,4865148.63020000
2026-03-27 01:38:31,-2.00,62.70700000,4300255.12540000
2026-03-27 01:38:31,-1.00,57.21400000,3928006.74080000
2026-03-27 01:38:31,-0.20,18.36100000,1262837.51850000
2026-03-27 01:38:31,0.20,4.29000000,295803.02980000
2026-03-27 01:38:31,1.00,55.84600000,3861742.86800000
2026-03-27 01:38:31,2.00,61.49900000,4257346.74630000
2026-03-27 01:38:31,3.00,65.62600000,4549678.20740000
2026-03-27 01:38:31,4.00,67.74200000,4700543.60810000
2026-03-27 01:38:31,5.00,68.30700000,4741263.25300000
2026-03-27 01:39:01,-5.00,56.11900000,3830751.29230000
2026-03-27 01:39:01,-4.00,55.48300000,3788964.05850000
2026-03-27 01:39:01,-3.00,53.24200000,3639875.51470000
2026-03-27 01:39:01,-2.00,44.84900000,3075115.67650000
2026-03-27 01:39:01,-1.00,39.34800000,2702321.65190000
2026-03-27 01:39:01,-0.20,11.54500000,794349.48260000
2026-03-27 01:39:01,0.20,10.69800000,738175.53550000
2026-03-27 01:39:01,1.00,37.03300000,2560869.45670000
2026-03-27 01:39:01,2.00,42.68600000,2956473.33500000
2026-03-27 01:39:01,3.00,46.81300000,3248804.79610000
2026-03-27 01:39:01,4.00,48.92900000,3399670.19680000
2026-03-27 01:39:01,5.00,49.49400000,3440389.84170000
2026-03-27 01:39:32,-5.00,73.80500000,5044729.41680000
2026-03-27 01:39:32,-4.00,73.16900000,5002942.18300000
2026-03-27 01:39:32,-3.00,70.92800000,4853853.63920000
2026-03-27 01:39:32,-2.00,62.53100000,4288823.69500000
2026-03-27 01:39:32,-1.00,57.03400000,3916299.77640000
2026-03-27 01:39:32,-0.20,11.09800000,763693.44860000
2026-03-27 01:39:32,0.20,5.23900000,361361.35050000
2026-03-27 01:39:32,1.00,55.02700000,3805737.65810000
2026-03-27 01:39:32,2.00,60.68000000,4201341.53640000
2026-03-27 01:39:32,3.00,65.08600000,4513475.09810000
2026-03-27 01:39:32,4.00,66.92300000,4644538.58540000
2026-03-27 01:39:32,5.00,67.48800000,4685258.23030000
2026-03-27 01:40:04,-5.00,73.71100000,5038037.09680000
2026-03-27 01:40:04,-4.00,73.07500000,4996249.86300000
2026-03-27 01:40:04,-3.00,70.83600000,4847294.98580000
2026-03-27 01:40:04,-2.00,62.44100000,4282401.48100000
2026-03-27 01:40:04,-1.00,56.94400000,3909880.29640000
2026-03-27 01:40:04,-0.20,16.38100000,1126937.92040000
2026-03-27 01:40:04,0.20,5.53700000,381882.49100000
2026-03-27 01:40:04,1.00,55.10000000,3810548.13670000
2026-03-27 01:40:04,2.00,60.75300000,4206152.01500000
2026-03-27 01:40:04,3.00,64.88000000,4498486.14890000
2026-03-27 01:40:04,4.00,66.99600000,4649351.54960000
2026-03-27 01:40:04,5.00,67.56100000,4690071.19450000
2026-03-27 01:40:33,-5.00,72.29100000,4940274.96450000
2026-03-27 01:40:33,-4.00,71.65500000,4898487.73070000
2026-03-27 01:40:33,-3.00,69.41600000,4749532.85350000
2026-03-27 01:40:33,-2.00,61.02100000,4184639.34870000
2026-03-27 01:40:33,-1.00,55.52800000,3812390.96410000
2026-03-27 01:40:33,-0.20,14.96100000,1029175.78810000
2026-03-27 01:40:33,0.20,6.58100000,453955.96220000
2026-03-27 01:40:33,1.00,54.72700000,3784774.10760000
2026-03-27 01:40:33,2.00,60.38000000,4180377.98590000
2026-03-27 01:40:33,3.00,64.50700000,4472710.04630000
2026-03-27 01:40:33,4.00,66.62300000,4623575.44700000
2026-03-27 01:40:33,5.00,67.18800000,4664295.09190000
2026-03-27 01:41:01,-5.00,73.91300000,5051994.98730000
2026-03-27 01:41:01,-4.00,73.27700000,5010207.75350000
2026-03-27 01:41:01,-3.00,71.03600000,4861119.20970000
2026-03-27 01:41:01,-2.00,62.63900000,4296089.26550000
2026-03-27 01:41:01,-1.00,57.14200000,3923565.34690000
2026-03-27 01:41:01,-0.20,11.20600000,771131.81910000
2026-03-27 01:41:01,0.20,6.83000000,471195.58560000
2026-03-27 01:41:01,1.00,54.97300000,3801809.13860000
2026-03-27 01:41:01,2.00,60.62600000,4197388.67790000
2026-03-27 01:41:01,3.00,64.75300000,4489694.44930000
2026-03-27 01:41:01,4.00,66.86900000,4640535.78400000
2026-03-27 01:41:01,5.00,67.43400000,4681255.42890000
2026-03-27 01:41:32,-5.00,73.61900000,5031747.03960000
2026-03-27 01:41:32,-4.00,72.98300000,4989959.80580000
2026-03-27 01:41:32,-3.00,70.74200000,4840871.26200000
2026-03-27 01:41:32,-2.00,62.34900000,4276111.42380000
2026-03-27 01:41:32,-1.00,56.84800000,3903317.39920000
2026-03-27 01:41:32,-0.20,16.64100000,1144885.23670000
2026-03-27 01:41:32,0.20,5.29300000,365089.51450000
2026-03-27 01:41:32,1.00,55.10400000,3810978.50030000
2026-03-27 01:41:32,2.00,60.75700000,4206558.03960000
2026-03-27 01:41:32,3.00,64.87100000,4497946.84170000
2026-03-27 01:41:32,4.00,66.98700000,4648788.17640000
2026-03-27 01:41:32,5.00,67.55200000,4689507.82130000
2026-03-27 01:42:01,-5.00,55.94700000,3818745.54210000
2026-03-27 01:42:01,-4.00,55.31100000,3776958.30830000
2026-03-27 01:42:01,-3.00,53.07200000,3628003.43110000
2026-03-27 01:42:01,-2.00,44.67700000,3063109.92630000
2026-03-27 01:42:01,-1.00,39.18400000,2690861.54170000
2026-03-27 01:42:01,-0.20,16.44700000,1131370.18240000
2026-03-27 01:42:01,0.20,4.28600000,295512.95850000
2026-03-27 01:42:01,1.00,36.86800000,2549386.83360000
2026-03-27 01:42:01,2.00,42.52100000,2944966.37290000
2026-03-27 01:42:01,3.00,46.63500000,3236355.17500000
2026-03-27 01:42:01,4.00,48.75100000,3387196.50970000
2026-03-27 01:42:01,5.00,49.31600000,3427916.15460000
2026-03-27 01:42:31,-5.00,74.45000000,5088738.95890000
2026-03-27 01:42:31,-4.00,73.81400000,5046951.72510000
2026-03-27 01:42:31,-3.00,71.57300000,4897863.18130000
2026-03-27 01:42:31,-2.00,63.17600000,4332833.23710000
2026-03-27 01:42:31,-1.00,57.67900000,3960309.31850000
2026-03-27 01:42:31,-0.20,15.25400000,1049468.65370000
2026-03-27 01:42:31,0.20,10.58200000,730167.37810000
2026-03-27 01:42:31,1.00,55.29900000,3824243.83420000
2026-03-27 01:42:31,2.00,60.95200000,4219823.37350000
2026-03-27 01:42:31,3.00,65.07900000,4512129.74810000
2026-03-27 01:42:31,4.00,67.19500000,4662971.08280000
2026-03-27 01:42:31,5.00,67.76000000,4703690.72770000
2026-03-27 01:43:02,-5.00,75.62400000,5170906.13270000
2026-03-27 01:43:02,-4.00,74.98800000,5129118.89890000
2026-03-27 01:43:02,-3.00,72.74300000,4979780.46610000
2026-03-27 01:43:02,-2.00,64.34700000,4414815.27190000
2026-03-27 01:43:02,-1.00,58.85300000,4042494.00330000
2026-03-27 01:43:02,-0.20,12.40600000,854011.07350000
2026-03-27 01:43:02,0.20,7.24200000,499825.64580000
2026-03-27 01:43:02,1.00,57.68000000,3990051.96910000
2026-03-27 01:43:02,2.00,63.33200000,4385564.72210000
2026-03-27 01:43:02,3.00,67.73400000,4697391.80210000
2026-03-27 01:43:02,4.00,69.57100000,4828431.22340000
2026-03-27 01:43:02,5.00,70.15000000,4870163.99230000
2026-03-27 01:43:33,-5.00,57.20600000,3906305.26020000
2026-03-27 01:43:33,-4.00,56.52000000,3861209.03140000
2026-03-27 01:43:33,-3.00,54.32500000,3715179.59360000
2026-03-27 01:43:33,-2.00,45.92900000,3150214.39940000
2026-03-27 01:43:33,-1.00,40.43500000,2777893.13080000
2026-03-27 01:43:33,-0.20,11.98700000,825168.30410000
2026-03-27 01:43:33,0.20,7.07400000,488229.63470000
2026-03-27 01:43:33,1.00,39.51200000,2732923.45800000
2026-03-27 01:43:33,2.00,45.16400000,3128436.21100000
2026-03-27 01:43:33,3.00,49.56600000,3440263.29100000
2026-03-27 01:43:33,4.00,51.40300000,3571302.71230000
2026-03-27 01:43:33,5.00,51.98600000,3613324.98920000
2026-03-27 01:44:02,-5.00,74.90900000,5121300.16400000
2026-03-27 01:44:02,-4.00,74.27300000,5079512.93020000
2026-03-27 01:44:02,-3.00,72.02800000,4930174.49740000
2026-03-27 01:44:02,-2.00,63.63500000,4365411.95320000
2026-03-27 01:44:02,-1.00,58.13800000,3992888.03460000
2026-03-27 01:44:02,-0.20,11.66200000,802665.90480000
2026-03-27 01:44:02,0.20,6.29900000,434612.68990000
2026-03-27 01:44:02,1.00,57.84800000,4001326.77060000
2026-03-27 01:44:02,2.00,63.49600000,4396558.31560000
2026-03-27 01:44:02,3.00,67.90200000,4708666.60360000
2026-03-27 01:44:02,4.00,69.73900000,4839706.02490000
2026-03-27 01:44:02,5.00,70.30400000,4880425.66980000
2026-03-27 01:44:32,-5.00,75.27100000,5146487.07670000
2026-03-27 01:44:32,-4.00,74.63500000,5104699.84290000
2026-03-27 01:44:32,-3.00,72.39000000,4955361.41010000
2026-03-27 01:44:32,-2.00,63.99400000,4390396.21590000
2026-03-27 01:44:32,-1.00,58.50000000,4018074.94730000
2026-03-27 01:44:32,-0.20,10.35600000,712900.62940000
2026-03-27 01:44:32,0.20,7.03500000,485544.16580000
2026-03-27 01:44:32,1.00,57.47300000,3975700.28910000
2026-03-27 01:44:32,2.00,63.12500000,4371213.04210000
2026-03-27 01:44:32,3.00,67.52700000,4683040.12210000
2026-03-27 01:44:32,4.00,69.36400000,4814079.54340000
2026-03-27 01:44:32,5.00,69.94700000,4856101.82030000
2026-03-27 01:45:04,-5.00,75.73100000,5178125.96310000
2026-03-27 01:45:04,-4.00,75.09500000,5136338.72930000
2026-03-27 01:45:04,-3.00,72.85000000,4987000.29650000
2026-03-27 01:45:04,-2.00,64.45700000,4422237.75230000
2026-03-27 01:45:04,-1.00,58.96000000,4049713.83370000
2026-03-27 01:45:04,-0.20,12.48400000,859341.40390000
2026-03-27 01:45:04,0.20,4.73600000,326744.14770000
2026-03-27 01:45:04,1.00,57.66200000,3988655.53210000
2026-03-27 01:45:04,2.00,63.31400000,4384168.28510000
2026-03-27 01:45:04,3.00,67.70300000,4695077.32200000
2026-03-27 01:45:04,4.00,69.54000000,4826116.74330000
2026-03-27 01:45:04,5.00,70.11900000,4867849.51220000
2026-03-27 01:45:32,-5.00,75.80700000,5183384.12950000
2026-03-27 01:45:32,-4.00,75.17100000,5141596.89570000
2026-03-27 01:45:32,-3.00,72.92600000,4992258.46290000
2026-03-27 01:45:32,-2.00,64.53000000,4427293.26870000
2026-03-27 01:45:32,-1.00,59.03600000,4054972.00010000
2026-03-27 01:45:32,-0.20,10.89300000,749953.01420000
2026-03-27 01:45:32,0.20,6.84600000,472540.20930000
2026-03-27 01:45:32,1.00,57.53100000,3979719.77500000
2026-03-27 01:45:32,2.00,63.18300000,4375232.52800000
2026-03-27 01:45:32,3.00,67.57200000,4686141.56490000
2026-03-27 01:45:32,4.00,69.40900000,4817180.98620000
2026-03-27 01:45:32,5.00,69.99200000,4859203.26310000
2026-03-27 01:46:02,-5.00,75.67100000,5173965.83540000
2026-03-27 01:46:02,-4.00,75.03500000,5132169.48160000
2026-03-27 01:46:02,-3.00,72.79000000,4982831.04880000
2026-03-27 01:46:02,-2.00,64.39700000,4418068.50460000
2026-03-27 01:46:02,-1.00,58.90000000,4045544.58600000
2026-03-27 01:46:02,-0.20,12.42400000,855204.55620000
2026-03-27 01:46:02,0.20,7.04100000,485928.99000000
2026-03-27 01:46:02,1.00,57.69100000,3990687.34730000
2026-03-27 01:46:02,2.00,63.34300000,4386200.10030000
2026-03-27 01:46:02,3.00,67.73200000,4697109.13720000
2026-03-27 01:46:02,4.00,69.56900000,4828148.55850000
2026-03-27 01:46:02,5.00,70.14800000,4869881.32740000
2026-03-27 01:46:30,-5.00,75.91800000,5190870.90240000
2026-03-27 01:46:30,-4.00,75.28200000,5149074.54860000
2026-03-27 01:46:30,-3.00,73.04100000,5000003.51580000
2026-03-27 01:46:30,-2.00,64.64400000,4434973.57160000
2026-03-27 01:46:30,-1.00,59.14700000,4062449.65300000
2026-03-27 01:46:30,-0.20,12.12500000,834593.36260000
2026-03-27 01:46:30,0.20,4.51300000,311322.57710000
2026-03-27 01:46:30,1.00,57.70900000,3991919.37930000
2026-03-27 01:46:30,2.00,63.35700000,4387150.92430000
2026-03-27 01:46:30,3.00,67.75000000,4698341.16920000
2026-03-27 01:46:30,4.00,69.58700000,4829380.59050000
2026-03-27 01:46:30,5.00,70.15200000,4870100.23540000
2026-03-27 01:47:00,-5.00,74.21300000,5072622.22380000
2026-03-27 01:47:00,-4.00,73.57700000,5030825.87000000
2026-03-27 01:47:00,-3.00,71.33800000,4881888.50380000
2026-03-27 01:47:00,-2.00,62.94300000,4316994.99900000
2026-03-27 01:47:00,-1.00,57.44600000,3944473.81440000
2026-03-27 01:47:00,-0.20,16.13100000,1109748.95910000
2026-03-27 01:47:00,0.20,5.45800000,376461.79960000
2026-03-27 01:47:00,1.00,58.03300000,4013464.34890000
2026-03-27 01:47:00,2.00,63.68600000,4409043.88820000
2026-03-27 01:47:00,3.00,67.80000000,4700432.21970000
2026-03-27 01:47:00,4.00,69.91600000,4851273.55440000
2026-03-27 01:47:00,5.00,70.48100000,4891993.19930000
2026-03-27 01:47:31,-5.00,75.04200000,5130334.63450000
2026-03-27 01:47:31,-4.00,74.40600000,5088538.28070000
2026-03-27 01:47:31,-3.00,72.16100000,4939199.84790000
2026-03-27 01:47:31,-2.00,63.76800000,4374437.30370000
2026-03-27 01:47:31,-1.00,58.27100000,4001913.38510000
2026-03-27 01:47:31,-0.20,11.58200000,797177.70480000
2026-03-27 01:47:31,0.20,8.04900000,555496.70290000
2026-03-27 01:47:31,1.00,56.05700000,3877530.81410000
2026-03-27 01:47:31,2.00,61.70500000,4272762.35910000
2026-03-27 01:47:31,3.00,66.09800000,4583954.13020000
2026-03-27 01:47:31,4.00,67.93500000,4714993.55150000
2026-03-27 01:47:31,5.00,68.51400000,4756726.32040000
2026-03-27 01:49:00,-5.00,74.87700000,5119675.81230000
2026-03-27 01:49:00,-4.00,74.19100000,5074570.46350000
2026-03-27 01:49:00,-3.00,71.99600000,4928541.02570000
2026-03-27 01:49:00,-2.00,63.60000000,4363575.83150000
2026-03-27 01:49:00,-1.00,58.10600000,3991254.56290000
2026-03-27 01:49:00,-0.20,9.75000000,671316.92690000
2026-03-27 01:49:00,0.20,6.84600000,472547.74230000
2026-03-27 01:49:00,1.00,55.70300000,3853803.39610000
2026-03-27 01:49:00,2.00,61.35500000,4249316.14910000
2026-03-27 01:49:00,3.00,65.75700000,4561145.87070000
2026-03-27 01:49:00,4.00,67.59400000,4692185.29200000
2026-03-27 01:49:00,5.00,68.17700000,4734207.56890000
2026-03-27 01:49:33,-5.00,74.92500000,5125714.61030000
2026-03-27 01:49:33,-4.00,74.23800000,5080505.40950000
2026-03-27 01:49:33,-3.00,70.61500000,4838930.38650000
2026-03-27 01:49:33,-2.00,63.69200000,4372475.78630000
2026-03-27 01:49:33,-1.00,58.20100000,4000326.62550000
2026-03-27 01:49:33,-0.20,6.04700000,416805.22470000
2026-03-27 01:49:33,0.20,9.89500000,683657.75070000
2026-03-27 01:49:33,1.00,56.07700000,3882584.58710000
2026-03-27 01:49:33,2.00,61.73100000,4278258.08720000
2026-03-27 01:49:33,3.00,66.12300000,4589486.59090000
2026-03-27 01:49:33,4.00,67.96600000,4720959.08700000
2026-03-27 01:49:33,5.00,68.56800000,4764364.93470000
2026-03-27 01:50:04,-5.00,54.37000000,3712583.58330000
2026-03-27 01:50:04,-4.00,53.68300000,3667374.38250000
2026-03-27 01:50:04,-3.00,50.06000000,3425799.35950000
2026-03-27 01:50:04,-2.00,43.13700000,2959344.75930000
2026-03-27 01:50:04,-1.00,37.65000000,2587468.79850000
2026-03-27 01:50:04,-0.20,8.91500000,614201.35110000
2026-03-27 01:50:04,0.20,5.33700000,368604.20600000
2026-03-27 01:50:04,1.00,37.95100000,2627388.67520000
2026-03-27 01:50:04,2.00,43.60500000,3023062.17530000
2026-03-27 01:50:04,3.00,47.99700000,3334290.67900000
2026-03-27 01:50:04,4.00,49.84000000,3465763.17510000
2026-03-27 01:50:04,5.00,50.41700000,3507357.92280000
2026-03-27 01:50:33,-5.00,73.58700000,5032692.93990000
2026-03-27 01:50:33,-4.00,72.90000000,4987483.73910000
2026-03-27 01:50:33,-3.00,70.75700000,4844894.52010000
2026-03-27 01:50:33,-2.00,62.35400000,4279323.93510000
2026-03-27 01:50:33,-1.00,56.91800000,3910916.26870000
2026-03-27 01:50:33,-0.20,5.16300000,355789.91770000
2026-03-27 01:50:33,0.20,7.12600000,492185.03520000
2026-03-27 01:50:33,1.00,55.83000000,3865242.72140000
2026-03-27 01:50:33,2.00,61.48500000,4260985.89380000
2026-03-27 01:50:33,3.00,65.87700000,4572214.39750000
2026-03-27 01:50:33,4.00,67.73300000,4704617.05530000
2026-03-27 01:50:33,5.00,68.31000000,4746211.80300000
2026-03-27 01:51:02,-5.00,75.98900000,5198723.57060000
2026-03-27 01:51:02,-4.00,75.30200000,5153514.36980000
2026-03-27 01:51:02,-3.00,72.86300000,4991119.16920000
2026-03-27 01:51:02,-2.00,64.80600000,4448729.56580000
2026-03-27 01:51:02,-1.00,59.31900000,4076853.60500000
2026-03-27 01:51:02,-0.20,9.13200000,629214.41090000
2026-03-27 01:51:02,0.20,5.42500000,374690.91860000
2026-03-27 01:51:02,1.00,55.79300000,3863157.00220000
2026-03-27 01:51:02,2.00,61.44700000,4258830.50230000
2026-03-27 01:51:02,3.00,65.85200000,4570982.32840000
2026-03-27 01:51:02,4.00,67.69500000,4702454.82450000
2026-03-27 01:51:02,5.00,68.27200000,4744049.57220000
2026-03-27 01:51:32,-5.00,75.70200000,5179123.61720000
2026-03-27 01:51:32,-4.00,75.01500000,5133914.41640000
2026-03-27 01:51:32,-3.00,72.57600000,4971498.11280000
2026-03-27 01:51:32,-2.00,64.51900000,4429108.50940000
2026-03-27 01:51:32,-1.00,59.02800000,4056959.34860000
2026-03-27 01:51:32,-0.20,7.54100000,519672.70850000
2026-03-27 01:51:32,0.20,7.15700000,494399.83850000
2026-03-27 01:51:32,1.00,55.74200000,3859604.12950000
2026-03-27 01:51:32,2.00,61.39600000,4255277.62960000
2026-03-27 01:51:32,3.00,65.80100000,4567427.56810000
2026-03-27 01:51:32,4.00,67.64400000,4698900.06420000
2026-03-27 01:51:32,5.00,68.24600000,4742305.91190000
2026-03-27 01:52:02,-5.00,75.29400000,5151476.96520000
2026-03-27 01:52:02,-4.00,74.60700000,5106267.76440000
2026-03-27 01:52:02,-3.00,72.16800000,4943851.46080000
2026-03-27 01:52:02,-2.00,64.11100000,4401461.85740000
2026-03-27 01:52:02,-1.00,58.62000000,4029312.69660000
2026-03-27 01:52:02,-0.20,7.40000000,509975.38300000
2026-03-27 01:52:02,0.20,8.85700000,611985.52550000
2026-03-27 01:52:02,1.00,55.66400000,3854265.67600000
2026-03-27 01:52:02,2.00,61.31800000,4249939.17610000
2026-03-27 01:52:02,3.00,65.72300000,4562089.11460000
2026-03-27 01:52:02,4.00,67.56600000,4693561.61070000
2026-03-27 01:52:02,5.00,68.16800000,4736967.45840000
2026-03-27 01:52:30,-5.00,73.93900000,5058237.52330000
2026-03-27 01:52:30,-4.00,73.25200000,5013028.32250000
2026-03-27 01:52:30,-3.00,70.81300000,4850612.01890000
2026-03-27 01:52:30,-2.00,62.75600000,4308222.41550000
2026-03-27 01:52:30,-1.00,57.26900000,3936346.45470000
2026-03-27 01:52:30,-0.20,10.96000000,755130.89250000
2026-03-27 01:52:30,0.20,5.48900000,379099.59960000
2026-03-27 01:52:30,1.00,55.85700000,3867503.58320000
2026-03-27 01:52:30,2.00,61.51100000,4263177.08330000
2026-03-27 01:52:30,3.00,65.90300000,4574406.99360000
2026-03-27 01:52:30,4.00,67.74600000,4705879.48970000
2026-03-27 01:52:30,5.00,68.32300000,4747474.23740000
2026-03-27 01:53:00,-5.00,73.98100000,5060982.46790000
2026-03-27 01:53:00,-4.00,73.29400000,5015773.26710000
2026-03-27 01:53:00,-3.00,70.85500000,4853356.96350000
2026-03-27 01:53:00,-2.00,62.79800000,4310967.36010000
2026-03-27 01:53:00,-1.00,57.31200000,3939159.69370000
2026-03-27 01:53:00,-0.20,11.00200000,757976.63710000
2026-03-27 01:53:00,0.20,5.63800000,389343.61650000
2026-03-27 01:53:00,1.00,56.00500000,3877561.82780000
2026-03-27 01:53:00,2.00,61.66000000,4273305.00020000
2026-03-27 01:53:00,3.00,66.05200000,4584534.25140000
2026-03-27 01:53:00,4.00,67.89500000,4716006.74750000
2026-03-27 01:53:00,5.00,68.47200000,4757601.49520000
2026-03-27 01:53:33,-5.00,68.32700000,4671317.49880000
2026-03-27 01:53:33,-4.00,67.63600000,4625846.22960000
2026-03-27 01:53:33,-3.00,65.49600000,4483436.60960000
2026-03-27 01:53:33,-2.00,57.14600000,3921445.92260000
2026-03-27 01:53:33,-1.00,51.65400000,3549232.65620000
2026-03-27 01:53:33,-0.20,14.55500000,1002217.19760000
2026-03-27 01:53:33,0.20,4.62700000,319420.32360000
2026-03-27 01:53:33,1.00,50.88300000,3522639.88400000
2026-03-27 01:53:33,2.00,56.53800000,3918383.05640000
2026-03-27 01:53:33,3.00,60.94300000,4230530.17000000
2026-03-27 01:53:33,4.00,62.78200000,4361715.73690000
2026-03-27 01:53:33,5.00,63.36300000,4403597.41380000
2026-03-27 01:54:00,-5.00,50.28200000,3431827.84580000
2026-03-27 01:54:00,-4.00,49.59100000,3386356.57660000
2026-03-27 01:54:00,-3.00,47.45100000,3243946.95660000
2026-03-27 01:54:00,-2.00,39.10100000,2681956.26960000
2026-03-27 01:54:00,-1.00,33.60900000,2309743.00320000
2026-03-27 01:54:00,-0.20,14.51000000,999118.74460000
2026-03-27 01:54:00,0.20,4.72100000,325911.17070000
2026-03-27 01:54:00,1.00,32.97700000,2283053.73110000
2026-03-27 01:54:00,2.00,38.63200000,2678796.90350000
2026-03-27 01:54:00,3.00,43.03700000,2990944.01710000
2026-03-27 01:54:00,4.00,44.87600000,3122129.58400000
2026-03-27 01:54:00,5.00,45.45700000,3164011.26090000
2026-03-27 01:54:32,-5.00,50.95100000,3478342.51910000
2026-03-27 01:54:32,-4.00,50.26400000,3433133.31830000
2026-03-27 01:54:32,-3.00,47.82600000,3270690.13760000
2026-03-27 01:54:32,-2.00,39.77000000,2728273.89590000
2026-03-27 01:54:32,-1.00,34.28500000,2356439.67720000
2026-03-27 01:54:32,-0.20,7.37000000,507827.77230000
2026-03-27 01:54:32,0.20,7.89000000,544979.68130000
2026-03-27 01:54:32,1.00,32.17900000,2227614.65770000
2026-03-27 01:54:32,2.00,37.83300000,2623288.15780000
2026-03-27 01:54:32,3.00,42.22500000,2934517.40900000
2026-03-27 01:54:32,4.00,44.06800000,3065989.90510000
2026-03-27 01:54:32,5.00,44.64500000,3107584.65280000
2026-03-27 01:55:01,-5.00,68.89900000,4711694.14850000
2026-03-27 01:55:01,-4.00,68.21200000,4666484.94770000
2026-03-27 01:55:01,-3.00,65.77400000,4504041.76700000
2026-03-27 01:55:01,-2.00,57.71800000,3961625.52530000
2026-03-27 01:55:01,-1.00,52.22900000,3589518.10660000
2026-03-27 01:55:01,-0.20,7.31900000,504349.19410000
2026-03-27 01:55:01,0.20,7.45900000,515310.01030000
2026-03-27 01:55:01,1.00,49.49200000,3426832.15220000
2026-03-27 01:55:01,2.00,55.14600000,3822505.65230000
2026-03-27 01:55:01,3.00,59.53800000,4133734.90350000
2026-03-27 01:55:01,4.00,61.38100000,4265207.39960000
2026-03-27 01:55:01,5.00,61.98300000,4308613.24730000
2026-03-27 01:55:30,-5.00,50.15900000,3425495.03040000
2026-03-27 01:55:30,-4.00,49.47700000,3380613.61870000
2026-03-27 01:55:30,-3.00,47.03900000,3218170.43800000
2026-03-27 01:55:30,-2.00,38.98300000,2675754.19630000
2026-03-27 01:55:30,-1.00,33.38900000,2296474.25910000
2026-03-27 01:55:30,-0.20,12.68300000,873967.65560000
2026-03-27 01:55:30,0.20,7.58800000,524336.20310000
2026-03-27 01:55:30,1.00,31.54200000,2184043.24940000
2026-03-27 01:55:30,2.00,37.18900000,2579228.84950000
2026-03-27 01:55:30,3.00,41.58100000,2890458.10070000
2026-03-27 01:55:30,4.00,43.42400000,3021930.59680000
2026-03-27 01:55:30,5.00,44.03000000,3065626.27770000
2026-03-27 01:56:00,-5.00,68.03800000,4656054.73530000
2026-03-27 01:56:00,-4.00,67.35900000,4611348.15000000
2026-03-27 01:56:00,-3.00,65.21700000,4468710.95090000
2026-03-27 01:56:00,-2.00,56.73700000,3897795.42720000
2026-03-27 01:56:00,-1.00,51.27100000,3527175.54340000
2026-03-27 01:56:00,-0.20,9.07000000,625433.57530000
2026-03-27 01:56:00,0.20,9.18700000,635288.96870000
2026-03-27 01:56:00,1.00,50.64300000,3509700.18390000
2026-03-27 01:56:00,2.00,56.28600000,3904633.91060000
2026-03-27 01:56:00,3.00,60.66500000,4214978.03530000
2026-03-27 01:56:00,4.00,62.54500000,4349091.75070000
2026-03-27 01:56:00,5.00,63.14700000,4392505.92360000
2026-03-27 01:56:32,-5.00,70.72400000,4840975.68630000
2026-03-27 01:56:32,-4.00,70.04500000,4796269.10100000
2026-03-27 01:56:32,-3.00,67.90300000,4653631.90190000
2026-03-27 01:56:32,-2.00,59.42300000,4082716.37820000
2026-03-27 01:56:32,-1.00,53.95700000,3712096.49440000
2026-03-27 01:56:32,-0.20,9.32800000,643303.64850000
2026-03-27 01:56:32,0.20,8.45000000,584325.12590000
2026-03-27 01:56:32,1.00,50.35500000,3489822.30430000
2026-03-27 01:56:32,2.00,55.99700000,3884686.29030000
2026-03-27 01:56:32,3.00,60.22500000,4184396.20290000
2026-03-27 01:56:32,4.00,62.07900000,4316659.10700000
2026-03-27 01:56:32,5.00,62.68100000,4360073.27990000
2026-03-27 01:57:01,-5.00,68.93200000,4718469.56530000
2026-03-27 01:57:01,-4.00,68.25300000,4673762.98000000
2026-03-27 01:57:01,-3.00,64.90500000,4450342.11430000
2026-03-27 01:57:01,-2.00,57.63100000,3960210.25720000
2026-03-27 01:57:01,-1.00,52.16400000,3589494.46240000
2026-03-27 01:57:01,-0.20,14.10700000,972969.35710000
2026-03-27 01:57:01,0.20,5.51500000,381314.16250000
2026-03-27 01:57:01,1.00,51.21800000,3549787.05670000
2026-03-27 01:57:01,2.00,56.86000000,3944651.04270000
2026-03-27 01:57:01,3.00,61.08800000,4244393.68580000
2026-03-27 01:57:01,4.00,62.94200000,4376656.58990000
2026-03-27 01:57:01,5.00,64.17900000,4466116.13680000
2026-03-27 01:57:32,-5.00,70.36600000,4817834.78750000
2026-03-27 01:57:32,-4.00,69.68600000,4773061.90220000
2026-03-27 01:57:32,-3.00,66.18500000,4539389.33670000
2026-03-27 01:57:32,-2.00,59.06000000,4059236.97940000
2026-03-27 01:57:32,-1.00,53.59800000,3688859.68460000
2026-03-27 01:57:32,-0.20,9.50500000,655810.66440000
2026-03-27 01:57:32,0.20,5.45800000,377451.57370000
2026-03-27 01:57:32,1.00,51.41900000,3564017.48380000
2026-03-27 01:57:32,2.00,57.04000000,3957411.69490000
2026-03-27 01:57:32,3.00,61.26600000,4257070.84380000
2026-03-27 01:57:32,4.00,63.12000000,4389333.74790000
2026-03-27 01:57:32,5.00,64.36100000,4479083.36200000
2026-03-27 01:58:01,-5.00,73.52300000,5035627.67120000
2026-03-27 01:58:01,-4.00,72.84300000,4990854.78590000
2026-03-27 01:58:01,-3.00,69.49600000,4767500.22020000
2026-03-27 01:58:01,-2.00,62.22200000,4277368.36310000
2026-03-27 01:58:01,-1.00,56.75500000,3906652.56830000
2026-03-27 01:58:01,-0.20,16.26000000,1121451.58440000
2026-03-27 01:58:01,0.20,5.64600000,390381.25690000
2026-03-27 01:58:01,1.00,55.91000000,3875502.17350000
2026-03-27 01:58:01,2.00,61.53200000,4268966.15950000
2026-03-27 01:58:01,3.00,65.75800000,4568625.30840000
2026-03-27 01:58:01,4.00,67.61200000,4700888.21250000
2026-03-27 01:58:01,5.00,68.85300000,4790637.82660000
2026-03-27 01:58:31,-5.00,72.47900000,4962428.95300000
2026-03-27 01:58:31,-4.00,71.80000000,4917722.36770000
2026-03-27 01:58:31,-3.00,69.65800000,4775085.16860000
2026-03-27 01:58:31,-2.00,61.17800000,4204169.64490000
2026-03-27 01:58:31,-1.00,55.71200000,3833522.21290000
2026-03-27 01:58:31,-0.20,10.80600000,745054.03550000
2026-03-27 01:58:31,0.20,4.36700000,301817.11720000
2026-03-27 01:58:31,1.00,55.89700000,3873743.48040000
2026-03-27 01:58:31,2.00,61.52000000,4267277.20710000
2026-03-27 01:58:31,3.00,65.73300000,4566011.79470000
2026-03-27 01:58:31,4.00,67.60000000,4699201.87440000
2026-03-27 01:58:31,5.00,68.19400000,4742036.04730000
2026-03-27 02:00:06,-5.00,65.21500000,4464765.11650000
2026-03-27 02:00:06,-4.00,64.83600000,4439778.04480000
2026-03-27 02:00:06,-3.00,61.78400000,4236084.17660000
2026-03-27 02:00:06,-2.00,54.65900000,3755931.81930000
2026-03-27 02:00:06,-1.00,49.19700000,3385554.52450000
2026-03-27 02:00:06,-0.20,4.14100000,285786.15770000
2026-03-27 02:00:06,0.20,9.46200000,654637.52530000
2026-03-27 02:00:06,1.00,51.04800000,3538278.64830000
2026-03-27 02:00:06,2.00,56.66900000,3931672.85940000
2026-03-27 02:00:06,3.00,60.85600000,4228566.71720000
2026-03-27 02:00:06,4.00,62.71000000,4360829.62130000
2026-03-27 02:00:06,5.00,63.95100000,4450579.23540000
2026-03-27 02:00:43,-5.00,49.88900000,3411646.05310000
2026-03-27 02:00:43,-4.00,49.50700000,3386459.97670000
2026-03-27 02:00:43,-3.00,47.34700000,3242504.21640000
2026-03-27 02:00:43,-2.00,38.00500000,2612751.65600000
2026-03-27 02:00:43,-1.00,33.87100000,2332301.47830000
2026-03-27 02:00:43,-0.20,8.48600000,585628.23440000
2026-03-27 02:00:43,0.20,8.03100000,555672.73100000
2026-03-27 02:00:43,1.00,32.29600000,2238214.53060000
2026-03-27 02:00:43,2.00,37.90200000,2630822.78910000
2026-03-27 02:00:43,3.00,42.08600000,2927800.25660000
2026-03-27 02:00:43,4.00,43.92500000,3059259.45320000
2026-03-27 02:00:43,5.00,45.17600000,3149734.50730000
2026-03-27 02:01:00,-5.00,70.89700000,4857266.72740000
2026-03-27 02:01:00,-4.00,70.51600000,4832146.98910000
2026-03-27 02:01:00,-3.00,68.35500000,4688124.89070000
2026-03-27 02:01:00,-2.00,59.01300000,4058372.33030000
2026-03-27 02:01:00,-1.00,54.87900000,3777922.15260000
2026-03-27 02:01:00,-0.20,9.12100000,629486.25170000
2026-03-27 02:01:00,0.20,6.61900000,457969.19960000
2026-03-27 02:01:00,1.00,53.01500000,3676066.60070000
2026-03-27 02:01:00,2.00,58.62100000,4068674.85920000
2026-03-27 02:01:00,3.00,62.80500000,4365652.32670000
2026-03-27 02:01:00,4.00,64.64400000,4497111.52330000
2026-03-27 02:01:00,5.00,65.89500000,4587586.57740000
2026-03-27 02:01:31,-5.00,71.14000000,4872526.19470000
2026-03-27 02:01:31,-4.00,70.76100000,4847539.12300000
2026-03-27 02:01:31,-3.00,68.44500000,4693190.82280000
2026-03-27 02:01:31,-2.00,60.14500000,4134206.57650000
2026-03-27 02:01:31,-1.00,54.67800000,3763490.78170000
2026-03-27 02:01:31,-0.20,14.98700000,1033871.70430000
2026-03-27 02:01:31,0.20,4.54800000,314487.48870000
2026-03-27 02:01:31,1.00,53.43800000,3705555.35190000
2026-03-27 02:01:31,2.00,59.04500000,4098262.29600000
2026-03-27 02:01:31,3.00,63.24200000,4396161.95490000
2026-03-27 02:01:31,4.00,65.08100000,4527621.15150000
2026-03-27 02:01:31,5.00,66.32200000,4617370.76560000
2026-03-27 02:02:01,-5.00,70.30500000,4815406.31720000
2026-03-27 02:02:01,-4.00,69.92600000,4790419.24550000
2026-03-27 02:02:01,-3.00,67.31500000,4616300.04530000
2026-03-27 02:02:01,-2.00,59.30000000,4076409.66900000
2026-03-27 02:02:01,-1.00,53.83900000,3706097.30720000
2026-03-27 02:02:01,-0.20,8.04200000,554940.20360000
2026-03-27 02:02:01,0.20,7.08100000,489977.35630000
2026-03-27 02:02:01,1.00,52.04900000,3609835.98410000
2026-03-27 02:02:01,2.00,57.65500000,4002473.15330000
2026-03-27 02:02:01,3.00,61.85200000,4300372.81220000
2026-03-27 02:02:01,4.00,63.69100000,4431832.00880000
2026-03-27 02:02:01,5.00,64.94200000,4522307.06290000
2026-03-27 02:02:32,-5.00,71.15100000,4873989.05560000
2026-03-27 02:02:32,-4.00,70.77000000,4848868.63420000
2026-03-27 02:02:32,-3.00,68.16200000,4674948.43870000
2026-03-27 02:02:32,-2.00,58.82000000,4045195.87830000
2026-03-27 02:02:32,-1.00,54.68600000,3764745.70060000
2026-03-27 02:02:32,-0.20,5.78700000,399555.91900000
2026-03-27 02:02:32,0.20,8.02600000,555446.00180000
2026-03-27 02:02:32,1.00,53.49400000,3710278.62460000
2026-03-27 02:02:32,2.00,58.59900000,4067945.99380000
2026-03-27 02:02:32,3.00,62.79600000,4365845.65270000
2026-03-27 02:02:32,4.00,64.63500000,4497304.84930000
2026-03-27 02:02:32,5.00,65.88600000,4587779.90340000
2026-03-27 02:03:01,-5.00,68.43800000,4686720.66620000
2026-03-27 02:03:01,-4.00,67.74000000,4640728.35400000
2026-03-27 02:03:01,-3.00,65.14500000,4467670.70850000
2026-03-27 02:03:01,-2.00,55.80300000,3837918.14810000
2026-03-27 02:03:01,-1.00,51.66900000,3557467.97040000
2026-03-27 02:03:01,-0.20,10.31800000,712146.33440000
2026-03-27 02:03:01,0.20,4.66700000,322925.71720000
2026-03-27 02:03:01,1.00,51.68600000,3585585.09510000
2026-03-27 02:03:01,2.00,56.79900000,3943817.15520000
2026-03-27 02:03:01,3.00,61.00000000,4242005.74440000
2026-03-27 02:03:01,4.00,62.85100000,4374327.46500000
2026-03-27 02:03:01,5.00,64.09000000,4463939.99510000
2026-03-27 02:03:31,-5.00,71.64000000,4907693.49790000
2026-03-27 02:03:31,-4.00,70.95400000,4862498.08070000
2026-03-27 02:03:31,-3.00,68.34600000,4688577.88520000
2026-03-27 02:03:31,-2.00,59.00400000,4058825.32480000
2026-03-27 02:03:31,-1.00,54.87000000,3778375.14710000
2026-03-27 02:03:31,-0.20,15.19000000,1048303.98270000
2026-03-27 02:03:31,0.20,5.50600000,380927.30070000
2026-03-27 02:03:31,1.00,53.46200000,3708182.64250000
2026-03-27 02:03:31,2.00,59.06800000,4100819.81170000
2026-03-27 02:03:31,3.00,63.27800000,4399642.90090000
2026-03-27 02:03:31,4.00,65.11700000,4531102.09750000
2026-03-27 02:03:31,5.00,66.36800000,4621577.15160000
2026-03-27 02:04:02,-5.00,71.68800000,4911291.51350000
2026-03-27 02:04:02,-4.00,70.99000000,4865299.20130000
2026-03-27 02:04:02,-3.00,68.39500000,4692241.55580000
2026-03-27 02:04:02,-2.00,59.05300000,4062488.99540000
2026-03-27 02:04:02,-1.00,54.91900000,3782038.81770000
2026-03-27 02:04:02,-0.20,13.83700000,955045.27450000
2026-03-27 02:04:02,0.20,5.21800000,361051.53810000
2026-03-27 02:04:02,1.00,53.67500000,3723405.65170000
2026-03-27 02:04:02,2.00,58.78800000,4081637.71180000
2026-03-27 02:04:02,3.00,62.98900000,4379826.30100000
2026-03-27 02:04:02,4.00,64.84000000,4512148.02160000
2026-03-27 02:04:02,5.00,66.07900000,4601760.55170000
2026-03-27 02:04:30,-5.00,71.79000000,4918747.20250000
2026-03-27 02:04:30,-4.00,71.06200000,4870764.02130000
2026-03-27 02:04:30,-3.00,68.49700000,4699697.24480000
2026-03-27 02:04:30,-2.00,56.36700000,3881071.06680000
2026-03-27 02:04:30,-1.00,55.01600000,3789152.31830000
2026-03-27 02:04:30,-0.20,7.62500000,526498.24640000
2026-03-27 02:04:30,0.20,9.01300000,623986.70410000
2026-03-27 02:04:30,1.00,53.30100000,3697943.99170000
2026-03-27 02:04:30,2.00,58.41400000,4056176.05180000
2026-03-27 02:04:30,3.00,62.61500000,4354364.64100000
2026-03-27 02:04:30,4.00,64.65000000,4499914.49160000
2026-03-27 02:04:30,5.00,65.70500000,4576298.89170000
2026-03-27 02:05:01,-5.00,71.00600000,4864649.45560000
2026-03-27 02:05:01,-4.00,70.27800000,4816666.27440000
2026-03-27 02:05:01,-3.00,68.00800000,4665370.39790000
2026-03-27 02:05:01,-2.00,58.37100000,4015815.34300000
2026-03-27 02:05:01,-1.00,54.28600000,3738671.21310000
2026-03-27 02:05:01,-0.20,14.60400000,1007976.15250000
2026-03-27 02:05:01,0.20,5.81900000,402747.73310000
2026-03-27 02:05:01,1.00,54.11000000,3755146.63900000
2026-03-27 02:05:01,2.00,59.22300000,4113378.69910000
2026-03-27 02:05:01,3.00,63.42400000,4411569.32410000
2026-03-27 02:05:01,4.00,65.42200000,4554458.87470000
2026-03-27 02:05:01,5.00,66.51400000,4633503.57480000
2026-03-27 02:05:30,-5.00,70.49000000,4827811.67570000
2026-03-27 02:05:30,-4.00,69.80500000,4782682.59660000
2026-03-27 02:05:30,-3.00,67.49100000,4628466.96300000
2026-03-27 02:05:30,-2.00,59.18100000,4068774.09220000
2026-03-27 02:05:30,-1.00,53.77000000,3701836.20940000
2026-03-27 02:05:30,-0.20,14.08100000,971616.88840000
2026-03-27 02:05:30,0.20,5.49400000,380154.66420000
2026-03-27 02:05:30,1.00,52.52300000,3644045.46600000
2026-03-27 02:05:30,2.00,58.12900000,4036682.63520000
2026-03-27 02:05:30,3.00,62.33900000,4335506.24180000
2026-03-27 02:05:30,4.00,64.17800000,4466965.43840000
2026-03-27 02:05:30,5.00,65.42900000,4557440.49250000
2026-03-27 02:06:00,-5.00,70.29600000,4814498.36020000
2026-03-27 02:06:00,-4.00,69.61300000,4769501.94770000
2026-03-27 02:06:00,-3.00,67.29700000,4615153.64750000
2026-03-27 02:06:00,-2.00,58.98700000,4055460.77670000
2026-03-27 02:06:00,-1.00,53.57900000,3688753.50630000
2026-03-27 02:06:00,-0.20,9.19400000,634412.24790000
2026-03-27 02:06:00,0.20,6.17900000,427389.02820000
2026-03-27 02:06:00,1.00,52.62500000,3649975.58690000
2026-03-27 02:06:00,2.00,58.24000000,4043242.75610000
2026-03-27 02:06:00,3.00,62.45000000,4342067.37930000
2026-03-27 02:06:00,4.00,64.28900000,4473526.57590000
2026-03-27 02:06:00,5.00,65.53000000,4563276.19000000
2026-03-27 02:06:33,-5.00,52.19000000,3568531.86250000
2026-03-27 02:06:33,-4.00,51.50700000,3523535.45000000
2026-03-27 02:06:33,-3.00,49.19100000,3369187.14980000
2026-03-27 02:06:33,-2.00,40.88100000,2809494.27900000
2026-03-27 02:06:33,-1.00,35.47300000,2442787.00860000
2026-03-27 02:06:33,-0.20,9.14400000,630993.45980000
2026-03-27 02:06:33,0.20,4.68700000,324108.23660000
2026-03-27 02:06:33,1.00,34.62200000,2401340.70270000
2026-03-27 02:06:33,2.00,40.23700000,2794607.87190000
2026-03-27 02:06:33,3.00,44.44700000,3093430.87140000
2026-03-27 02:06:33,4.00,46.28600000,3224890.06800000
2026-03-27 02:06:33,5.00,47.52700000,3314639.68210000
2026-03-27 02:07:00,-5.00,69.93300000,4789793.48760000
2026-03-27 02:07:00,-4.00,69.24700000,4744598.07040000
2026-03-27 02:07:00,-3.00,66.93400000,4590448.77490000
2026-03-27 02:07:00,-2.00,57.29700000,3940893.72000000
2026-03-27 02:07:00,-1.00,53.21300000,3663843.43370000
2026-03-27 02:07:00,-0.20,7.23100000,499115.01640000
2026-03-27 02:07:00,0.20,7.70100000,532892.15090000
2026-03-27 02:07:00,1.00,52.15000000,3617431.14930000
2026-03-27 02:07:00,2.00,57.76500000,4010698.31850000
2026-03-27 02:07:00,3.00,61.97500000,4309520.06740000
2026-03-27 02:07:00,4.00,63.81400000,4440979.26400000
2026-03-27 02:07:00,5.00,65.09500000,4533626.31810000
2026-03-27 02:07:33,-5.00,70.19600000,4807931.85470000
2026-03-27 02:07:33,-4.00,69.51300000,4762935.44220000
2026-03-27 02:07:33,-3.00,67.19700000,4608587.14200000
2026-03-27 02:07:33,-2.00,58.88700000,4048894.27120000
2026-03-27 02:07:33,-1.00,53.47600000,3681981.80080000
2026-03-27 02:07:33,-0.20,10.59700000,731248.60710000
2026-03-27 02:07:33,0.20,4.44100000,307111.43940000
2026-03-27 02:07:33,1.00,53.22400000,3691697.98810000
2026-03-27 02:07:33,2.00,58.83900000,4084965.15730000
2026-03-27 02:07:33,3.00,63.04900000,4383786.90620000
2026-03-27 02:07:33,4.00,64.88800000,4515246.10280000
2026-03-27 02:07:33,5.00,66.13900000,4605721.15690000
2026-03-27 02:08:01,-5.00,70.14100000,4804110.57750000
2026-03-27 02:08:01,-4.00,69.45800000,4759114.16500000
2026-03-27 02:08:01,-3.00,67.14200000,4604765.86480000
2026-03-27 02:08:01,-2.00,58.83700000,4045411.52400000
2026-03-27 02:08:01,-1.00,53.42500000,3678434.12060000
2026-03-27 02:08:01,-0.20,10.54200000,727427.32990000
2026-03-27 02:08:01,0.20,4.48300000,310002.36400000
2026-03-27 02:08:01,1.00,53.27900000,3695488.84520000
2026-03-27 02:08:01,2.00,58.89400000,4088756.01440000
2026-03-27 02:08:01,3.00,63.10400000,4387577.27840000
2026-03-27 02:08:01,4.00,64.94300000,4519036.47500000
2026-03-27 02:08:01,5.00,66.18400000,4608786.08910000
2026-03-27 02:08:31,-5.00,70.03200000,4796266.78410000
2026-03-27 02:08:31,-4.00,69.34900000,4751270.37160000
2026-03-27 02:08:31,-3.00,67.03300000,4596922.07140000
2026-03-27 02:08:31,-2.00,58.73300000,4037906.23060000
2026-03-27 02:08:31,-1.00,53.31600000,3670590.32720000
2026-03-27 02:08:31,-0.20,10.43400000,719899.98070000
2026-03-27 02:08:31,0.20,4.63600000,320564.86860000
2026-03-27 02:08:31,1.00,53.24700000,3692934.26430000
2026-03-27 02:08:31,2.00,58.86300000,4086271.20840000
2026-03-27 02:08:31,3.00,63.07300000,4385092.47240000
2026-03-27 02:08:31,4.00,64.91200000,4516551.66900000
2026-03-27 02:08:31,5.00,66.15300000,4606301.28310000
2026-03-27 02:09:01,-5.00,52.11500000,3563310.12170000
2026-03-27 02:09:01,-4.00,51.43200000,3518313.70920000
2026-03-27 02:09:01,-3.00,49.11600000,3363965.40900000
2026-03-27 02:09:01,-2.00,40.81600000,2804949.56820000
2026-03-27 02:09:01,-1.00,35.39900000,2437633.66480000
2026-03-27 02:09:01,-0.20,10.51700000,725601.61830000
2026-03-27 02:09:01,0.20,5.27600000,364836.97180000
2026-03-27 02:09:01,1.00,35.13400000,2436701.90320000
2026-03-27 02:09:01,2.00,40.75000000,2830038.84730000
2026-03-27 02:09:01,3.00,44.94700000,3127936.60170000
2026-03-27 02:09:01,4.00,46.78600000,3259395.79830000
2026-03-27 02:09:01,5.00,48.02700000,3349145.41240000
2026-03-27 02:09:31,-5.00,70.35300000,4818727.48280000
2026-03-27 02:09:31,-4.00,69.66700000,4773532.06560000
2026-03-27 02:09:31,-3.00,67.35400000,4619388.63890000
2026-03-27 02:09:31,-2.00,57.71700000,3969833.58400000
2026-03-27 02:09:31,-1.00,53.63300000,3692783.29770000
2026-03-27 02:09:31,-0.20,7.65100000,528086.38040000
2026-03-27 02:09:31,0.20,10.17600000,704217.91330000
2026-03-27 02:09:31,1.00,53.87800000,3737053.53290000
2026-03-27 02:09:31,2.00,59.49300000,4130320.70210000
2026-03-27 02:09:31,3.00,63.70300000,4429140.09670000
2026-03-27 02:09:31,4.00,65.54200000,4560599.29330000
2026-03-27 02:09:31,5.00,66.79300000,4651074.34740000
2026-03-27 02:10:04,-5.00,69.84100000,4785603.89770000
2026-03-27 02:10:04,-4.00,69.16300000,4740904.71150000
2026-03-27 02:10:04,-3.00,66.89300000,4589614.70380000
2026-03-27 02:10:04,-2.00,54.46400000,3750915.01690000
2026-03-27 02:10:04,-1.00,53.16700000,3662667.17420000
2026-03-27 02:10:04,-0.20,10.32500000,712878.21400000
2026-03-27 02:10:04,0.20,7.30400000,505768.09610000
2026-03-27 02:10:04,1.00,53.05200000,3681852.35230000
2026-03-27 02:10:04,2.00,58.17100000,4040505.60450000
2026-03-27 02:10:04,3.00,62.34500000,4336778.33390000
2026-03-27 02:10:04,4.00,64.39300000,4483254.87650000
2026-03-27 02:10:04,5.00,65.45400000,4560074.87660000
2026-03-27 02:12:00,-5.00,72.46500000,4969364.73790000
2026-03-27 02:12:00,-4.00,71.79000000,4924837.54990000
2026-03-27 02:12:00,-3.00,68.64800000,4714748.16510000
2026-03-27 02:12:00,-2.00,58.44500000,4025936.24680000
2026-03-27 02:12:00,-1.00,55.83900000,3848731.78470000
2026-03-27 02:12:00,-0.20,9.11200000,629482.21780000
2026-03-27 02:12:00,0.20,4.78800000,331500.34610000
2026-03-27 02:12:00,1.00,54.24700000,3766300.84320000
2026-03-27 02:12:00,2.00,59.37200000,4125399.25370000
2026-03-27 02:12:00,3.00,63.55400000,4422367.01690000
2026-03-27 02:12:00,4.00,65.60100000,4568772.77870000
2026-03-27 02:12:00,5.00,66.66200000,4645592.77880000
2026-03-27 02:12:32,-5.00,70.98900000,4865784.61090000
2026-03-27 02:12:32,-4.00,70.26400000,4817996.96390000
2026-03-27 02:12:32,-3.00,68.01000000,4667486.00380000
2026-03-27 02:12:32,-2.00,56.92800000,3919706.96060000
2026-03-27 02:12:32,-1.00,54.31500000,3742030.19770000
2026-03-27 02:12:32,-0.20,11.56100000,798014.39370000
2026-03-27 02:12:32,0.20,5.99000000,414606.19040000
2026-03-27 02:12:32,1.00,53.99500000,3747437.46160000
2026-03-27 02:12:32,2.00,59.11700000,4106297.43900000
2026-03-27 02:12:32,3.00,62.48200000,4345080.87380000
2026-03-27 02:12:32,4.00,65.31400000,4547361.34360000
2026-03-27 02:12:32,5.00,66.40600000,4626406.04370000
2026-03-27 02:13:00,-5.00,72.14100000,4945377.36250000
2026-03-27 02:13:00,-4.00,71.41600000,4897589.71550000
2026-03-27 02:13:00,-3.00,69.16200000,4747078.75540000
2026-03-27 02:13:00,-2.00,58.08000000,3999299.71220000
2026-03-27 02:13:00,-1.00,55.46700000,3821622.94930000
2026-03-27 02:13:00,-0.20,12.71300000,877607.14530000
2026-03-27 02:13:00,0.20,8.18300000,566528.29350000
2026-03-27 02:13:00,1.00,53.93200000,3743084.64070000
2026-03-27 02:13:00,2.00,59.05400000,4101944.61810000
2026-03-27 02:13:00,3.00,62.41900000,4340727.60310000
2026-03-27 02:13:00,4.00,65.25100000,4543008.07290000
2026-03-27 02:13:00,5.00,66.33300000,4621327.33300000
2026-03-27 02:13:31,-5.00,72.18800000,4946626.96270000
2026-03-27 02:13:31,-4.00,71.50600000,4901693.41780000
2026-03-27 02:13:31,-3.00,69.20800000,4748262.70060000
2026-03-27 02:13:31,-2.00,60.91400000,4189357.27500000
2026-03-27 02:13:31,-1.00,55.51800000,3823149.08290000
2026-03-27 02:13:31,-0.20,9.73800000,672019.91800000
2026-03-27 02:13:31,0.20,5.14300000,355758.57250000
2026-03-27 02:13:31,1.00,53.61200000,3719024.13350000
2026-03-27 02:13:31,2.00,59.22700000,4112289.22000000
2026-03-27 02:13:31,3.00,62.60100000,4351705.93280000
2026-03-27 02:13:31,4.00,65.27400000,4542556.04860000
2026-03-27 02:13:31,5.00,66.51500000,4632305.66270000
2026-03-27 02:14:01,-5.00,72.02900000,4935984.44950000
2026-03-27 02:14:01,-4.00,71.34600000,4890984.56650000
2026-03-27 02:14:01,-3.00,69.04900000,4737620.18740000
2026-03-27 02:14:01,-2.00,60.75500000,4178714.76180000
2026-03-27 02:14:01,-1.00,55.35900000,3812506.56970000
2026-03-27 02:14:01,-0.20,11.02500000,760819.26640000
2026-03-27 02:14:01,0.20,6.75100000,467118.19670000
2026-03-27 02:14:01,1.00,53.55200000,3714976.14960000
2026-03-27 02:14:01,2.00,59.16700000,4108241.23610000
2026-03-27 02:14:01,3.00,63.37500000,4406951.34570000
2026-03-27 02:14:01,4.00,65.21400000,4538410.54230000
2026-03-27 02:14:01,5.00,66.45500000,4628160.15640000
2026-03-27 02:14:31,-5.00,53.98000000,3693321.36660000
2026-03-27 02:14:31,-4.00,53.30000000,3648520.48830000
2026-03-27 02:14:31,-3.00,51.00000000,3494957.10450000
2026-03-27 02:14:31,-2.00,42.71600000,2936728.70890000
2026-03-27 02:14:31,-1.00,37.31400000,2570117.08380000
2026-03-27 02:14:31,-0.20,12.54700000,865578.75570000
2026-03-27 02:14:31,0.20,4.15300000,287183.06050000
2026-03-27 02:14:31,1.00,35.35200000,2452254.94240000
2026-03-27 02:14:31,2.00,40.96800000,2845589.80380000
2026-03-27 02:14:31,3.00,44.89800000,3124515.77190000
2026-03-27 02:14:31,4.00,47.01500000,3275756.22530000
2026-03-27 02:14:31,5.00,48.25600000,3365505.83940000
2026-03-27 02:15:04,-5.00,62.40100000,4272921.43940000
2026-03-27 02:15:04,-4.00,61.72100000,4228120.56110000
2026-03-27 02:15:04,-3.00,59.42100000,4074557.17730000
2026-03-27 02:15:04,-2.00,51.13700000,3516328.78170000
2026-03-27 02:15:04,-1.00,45.73500000,3149717.15660000
2026-03-27 02:15:04,-0.20,15.07000000,1039493.43020000
2026-03-27 02:15:04,0.20,4.45900000,308351.66130000
2026-03-27 02:15:04,1.00,35.03900000,2430470.23040000
2026-03-27 02:15:04,2.00,40.65500000,2823805.09180000
2026-03-27 02:15:04,3.00,44.58500000,3102728.87200000
2026-03-27 02:15:04,4.00,46.70200000,3253969.32540000
2026-03-27 02:15:04,5.00,47.94300000,3343718.93950000
2026-03-27 02:15:32,-5.00,70.30000000,4815806.63290000
2026-03-27 02:15:32,-4.00,69.62000000,4771005.75460000
2026-03-27 02:15:32,-3.00,67.47400000,4627760.37060000
2026-03-27 02:15:32,-2.00,59.03600000,4059213.97520000
2026-03-27 02:15:32,-1.00,53.63400000,3692630.04310000
2026-03-27 02:15:32,-0.20,15.46800000,1066889.38930000
2026-03-27 02:15:32,0.20,5.08200000,351417.97930000
2026-03-27 02:15:32,1.00,52.93500000,3671132.78240000
2026-03-27 02:15:32,2.00,58.55100000,4064467.64380000
2026-03-27 02:15:32,3.00,62.48100000,4343392.89690000
2026-03-27 02:15:32,4.00,64.59800000,4494633.35030000
2026-03-27 02:15:32,5.00,65.83900000,4584382.96440000
2026-03-27 02:16:00,-5.00,51.03100000,3489954.15410000
2026-03-27 02:16:00,-4.00,50.35100000,3445153.27580000
2026-03-27 02:16:00,-3.00,48.20500000,3301907.89180000
2026-03-27 02:16:00,-2.00,39.76700000,2733361.49640000
2026-03-27 02:16:00,-1.00,34.36500000,2366777.56430000
2026-03-27 02:16:00,-0.20,15.04700000,1037843.69700000
2026-03-27 02:16:00,0.20,5.08000000,351270.84300000
2026-03-27 02:16:00,1.00,34.93500000,2422957.22790000
2026-03-27 02:16:00,2.00,40.55100000,2816292.08930000
2026-03-27 02:16:00,3.00,44.48100000,3095216.57800000
2026-03-27 02:16:00,4.00,46.59800000,3246457.03140000
2026-03-27 02:16:00,5.00,47.83900000,3336206.64550000
2026-03-27 02:16:31,-5.00,53.43100000,3654635.22870000
2026-03-27 02:16:31,-4.00,52.75200000,3609900.65040000
2026-03-27 02:16:31,-3.00,50.62700000,3468062.62980000
2026-03-27 02:16:31,-2.00,42.16700000,2898042.57100000
2026-03-27 02:16:31,-1.00,36.76600000,2531527.00170000
2026-03-27 02:16:31,-0.20,15.10400000,1041556.20490000
2026-03-27 02:16:31,0.20,4.14700000,286648.62390000
2026-03-27 02:16:31,1.00,33.22900000,2303607.65690000
2026-03-27 02:16:31,2.00,38.84600000,2696984.68970000
2026-03-27 02:16:31,3.00,42.77600000,2975909.17840000
2026-03-27 02:16:31,4.00,44.89300000,3127149.63180000
2026-03-27 02:16:31,5.00,45.49500000,3170563.80470000
2026-03-27 02:17:00,-5.00,71.10700000,4869832.33360000
2026-03-27 02:17:00,-4.00,70.42800000,4825097.75530000
2026-03-27 02:17:00,-3.00,68.30300000,4683259.73470000
2026-03-27 02:17:00,-2.00,59.97100000,4121900.41190000
2026-03-27 02:17:00,-1.00,54.44200000,3746724.10660000
2026-03-27 02:17:00,-0.20,10.13000000,698568.10630000
2026-03-27 02:17:00,0.20,4.32000000,298552.15780000
2026-03-27 02:17:00,1.00,51.61600000,3577937.52250000
2026-03-27 02:17:00,2.00,57.23300000,3971314.55530000
2026-03-27 02:17:00,3.00,61.16300000,4250239.04400000
2026-03-27 02:17:00,4.00,63.28000000,4401479.49740000
2026-03-27 02:17:00,5.00,63.87400000,4444313.67030000
2026-03-27 02:17:32,-5.00,70.38900000,4819470.07920000
2026-03-27 02:17:32,-4.00,69.71000000,4774757.80500000
2026-03-27 02:17:32,-3.00,67.58500000,4632919.78440000
2026-03-27 02:17:32,-2.00,59.25400000,4071658.84660000
2026-03-27 02:17:32,-1.00,53.72400000,3696414.89530000
2026-03-27 02:17:32,-0.20,14.06100000,969124.46950000
2026-03-27 02:17:32,0.20,4.60300000,318038.40490000
2026-03-27 02:17:32,1.00,52.30000000,3624686.34300000
2026-03-27 02:17:32,2.00,57.91600000,4017992.97580000
2026-03-27 02:17:32,3.00,61.01300000,4237670.47300000
2026-03-27 02:17:32,4.00,63.95700000,4447688.09620000
2026-03-27 02:17:32,5.00,64.55900000,4491096.66910000
2026-03-27 02:18:00,-5.00,71.15600000,4872273.12460000
2026-03-27 02:18:00,-4.00,70.47700000,4827560.85040000
2026-03-27 02:18:00,-3.00,68.35100000,4685705.34800000
2026-03-27 02:18:00,-2.00,60.02000000,4124444.41020000
2026-03-27 02:18:00,-1.00,54.49100000,3749268.78750000
2026-03-27 02:18:00,-0.20,14.82700000,1021910.03310000
2026-03-27 02:18:00,0.20,5.21800000,360541.07420000
2026-03-27 02:18:00,1.00,52.19100000,3616738.89930000
2026-03-27 02:18:00,2.00,57.80800000,4010115.23860000
2026-03-27 02:18:00,3.00,60.90500000,4229792.73580000
2026-03-27 02:18:00,4.00,63.84500000,4439523.25100000
2026-03-27 02:18:00,5.00,64.45100000,4483218.93190000
2026-03-27 02:18:31,-5.00,71.12200000,4869521.71750000
2026-03-27 02:18:31,-4.00,70.44300000,4824809.44330000
2026-03-27 02:18:31,-3.00,68.31700000,4682953.94090000
2026-03-27 02:18:31,-2.00,59.98600000,4121693.00310000
2026-03-27 02:18:31,-1.00,54.45700000,3746517.38040000
2026-03-27 02:18:31,-0.20,14.79400000,1019559.51920000
2026-03-27 02:18:31,0.20,5.20200000,359428.92180000
2026-03-27 02:18:31,1.00,52.17500000,3615626.74690000
2026-03-27 02:18:31,2.00,57.79200000,4009003.08620000
2026-03-27 02:18:31,3.00,60.88900000,4228680.58340000
2026-03-27 02:18:31,4.00,63.82900000,4438411.09860000
2026-03-27 02:18:31,5.00,64.43500000,4482106.77950000
2026-03-27 02:19:00,-5.00,71.28500000,4880744.02850000
2026-03-27 02:19:00,-4.00,70.60600000,4836031.75430000
2026-03-27 02:19:00,-3.00,68.48000000,4694176.25190000
2026-03-27 02:19:00,-2.00,60.14900000,4132915.31410000
2026-03-27 02:19:00,-1.00,54.61900000,3757671.36280000
2026-03-27 02:19:00,-0.20,14.95600000,1030712.95440000
2026-03-27 02:19:00,0.20,6.05900000,418726.62920000
2026-03-27 02:19:00,1.00,49.55200000,3434000.27010000
2026-03-27 02:19:00,2.00,55.16900000,3827377.30290000
2026-03-27 02:19:00,3.00,58.26500000,4046982.07440000
2026-03-27 02:19:00,4.00,61.20900000,4256999.69760000
2026-03-27 02:19:00,5.00,61.81100000,4300408.27050000
2026-03-27 02:19:31,-5.00,52.25200000,3571938.17060000
2026-03-27 02:19:31,-4.00,51.57300000,3527225.89640000
2026-03-27 02:19:31,-3.00,49.44700000,3385370.39400000
2026-03-27 02:19:31,-2.00,41.11600000,2824109.45620000
2026-03-27 02:19:31,-1.00,35.58600000,2448865.50490000
2026-03-27 02:19:31,-0.20,13.92300000,959494.39650000
2026-03-27 02:19:31,0.20,4.92400000,340347.21160000
2026-03-27 02:19:31,1.00,30.41600000,2108221.89320000
2026-03-27 02:19:31,2.00,36.03300000,2501598.92600000
2026-03-27 02:19:31,3.00,39.12900000,2721203.69750000
2026-03-27 02:19:31,4.00,42.07300000,2931221.32070000
2026-03-27 02:19:31,5.00,42.67500000,2974629.89360000
2026-03-27 02:20:04,-5.00,71.50300000,4895853.87170000
2026-03-27 02:20:04,-4.00,70.82400000,4851141.59750000
2026-03-27 02:20:04,-3.00,68.69800000,4709286.09510000
2026-03-27 02:20:04,-2.00,60.36700000,4148025.15730000
2026-03-27 02:20:04,-1.00,54.83700000,3772781.20600000
2026-03-27 02:20:04,-0.20,15.17400000,1045756.19760000
2026-03-27 02:20:04,0.20,4.64300000,320826.80790000
2026-03-27 02:20:04,1.00,49.58400000,3436194.44160000
2026-03-27 02:20:04,2.00,55.20100000,3829571.47440000
2026-03-27 02:20:04,3.00,58.28400000,4048256.01880000
2026-03-27 02:20:04,4.00,61.22800000,4258273.64200000
2026-03-27 02:20:04,5.00,61.83000000,4301682.21490000
2026-03-27 02:20:33,-5.00,71.32600000,4883275.11180000
2026-03-27 02:20:33,-4.00,70.64700000,4838562.83760000
2026-03-27 02:20:33,-3.00,68.52100000,4696707.33520000
2026-03-27 02:20:33,-2.00,60.19000000,4135446.39740000
2026-03-27 02:20:33,-1.00,54.66100000,3760270.77470000
2026-03-27 02:20:33,-0.20,14.99800000,1033577.51350000
2026-03-27 02:20:33,0.20,4.60300000,317996.26570000
2026-03-27 02:20:33,1.00,49.75700000,3447782.26160000
2026-03-27 02:20:33,2.00,55.37400000,3841158.60090000
2026-03-27 02:20:33,3.00,58.45800000,4059913.54530000
2026-03-27 02:20:33,4.00,61.39800000,4269644.06050000
2026-03-27 02:20:33,5.00,62.00400000,4313339.74140000
2026-03-27 02:21:02,-5.00,48.66100000,3324337.76820000
2026-03-27 02:21:02,-4.00,47.97700000,3279297.70490000
2026-03-27 02:21:02,-3.00,45.85100000,3137442.20250000
2026-03-27 02:21:02,-2.00,37.52000000,2576181.26470000
2026-03-27 02:21:02,-1.00,31.99100000,2201005.64200000
2026-03-27 02:21:02,-0.20,7.95100000,547896.29080000
2026-03-27 02:21:02,0.20,11.09300000,766261.51980000
2026-03-27 02:21:02,1.00,36.73300000,2542729.44620000
2026-03-27 02:21:02,2.00,42.35700000,2936593.68550000
2026-03-27 02:21:02,3.00,45.44100000,3155348.62990000
2026-03-27 02:21:02,4.00,48.38100000,3365079.14510000
2026-03-27 02:21:02,5.00,48.98300000,3408484.99280000
2026-03-27 02:21:31,-5.00,70.66900000,4837215.66870000
2026-03-27 02:21:31,-4.00,69.98600000,4792241.16050000
2026-03-27 02:21:31,-3.00,67.86000000,4650385.65810000
2026-03-27 02:21:31,-2.00,59.52900000,4089124.72030000
2026-03-27 02:21:31,-1.00,54.00000000,3713949.09760000
2026-03-27 02:21:31,-0.20,4.94600000,341014.67840000
2026-03-27 02:21:31,0.20,6.00200000,414715.34290000
2026-03-27 02:21:31,1.00,49.64100000,3438052.42940000
2026-03-27 02:21:31,2.00,55.26500000,3831916.66870000
2026-03-27 02:21:31,3.00,58.64100000,4071399.08010000
2026-03-27 02:21:31,4.00,61.30300000,4261361.26550000
2026-03-27 02:21:31,5.00,61.90900000,4305056.94640000
2026-03-27 02:22:02,-5.00,71.10700000,4867660.58520000
2026-03-27 02:22:02,-4.00,70.42800000,4822948.31100000
2026-03-27 02:22:02,-3.00,68.30200000,4681092.80860000
2026-03-27 02:22:02,-2.00,59.97100000,4119831.87080000
2026-03-27 02:22:02,-1.00,54.44200000,3744656.24810000
2026-03-27 02:22:02,-0.20,9.94200000,685223.73790000
2026-03-27 02:22:02,0.20,4.74800000,328029.08690000
2026-03-27 02:22:02,1.00,49.84200000,3452160.91730000
2026-03-27 02:22:02,2.00,55.45900000,3845537.25660000
2026-03-27 02:22:02,3.00,58.82200000,4084101.50790000
2026-03-27 02:22:02,4.00,61.48400000,4274063.69330000
2026-03-27 02:22:02,5.00,62.09000000,4317759.37420000
2026-03-27 02:28:02,-5.00,70.78800000,4843543.08720000
2026-03-27 02:28:02,-4.00,70.10100000,4798321.14880000
2026-03-27 02:28:02,-3.00,67.97200000,4656520.12080000
2026-03-27 02:28:02,-2.00,59.63300000,4095133.29720000
2026-03-27 02:28:02,-1.00,54.21200000,3727636.28300000
2026-03-27 02:28:02,-0.20,8.14600000,561352.03350000
2026-03-27 02:28:02,0.20,6.15100000,424977.77960000
2026-03-27 02:28:02,1.00,49.69100000,3441490.83180000
2026-03-27 02:28:02,2.00,55.31600000,3835399.81510000
2026-03-27 02:28:02,3.00,58.69200000,4074884.46770000
2026-03-27 02:28:02,4.00,61.35400000,4264846.65310000
2026-03-27 02:28:02,5.00,61.95600000,4308252.50080000
2026-03-27 02:28:31,-5.00,70.91500000,4854222.30700000
2026-03-27 02:28:31,-4.00,70.23300000,4809328.15770000
2026-03-27 02:28:31,-3.00,68.10400000,4667527.12970000
2026-03-27 02:28:31,-2.00,59.63600000,4097411.92410000
2026-03-27 02:28:31,-1.00,54.23800000,3731402.44480000
2026-03-27 02:28:31,-0.20,9.70200000,668909.36320000
2026-03-27 02:28:31,0.20,7.69800000,532205.68090000
2026-03-27 02:28:31,1.00,49.82900000,3452523.59730000
2026-03-27 02:28:31,2.00,55.44600000,3845900.45360000
2026-03-27 02:28:31,3.00,59.65600000,4144679.20300000
2026-03-27 02:28:31,4.00,61.49500000,4276138.39960000
2026-03-27 02:28:31,5.00,62.08900000,4318972.57250000
2026-03-27 02:29:00,-5.00,71.62400000,4903061.04950000
2026-03-27 02:29:00,-4.00,70.94200000,4858166.90020000
2026-03-27 02:29:00,-3.00,68.81300000,4716365.87220000
2026-03-27 02:29:00,-2.00,60.47300000,4154911.40260000
2026-03-27 02:29:00,-1.00,54.94700000,3780241.18730000
2026-03-27 02:29:00,-0.20,15.14500000,1043951.95820000
2026-03-27 02:29:00,0.20,4.73800000,327409.15640000
2026-03-27 02:29:00,1.00,49.86300000,3454780.20830000
2026-03-27 02:29:00,2.00,55.48000000,3848157.06460000
2026-03-27 02:29:00,3.00,59.68900000,4146866.02050000
2026-03-27 02:29:00,4.00,61.52100000,4277821.91710000
2026-03-27 02:29:00,5.00,62.12300000,4321230.49000000
2026-03-27 02:29:30,-5.00,71.05400000,4863666.01360000
2026-03-27 02:29:30,-4.00,70.37200000,4818771.86430000
2026-03-27 02:29:30,-3.00,68.24300000,4676970.83630000
2026-03-27 02:29:30,-2.00,59.90300000,4115516.36670000
2026-03-27 02:29:30,-1.00,54.37700000,3740846.15140000
2026-03-27 02:29:30,-0.20,13.12600000,904745.16550000
2026-03-27 02:29:30,0.20,6.06600000,419269.70390000
2026-03-27 02:29:30,1.00,49.74300000,3446485.34700000
2026-03-27 02:29:30,2.00,55.36000000,3839862.20330000
2026-03-27 02:29:30,3.00,59.57000000,4138642.56080000
2026-03-27 02:29:30,4.00,61.40100000,4269527.35740000
2026-03-27 02:29:30,5.00,62.00300000,4312935.93030000
2026-03-27 02:30:05,-5.00,71.31000000,4881454.32950000
2026-03-27 02:30:05,-4.00,70.62800000,4836560.18020000
2026-03-27 02:30:05,-3.00,68.49900000,4694759.15220000
2026-03-27 02:30:05,-2.00,60.03100000,4124643.94660000
2026-03-27 02:30:05,-1.00,54.63300000,3758634.46730000
2026-03-27 02:30:05,-0.20,10.09500000,696051.37550000
2026-03-27 02:30:05,0.20,5.99300000,414326.17460000
2026-03-27 02:30:05,1.00,49.66700000,3441546.11430000
2026-03-27 02:30:05,2.00,55.28400000,3834922.97060000
2026-03-27 02:30:05,3.00,59.49400000,4133701.97740000
2026-03-27 02:30:05,4.00,61.33300000,4265161.17400000
2026-03-27 02:30:05,5.00,61.92700000,4307995.34690000
2026-03-27 02:30:37,-5.00,71.17300000,4872328.32240000
2026-03-27 02:30:37,-4.00,70.49100000,4827434.17310000
2026-03-27 02:30:37,-3.00,68.36200000,4685633.14510000
2026-03-27 02:30:37,-2.00,59.89400000,4115517.93950000
2026-03-27 02:30:37,-1.00,54.49600000,3749508.46020000
2026-03-27 02:30:37,-0.20,8.54900000,589525.12460000
2026-03-27 02:30:37,0.20,7.00900000,484671.54170000
2026-03-27 02:30:37,1.00,49.61800000,3438438.46020000
2026-03-27 02:30:37,2.00,55.24600000,3832522.60520000
2026-03-27 02:30:37,3.00,59.45500000,4131167.40470000
2026-03-27 02:30:37,4.00,61.30600000,4263417.82820000
2026-03-27 02:30:37,5.00,61.90800000,4306832.00110000
2026-03-27 02:31:01,-5.00,71.56300000,4899580.70010000
2026-03-27 02:31:01,-4.00,70.88100000,4854686.55080000
2026-03-27 02:31:01,-3.00,67.84200000,4651931.10340000
2026-03-27 02:31:01,-2.00,60.28400000,4142770.31720000
2026-03-27 02:31:01,-1.00,54.88500000,3776666.77310000
2026-03-27 02:31:01,-0.20,8.94000000,616639.60250000
2026-03-27 02:31:01,0.20,8.59800000,594653.92700000
2026-03-27 02:31:01,1.00,49.75600000,3448103.20470000
2026-03-27 02:31:01,2.00,55.38400000,3842187.34970000
2026-03-27 02:31:01,3.00,59.59300000,4140832.14920000
2026-03-27 02:31:01,4.00,61.44400000,4273082.57270000
2026-03-27 02:31:01,5.00,62.04600000,4316496.74560000
2026-03-27 02:31:31,-5.00,69.80400000,4780123.07150000
2026-03-27 02:31:31,-4.00,69.12400000,4735334.32350000
2026-03-27 02:31:31,-3.00,65.63600000,4502498.31390000
2026-03-27 02:31:31,-2.00,58.51800000,4022807.35990000
2026-03-27 02:31:31,-1.00,53.12800000,3657312.44880000
2026-03-27 02:31:31,-0.20,12.86000000,887149.21860000
2026-03-27 02:31:31,0.20,8.32900000,576261.67510000
2026-03-27 02:31:31,1.00,49.48000000,3430308.03190000
2026-03-27 02:31:31,2.00,55.10700000,3824322.40200000
2026-03-27 02:31:31,3.00,59.32900000,4123889.88040000
2026-03-27 02:31:31,4.00,61.18000000,4256140.30390000
2026-03-27 02:31:31,5.00,62.42100000,4345889.91800000
2026-03-27 02:32:02,-5.00,52.65400000,3600185.54220000
2026-03-27 02:32:02,-4.00,51.97400000,3555396.79420000
2026-03-27 02:32:02,-3.00,49.67000000,3401870.40300000
2026-03-27 02:32:02,-2.00,41.37700000,2843349.53700000
2026-03-27 02:32:02,-1.00,35.98300000,2477584.49290000
2026-03-27 02:32:02,-0.20,14.27200000,984558.31340000
2026-03-27 02:32:02,0.20,5.81900000,402565.83490000
2026-03-27 02:32:02,1.00,31.60400000,2190932.64180000
2026-03-27 02:32:02,2.00,37.23100000,2584947.01190000
2026-03-27 02:32:02,3.00,41.45200000,2884476.82400000
2026-03-27 02:32:02,4.00,43.30300000,3016727.24750000
2026-03-27 02:32:02,5.00,44.54400000,3106476.86160000
2026-03-27 02:32:32,-5.00,71.03500000,4865187.47290000
2026-03-27 02:32:32,-4.00,70.35500000,4820398.72490000
2026-03-27 02:32:32,-3.00,68.05100000,4666872.33370000
2026-03-27 02:32:32,-2.00,59.75300000,4108012.93770000
2026-03-27 02:32:32,-1.00,54.36300000,3742518.02660000
2026-03-27 02:32:32,-0.20,14.70000000,1014096.49410000
2026-03-27 02:32:32,0.20,5.85400000,404965.37100000
2026-03-27 02:32:32,1.00,49.63900000,3441768.07790000
2026-03-27 02:32:32,2.00,55.26600000,3835782.44800000
2026-03-27 02:32:32,3.00,59.48700000,4135311.55420000
2026-03-27 02:32:32,4.00,61.33800000,4267561.97770000
2026-03-27 02:32:32,5.00,62.57900000,4357311.59180000
2026-03-27 02:33:02,-5.00,71.08000000,4868633.20140000
2026-03-27 02:33:02,-4.00,70.39800000,4823711.78680000
2026-03-27 02:33:02,-3.00,67.80100000,4650546.30670000
2026-03-27 02:33:02,-2.00,59.79800000,4111458.66620000
2026-03-27 02:33:02,-1.00,54.40500000,3745758.55510000
2026-03-27 02:33:02,-0.20,10.04100000,692869.87950000
2026-03-27 02:33:02,0.20,5.86500000,405782.76390000
2026-03-27 02:33:02,1.00,49.43200000,3427757.08680000
2026-03-27 02:33:02,2.00,55.05900000,3821771.45690000
2026-03-27 02:33:02,3.00,59.28000000,4121300.56310000
2026-03-27 02:33:02,4.00,61.13100000,4253550.98660000
2026-03-27 02:33:02,5.00,62.37200000,4343300.60070000
2026-03-27 02:33:32,-5.00,52.41400000,3583481.92620000
2026-03-27 02:33:32,-4.00,51.73400000,3538693.17820000
2026-03-27 02:33:32,-3.00,49.58400000,3395484.78680000
2026-03-27 02:33:32,-2.00,41.14200000,2826984.42100000
2026-03-27 02:33:32,-1.00,35.74300000,2460880.87690000
2026-03-27 02:33:32,-0.20,15.49700000,1068826.18560000
2026-03-27 02:33:32,0.20,3.22600000,223042.74530000
2026-03-27 02:33:32,1.00,30.95100000,2145611.80420000
2026-03-27 02:33:32,2.00,36.57900000,2539695.94920000
2026-03-27 02:33:32,3.00,40.80000000,2839221.97310000
2026-03-27 02:33:32,4.00,42.65100000,2971472.39660000
2026-03-27 02:33:32,5.00,43.89200000,3061222.01070000
2026-03-27 02:34:02,-5.00,70.87900000,4854062.35350000
2026-03-27 02:34:02,-4.00,70.19900000,4809273.60550000
2026-03-27 02:34:02,-3.00,67.89500000,4655747.21430000
2026-03-27 02:34:02,-2.00,59.60700000,4097564.84830000
2026-03-27 02:34:02,-1.00,54.20800000,3731461.30420000
2026-03-27 02:34:02,-0.20,13.05100000,900288.94830000
2026-03-27 02:34:02,0.20,4.03500000,279001.73200000
2026-03-27 02:34:02,1.00,49.77200000,3450517.77450000
2026-03-27 02:34:02,2.00,55.40000000,3844601.91950000
2026-03-27 02:34:02,3.00,59.62100000,4144128.53620000
2026-03-27 02:34:02,4.00,61.47200000,4276378.95970000
2026-03-27 02:34:02,5.00,62.71300000,4366128.57380000
2026-03-27 02:34:31,-5.00,70.72800000,4843579.14490000
2026-03-27 02:34:31,-4.00,70.04900000,4798856.69690000
2026-03-27 02:34:31,-3.00,67.89800000,4655573.17990000
2026-03-27 02:34:31,-2.00,59.45600000,4087072.81410000
2026-03-27 02:34:31,-1.00,54.05700000,3720969.27000000
2026-03-27 02:34:31,-0.20,15.81100000,1090499.27870000
2026-03-27 02:34:31,0.20,4.01600000,277638.36910000
2026-03-27 02:34:31,1.00,49.74100000,3448323.82800000
2026-03-27 02:34:31,2.00,55.36900000,3842407.97300000
2026-03-27 02:34:31,3.00,59.59000000,4141934.08660000
2026-03-27 02:34:31,4.00,61.44100000,4274184.51010000
2026-03-27 02:34:31,5.00,62.67800000,4363644.05700000
2026-03-27 02:35:01,-5.00,69.75300000,4775184.17240000
2026-03-27 02:35:01,-4.00,69.07400000,4730461.72440000
2026-03-27 02:35:01,-3.00,66.94500000,4588651.87080000
2026-03-27 02:35:01,-2.00,58.60900000,4027338.57760000
2026-03-27 02:35:01,-1.00,53.08300000,3652642.66030000
2026-03-27 02:35:01,-0.20,7.26800000,501111.01700000
2026-03-27 02:35:01,0.20,5.13600000,355074.80260000
2026-03-27 02:35:01,1.00,48.91700000,3390262.56460000
2026-03-27 02:35:01,2.00,54.54600000,3784416.45030000
2026-03-27 02:35:01,3.00,58.76700000,4083944.43720000
2026-03-27 02:35:01,4.00,60.61800000,4216194.86070000
2026-03-27 02:35:01,5.00,61.21200000,4259029.03360000
2026-03-27 02:35:30,-5.00,70.93800000,4856901.05860000
2026-03-27 02:35:30,-4.00,70.25900000,4812178.61060000
2026-03-27 02:35:30,-3.00,68.13000000,4670368.75700000
2026-03-27 02:35:30,-2.00,59.79400000,4109055.46380000
2026-03-27 02:35:30,-1.00,54.26800000,3734359.54650000
2026-03-27 02:35:30,-0.20,8.45700000,583103.50440000
2026-03-27 02:35:30,0.20,5.20000000,359438.98950000
2026-03-27 02:35:30,1.00,49.69000000,3443673.03180000
2026-03-27 02:35:30,2.00,55.31900000,3837826.91750000
2026-03-27 02:35:30,3.00,59.26200000,4117585.11630000
2026-03-27 02:35:30,4.00,61.38300000,4269029.52520000
2026-03-27 02:35:30,5.00,61.98500000,4312438.09810000
2026-03-27 02:36:00,-5.00,70.67500000,4837862.18660000
2026-03-27 02:36:00,-4.00,69.99600000,4793139.73860000
2026-03-27 02:36:00,-3.00,67.86700000,4651329.88500000
2026-03-27 02:36:00,-2.00,59.53200000,4090084.23780000
2026-03-27 02:36:00,-1.00,54.00500000,3715320.67450000
2026-03-27 02:36:00,-0.20,15.87600000,1094152.79020000
2026-03-27 02:36:00,0.20,3.90600000,269863.79030000
2026-03-27 02:36:00,1.00,49.64000000,3439237.91950000
2026-03-27 02:36:00,2.00,55.26800000,3833321.40520000
2026-03-27 02:36:00,3.00,58.37700000,4053784.29040000
2026-03-27 02:36:00,4.00,61.33300000,4264593.19610000
2026-03-27 02:36:00,5.00,61.93500000,4308001.76900000
2026-03-27 02:36:33,-5.00,50.27900000,3435333.88500000
2026-03-27 02:36:33,-4.00,49.60000000,3390611.43700000
2026-03-27 02:36:33,-3.00,47.47100000,3248801.58340000
2026-03-27 02:36:33,-2.00,39.13600000,2687555.93620000
2026-03-27 02:36:33,-1.00,33.61000000,2312860.70150000
2026-03-27 02:36:33,-0.20,14.36700000,990088.88390000
2026-03-27 02:36:33,0.20,5.79800000,400644.56540000
2026-03-27 02:36:33,1.00,31.57200000,2187146.79570000
2026-03-27 02:36:33,2.00,37.20100000,2581299.98790000
2026-03-27 02:36:33,3.00,40.31000000,2801758.94840000
2026-03-27 02:36:33,4.00,43.26200000,3012280.74610000
2026-03-27 02:36:33,5.00,43.86800000,3055976.42700000
2026-03-27 02:37:00,-5.00,70.70900000,4839798.07540000
2026-03-27 02:37:00,-4.00,70.03000000,4795075.62740000
2026-03-27 02:37:00,-3.00,67.90100000,4653265.77380000
2026-03-27 02:37:00,-2.00,59.56600000,4092020.12660000
2026-03-27 02:37:00,-1.00,54.04000000,3717324.89190000
2026-03-27 02:37:00,-0.20,15.91300000,1096567.82760000
2026-03-27 02:37:00,0.20,5.87000000,405617.49960000
2026-03-27 02:37:00,1.00,49.63700000,3438641.22990000
2026-03-27 02:37:00,2.00,55.27300000,3833282.32210000
2026-03-27 02:37:00,3.00,58.38200000,4053741.28260000
2026-03-27 02:37:00,4.00,61.33400000,4264263.08030000
2026-03-27 02:37:00,5.00,61.94000000,4307958.76120000
2026-03-27 02:37:32,-5.00,70.59800000,4831954.35480000
2026-03-27 02:37:32,-4.00,69.91400000,4786904.11770000
2026-03-27 02:37:32,-3.00,67.78500000,4645094.26410000
2026-03-27 02:37:32,-2.00,59.45000000,4083848.61690000
2026-03-27 02:37:32,-1.00,53.92400000,3709153.38220000
2026-03-27 02:37:32,-0.20,15.79700000,1088553.81790000
2026-03-27 02:37:32,0.20,4.09000000,282538.46780000
2026-03-27 02:37:32,1.00,49.30800000,3415747.19300000
2026-03-27 02:37:32,2.00,54.94400000,3810388.28520000
2026-03-27 02:37:32,3.00,58.05300000,4030847.24570000
2026-03-27 02:37:32,4.00,61.00500000,4241369.04340000
2026-03-27 02:37:32,5.00,61.60700000,4284774.89110000
2026-03-27 02:39:31,-5.00,63.65700000,4353318.99880000
2026-03-27 02:39:31,-4.00,62.96900000,4308028.72650000
2026-03-27 02:39:31,-3.00,60.84300000,4166419.57490000
2026-03-27 02:39:31,-2.00,52.50700000,3605233.62370000
2026-03-27 02:39:31,-1.00,47.08500000,3237672.39530000
2026-03-27 02:39:31,-0.20,15.50500000,1067780.35630000
2026-03-27 02:39:31,0.20,4.63800000,320217.99480000
2026-03-27 02:39:31,1.00,31.71800000,2195908.92530000
2026-03-27 02:39:31,2.00,37.35600000,2590663.83150000
2026-03-27 02:39:31,3.00,41.30200000,2870529.58310000
2026-03-27 02:39:31,4.00,43.41700000,3021521.04380000
2026-03-27 02:39:31,5.00,43.99800000,3063402.72070000
2026-03-27 02:40:04,-5.00,72.66300000,4971619.26700000
2026-03-27 02:40:04,-4.00,72.02600000,4929705.19470000
2026-03-27 02:40:04,-3.00,69.84900000,4784719.84310000
2026-03-27 02:40:04,-2.00,61.51700000,4223804.20390000
2026-03-27 02:40:04,-1.00,56.09100000,3855972.66350000
2026-03-27 02:40:04,-0.20,15.51100000,1068113.62450000
2026-03-27 02:40:04,0.20,4.65200000,321161.52900000
2026-03-27 02:40:04,1.00,49.74600000,3444084.92590000
2026-03-27 02:40:04,2.00,55.38400000,3838839.83210000
2026-03-27 02:40:04,3.00,59.33000000,4118703.58170000
2026-03-27 02:40:04,4.00,61.44500000,4269695.04240000
2026-03-27 02:40:04,5.00,62.02600000,4311576.71930000
2026-03-27 02:40:33,-5.00,72.80400000,4981255.51100000
2026-03-27 02:40:33,-4.00,72.16700000,4939341.43870000
2026-03-27 02:40:33,-3.00,69.99000000,4794356.08710000
2026-03-27 02:40:33,-2.00,61.65800000,4233440.44790000
2026-03-27 02:40:33,-1.00,56.23300000,3865677.16770000
2026-03-27 02:40:33,-0.20,15.65200000,1077749.86850000
2026-03-27 02:40:33,0.20,4.65500000,321330.00500000
2026-03-27 02:40:33,1.00,49.73000000,3442367.53270000
2026-03-27 02:40:33,2.00,55.36800000,3837122.43890000
2026-03-27 02:40:33,3.00,59.31400000,4116986.18850000
2026-03-27 02:40:33,4.00,61.42900000,4267977.64920000
2026-03-27 02:40:33,5.00,62.00600000,4309569.72610000
2026-03-27 02:41:01,-5.00,72.81200000,4981641.46860000
2026-03-27 02:41:01,-4.00,72.12500000,4936452.39590000
2026-03-27 02:41:01,-3.00,69.94800000,4791467.04430000
2026-03-27 02:41:01,-2.00,61.61600000,4230551.40510000
2026-03-27 02:41:01,-1.00,56.19300000,3862924.64110000
2026-03-27 02:41:01,-0.20,15.61000000,1074860.82570000
2026-03-27 02:41:01,0.20,3.78500000,261215.83160000
2026-03-27 02:41:01,1.00,49.80600000,3447607.03950000
2026-03-27 02:41:01,2.00,55.44500000,3842431.58380000
2026-03-27 02:41:01,3.00,59.37800000,4121374.19630000
2026-03-27 02:41:01,4.00,61.49300000,4272365.65700000
2026-03-27 02:41:01,5.00,62.07000000,4313957.73390000
2026-03-27 02:41:33,-5.00,72.44300000,4955081.48480000
2026-03-27 02:41:33,-4.00,71.81000000,4913466.12790000
2026-03-27 02:41:33,-3.00,69.57900000,4764907.06050000
2026-03-27 02:41:33,-2.00,61.24700000,4203991.42130000
2026-03-27 02:41:33,-1.00,55.82400000,3836364.65730000
2026-03-27 02:41:33,-0.20,15.29700000,1053080.81190000
2026-03-27 02:41:33,0.20,4.17200000,287849.37690000
2026-03-27 02:41:33,1.00,51.24900000,3546577.06880000
2026-03-27 02:41:33,2.00,55.60900000,3851472.16960000
2026-03-27 02:41:33,3.00,60.80400000,4219141.55090000
2026-03-27 02:41:33,4.00,62.91700000,4369986.86600000
2026-03-27 02:41:33,5.00,63.49600000,4411719.63490000
2026-03-27 02:42:00,-5.00,52.10400000,3557949.12770000
2026-03-27 02:42:00,-4.00,51.47100000,3516333.77080000
2026-03-27 02:42:00,-3.00,49.24000000,3367774.70340000
2026-03-27 02:42:00,-2.00,40.91100000,2807061.71420000
2026-03-27 02:42:00,-1.00,35.48500000,2439232.30020000
2026-03-27 02:42:00,-0.20,15.29000000,1052562.03960000
2026-03-27 02:42:00,0.20,4.44000000,306332.30080000
2026-03-27 02:42:00,1.00,34.90700000,2415651.32170000
2026-03-27 02:42:00,2.00,39.26700000,2720546.42250000
2026-03-27 02:42:00,3.00,44.46200000,3088215.80380000
2026-03-27 02:42:00,4.00,46.57500000,3239061.11890000
2026-03-27 02:42:00,5.00,47.15400000,3280793.88780000
2026-03-27 02:42:30,-5.00,72.40700000,4950119.93340000
2026-03-27 02:42:30,-4.00,71.77300000,4908460.51680000
2026-03-27 02:42:30,-3.00,69.99600000,4790248.40400000
2026-03-27 02:42:30,-2.00,61.21600000,4199515.95210000
2026-03-27 02:42:30,-1.00,55.79300000,3831921.09960000
2026-03-27 02:42:30,-0.20,16.12400000,1109167.87830000
2026-03-27 02:42:30,0.20,4.33300000,298795.40330000
2026-03-27 02:42:30,1.00,52.83500000,3654156.22530000
2026-03-27 02:42:30,2.00,57.19600000,3959092.27040000
2026-03-27 02:42:30,3.00,62.40800000,4327848.84160000
2026-03-27 02:42:30,4.00,64.52100000,4478680.93210000
2026-03-27 02:42:30,5.00,65.08600000,4519400.57700000
2026-03-27 02:43:01,-5.00,73.04700000,4993984.39360000
2026-03-27 02:43:01,-4.00,72.41300000,4952324.97700000
2026-03-27 02:43:01,-3.00,70.18000000,4803719.07260000
2026-03-27 02:43:01,-2.00,61.85000000,4243063.46930000
2026-03-27 02:43:01,-1.00,56.42300000,3875193.08280000
2026-03-27 02:43:01,-0.20,8.66500000,596494.46830000
2026-03-27 02:43:01,0.20,4.92400000,339748.21250000
2026-03-27 02:43:01,1.00,52.69400000,3645443.06430000
2026-03-27 02:43:01,2.00,57.05400000,3950312.32310000
2026-03-27 02:43:01,3.00,62.54100000,4338563.62480000
2026-03-27 02:43:01,4.00,64.37500000,4469590.56550000
2026-03-27 02:43:01,5.00,64.95400000,4511323.33440000
2026-03-27 02:43:32,-5.00,73.10000000,4998824.27740000
2026-03-27 02:43:32,-4.00,72.46200000,4956866.14540000
2026-03-27 02:43:32,-3.00,69.98700000,4792036.70720000
2026-03-27 02:43:32,-2.00,61.95000000,4250975.70350000
2026-03-27 02:43:32,-1.00,56.52300000,3883103.19060000
2026-03-27 02:43:32,-0.20,10.16100000,699639.83890000
2026-03-27 02:43:32,0.20,4.85100000,334847.69790000
2026-03-27 02:43:32,1.00,52.59100000,3639850.54570000
2026-03-27 02:43:32,2.00,58.22900000,4034579.60990000
2026-03-27 02:43:32,3.00,62.44100000,4333188.71920000
2026-03-27 02:43:32,4.00,64.27700000,4464361.80550000
2026-03-27 02:43:32,5.00,64.85400000,4505953.88240000
2026-03-27 02:44:01,-5.00,53.79000000,3672274.67100000
2026-03-27 02:44:01,-4.00,53.15200000,3630316.53900000
2026-03-27 02:44:01,-3.00,50.08500000,3425890.64800000
2026-03-27 02:44:01,-2.00,42.64000000,2924426.09710000
2026-03-27 02:44:01,-1.00,37.21300000,2556553.58420000
2026-03-27 02:44:01,-0.20,7.29700000,502468.87650000
2026-03-27 02:44:01,0.20,6.85200000,473196.12360000
2026-03-27 02:44:01,1.00,33.59300000,2325021.91990000
2026-03-27 02:44:01,2.00,39.23100000,2719750.98410000
2026-03-27 02:44:01,3.00,43.45600000,3019278.77610000
2026-03-27 02:44:01,4.00,45.29200000,3150451.86240000
2026-03-27 02:44:01,5.00,45.87300000,3192333.53930000
2026-03-27 02:44:33,-5.00,74.11300000,5069057.10560000
2026-03-27 02:44:33,-4.00,73.42800000,5023984.84200000
2026-03-27 02:44:33,-3.00,70.40900000,4822734.44900000
2026-03-27 02:44:33,-2.00,62.96300000,4321200.28810000
2026-03-27 02:44:33,-1.00,57.54000000,3953598.08720000
2026-03-27 02:44:33,-0.20,9.70000000,668227.15690000
2026-03-27 02:44:33,0.20,6.84500000,472719.37770000
2026-03-27 02:44:33,1.00,53.86900000,3728900.96140000
2026-03-27 02:44:33,2.00,59.51000000,4123862.14040000
2026-03-27 02:44:33,3.00,63.73500000,4423390.33280000
2026-03-27 02:44:33,4.00,65.57100000,4554563.41910000
2026-03-27 02:44:33,5.00,66.15200000,4596445.09600000
2026-03-27 02:45:04,-5.00,74.14200000,5069420.65880000
2026-03-27 02:45:04,-4.00,73.50400000,5027462.52680000
2026-03-27 02:45:04,-3.00,71.32500000,4882430.33820000
2026-03-27 02:45:04,-2.00,62.99200000,4321572.08490000
2026-03-27 02:45:04,-1.00,57.56500000,3953699.57200000
2026-03-27 02:45:04,-0.20,7.89800000,543880.32030000
2026-03-27 02:45:04,0.20,5.96200000,411600.61470000
2026-03-27 02:45:04,1.00,54.29000000,3757485.20770000
2026-03-27 02:45:04,2.00,59.93100000,4152446.38670000
2026-03-27 02:45:04,3.00,64.15600000,4451974.61550000
2026-03-27 02:45:04,4.00,65.99200000,4583147.70180000
2026-03-27 02:45:04,5.00,66.56900000,4624739.77870000
2026-03-27 02:45:32,-5.00,73.43000000,5020152.49330000
2026-03-27 02:45:32,-4.00,72.79600000,4978493.07670000
2026-03-27 02:45:32,-3.00,70.56300000,4829887.17230000
2026-03-27 02:45:32,-2.00,62.23000000,4269028.91900000
2026-03-27 02:45:32,-1.00,56.80600000,3901361.18250000
2026-03-27 02:45:32,-0.20,7.19800000,495631.96010000
2026-03-27 02:45:32,0.20,4.77000000,329173.68590000
2026-03-27 02:45:32,1.00,54.34500000,3761289.91440000
2026-03-27 02:45:32,2.00,59.98600000,4156250.40740000
2026-03-27 02:45:32,3.00,64.19500000,4454643.90400000
2026-03-27 02:45:32,4.00,66.02900000,4585670.84470000
2026-03-27 02:45:32,5.00,66.61200000,4627693.12160000
2026-03-27 02:46:03,-5.00,67.28900000,4598999.55210000
2026-03-27 02:46:03,-4.00,66.60100000,4553766.41970000
2026-03-27 02:46:03,-3.00,64.42200000,4408734.23110000
2026-03-27 02:46:03,-2.00,56.08900000,3847875.97780000
2026-03-27 02:46:03,-1.00,50.66500000,3480208.24130000
2026-03-27 02:46:03,-0.20,6.70000000,461422.94820000
2026-03-27 02:46:03,0.20,3.73800000,258058.09700000
2026-03-27 02:46:03,1.00,48.24000000,3339169.25460000
2026-03-27 02:46:03,2.00,53.88100000,3734129.74760000
2026-03-27 02:46:03,3.00,58.07700000,4031605.22320000
2026-03-27 02:46:03,4.00,59.94300000,4164911.21610000
2026-03-27 02:46:03,5.00,60.52000000,4206503.29300000
2026-03-27 02:46:32,-5.00,67.21200000,4593926.50300000
2026-03-27 02:46:32,-4.00,66.57400000,4551968.37100000
2026-03-27 02:46:32,-3.00,64.09900000,4387138.93280000
2026-03-27 02:46:32,-2.00,56.06200000,3846077.92910000
2026-03-27 02:46:32,-1.00,50.63500000,3478205.41620000
2026-03-27 02:46:32,-0.20,6.67200000,459516.90610000
2026-03-27 02:46:32,0.20,5.98800000,413422.48380000
2026-03-27 02:46:32,1.00,49.77500000,3445138.70590000
2026-03-27 02:46:32,2.00,55.41600000,3840099.88490000
2026-03-27 02:46:32,3.00,59.62800000,4138711.15740000
2026-03-27 02:46:32,4.00,61.46400000,4269884.24370000
2026-03-27 02:46:32,5.00,62.04100000,4311476.32060000
2026-03-27 02:47:00,-5.00,67.07400000,4585066.51740000
2026-03-27 02:47:00,-4.00,66.43600000,4543108.38540000
2026-03-27 02:47:00,-3.00,63.36900000,4338682.49440000
2026-03-27 02:47:00,-2.00,55.92400000,3837217.94350000
2026-03-27 02:47:00,-1.00,50.49700000,3469345.43060000
2026-03-27 02:47:00,-0.20,5.24600000,361392.38920000
2026-03-27 02:47:00,0.20,6.04200000,417148.90980000
2026-03-27 02:47:00,1.00,49.66900000,3438153.65710000
2026-03-27 02:47:00,2.00,55.31000000,3833114.83610000
2026-03-27 02:47:00,3.00,59.53500000,4132648.94870000
2026-03-27 02:47:00,4.00,61.37100000,4263822.03500000
2026-03-27 02:47:00,5.00,61.95200000,4305703.71190000
2026-03-27 02:47:31,-5.00,67.14200000,4590348.37770000
2026-03-27 02:47:31,-4.00,66.45700000,4545276.11410000
2026-03-27 02:47:31,-3.00,63.44100000,4344226.42310000
2026-03-27 02:47:31,-2.00,55.99200000,3842491.56020000
2026-03-27 02:47:31,-1.00,50.56900000,3474889.35930000
2026-03-27 02:47:31,-0.20,5.32400000,366829.48180000
2026-03-27 02:47:31,0.20,5.68400000,392495.76180000
2026-03-27 02:47:31,1.00,49.23800000,3408682.00240000
2026-03-27 02:47:31,2.00,54.87900000,3803643.18140000
2026-03-27 02:47:31,3.00,59.10400000,4103172.09270000
2026-03-27 02:47:31,4.00,60.94000000,4234345.17900000
2026-03-27 02:47:31,5.00,61.52100000,4276226.85590000
2026-03-27 02:48:01,-5.00,65.72700000,4491980.64380000
2026-03-27 02:48:01,-4.00,65.09300000,4450321.22720000
2026-03-27 02:48:01,-3.00,62.86000000,4301715.32280000
2026-03-27 02:48:01,-2.00,54.52700000,3740857.06950000
2026-03-27 02:48:01,-1.00,49.10300000,3373189.33300000
2026-03-27 02:48:01,-0.20,8.47600000,583494.01450000
2026-03-27 02:48:01,0.20,5.31600000,366891.01970000
2026-03-27 02:48:01,1.00,49.78700000,3445548.46120000
2026-03-27 02:48:01,2.00,54.15000000,3750649.83480000
2026-03-27 02:48:01,3.00,59.65000000,4139824.13520000
2026-03-27 02:48:01,4.00,61.48400000,4270851.07590000
2026-03-27 02:48:01,5.00,62.06700000,4312873.35280000
2026-03-27 02:48:32,-5.00,47.31300000,3226757.93630000
2026-03-27 02:48:32,-4.00,46.67900000,3185098.51970000
2026-03-27 02:48:32,-3.00,44.45000000,3036760.01530000
2026-03-27 02:48:32,-2.00,36.11600000,2475837.01200000
2026-03-27 02:48:32,-1.00,30.68900000,2107966.62550000
2026-03-27 02:48:32,-0.20,6.50000000,447321.68310000
2026-03-27 02:48:32,0.20,4.03400000,278309.95440000
2026-03-27 02:48:32,1.00,31.14400000,2155016.39310000
2026-03-27 02:48:32,2.00,35.50400000,2459906.16260000
2026-03-27 02:48:32,3.00,41.00800000,2849359.51430000
2026-03-27 02:48:32,4.00,42.84200000,2980386.45500000
2026-03-27 02:48:32,5.00,43.40700000,3021106.09990000
2026-03-27 02:49:01,-5.00,65.57200000,4480447.50680000
2026-03-27 02:49:01,-4.00,64.88400000,4435214.37440000
2026-03-27 02:49:01,-3.00,62.70500000,4290182.18580000
2026-03-27 02:49:01,-2.00,54.37200000,3729323.93250000
2026-03-27 02:49:01,-1.00,48.94800000,3361656.19600000
2026-03-27 02:49:01,-0.20,3.69100000,254186.31620000
2026-03-27 02:49:01,0.20,6.42100000,443288.17960000
2026-03-27 02:49:01,1.00,48.40900000,3350022.35480000
2026-03-27 02:49:01,2.00,54.05100000,3745053.17190000
2026-03-27 02:49:01,3.00,58.26300000,4043660.46510000
2026-03-27 02:49:01,4.00,60.09900000,4174833.55140000
2026-03-27 02:49:01,5.00,60.67600000,4216425.62830000
2026-03-27 02:51:31,-5.00,66.52200000,4548429.33070000
2026-03-27 02:51:31,-4.00,65.83700000,4503357.06710000
2026-03-27 02:51:31,-3.00,62.52400000,4282358.66630000
2026-03-27 02:51:31,-2.00,55.36800000,3800226.15980000
2026-03-27 02:51:31,-1.00,49.95100000,3433003.75740000
2026-03-27 02:51:31,-0.20,6.25400000,430946.40880000
2026-03-27 02:51:31,0.20,7.00100000,483602.01710000
2026-03-27 02:51:31,1.00,49.69200000,3440108.17030000
2026-03-27 02:51:31,2.00,55.33200000,3834999.67700000
2026-03-27 02:51:31,3.00,59.55700000,4134677.66290000
2026-03-27 02:51:31,4.00,61.39700000,4266137.67840000
2026-03-27 02:51:31,5.00,61.97400000,4307732.42610000
2026-03-27 02:52:01,-5.00,66.53000000,4548996.64570000
2026-03-27 02:52:01,-4.00,65.84300000,4503777.89930000
2026-03-27 02:52:01,-3.00,62.53000000,4282779.49850000
2026-03-27 02:52:01,-2.00,55.37400000,3800646.99200000
2026-03-27 02:52:01,-1.00,49.95300000,3433151.38960000
2026-03-27 02:52:01,-0.20,6.26000000,431367.24100000
2026-03-27 02:52:01,0.20,8.31400000,574384.62270000
2026-03-27 02:52:01,1.00,49.55500000,3430657.49720000
2026-03-27 02:52:01,2.00,55.19500000,3825549.00390000
2026-03-27 02:52:01,3.00,59.42000000,4125226.98980000
2026-03-27 02:52:01,4.00,61.26000000,4256687.00530000
2026-03-27 02:52:01,5.00,61.83700000,4298281.75300000
2026-03-27 02:52:32,-5.00,66.54800000,4550737.20610000
2026-03-27 02:52:32,-4.00,65.86100000,4505518.45970000
2026-03-27 02:52:32,-3.00,62.54800000,4284520.05890000
2026-03-27 02:52:32,-2.00,55.39200000,3802387.55240000
2026-03-27 02:52:32,-1.00,49.97100000,3434891.95000000
2026-03-27 02:52:32,-0.20,6.27800000,432618.20140000
2026-03-27 02:52:32,0.20,8.11500000,560624.88760000
2026-03-27 02:52:32,1.00,49.57800000,3432701.29950000
2026-03-27 02:52:32,2.00,55.21800000,3827592.80620000
2026-03-27 02:52:32,3.00,59.44300000,4127270.79210000
2026-03-27 02:52:32,4.00,61.28300000,4258730.80760000
2026-03-27 02:52:32,5.00,61.86000000,4300325.55530000
2026-03-27 02:53:00,-5.00,66.49700000,4547183.45010000
2026-03-27 02:53:00,-4.00,65.81000000,4501964.70370000
2026-03-27 02:53:00,-3.00,62.79300000,4300773.55730000
2026-03-27 02:53:00,-2.00,55.34100000,3798833.79640000
2026-03-27 02:53:00,-1.00,49.92400000,3431611.39400000
2026-03-27 02:53:00,-0.20,6.22700000,429098.64540000
2026-03-27 02:53:00,0.20,6.75600000,466669.92830000
2026-03-27 02:53:00,1.00,49.66900000,3438978.71890000
2026-03-27 02:53:00,2.00,55.30900000,3833870.22560000
2026-03-27 02:53:00,3.00,59.53400000,4133545.75580000
2026-03-27 02:53:00,4.00,61.37400000,4265005.77130000
2026-03-27 02:53:00,5.00,61.95100000,4306600.51900000
2026-03-27 02:53:30,-5.00,66.54300000,4550391.50460000
2026-03-27 02:53:30,-4.00,65.85600000,4505172.75820000
2026-03-27 02:53:30,-3.00,62.54300000,4284174.35740000
2026-03-27 02:53:30,-2.00,55.38700000,3802041.85090000
2026-03-27 02:53:30,-1.00,49.97000000,3434819.44850000
2026-03-27 02:53:30,-0.20,6.27300000,432274.29990000
2026-03-27 02:53:30,0.20,6.72100000,464257.57690000
2026-03-27 02:53:30,1.00,49.63300000,3436529.64240000
2026-03-27 02:53:30,2.00,55.27300000,3831421.14910000
2026-03-27 02:53:30,3.00,59.49800000,4131096.67930000
2026-03-27 02:53:30,4.00,61.33800000,4262556.69480000
2026-03-27 02:53:30,5.00,61.91500000,4304151.44250000
2026-03-27 02:54:01,-5.00,66.60200000,4554622.38010000
2026-03-27 02:54:01,-4.00,65.91500000,4509403.63370000
2026-03-27 02:54:01,-3.00,62.60200000,4288405.23290000
2026-03-27 02:54:01,-2.00,55.44600000,3806272.72640000
2026-03-27 02:54:01,-1.00,50.02500000,3438777.12400000
2026-03-27 02:54:01,-0.20,6.38200000,439819.17540000
2026-03-27 02:54:01,0.20,9.07100000,626744.74220000
2026-03-27 02:54:01,1.00,49.59500000,3434120.16460000
2026-03-27 02:54:01,2.00,55.23500000,3829011.67130000
2026-03-27 02:54:01,3.00,59.46000000,4128687.20150000
2026-03-27 02:54:01,4.00,61.30000000,4260147.21700000
2026-03-27 02:54:01,5.00,61.90200000,4303553.06470000
2026-03-27 02:54:31,-5.00,66.41400000,4541442.76480000
2026-03-27 02:54:31,-4.00,65.72700000,4496224.01840000
2026-03-27 02:54:31,-3.00,62.71000000,4295032.87200000
2026-03-27 02:54:31,-2.00,55.25800000,3793093.11110000
2026-03-27 02:54:31,-1.00,49.84100000,3425870.70870000
2026-03-27 02:54:31,-0.20,6.19400000,426817.76010000
2026-03-27 02:54:31,0.20,7.04400000,486571.16090000
2026-03-27 02:54:31,1.00,49.73300000,3443463.58420000
2026-03-27 02:54:31,2.00,55.37300000,3838355.09090000
2026-03-27 02:54:31,3.00,59.58500000,4137111.38980000
2026-03-27 02:54:31,4.00,61.42500000,4268571.40530000
2026-03-27 02:54:31,5.00,62.00200000,4310166.15300000
2026-03-27 02:55:03,-5.00,48.06400000,3280168.63810000
2026-03-27 02:55:03,-4.00,47.37700000,3234949.89170000
2026-03-27 02:55:03,-3.00,44.36000000,3033758.74530000
2026-03-27 02:55:03,-2.00,36.91400000,2532224.58440000
2026-03-27 02:55:03,-1.00,31.49200000,2164664.87640000
2026-03-27 02:55:03,-0.20,13.59400000,936120.66390000
2026-03-27 02:55:03,0.20,4.03300000,278429.69790000
2026-03-27 02:55:03,1.00,31.82900000,2203433.88290000
2026-03-27 02:55:03,2.00,37.47000000,2598395.06190000
2026-03-27 02:55:03,3.00,41.68200000,2897151.36080000
2026-03-27 02:55:03,4.00,43.52200000,3028611.37630000
2026-03-27 02:55:03,5.00,44.09900000,3070206.12400000
2026-03-27 02:55:31,-5.00,66.44000000,4542870.48130000
2026-03-27 02:55:31,-4.00,65.75300000,4497651.73490000
2026-03-27 02:55:31,-3.00,62.73600000,4296460.58850000
2026-03-27 02:55:31,-2.00,55.29000000,3794926.42760000
2026-03-27 02:55:31,-1.00,49.86800000,3427366.71960000
2026-03-27 02:55:31,-0.20,9.33100000,642704.58360000
2026-03-27 02:55:31,0.20,5.55500000,383619.79020000
2026-03-27 02:55:31,1.00,49.79100000,3447241.32560000
2026-03-27 02:55:31,2.00,55.43200000,3842202.50460000
2026-03-27 02:55:31,3.00,59.65700000,4141876.96230000
2026-03-27 02:55:31,4.00,61.49700000,4273336.97780000
2026-03-27 02:55:31,5.00,62.07400000,4314931.72550000
2026-03-27 02:56:01,-5.00,48.40300000,3303533.50670000
2026-03-27 02:56:01,-4.00,47.71600000,3258314.76030000
2026-03-27 02:56:01,-3.00,44.69900000,3057123.61390000
2026-03-27 02:56:01,-2.00,37.25300000,2555589.45300000
2026-03-27 02:56:01,-1.00,31.83100000,2188029.74500000
2026-03-27 02:56:01,-0.20,9.29400000,640153.00900000
2026-03-27 02:56:01,0.20,5.58700000,385829.00080000
2026-03-27 02:56:01,1.00,31.82300000,2203018.93620000
2026-03-27 02:56:01,2.00,37.46400000,2597980.11520000
2026-03-27 02:56:01,3.00,41.68900000,2897654.57290000
2026-03-27 02:56:01,4.00,43.52900000,3029114.58840000
2026-03-27 02:56:01,5.00,44.10600000,3070709.33610000
2026-03-27 02:56:32,-5.00,66.48100000,4545834.89780000
2026-03-27 02:56:32,-4.00,65.79400000,4500616.15140000
2026-03-27 02:56:32,-3.00,62.77700000,4299425.00500000
2026-03-27 02:56:32,-2.00,55.32500000,3797485.24410000
2026-03-27 02:56:32,-1.00,49.90900000,3430331.13610000
2026-03-27 02:56:32,-0.20,7.81700000,538509.58630000
2026-03-27 02:56:32,0.20,7.19200000,496757.81180000
2026-03-27 02:56:32,1.00,49.88000000,3453501.36280000
2026-03-27 02:56:32,2.00,55.52100000,3848462.54180000
2026-03-27 02:56:32,3.00,59.73300000,4147216.61770000
2026-03-27 02:56:32,4.00,61.57300000,4278676.63320000
2026-03-27 02:56:32,5.00,62.15000000,4320271.38090000
2026-03-27 02:57:01,-5.00,66.36300000,4537630.25940000
2026-03-27 02:57:01,-4.00,65.67200000,4492149.44460000
2026-03-27 02:57:01,-3.00,62.65800000,4291159.00020000
2026-03-27 02:57:01,-2.00,55.20900000,3789424.13730000
2026-03-27 02:57:01,-1.00,49.77600000,3421117.82560000
2026-03-27 02:57:01,-0.20,13.87800000,955673.91310000
2026-03-27 02:57:01,0.20,4.48500000,309648.07080000
2026-03-27 02:57:01,1.00,49.55800000,3431214.02360000
2026-03-27 02:57:01,2.00,55.19900000,3826175.20260000
2026-03-27 02:57:01,3.00,59.41100000,4124929.27850000
2026-03-27 02:57:01,4.00,61.24700000,4256102.36480000
2026-03-27 02:57:01,5.00,61.82800000,4297984.04170000
2026-03-27 02:57:30,-5.00,66.46400000,4544500.14590000
2026-03-27 02:57:30,-4.00,65.77700000,4499281.39950000
2026-03-27 02:57:30,-3.00,62.74800000,4297301.79640000
2026-03-27 02:57:30,-2.00,55.29000000,3794972.60870000
2026-03-27 02:57:30,-1.00,49.85700000,3426666.29700000
2026-03-27 02:57:30,-0.20,12.40500000,854274.86130000
2026-03-27 02:57:30,0.20,6.21800000,429359.40560000
2026-03-27 02:57:30,1.00,49.74300000,3443934.87400000
2026-03-27 02:57:30,2.00,55.38400000,3838896.05300000
2026-03-27 02:57:30,3.00,59.59600000,4137650.12890000
2026-03-27 02:57:30,4.00,61.43200000,4268823.21520000
2026-03-27 02:57:30,5.00,62.01300000,4310704.89210000
2026-03-27 02:58:01,-5.00,48.31100000,3296683.39330000
2026-03-27 02:58:01,-4.00,47.62100000,3251303.77810000
2026-03-27 02:58:01,-3.00,45.43200000,3105542.37940000
2026-03-27 02:58:01,-2.00,37.08700000,2543889.09930000
2026-03-27 02:58:01,-1.00,31.65300000,2175517.25200000
2026-03-27 02:58:01,-0.20,13.75300000,946837.07050000
2026-03-27 02:58:01,0.20,4.03900000,278716.25380000
2026-03-27 02:58:01,1.00,31.84100000,2203721.34950000
2026-03-27 02:58:01,2.00,37.48200000,2598681.84250000
2026-03-27 02:58:01,3.00,41.67800000,2896303.47420000
2026-03-27 02:58:01,4.00,43.51800000,3027760.61490000
2026-03-27 02:58:01,5.00,44.09500000,3069352.69180000
2026-03-27 02:58:33,-5.00,66.33700000,4534506.01970000
2026-03-27 02:58:33,-4.00,65.64700000,4489126.40450000
2026-03-27 02:58:33,-3.00,63.45800000,4343365.00580000
2026-03-27 02:58:33,-2.00,55.11300000,3781711.72570000
2026-03-27 02:58:33,-1.00,49.67900000,3413339.87840000
2026-03-27 02:58:33,-0.20,12.22400000,841584.58340000
2026-03-27 02:58:33,0.20,5.68300000,392231.94620000
2026-03-27 02:58:33,1.00,49.92500000,3455162.73710000
2026-03-27 02:58:33,2.00,55.56600000,3850123.23010000
2026-03-27 02:58:33,3.00,59.77500000,4148662.45380000
2026-03-27 02:58:33,4.00,61.60900000,4279689.39450000
2026-03-27 02:58:33,5.00,62.19200000,4321711.67140000
2026-03-27 02:59:00,-5.00,48.28200000,3294549.84490000
2026-03-27 02:59:00,-4.00,47.64600000,3252743.94550000
2026-03-27 02:59:00,-3.00,45.40300000,3103408.83100000
2026-03-27 02:59:00,-2.00,37.05800000,2541755.55090000
2026-03-27 02:59:00,-1.00,31.62400000,2173383.70360000
2026-03-27 02:59:00,-0.20,12.18000000,838490.62810000
2026-03-27 02:59:00,0.20,7.65100000,528105.74260000
2026-03-27 02:59:00,1.00,31.85500000,2204229.88360000
2026-03-27 02:59:00,2.00,36.21800000,2509331.25720000
2026-03-27 02:59:00,3.00,41.42600000,2877918.75890000
2026-03-27 02:59:00,4.00,43.53900000,3028756.54100000
2026-03-27 02:59:00,5.00,44.12200000,3070778.81790000
2026-03-27 02:59:32,-5.00,47.69400000,3255530.35970000
2026-03-27 02:59:32,-4.00,47.35800000,3233395.93050000
2026-03-27 02:59:32,-3.00,45.61700000,3117568.01020000
2026-03-27 02:59:32,-2.00,37.27200000,2555914.73010000
2026-03-27 02:59:32,-1.00,31.83500000,2187369.82690000
2026-03-27 02:59:32,-0.20,6.12300000,421632.98300000
2026-03-27 02:59:32,0.20,9.27300000,640213.96210000
2026-03-27 02:59:32,1.00,31.80900000,2200582.07590000
2026-03-27 02:59:32,2.00,37.44700000,2595309.12230000
2026-03-27 02:59:32,3.00,41.67200000,2894984.28850000
2026-03-27 02:59:32,4.00,43.50800000,3026157.37480000
2026-03-27 02:59:32,5.00,44.08500000,3067749.45170000
2026-03-27 03:00:06,-5.00,65.82300000,4499934.13830000
2026-03-27 03:00:06,-4.00,65.49100000,4478098.42450000
2026-03-27 03:00:06,-3.00,63.69600000,4358696.78840000
2026-03-27 03:00:06,-2.00,55.35100000,3797043.50830000
2026-03-27 03:00:06,-1.00,49.91600000,3428635.12130000
2026-03-27 03:00:06,-0.20,6.21500000,427912.68830000
2026-03-27 03:00:06,0.20,7.76700000,536126.27440000
2026-03-27 03:00:06,1.00,49.97400000,3457883.08720000
2026-03-27 03:00:06,2.00,55.61200000,3852609.44760000
2026-03-27 03:00:06,3.00,59.51600000,4129502.07910000
2026-03-27 03:00:06,4.00,61.62900000,4280339.86120000
2026-03-27 03:00:06,5.00,62.21200000,4322362.13810000
2026-03-27 03:00:43,-5.00,65.75000000,4494896.83340000
2026-03-27 03:00:43,-4.00,65.41800000,4473061.11960000
2026-03-27 03:00:43,-3.00,63.62300000,4353659.48350000
2026-03-27 03:00:43,-2.00,55.27800000,3792006.20340000
2026-03-27 03:00:43,-1.00,49.84300000,3423597.81640000
2026-03-27 03:00:43,-0.20,6.24700000,430088.05840000
2026-03-27 03:00:43,0.20,7.89900000,545245.84080000
2026-03-27 03:00:43,1.00,49.88300000,3451530.64010000
2026-03-27 03:00:43,2.00,55.52300000,3846249.27310000
2026-03-27 03:00:43,3.00,59.44200000,4124057.50830000
2026-03-27 03:00:43,4.00,61.55700000,4274889.95260000
2026-03-27 03:00:43,5.00,62.13600000,4316622.72150000
2026-03-27 03:01:00,-5.00,65.75800000,4495437.93460000
2026-03-27 03:01:00,-4.00,65.42600000,4473602.22080000
2026-03-27 03:01:00,-3.00,63.63100000,4354200.58470000
2026-03-27 03:01:00,-2.00,55.28600000,3792547.30460000
2026-03-27 03:01:00,-1.00,49.85100000,3424138.91760000
2026-03-27 03:01:00,-0.20,4.70000000,323663.73460000
2026-03-27 03:01:00,0.20,7.93900000,548000.53530000
2026-03-27 03:01:00,1.00,49.92300000,3454260.13460000
2026-03-27 03:01:00,2.00,55.56300000,3848978.76760000
2026-03-27 03:01:00,3.00,59.49500000,4127707.50810000
2026-03-27 03:01:00,4.00,61.61000000,4278539.95240000
2026-03-27 03:01:00,5.00,62.19300000,4320562.22930000
2026-03-27 03:01:32,-5.00,66.19700000,4524207.14830000
2026-03-27 03:01:32,-4.00,65.86500000,4502371.43450000
2026-03-27 03:01:32,-3.00,63.62100000,4352995.95030000
2026-03-27 03:01:32,-2.00,55.27900000,3791545.32020000
2026-03-27 03:01:32,-1.00,49.84100000,3422934.28320000
2026-03-27 03:01:32,-0.20,6.14000000,422651.38450000
2026-03-27 03:01:32,0.20,7.77400000,536469.68400000
2026-03-27 03:01:32,1.00,49.97500000,3457326.33920000
2026-03-27 03:01:32,2.00,55.61100000,3851763.76420000
2026-03-27 03:01:32,3.00,58.44400000,4052465.04660000
2026-03-27 03:01:32,4.00,61.67500000,4282520.99170000
2026-03-27 03:01:32,5.00,62.24000000,4323240.63660000
2026-03-27 03:05:04,-5.00,66.52700000,4545110.16320000
2026-03-27 03:05:04,-4.00,65.89100000,4503317.97420000
2026-03-27 03:05:04,-3.00,63.65300000,4354343.55660000
2026-03-27 03:05:04,-2.00,55.30900000,3792761.96590000
2026-03-27 03:05:04,-1.00,49.87500000,3424426.46290000
2026-03-27 03:05:04,-0.20,10.86000000,747097.30350000
2026-03-27 03:05:04,0.20,7.75800000,535132.78660000
2026-03-27 03:05:04,1.00,49.96700000,3455400.21130000
2026-03-27 03:05:04,2.00,55.74400000,3859685.23060000
2026-03-27 03:05:04,3.00,58.95900000,4087405.48460000
2026-03-27 03:05:04,4.00,61.91100000,4297650.58830000
2026-03-27 03:05:04,5.00,62.47600000,4338370.23320000
2026-03-27 03:05:33,-5.00,65.66200000,4483092.19280000
2026-03-27 03:05:33,-4.00,65.04400000,4442509.88280000
2026-03-27 03:05:33,-3.00,62.79000000,4292477.77720000
2026-03-27 03:05:33,-2.00,59.48400000,4070932.82880000
2026-03-27 03:05:33,-1.00,49.01300000,3362688.75910000
2026-03-27 03:05:33,-0.20,8.54300000,587263.91460000
2026-03-27 03:05:33,0.20,8.13300000,560742.03230000
2026-03-27 03:05:33,1.00,48.67100000,3363767.61840000
2026-03-27 03:05:33,2.00,54.45000000,3768166.48000000
2026-03-27 03:05:33,3.00,58.78100000,4074994.58930000
2026-03-27 03:05:33,4.00,60.61700000,4206016.19220000
2026-03-27 03:05:33,5.00,61.17600000,4246302.03710000
2026-03-27 03:06:00,-5.00,66.27900000,4525802.39510000
2026-03-27 03:06:00,-4.00,65.65300000,4484691.28510000
2026-03-27 03:06:00,-3.00,63.40700000,4335187.97950000
2026-03-27 03:06:00,-2.00,60.10100000,4113643.03110000
2026-03-27 03:06:00,-1.00,49.63000000,3405398.96140000
2026-03-27 03:06:00,-0.20,10.61200000,729539.51730000
2026-03-27 03:06:00,0.20,7.86500000,542202.31430000
2026-03-27 03:06:00,1.00,49.95100000,3451724.08980000
2026-03-27 03:06:00,2.00,55.73000000,3856122.95140000
2026-03-27 03:06:00,3.00,60.06100000,4162951.06070000
2026-03-27 03:06:00,4.00,61.89700000,4293972.66360000
2026-03-27 03:06:00,5.00,62.45600000,4334258.50850000
2026-03-27 03:06:32,-5.00,66.42500000,4535069.24160000
2026-03-27 03:06:32,-4.00,65.80700000,4494486.93160000
2026-03-27 03:06:32,-3.00,63.55300000,4344454.82600000
2026-03-27 03:06:32,-2.00,60.24700000,4122909.87760000
2026-03-27 03:06:32,-1.00,49.77800000,3414802.10840000
2026-03-27 03:06:32,-0.20,12.31600000,846456.94850000
2026-03-27 03:06:32,0.20,5.52700000,380851.69750000
2026-03-27 03:06:32,1.00,49.96300000,3452065.12500000
2026-03-27 03:06:32,2.00,55.10800000,3811941.15510000
2026-03-27 03:06:32,3.00,59.79500000,4143583.40120000
2026-03-27 03:06:32,4.00,61.91000000,4294386.49470000
2026-03-27 03:06:32,5.00,62.26100000,4319638.09390000
2026-03-27 03:07:01,-5.00,66.49200000,4539626.68120000
2026-03-27 03:07:01,-4.00,65.87400000,4499044.37120000
2026-03-27 03:07:01,-3.00,63.62000000,4349012.26560000
2026-03-27 03:07:01,-2.00,60.31400000,4127467.31720000
2026-03-27 03:07:01,-1.00,49.84400000,3419291.40510000
2026-03-27 03:07:01,-0.20,10.93100000,751330.36170000
2026-03-27 03:07:01,0.20,6.94700000,478803.73480000
2026-03-27 03:07:01,1.00,49.83200000,3442996.77390000
2026-03-27 03:07:01,2.00,54.97700000,3802872.80400000
2026-03-27 03:07:01,3.00,59.66400000,4134513.68380000
2026-03-27 03:07:01,4.00,61.77900000,4285316.77730000
2026-03-27 03:07:01,5.00,62.13000000,4310568.37650000
2026-03-27 03:07:32,-5.00,63.17700000,4299139.92440000
2026-03-27 03:07:32,-4.00,62.50000000,4254756.06820000
2026-03-27 03:07:32,-3.00,60.73200000,4137516.98430000
2026-03-27 03:07:32,-2.00,57.08500000,3893884.35940000
2026-03-27 03:07:32,-1.00,39.07900000,2674315.93480000
2026-03-27 03:07:32,-0.20,3.68000000,252624.16450000
2026-03-27 03:07:32,0.20,10.30000000,708858.92590000
2026-03-27 03:07:32,1.00,53.44700000,3688965.70940000
2026-03-27 03:07:32,2.00,57.31600000,3959267.53450000
2026-03-27 03:07:32,3.00,59.39800000,4105468.41390000
2026-03-27 03:07:32,4.00,65.33000000,4526696.83690000
2026-03-27 03:07:32,5.00,65.74200000,4556304.95310000
2026-03-27 03:08:01,-5.00,66.47200000,4529749.05800000
2026-03-27 03:08:01,-4.00,65.83600000,4488031.57710000
2026-03-27 03:08:01,-3.00,64.03100000,4368315.17930000
2026-03-27 03:08:01,-2.00,60.28300000,4117844.07620000
2026-03-27 03:08:01,-1.00,49.81800000,3410403.62990000
2026-03-27 03:08:01,-0.20,2.06400000,141817.69580000
2026-03-27 03:08:01,0.20,3.57700000,246247.08720000
2026-03-27 03:08:01,1.00,38.05100000,2627120.14020000
2026-03-27 03:08:01,2.00,41.91900000,2897320.30270000
2026-03-27 03:08:01,3.00,45.26900000,3133318.08190000
2026-03-27 03:08:01,4.00,49.99200000,3468969.82640000
2026-03-27 03:08:01,5.00,50.35200000,3494865.63700000
2026-03-27 03:08:32,-5.00,48.37100000,3290257.96160000
2026-03-27 03:08:32,-4.00,47.75000000,3249530.49500000
2026-03-27 03:08:32,-3.00,45.93000000,3128824.08290000
2026-03-27 03:08:32,-2.00,42.18700000,2878689.97980000
2026-03-27 03:08:32,-1.00,31.72000000,2171116.73890000
2026-03-27 03:08:32,-0.20,5.38800000,369938.84940000
2026-03-27 03:08:32,0.20,6.30500000,433980.30040000
2026-03-27 03:08:32,1.00,29.68800000,2048062.44900000
2026-03-27 03:08:32,2.00,33.55600000,2318261.90160000
2026-03-27 03:08:32,3.00,37.03800000,2563543.66950000
2026-03-27 03:08:32,4.00,41.57900000,2886168.71420000
2026-03-27 03:08:32,5.00,41.98700000,2915490.86280000
2026-03-27 03:09:01,-5.00,66.04100000,4499160.74650000
2026-03-27 03:09:01,-4.00,65.36400000,4454776.89030000
2026-03-27 03:09:01,-3.00,63.59600000,4337537.80640000
2026-03-27 03:09:01,-2.00,59.94900000,4093905.18150000
2026-03-27 03:09:01,-1.00,49.34200000,3376907.52520000
2026-03-27 03:09:01,-0.20,3.28700000,225669.77890000
2026-03-27 03:09:01,0.20,6.40100000,440482.44750000
2026-03-27 03:09:01,1.00,37.18100000,2564234.92150000
2026-03-27 03:09:01,2.00,42.32300000,2923592.41620000
2026-03-27 03:09:01,3.00,45.78700000,3168120.83090000
2026-03-27 03:09:01,4.00,49.04800000,3399821.87390000
2026-03-27 03:09:01,5.00,49.46000000,3429429.99010000
2026-03-27 03:09:31,-5.00,66.00200000,4497906.22240000
2026-03-27 03:09:31,-4.00,65.38100000,4457178.75580000
2026-03-27 03:09:31,-3.00,63.11000000,4306538.61680000
2026-03-27 03:09:31,-2.00,59.81600000,4086378.36180000
2026-03-27 03:09:31,-1.00,49.34900000,3378805.12090000
2026-03-27 03:09:31,-0.20,6.12800000,420699.55050000
2026-03-27 03:09:31,0.20,7.15700000,492574.59660000
2026-03-27 03:09:31,1.00,38.15000000,2632028.72020000
2026-03-27 03:09:31,2.00,43.29100000,2991316.78640000
2026-03-27 03:09:31,3.00,46.75500000,3235843.46560000
2026-03-27 03:09:31,4.00,50.02000000,3467830.47620000
2026-03-27 03:09:31,5.00,50.42800000,3497152.62480000
2026-03-27 03:10:04,-5.00,47.66300000,3242266.52230000
2026-03-27 03:10:04,-4.00,47.02800000,3200615.05570000
2026-03-27 03:10:04,-3.00,44.77100000,3050898.91670000
2026-03-27 03:10:04,-2.00,41.47700000,2830738.66170000
2026-03-27 03:10:04,-1.00,31.00800000,2123029.30460000
2026-03-27 03:10:04,-0.20,4.32300000,296844.55050000
2026-03-27 03:10:04,0.20,6.33800000,436240.24790000
2026-03-27 03:10:04,1.00,28.11900000,1939459.84430000
2026-03-27 03:10:04,2.00,33.25900000,2298678.47760000
2026-03-27 03:10:04,3.00,36.72300000,2543205.18670000
2026-03-27 03:10:04,4.00,40.04400000,2779196.19730000
2026-03-27 03:10:04,5.00,40.39600000,2804514.34590000
2026-03-27 03:10:32,-5.00,65.92100000,4493008.83770000
2026-03-27 03:10:32,-4.00,65.28600000,4451357.37110000
2026-03-27 03:10:32,-3.00,63.02900000,4301641.23210000
2026-03-27 03:10:32,-2.00,59.73500000,4081480.97710000
2026-03-27 03:10:32,-1.00,49.26600000,3373771.62000000
2026-03-27 03:10:32,-0.20,4.59800000,315772.53490000
2026-03-27 03:10:32,0.20,7.81500000,537891.78100000
2026-03-27 03:10:32,1.00,47.59500000,3283441.00850000
2026-03-27 03:10:32,2.00,52.73500000,3642659.64180000
2026-03-27 03:10:32,3.00,56.19900000,3887188.47250000
2026-03-27 03:10:32,4.00,59.52000000,4123179.48310000
2026-03-27 03:10:32,5.00,59.87200000,4148497.63170000
2026-03-27 03:11:01,-5.00,65.95400000,4495199.26690000
2026-03-27 03:11:01,-4.00,65.33300000,4454471.80030000
2026-03-27 03:11:01,-3.00,63.06200000,4303831.66130000
2026-03-27 03:11:01,-2.00,59.76800000,4083671.40630000
2026-03-27 03:11:01,-1.00,49.29900000,3375962.04920000
2026-03-27 03:11:01,-0.20,6.08500000,417735.17590000
2026-03-27 03:11:01,0.20,7.56500000,520611.07750000
2026-03-27 03:11:01,1.00,47.34800000,3266227.89570000
2026-03-27 03:11:01,2.00,52.48800000,3625446.52900000
2026-03-27 03:11:01,3.00,55.95200000,3869973.60600000
2026-03-27 03:11:01,4.00,59.21700000,4101960.61660000
2026-03-27 03:11:01,5.00,59.62500000,4131282.76520000
2026-03-27 03:11:30,-5.00,65.87600000,4489105.58780000
2026-03-27 03:11:30,-4.00,65.19900000,4444721.73160000
2026-03-27 03:11:30,-3.00,62.98000000,4297548.92080000
2026-03-27 03:11:30,-2.00,59.78200000,4083890.14400000
2026-03-27 03:11:30,-1.00,49.17500000,3366892.48770000
2026-03-27 03:11:30,-0.20,5.95900000,409042.61340000
2026-03-27 03:11:30,0.20,7.79900000,536604.79770000
2026-03-27 03:11:30,1.00,47.58300000,3281480.94170000
2026-03-27 03:11:30,2.00,52.71500000,3640137.43640000
2026-03-27 03:11:30,3.00,56.18900000,3885365.51340000
2026-03-27 03:11:30,4.00,59.45000000,4117066.55640000
2026-03-27 03:11:30,5.00,59.86200000,4146674.67260000
2026-03-27 03:12:01,-5.00,66.00700000,4497290.60360000
2026-03-27 03:12:01,-4.00,65.33000000,4452906.74740000
2026-03-27 03:12:01,-3.00,63.11400000,4305933.90160000
2026-03-27 03:12:01,-2.00,59.91300000,4092075.15980000
2026-03-27 03:12:01,-1.00,49.30600000,3375077.50350000
2026-03-27 03:12:01,-0.20,6.08900000,417803.27660000
2026-03-27 03:12:01,0.20,9.44900000,650012.40250000
2026-03-27 03:12:01,1.00,47.78100000,3294526.57280000
2026-03-27 03:12:01,2.00,52.91300000,3653183.06750000
2026-03-27 03:12:01,3.00,55.82300000,3858493.93010000
2026-03-27 03:12:01,4.00,59.64800000,4130112.18750000
2026-03-27 03:12:01,5.00,60.06000000,4159720.30370000
2026-03-27 03:12:31,-5.00,66.69900000,4548289.28020000
2026-03-27 03:12:31,-4.00,66.08100000,4507720.40920000
2026-03-27 03:12:31,-3.00,62.34700000,4259438.74780000
2026-03-27 03:12:31,-2.00,60.53300000,4138035.24580000
2026-03-27 03:12:31,-1.00,50.06600000,3430428.33840000
2026-03-27 03:12:31,-0.20,4.85200000,333439.85590000
2026-03-27 03:12:31,0.20,5.67900000,391253.45700000
2026-03-27 03:12:31,1.00,50.36700000,3479057.24290000
2026-03-27 03:12:31,2.00,55.50700000,3838306.37190000
2026-03-27 03:12:31,3.00,58.94500000,4080998.66590000
2026-03-27 03:12:31,4.00,62.27800000,4317842.18080000
2026-03-27 03:12:31,5.00,62.63800000,4343737.99140000
2026-03-27 03:13:01,-5.00,66.26900000,4518597.49550000
2026-03-27 03:13:01,-4.00,65.63300000,4476856.79080000
2026-03-27 03:13:01,-3.00,63.37700000,4327206.66610000
2026-03-27 03:13:01,-2.00,60.07800000,4106709.41110000
2026-03-27 03:13:01,-1.00,49.61400000,3399306.80370000
2026-03-27 03:13:01,-0.20,6.18700000,425002.82640000
2026-03-27 03:13:01,0.20,6.26500000,431479.21150000
2026-03-27 03:13:01,1.00,49.87800000,3444435.10170000
2026-03-27 03:13:01,2.00,55.01900000,3803753.69780000
2026-03-27 03:13:01,3.00,58.45600000,4046375.13470000
2026-03-27 03:13:01,4.00,61.80300000,4284213.32960000
2026-03-27 03:13:01,5.00,62.16300000,4310109.14020000
2026-03-27 03:13:32,-5.00,66.07300000,4505421.15960000
2026-03-27 03:13:32,-4.00,65.43000000,4463218.23860000
2026-03-27 03:13:32,-3.00,63.18100000,4314030.33020000
2026-03-27 03:13:32,-2.00,59.88200000,4093533.07520000
2026-03-27 03:13:32,-1.00,49.41800000,3386130.46780000
2026-03-27 03:13:32,-0.20,5.99400000,411795.73910000
2026-03-27 03:13:32,0.20,8.99500000,619646.21560000
2026-03-27 03:13:32,1.00,49.50600000,3418868.66110000
2026-03-27 03:13:32,2.00,54.64600000,3778117.79010000
2026-03-27 03:13:32,3.00,58.09600000,4021659.34100000
2026-03-27 03:13:32,4.00,61.43000000,4258571.60700000
2026-03-27 03:13:32,5.00,61.79000000,4284467.41760000
2026-03-27 03:14:00,-5.00,48.48700000,3300954.11520000
2026-03-27 03:14:00,-4.00,47.84400000,3258751.19420000
2026-03-27 03:14:00,-3.00,44.11000000,3010469.53280000
2026-03-27 03:14:00,-2.00,42.29600000,2889066.03080000
2026-03-27 03:14:00,-1.00,31.82900000,2181459.12340000
2026-03-27 03:14:00,-0.20,4.95900000,340816.42570000
2026-03-27 03:14:00,0.20,7.49600000,516389.90080000
2026-03-27 03:14:00,1.00,31.46000000,2172746.88000000
2026-03-27 03:14:00,2.00,36.60000000,2531996.00900000
2026-03-27 03:14:00,3.00,40.06400000,2776525.69830000
2026-03-27 03:14:00,4.00,43.38400000,3012445.85180000
2026-03-27 03:14:00,5.00,43.74400000,3038341.66240000
2026-03-27 03:14:33,-5.00,66.27900000,4520368.23810000
2026-03-27 03:14:33,-4.00,65.64300000,4478627.53340000
2026-03-27 03:14:33,-3.00,63.38700000,4328977.40870000
2026-03-27 03:14:33,-2.00,60.08800000,4108480.15370000
2026-03-27 03:14:33,-1.00,49.62400000,3401077.54630000
2026-03-27 03:14:33,-0.20,14.07200000,966422.64450000
2026-03-27 03:14:33,0.20,4.52000000,311180.88170000
2026-03-27 03:14:33,1.00,49.97900000,3451139.05860000
2026-03-27 03:14:33,2.00,55.11900000,3810388.18760000
2026-03-27 03:14:33,3.00,58.58200000,4054846.16180000
2026-03-27 03:14:33,4.00,61.90300000,4290837.17240000
2026-03-27 03:14:33,5.00,62.26300000,4316732.98300000
2026-03-27 03:15:04,-5.00,66.34800000,4525121.73290000
2026-03-27 03:15:04,-4.00,65.71200000,4483381.02820000
2026-03-27 03:15:04,-3.00,63.45600000,4333730.90350000
2026-03-27 03:15:04,-2.00,60.15700000,4113233.64850000
2026-03-27 03:15:04,-1.00,49.69300000,3405831.04110000
2026-03-27 03:15:04,-0.20,14.14100000,971176.13930000
2026-03-27 03:15:04,0.20,5.03500000,346746.01540000
2026-03-27 03:15:04,1.00,48.70600000,3363429.80690000
2026-03-27 03:15:04,2.00,53.84700000,3722748.40300000
2026-03-27 03:15:04,3.00,57.31000000,3967206.37720000
2026-03-27 03:15:04,4.00,60.63100000,4203197.38780000
2026-03-27 03:15:04,5.00,60.99100000,4229093.19840000
2026-03-27 03:16:31,-5.00,66.90800000,4563221.64460000
2026-03-27 03:16:31,-4.00,66.27200000,4521480.93990000
2026-03-27 03:16:31,-3.00,64.01600000,4371830.81520000
2026-03-27 03:16:31,-2.00,60.71700000,4151333.56020000
2026-03-27 03:16:31,-1.00,50.25300000,3443930.95280000
2026-03-27 03:16:31,-0.20,6.44100000,442477.82940000
2026-03-27 03:16:31,0.20,7.60300000,523576.94380000
2026-03-27 03:16:31,1.00,49.72300000,3433133.20840000
2026-03-27 03:16:31,2.00,54.86300000,3792382.33740000
2026-03-27 03:16:31,3.00,58.32600000,4036841.04350000
2026-03-27 03:16:31,4.00,61.64700000,4272832.05410000
2026-03-27 03:16:31,5.00,62.00700000,4298727.86470000
2026-03-27 03:17:01,-5.00,66.64900000,4546481.10180000
2026-03-27 03:17:01,-4.00,66.00600000,4504278.18080000
2026-03-27 03:17:01,-3.00,62.27200000,4255996.51940000
2026-03-27 03:17:01,-2.00,60.45800000,4134593.01740000
2026-03-27 03:17:01,-1.00,49.99100000,3426986.11000000
2026-03-27 03:17:01,-0.20,7.74600000,532263.24500000
2026-03-27 03:17:01,0.20,5.22600000,359989.06120000
2026-03-27 03:17:01,1.00,49.61400000,3426412.77460000
2026-03-27 03:17:01,2.00,54.75400000,3785661.90360000
2026-03-27 03:17:01,3.00,58.21800000,4030191.46680000
2026-03-27 03:17:01,4.00,61.53800000,4266111.62030000
2026-03-27 03:17:01,5.00,61.89800000,4292007.43090000
2026-03-27 03:17:33,-5.00,48.83300000,3325740.11780000
2026-03-27 03:17:33,-4.00,48.21500000,3285171.24680000
2026-03-27 03:17:33,-3.00,44.48100000,3036889.58540000
2026-03-27 03:17:33,-2.00,42.66200000,2915148.84340000
2026-03-27 03:17:33,-1.00,32.19900000,2207811.05260000
2026-03-27 03:17:33,-0.20,4.93600000,339353.72660000
2026-03-27 03:17:33,0.20,8.86800000,611161.25700000
2026-03-27 03:17:33,1.00,31.53400000,2177729.16030000
2026-03-27 03:17:33,2.00,36.67200000,2536839.28800000
2026-03-27 03:17:33,3.00,41.62300000,2886763.98050000
2026-03-27 03:17:33,4.00,43.45700000,3017365.17160000
2026-03-27 03:17:33,5.00,43.81600000,3043189.41080000
2026-03-27 03:18:00,-5.00,65.75800000,4485910.35420000
2026-03-27 03:18:00,-4.00,65.14000000,4445341.48320000
2026-03-27 03:18:00,-3.00,61.40700000,4197034.88870000
2026-03-27 03:18:00,-2.00,59.59300000,4075631.38670000
2026-03-27 03:18:00,-1.00,49.12500000,3367956.35590000
2026-03-27 03:18:00,-0.20,3.86200000,265491.92990000
2026-03-27 03:18:00,0.20,7.84800000,540909.72680000
2026-03-27 03:18:00,1.00,48.51400000,3351157.03010000
2026-03-27 03:18:00,2.00,53.65200000,3710267.15780000
2026-03-27 03:18:00,3.00,58.60300000,4060191.85030000
2026-03-27 03:18:00,4.00,60.43700000,4190792.81000000
2026-03-27 03:18:00,5.00,60.79600000,4216617.04920000
2026-03-27 03:18:32,-5.00,66.65000000,4547840.75200000
2026-03-27 03:18:32,-4.00,66.03200000,4507271.88100000
2026-03-27 03:18:32,-3.00,63.78400000,4358059.03950000
2026-03-27 03:18:32,-2.00,60.49000000,4137741.54310000
2026-03-27 03:18:32,-1.00,50.02200000,3430066.51230000
2026-03-27 03:18:32,-0.20,12.51800000,860117.00820000
2026-03-27 03:18:32,0.20,8.95100000,616863.14030000
2026-03-27 03:18:32,1.00,49.82900000,3441805.31180000
2026-03-27 03:18:32,2.00,54.96700000,3800915.43950000
2026-03-27 03:18:32,3.00,59.93100000,4151759.47900000
2026-03-27 03:18:32,4.00,61.75100000,4281365.48250000
2026-03-27 03:18:32,5.00,62.11100000,4307261.29310000
2026-03-27 03:19:00,-5.00,66.66600000,4548727.19810000
2026-03-27 03:19:00,-4.00,66.04800000,4508158.32710000
2026-03-27 03:19:00,-3.00,63.80000000,4358945.48560000
2026-03-27 03:19:00,-2.00,60.50600000,4138627.98920000
2026-03-27 03:19:00,-1.00,50.03900000,3431021.08180000
2026-03-27 03:19:00,-0.20,12.54000000,861560.68060000
2026-03-27 03:19:00,0.20,5.93600000,408937.08460000
2026-03-27 03:19:00,1.00,49.81700000,3440772.49380000
2026-03-27 03:19:00,2.00,54.95700000,3800021.62280000
2026-03-27 03:19:00,3.00,58.42100000,4044550.79600000
2026-03-27 03:19:00,4.00,61.74100000,4280470.94950000
2026-03-27 03:19:00,5.00,62.10100000,4306366.76010000
2026-03-27 03:19:32,-5.00,66.70900000,4552319.51790000
2026-03-27 03:19:32,-4.00,66.09100000,4511750.64690000
2026-03-27 03:19:32,-3.00,63.84300000,4362537.80540000
2026-03-27 03:19:32,-2.00,60.54400000,4141883.06900000
2026-03-27 03:19:32,-1.00,50.08100000,3434545.27820000
2026-03-27 03:19:32,-0.20,6.33000000,435177.70360000
2026-03-27 03:19:32,0.20,7.41300000,510878.63360000
2026-03-27 03:19:32,1.00,49.52900000,3421508.03610000
2026-03-27 03:19:32,2.00,54.66700000,3780618.16380000
2026-03-27 03:19:32,3.00,59.63100000,4131464.56150000
2026-03-27 03:19:32,4.00,61.46000000,4261714.77640000
2026-03-27 03:19:32,5.00,61.81100000,4286966.37560000
2026-03-27 03:20:05,-5.00,66.78800000,4557683.38470000
2026-03-27 03:20:05,-4.00,66.17000000,4517114.51370000
2026-03-27 03:20:05,-3.00,63.92200000,4367901.67220000
2026-03-27 03:20:05,-2.00,59.30200000,4058134.78570000
2026-03-27 03:20:05,-1.00,50.15900000,3439841.00210000
2026-03-27 03:20:05,-0.20,4.85100000,333560.27900000
2026-03-27 03:20:05,0.20,7.32100000,504534.55890000
2026-03-27 03:20:05,1.00,49.43700000,3415111.76140000
2026-03-27 03:20:05,2.00,54.57500000,3774221.88910000
2026-03-27 03:20:05,3.00,59.53900000,4125066.07810000
2026-03-27 03:20:05,4.00,61.36800000,4255316.29300000
2026-03-27 03:20:05,5.00,61.71900000,4280567.89220000
2026-03-27 03:20:33,-5.00,66.72700000,4553491.97190000
2026-03-27 03:20:33,-4.00,66.10900000,4512923.10090000
2026-03-27 03:20:33,-3.00,63.86100000,4363710.25940000
2026-03-27 03:20:33,-2.00,60.56200000,4143055.52300000
2026-03-27 03:20:33,-1.00,50.09900000,3435717.73220000
2026-03-27 03:20:33,-0.20,6.34800000,436397.85760000
2026-03-27 03:20:33,0.20,6.01800000,414670.53680000
2026-03-27 03:20:33,1.00,49.68500000,3432217.57260000
2026-03-27 03:20:33,2.00,54.82300000,3791327.70030000
2026-03-27 03:20:33,3.00,59.78700000,4142172.05570000
2026-03-27 03:20:33,4.00,61.60800000,4271849.63060000
2026-03-27 03:20:33,5.00,61.96700000,4297673.86980000
2026-03-27 03:21:00,-5.00,66.76100000,4555828.18440000
2026-03-27 03:21:00,-4.00,66.14300000,4515259.31340000
2026-03-27 03:21:00,-3.00,63.89500000,4366046.47190000
2026-03-27 03:21:00,-2.00,60.60100000,4145728.97550000
2026-03-27 03:21:00,-1.00,50.13300000,3438053.94470000
2026-03-27 03:21:00,-0.20,11.17700000,768091.11030000
2026-03-27 03:21:00,0.20,6.02000000,414803.19230000
2026-03-27 03:21:00,1.00,49.68700000,3432350.22810000
2026-03-27 03:21:00,2.00,54.82500000,3791460.35580000
2026-03-27 03:21:00,3.00,59.78900000,4142304.71120000
2026-03-27 03:21:00,4.00,61.61000000,4271982.28610000
2026-03-27 03:21:00,5.00,61.96900000,4297806.52530000
2026-03-27 03:21:31,-5.00,66.77800000,4557691.91020000
2026-03-27 03:21:31,-4.00,66.16000000,4517123.03920000
2026-03-27 03:21:31,-3.00,63.91200000,4367910.19770000
2026-03-27 03:21:31,-2.00,59.29200000,4058143.31120000
2026-03-27 03:21:31,-1.00,50.14800000,3439781.37000000
2026-03-27 03:21:31,-0.20,6.29500000,432894.53840000
2026-03-27 03:21:31,0.20,8.96900000,618383.07450000
2026-03-27 03:21:31,1.00,49.62700000,3429093.06190000
2026-03-27 03:21:31,2.00,55.39900000,3832726.02110000
2026-03-27 03:21:31,3.00,59.72800000,4138975.93080000
2026-03-27 03:21:31,4.00,61.55700000,4269226.14570000
2026-03-27 03:21:31,5.00,62.11600000,4309511.99060000
2026-03-27 03:22:02,-5.00,48.82500000,3326351.17530000
2026-03-27 03:22:02,-4.00,48.20700000,3285782.30430000
2026-03-27 03:22:02,-3.00,45.95900000,3136569.46280000
2026-03-27 03:22:02,-2.00,41.33900000,2826802.57630000
2026-03-27 03:22:02,-1.00,32.19500000,2208440.63510000
2026-03-27 03:22:02,-0.20,6.34200000,436124.30350000
2026-03-27 03:22:02,0.20,8.63700000,595490.73460000
2026-03-27 03:22:02,1.00,31.51300000,2177062.45350000
2026-03-27 03:22:02,2.00,37.28500000,2580695.41270000
2026-03-27 03:22:02,3.00,41.61400000,2886945.32240000
2026-03-27 03:22:02,4.00,43.44300000,3017195.53730000
2026-03-27 03:22:02,5.00,44.00200000,3057481.38220000
2026-03-27 03:22:31,-5.00,66.80800000,4559669.74230000
2026-03-27 03:22:31,-4.00,66.18700000,4518897.04500000
2026-03-27 03:22:31,-3.00,63.93900000,4369684.20350000
2026-03-27 03:22:31,-2.00,59.31900000,4059917.31700000
2026-03-27 03:22:31,-1.00,50.17500000,3441555.37580000
2026-03-27 03:22:31,-0.20,6.32300000,434806.55460000
2026-03-27 03:22:31,0.20,8.74100000,602647.64060000
2026-03-27 03:22:31,1.00,49.61700000,3428364.95950000
2026-03-27 03:22:31,2.00,55.38900000,3831997.91870000
2026-03-27 03:22:31,3.00,59.71800000,4138247.82840000
2026-03-27 03:22:31,4.00,61.54700000,4268498.04330000
2026-03-27 03:22:31,5.00,62.10600000,4308783.88820000
2026-03-27 03:23:02,-5.00,66.71700000,4552253.64270000
2026-03-27 03:23:02,-4.00,66.09600000,4511480.94540000
2026-03-27 03:23:02,-3.00,63.84800000,4362268.10390000
2026-03-27 03:23:02,-2.00,60.55400000,4141950.60750000
2026-03-27 03:23:02,-1.00,50.08700000,3434343.70010000
2026-03-27 03:23:02,-0.20,11.02700000,757695.13920000
2026-03-27 03:23:02,0.20,7.42900000,511885.46130000
2026-03-27 03:23:02,1.00,49.76500000,3437408.63570000
2026-03-27 03:23:02,2.00,54.90500000,3796657.76470000
2026-03-27 03:23:02,3.00,58.36900000,4041185.79130000
2026-03-27 03:23:02,4.00,61.68900000,4277105.94480000
2026-03-27 03:23:02,5.00,62.04900000,4303001.75540000
2026-03-27 03:23:32,-5.00,66.35600000,4526120.86160000
2026-03-27 03:23:32,-4.00,65.73500000,4485348.16430000
2026-03-27 03:23:32,-3.00,63.48700000,4336135.32280000
2026-03-27 03:23:32,-2.00,60.19300000,4115817.82640000
2026-03-27 03:23:32,-1.00,49.72900000,3408415.21900000
2026-03-27 03:23:32,-0.20,5.93100000,407481.79270000
2026-03-27 03:23:32,0.20,8.80100000,606242.78230000
2026-03-27 03:23:32,1.00,49.46500000,3415479.06640000
2026-03-27 03:23:32,2.00,54.60500000,3774728.19540000
2026-03-27 03:23:32,3.00,58.06800000,4019185.95900000
2026-03-27 03:23:32,4.00,61.38900000,4255176.96960000
2026-03-27 03:23:32,5.00,61.74900000,4281072.78020000
2026-03-27 03:24:00,-5.00,66.81500000,4557888.49000000
2026-03-27 03:24:00,-4.00,66.19400000,4517115.79270000
2026-03-27 03:24:00,-3.00,63.94600000,4367902.95120000
2026-03-27 03:24:00,-2.00,60.65200000,4147585.45480000
2026-03-27 03:24:00,-1.00,50.18800000,3440182.84740000
2026-03-27 03:24:00,-0.20,6.39000000,439034.32110000
2026-03-27 03:24:00,0.20,8.99700000,619752.47050000
2026-03-27 03:24:00,1.00,49.66100000,3429156.15460000
2026-03-27 03:24:00,2.00,54.80100000,3788405.28360000
2026-03-27 03:24:00,3.00,58.26400000,4032863.04720000
2026-03-27 03:24:00,4.00,61.58500000,4268854.05780000
2026-03-27 03:24:00,5.00,61.94500000,4294749.86840000
2026-03-27 03:24:31,-5.00,66.75200000,4553619.21520000
2026-03-27 03:24:31,-4.00,66.13400000,4513066.38040000
2026-03-27 03:24:31,-3.00,63.88600000,4363853.53890000
2026-03-27 03:24:31,-2.00,60.59200000,4143536.04250000
2026-03-27 03:24:31,-1.00,50.12500000,3435929.13510000
2026-03-27 03:24:31,-0.20,6.32400000,434531.76450000
2026-03-27 03:24:31,0.20,8.94400000,616137.49760000
2026-03-27 03:24:31,1.00,49.65800000,3428879.90730000
2026-03-27 03:24:31,2.00,54.79800000,3788103.54730000
2026-03-27 03:24:31,3.00,58.26200000,4032634.43000000
2026-03-27 03:24:31,4.00,61.58200000,4268554.58350000
2026-03-27 03:24:31,5.00,61.94200000,4294450.39410000
2026-03-27 03:25:00,-5.00,66.27300000,4520281.89950000
2026-03-27 03:25:00,-4.00,65.65500000,4479729.06470000
2026-03-27 03:25:00,-3.00,63.40700000,4330516.22320000
2026-03-27 03:25:00,-2.00,60.11300000,4110198.72680000
2026-03-27 03:25:00,-1.00,49.64900000,3402796.11940000
2026-03-27 03:25:00,-0.20,5.84500000,401586.84880000
2026-03-27 03:25:00,0.20,7.53800000,519186.82240000
2026-03-27 03:25:00,1.00,49.70600000,3431844.59190000
2026-03-27 03:25:00,2.00,54.84600000,3791068.23190000
2026-03-27 03:25:00,3.00,58.29600000,4034610.70320000
2026-03-27 03:25:00,4.00,61.63000000,4271523.39820000
2026-03-27 03:25:00,5.00,61.99000000,4297419.20880000
2026-03-27 03:25:32,-5.00,66.71800000,4551930.97830000
2026-03-27 03:25:32,-4.00,66.10000000,4511378.14350000
2026-03-27 03:25:32,-3.00,63.85200000,4362165.30200000
2026-03-27 03:25:32,-2.00,60.55800000,4141847.80560000
2026-03-27 03:25:32,-1.00,50.09000000,3434172.77480000
2026-03-27 03:25:32,-0.20,6.28700000,432150.62550000
2026-03-27 03:25:32,0.20,8.92200000,614876.95710000
2026-03-27 03:25:32,1.00,49.58200000,3424589.13920000
2026-03-27 03:25:32,2.00,54.72000000,3783698.34390000
2026-03-27 03:25:32,3.00,59.68400000,4134542.60960000
2026-03-27 03:25:32,4.00,61.50500000,4264220.18450000
2026-03-27 03:25:32,5.00,61.86400000,4290044.42370000
2026-03-27 03:26:02,-5.00,66.67300000,4549161.26230000
2026-03-27 03:26:02,-4.00,66.05500000,4508608.42750000
2026-03-27 03:26:02,-3.00,63.80700000,4359395.58600000
2026-03-27 03:26:02,-2.00,60.50800000,4138740.84960000
2026-03-27 03:26:02,-1.00,50.04500000,3431403.05880000
2026-03-27 03:26:02,-0.20,4.87900000,335439.16230000
2026-03-27 03:26:02,0.20,8.87000000,611295.07930000
2026-03-27 03:26:02,1.00,49.53000000,3421007.26140000
2026-03-27 03:26:02,2.00,54.66800000,3780116.46610000
2026-03-27 03:26:02,3.00,59.63200000,4130960.73180000
2026-03-27 03:26:02,4.00,61.46100000,4261210.94670000
2026-03-27 03:26:02,5.00,61.81200000,4286462.54590000
2026-03-27 03:26:32,-5.00,66.62500000,4546260.47680000
2026-03-27 03:26:32,-4.00,66.00700000,4505707.64200000
2026-03-27 03:26:32,-3.00,63.75900000,4356498.40050000
2026-03-27 03:26:32,-2.00,60.46000000,4135843.66410000
2026-03-27 03:26:32,-1.00,49.99600000,3428437.73040000
2026-03-27 03:26:32,-0.20,4.52700000,311336.27110000
2026-03-27 03:26:32,0.20,6.52600000,449788.09780000
2026-03-27 03:26:32,1.00,49.34300000,3408768.95290000
2026-03-27 03:26:32,2.00,54.48100000,3767878.15760000
2026-03-27 03:26:32,3.00,59.43200000,4117805.70490000
2026-03-27 03:26:32,4.00,61.26100000,4248055.91980000
2026-03-27 03:26:32,5.00,61.61200000,4273307.51900000
2026-03-27 03:27:01,-5.00,66.59700000,4544868.15880000
2026-03-27 03:27:01,-4.00,65.97900000,4504289.50300000
2026-03-27 03:27:01,-3.00,63.73100000,4355080.26150000
2026-03-27 03:27:01,-2.00,59.11100000,4045313.37500000
2026-03-27 03:27:01,-1.00,49.96800000,3427019.59140000
2026-03-27 03:27:01,-0.20,4.80900000,330720.45010000
2026-03-27 03:27:01,0.20,8.16900000,563106.45110000
2026-03-27 03:27:01,1.00,49.53300000,3422362.38430000
2026-03-27 03:27:01,2.00,54.67100000,3781471.58900000
2026-03-27 03:27:01,3.00,59.62200000,4131399.13630000
2026-03-27 03:27:01,4.00,61.45100000,4261649.35120000
2026-03-27 03:27:01,5.00,62.00900000,4301862.91040000
2026-03-27 03:28:01,-5.00,66.44400000,4534766.81910000
2026-03-27 03:28:01,-4.00,65.81800000,4493659.36330000
2026-03-27 03:28:01,-3.00,63.57800000,4344978.92180000
2026-03-27 03:28:01,-2.00,58.95800000,4035212.03530000
2026-03-27 03:28:01,-1.00,49.81400000,3416850.09410000
2026-03-27 03:28:01,-0.20,6.10800000,420064.45300000
2026-03-27 03:28:01,0.20,7.76100000,535069.40390000
2026-03-27 03:28:01,1.00,49.71500000,3435246.23530000
2026-03-27 03:28:01,2.00,55.48700000,3838878.27150000
2026-03-27 03:28:01,3.00,59.81600000,4145130.83450000
2026-03-27 03:28:01,4.00,61.64500000,4275381.04940000
2026-03-27 03:28:01,5.00,62.20400000,4315666.89430000
2026-03-27 03:28:31,-5.00,47.48000000,3233883.26130000
2026-03-27 03:28:31,-4.00,46.85400000,3192775.80550000
2026-03-27 03:28:31,-3.00,44.61400000,3044095.36400000
2026-03-27 03:28:31,-2.00,39.99400000,2734328.47750000
2026-03-27 03:28:31,-1.00,30.85000000,2115966.53630000
2026-03-27 03:28:31,-0.20,5.14400000,353738.79520000
2026-03-27 03:28:31,0.20,7.20700000,496878.42810000
2026-03-27 03:28:31,1.00,31.37600000,2167678.60300000
2026-03-27 03:28:31,2.00,37.14800000,2571310.63920000
2026-03-27 03:28:31,3.00,41.47700000,2877563.20220000
2026-03-27 03:28:31,4.00,43.30600000,3007813.41710000
2026-03-27 03:28:31,5.00,43.86500000,3048099.26200000
2026-03-27 03:29:01,-5.00,66.50200000,4538677.81910000
2026-03-27 03:29:01,-4.00,65.88400000,4498099.16330000
2026-03-27 03:29:01,-3.00,63.63600000,4348889.92180000
2026-03-27 03:29:01,-2.00,59.01600000,4039123.03530000
2026-03-27 03:29:01,-1.00,49.87200000,3420761.09410000
2026-03-27 03:29:01,-0.20,7.72300000,531038.73210000
2026-03-27 03:29:01,0.20,7.44300000,513129.39460000
2026-03-27 03:29:01,1.00,49.61200000,3428101.57150000
2026-03-27 03:29:01,2.00,55.38400000,3831733.60770000
2026-03-27 03:29:01,3.00,59.71300000,4137986.17070000
2026-03-27 03:29:01,4.00,61.54200000,4268236.38560000
2026-03-27 03:29:01,5.00,62.10100000,4308522.23050000
2026-03-27 03:29:32,-5.00,66.52200000,4540507.55580000
2026-03-27 03:29:32,-4.00,65.89600000,4499400.10000000
2026-03-27 03:29:32,-3.00,63.65600000,4350719.65850000
2026-03-27 03:29:32,-2.00,59.03600000,4040952.77200000
2026-03-27 03:29:32,-1.00,49.89200000,3422590.83080000
2026-03-27 03:29:32,-0.20,4.73600000,325813.36970000
2026-03-27 03:29:32,0.20,7.59100000,523375.13000000
2026-03-27 03:29:32,1.00,49.54500000,3423695.96140000
2026-03-27 03:29:32,2.00,55.31700000,3827327.99760000
2026-03-27 03:29:32,3.00,59.64300000,4133456.92120000
2026-03-27 03:29:32,4.00,61.47200000,4263707.13610000
2026-03-27 03:29:32,5.00,62.03700000,4304426.78100000
2026-03-27 03:30:05,-5.00,48.54900000,3307650.74540000
2026-03-27 03:30:05,-4.00,47.91500000,3266014.40160000
2026-03-27 03:30:05,-3.00,45.68300000,3117862.84810000
2026-03-27 03:30:05,-2.00,36.06300000,2470655.96160000
2026-03-27 03:30:05,-1.00,31.91900000,2189734.02040000
2026-03-27 03:30:05,-0.20,4.73700000,325884.26170000
2026-03-27 03:30:05,0.20,7.57000000,521928.41410000
2026-03-27 03:30:05,1.00,40.52400000,2799718.34550000
2026-03-27 03:30:05,2.00,46.29600000,3203350.38170000
2026-03-27 03:30:05,3.00,50.62200000,3509477.64910000
2026-03-27 03:30:05,4.00,52.45100000,3639727.86400000
2026-03-27 03:30:05,5.00,53.01600000,3680447.50890000
2026-03-27 03:30:37,-5.00,65.53100000,4473033.19830000
2026-03-27 03:30:37,-4.00,64.89700000,4431396.85450000
2026-03-27 03:30:37,-3.00,62.66500000,4283245.30100000
2026-03-27 03:30:37,-2.00,53.00700000,3633473.41460000
2026-03-27 03:30:37,-1.00,48.90000000,3355048.28150000
2026-03-27 03:30:37,-0.20,5.20000000,357717.06550000
2026-03-27 03:30:37,0.20,8.61900000,594490.81720000
2026-03-27 03:30:37,1.00,49.64400000,3430988.64890000
2026-03-27 03:30:37,2.00,55.41500000,3834551.11540000
2026-03-27 03:30:37,3.00,59.72700000,4139720.78460000
2026-03-27 03:30:37,4.00,61.55600000,4269970.99950000
2026-03-27 03:30:37,5.00,62.12100000,4310690.64440000
2026-03-27 03:31:00,-5.00,48.65200000,3315231.15220000
2026-03-27 03:31:00,-4.00,48.01800000,3273594.80840000
2026-03-27 03:31:00,-3.00,45.78600000,3125443.25490000
2026-03-27 03:31:00,-2.00,36.12800000,2475671.36850000
2026-03-27 03:31:00,-1.00,32.02100000,2197219.26450000
2026-03-27 03:31:00,-0.20,7.87800000,541891.29140000
2026-03-27 03:31:00,0.20,8.39400000,578929.10260000
2026-03-27 03:31:00,1.00,31.63800000,2185944.16760000
2026-03-27 03:31:00,2.00,37.40800000,2589461.52330000
2026-03-27 03:31:00,3.00,41.73200000,2895513.16510000
2026-03-27 03:31:00,4.00,43.56100000,3025763.38000000
2026-03-27 03:31:00,5.00,44.12600000,3066483.02490000
2026-03-27 03:31:33,-5.00,66.59400000,4546476.79920000
2026-03-27 03:31:33,-4.00,65.96800000,4505369.34340000
2026-03-27 03:31:33,-3.00,63.72800000,4356688.90190000
2026-03-27 03:31:33,-2.00,59.10800000,4046922.01540000
2026-03-27 03:31:33,-1.00,49.96400000,3428533.10330000
2026-03-27 03:31:33,-0.20,10.91300000,750479.64740000
2026-03-27 03:31:33,0.20,5.98800000,412849.61640000
2026-03-27 03:31:33,1.00,49.58100000,3427127.57950000
2026-03-27 03:31:33,2.00,55.35200000,3830714.50490000
2026-03-27 03:31:33,3.00,59.66300000,4135844.98230000
2026-03-27 03:31:33,4.00,61.49200000,4266095.19720000
2026-03-27 03:31:33,5.00,62.05700000,4306814.84210000
2026-03-27 03:32:01,-5.00,66.58500000,4545852.07370000
2026-03-27 03:32:01,-4.00,65.95100000,4504215.72990000
2026-03-27 03:32:01,-3.00,63.71900000,4356064.17640000
2026-03-27 03:32:01,-2.00,54.09900000,3708857.28990000
2026-03-27 03:32:01,-1.00,49.95500000,3427908.37780000
2026-03-27 03:32:01,-0.20,9.45100000,649994.44690000
2026-03-27 03:32:01,0.20,7.66300000,528361.30040000
2026-03-27 03:32:01,1.00,49.70600000,3435674.07350000
2026-03-27 03:32:01,2.00,55.47700000,3839260.99890000
2026-03-27 03:32:01,3.00,59.80100000,4145311.09240000
2026-03-27 03:32:01,4.00,61.63000000,4275561.30730000
2026-03-27 03:32:01,5.00,62.19500000,4316280.95220000
2026-03-27 03:32:33,-5.00,66.23500000,4520961.88560000
2026-03-27 03:32:33,-4.00,65.61700000,4480383.22980000
2026-03-27 03:32:33,-3.00,63.36900000,4331173.98830000
2026-03-27 03:32:33,-2.00,58.74900000,4021407.10180000
2026-03-27 03:32:33,-1.00,49.60600000,3403086.34730000
2026-03-27 03:32:33,-0.20,12.10900000,832535.96700000
2026-03-27 03:32:33,0.20,5.42300000,373754.87560000
2026-03-27 03:32:33,1.00,49.95200000,3452059.51290000
2026-03-27 03:32:33,2.00,55.08900000,3811123.60680000
2026-03-27 03:32:33,3.00,60.04800000,4161766.06730000
2026-03-27 03:32:33,4.00,61.87700000,4292016.28220000
2026-03-27 03:32:33,5.00,62.43500000,4332229.84140000
2026-03-27 03:33:01,-5.00,48.73000000,3320208.64040000
2026-03-27 03:33:01,-4.00,48.10400000,3279101.18460000
2026-03-27 03:33:01,-3.00,45.86400000,3130420.74310000
2026-03-27 03:33:01,-2.00,41.24400000,2820653.85660000
2026-03-27 03:33:01,-1.00,32.10000000,2202264.94450000
2026-03-27 03:33:01,-0.20,6.30600000,433677.48850000
2026-03-27 03:33:01,0.20,7.77600000,536115.29530000
2026-03-27 03:33:01,1.00,31.81900000,2198684.86840000
2026-03-27 03:33:01,2.00,37.59000000,2602271.79380000
2026-03-27 03:33:01,3.00,41.90100000,2907403.88060000
2026-03-27 03:33:01,4.00,43.73000000,3037654.09550000
2026-03-27 03:33:01,5.00,44.29500000,3078373.74040000
2026-03-27 03:33:33,-5.00,66.58900000,4544463.11030000
2026-03-27 03:33:33,-4.00,65.97100000,4503884.45450000
2026-03-27 03:33:33,-3.00,63.72300000,4354675.21300000
2026-03-27 03:33:33,-2.00,60.42400000,4134020.47660000
2026-03-27 03:33:33,-1.00,49.96000000,3426587.57200000
2026-03-27 03:33:33,-0.20,6.16400000,423772.23080000
2026-03-27 03:33:33,0.20,6.94600000,478677.75270000
2026-03-27 03:33:33,1.00,49.92600000,3449580.38110000
2026-03-27 03:33:33,2.00,55.06300000,3808644.47500000
2026-03-27 03:33:33,3.00,60.00900000,4158366.84100000
2026-03-27 03:33:33,4.00,61.78800000,4285042.05590000
2026-03-27 03:33:33,5.00,62.13900000,4310293.65510000
2026-03-27 03:34:01,-5.00,48.39700000,3296922.56990000
2026-03-27 03:34:01,-4.00,47.77900000,3256343.91410000
2026-03-27 03:34:01,-3.00,45.53100000,3107134.67260000
2026-03-27 03:34:01,-2.00,42.23200000,2886479.93620000
2026-03-27 03:34:01,-1.00,31.76800000,2179047.03160000
2026-03-27 03:34:01,-0.20,5.97000000,410415.44480000
2026-03-27 03:34:01,0.20,6.91300000,476397.04730000
2026-03-27 03:34:01,1.00,31.85900000,2200758.04490000
2026-03-27 03:34:01,2.00,36.99600000,2559822.13880000
2026-03-27 03:34:01,3.00,41.95500000,2910463.54370000
2026-03-27 03:34:01,4.00,43.73400000,3037138.75860000
2026-03-27 03:34:01,5.00,44.08500000,3062390.35780000
2026-03-27 03:34:33,-5.00,48.77900000,3323357.43890000
2026-03-27 03:34:33,-4.00,48.16100000,3282778.78310000
2026-03-27 03:34:33,-3.00,45.91300000,3133536.51160000
2026-03-27 03:34:33,-2.00,41.29300000,2823769.62510000
2026-03-27 03:34:33,-1.00,32.14900000,2205380.71300000
2026-03-27 03:34:33,-0.20,6.35200000,436808.38610000
2026-03-27 03:34:33,0.20,8.97800000,618961.14370000
2026-03-27 03:34:33,1.00,31.53600000,2178557.34330000
2026-03-27 03:34:33,2.00,37.30700000,2582144.26870000
2026-03-27 03:34:33,3.00,41.61800000,2887274.26770000
2026-03-27 03:34:33,4.00,43.41000000,3014871.59990000
2026-03-27 03:34:33,5.00,43.96900000,3055157.44480000
2026-03-27 03:35:04,-5.00,66.75100000,4556410.25880000
2026-03-27 03:35:04,-4.00,66.12500000,4515302.80300000
2026-03-27 03:35:04,-3.00,63.88500000,4366589.33150000
2026-03-27 03:35:04,-2.00,59.26500000,4056822.44500000
2026-03-27 03:35:04,-1.00,50.12100000,3438433.53290000
2026-03-27 03:35:04,-0.20,4.87200000,335167.11820000
2026-03-27 03:35:04,0.20,7.54800000,520390.12550000
2026-03-27 03:35:04,1.00,49.55900000,3424855.35580000
2026-03-27 03:35:04,2.00,55.33000000,3828442.28120000
2026-03-27 03:35:04,3.00,59.65400000,4134491.06690000
2026-03-27 03:35:04,4.00,61.43300000,4261166.28180000
2026-03-27 03:35:04,5.00,61.99800000,4301885.92670000
2026-03-27 03:35:31,-5.00,66.72400000,4556567.49220000
2026-03-27 03:35:31,-4.00,66.09000000,4514906.80720000
2026-03-27 03:35:31,-3.00,62.96800000,4307240.76430000
2026-03-27 03:35:31,-2.00,54.20000000,3716950.33730000
2026-03-27 03:35:31,-1.00,50.08500000,3437952.59330000
2026-03-27 03:35:31,-0.20,7.88400000,542528.53550000
2026-03-27 03:35:31,0.20,4.56800000,315088.73210000
2026-03-27 03:35:31,1.00,49.62600000,3432008.30120000
2026-03-27 03:35:31,2.00,55.39600000,3835525.65690000
2026-03-27 03:35:31,3.00,59.70700000,4140655.65590000
2026-03-27 03:35:31,4.00,61.48600000,4267330.87080000
2026-03-27 03:35:31,5.00,62.05100000,4308050.51570000
2026-03-27 03:36:01,-5.00,48.63500000,3315002.61730000
2026-03-27 03:36:01,-4.00,48.00100000,3273341.93230000
2026-03-27 03:36:01,-3.00,44.28700000,3026109.68780000
2026-03-27 03:36:01,-2.00,36.11100000,2475385.46240000
2026-03-27 03:36:01,-1.00,31.99600000,2196387.71840000
2026-03-27 03:36:01,-0.20,7.79500000,536399.06060000
2026-03-27 03:36:01,0.20,4.57100000,315278.69360000
2026-03-27 03:36:01,1.00,31.63200000,2187088.51780000
2026-03-27 03:36:01,2.00,37.40200000,2590605.87350000
2026-03-27 03:36:01,3.00,41.72600000,2896654.88800000
2026-03-27 03:36:01,4.00,43.50500000,3023330.10290000
2026-03-27 03:36:01,5.00,44.07000000,3064049.74780000
2026-03-27 03:36:30,-5.00,66.51100000,4541718.17240000
2026-03-27 03:36:30,-4.00,65.87700000,4500057.48740000
2026-03-27 03:36:30,-3.00,63.64500000,4351872.90390000
2026-03-27 03:36:30,-2.00,53.98700000,3702101.01750000
2026-03-27 03:36:30,-1.00,49.87600000,3423376.11350000
2026-03-27 03:36:30,-0.20,7.67100000,527843.91570000
2026-03-27 03:36:30,0.20,5.93700000,409524.79460000
2026-03-27 03:36:30,1.00,49.66500000,3434021.29050000
2026-03-27 03:36:30,2.00,55.43500000,3837538.64620000
2026-03-27 03:36:30,3.00,59.75900000,4143587.66070000
2026-03-27 03:36:30,4.00,61.53800000,4270262.87560000
2026-03-27 03:36:30,5.00,62.10300000,4310982.52050000
2026-03-27 03:37:00,-5.00,63.51100000,4335570.73160000
2026-03-27 03:37:00,-4.00,62.87700000,4293910.04660000
2026-03-27 03:37:00,-3.00,57.82600000,3957313.21530000
2026-03-27 03:37:00,-2.00,50.98300000,3495683.47070000
2026-03-27 03:37:00,-1.00,46.87200000,3216955.83270000
2026-03-27 03:37:00,-0.20,3.21900000,221643.64670000
2026-03-27 03:37:00,0.20,4.49500000,310203.28940000
2026-03-27 03:37:00,1.00,45.01000000,3113185.76580000
2026-03-27 03:37:00,2.00,50.88200000,3523877.23520000
2026-03-27 03:37:00,3.00,55.08600000,3821485.12620000
2026-03-27 03:37:00,4.00,56.86500000,3948160.34110000
2026-03-27 03:37:00,5.00,57.44400000,3989893.11000000
2026-03-27 03:37:33,-5.00,66.74400000,4559143.74630000
2026-03-27 03:37:33,-4.00,66.05600000,4513909.34550000
2026-03-27 03:37:33,-3.00,62.38400000,4269185.13120000
2026-03-27 03:37:33,-2.00,55.51800000,3806564.51490000
2026-03-27 03:37:33,-1.00,50.08200000,3438187.04690000
2026-03-27 03:37:33,-0.20,6.32800000,435717.86540000
2026-03-27 03:37:33,0.20,8.95000000,617830.60030000
2026-03-27 03:37:33,1.00,49.46400000,3420804.14910000
2026-03-27 03:37:33,2.00,55.33200000,3831487.25170000
2026-03-27 03:37:33,3.00,59.54500000,4129994.88390000
2026-03-27 03:37:33,4.00,61.32100000,4256717.68590000
2026-03-27 03:37:33,5.00,61.90400000,4298739.96280000
2026-03-27 03:38:01,-5.00,66.56800000,4546444.90910000
2026-03-27 03:38:01,-4.00,65.93400000,4504784.22410000
2026-03-27 03:38:01,-3.00,62.21200000,4256753.69400000
2026-03-27 03:38:01,-2.00,55.34500000,3794068.32770000
2026-03-27 03:38:01,-1.00,49.90600000,3425488.20970000
2026-03-27 03:38:01,-0.20,7.71100000,530740.72450000
2026-03-27 03:38:01,0.20,5.31800000,366901.03470000
2026-03-27 03:38:01,1.00,49.76700000,3441790.91800000
2026-03-27 03:38:01,2.00,55.52900000,3845021.51650000
2026-03-27 03:38:01,3.00,59.83600000,4150131.59640000
2026-03-27 03:38:01,4.00,61.62500000,4277777.41530000
2026-03-27 03:38:01,5.00,62.19000000,4318497.06020000
2026-03-27 03:38:32,-5.00,67.35700000,4599220.82650000
2026-03-27 03:38:32,-4.00,66.72300000,4557560.14150000
2026-03-27 03:38:32,-3.00,64.48300000,4408577.27240000
2026-03-27 03:38:32,-2.00,56.13800000,3847114.35110000
2026-03-27 03:38:32,-1.00,50.70400000,3478877.95890000
2026-03-27 03:38:32,-0.20,5.16100000,355069.73100000
2026-03-27 03:38:32,0.20,9.56300000,659613.08340000
2026-03-27 03:38:32,1.00,50.39800000,3484250.67940000
2026-03-27 03:38:32,2.00,56.16500000,3887829.23800000
2026-03-27 03:38:32,3.00,60.47200000,4192943.10220000
2026-03-27 03:38:32,4.00,62.26100000,4320588.31920000
2026-03-27 03:38:32,5.00,62.82600000,4361307.96410000
2026-03-27 03:39:01,-5.00,48.15300000,3282126.28600000
2026-03-27 03:39:01,-4.00,47.51900000,3240465.60100000
2026-03-27 03:39:01,-3.00,45.27900000,3091482.73190000
2026-03-27 03:39:01,-2.00,36.93400000,2530019.81060000
2026-03-27 03:39:01,-1.00,31.49900000,2161715.22660000
2026-03-27 03:39:01,-0.20,10.45200000,718874.58980000
2026-03-27 03:39:01,0.20,5.70700000,393653.92240000
2026-03-27 03:39:01,1.00,31.44100000,2173566.55610000
2026-03-27 03:39:01,2.00,37.20700000,2577075.54500000
2026-03-27 03:39:01,3.00,41.52700000,2883109.74550000
2026-03-27 03:39:01,4.00,43.30300000,3009832.54750000
2026-03-27 03:39:01,5.00,43.86800000,3050552.19240000
2026-03-27 03:39:30,-5.00,66.64600000,4551170.09280000
2026-03-27 03:39:30,-4.00,66.01200000,4509509.40780000
2026-03-27 03:39:30,-3.00,63.77200000,4360526.53870000
2026-03-27 03:39:30,-2.00,55.42700000,3799063.61740000
2026-03-27 03:39:30,-1.00,49.99200000,3430759.03340000
2026-03-27 03:39:30,-0.20,10.94500000,752820.49660000
2026-03-27 03:39:30,0.20,5.52200000,380899.03060000
2026-03-27 03:39:30,1.00,49.25600000,3405668.26430000
2026-03-27 03:39:30,2.00,55.02200000,3809177.25320000
2026-03-27 03:39:30,3.00,59.34200000,4115209.68700000
2026-03-27 03:39:30,4.00,61.11800000,4241932.48900000
2026-03-27 03:39:30,5.00,61.68300000,4282652.13390000
2026-03-27 03:40:04,-5.00,66.02500000,4509558.12540000
2026-03-27 03:40:04,-4.00,65.39100000,4467897.44040000
2026-03-27 03:40:04,-3.00,61.66500000,4219599.51030000
2026-03-27 03:40:04,-2.00,54.80200000,3757181.54400000
2026-03-27 03:40:04,-1.00,49.36300000,3388601.42600000
2026-03-27 03:40:04,-0.20,4.18700000,288266.71050000
2026-03-27 03:40:04,0.20,7.35300000,507465.98220000
2026-03-27 03:40:04,1.00,49.63300000,3432599.27760000
2026-03-27 03:40:04,2.00,55.50100000,3843282.38020000
2026-03-27 03:40:04,3.00,59.70100000,4140872.36970000
2026-03-27 03:40:04,4.00,61.47700000,4267595.17170000
2026-03-27 03:40:04,5.00,62.05600000,4309327.94060000
2026-03-27 03:40:33,-5.00,48.19900000,3286731.82400000
2026-03-27 03:40:33,-4.00,47.56500000,3245071.13900000
2026-03-27 03:40:33,-3.00,43.84300000,2997040.60890000
2026-03-27 03:40:33,-2.00,36.97600000,2534355.24260000
2026-03-27 03:40:33,-1.00,31.53700000,2165775.12460000
2026-03-27 03:40:33,-0.20,7.40100000,509312.75860000
2026-03-27 03:40:33,0.20,4.55300000,314054.39200000
2026-03-27 03:40:33,1.00,31.84400000,2201734.02770000
2026-03-27 03:40:33,2.00,37.61000000,2605243.01660000
2026-03-27 03:40:33,3.00,41.91700000,2910355.11410000
2026-03-27 03:40:33,4.00,43.69300000,3037077.91610000
2026-03-27 03:40:33,5.00,44.25800000,3077797.56100000
2026-03-27 03:41:00,-5.00,66.47600000,4541432.47140000
2026-03-27 03:41:00,-4.00,65.84200000,4499771.78640000
2026-03-27 03:41:00,-3.00,62.12000000,4251741.25630000
2026-03-27 03:41:00,-2.00,55.25300000,3789055.89000000
2026-03-27 03:41:00,-1.00,49.81400000,3420475.77200000
2026-03-27 03:41:00,-0.20,6.12100000,421326.07800000
2026-03-27 03:41:00,0.20,6.03600000,416489.60140000
2026-03-27 03:41:00,1.00,49.77000000,3442020.04940000
2026-03-27 03:41:00,2.00,55.53200000,3845250.64790000
2026-03-27 03:41:00,3.00,59.83900000,4150362.74540000
2026-03-27 03:41:00,4.00,61.62800000,4278010.79250000
2026-03-27 03:41:00,5.00,62.19300000,4318730.43740000
2026-03-27 03:41:32,-5.00,66.55800000,4547276.39530000
2026-03-27 03:41:32,-4.00,65.92400000,4505615.71030000
2026-03-27 03:41:32,-3.00,62.19800000,4257317.78020000
2026-03-27 03:41:32,-2.00,55.33500000,3794899.81390000
2026-03-27 03:41:32,-1.00,49.89600000,3426319.69590000
2026-03-27 03:41:32,-0.20,4.75200000,327180.35320000
2026-03-27 03:41:32,0.20,7.33700000,506349.78840000
2026-03-27 03:41:32,1.00,49.63000000,3432547.62220000
2026-03-27 03:41:32,2.00,55.49400000,3842949.51680000
2026-03-27 03:41:32,3.00,59.71100000,4141743.12410000
2026-03-27 03:41:32,4.00,61.48700000,4268465.92610000
2026-03-27 03:41:32,5.00,62.06600000,4310198.69500000
2026-03-27 03:42:00,-5.00,66.58300000,4549098.59940000
2026-03-27 03:42:00,-4.00,65.94900000,4507437.91440000
2026-03-27 03:42:00,-3.00,62.22300000,4259139.98430000
2026-03-27 03:42:00,-2.00,55.35700000,3796519.36800000
2026-03-27 03:42:00,-1.00,49.92100000,3428141.90000000
2026-03-27 03:42:00,-0.20,4.77600000,328871.67100000
2026-03-27 03:42:00,0.20,7.33600000,506307.57330000
2026-03-27 03:42:00,1.00,49.62900000,3432563.90710000
2026-03-27 03:42:00,2.00,55.49700000,3843247.00970000
2026-03-27 03:42:00,3.00,59.71000000,4141757.70730000
2026-03-27 03:42:00,4.00,61.48600000,4268480.50930000
2026-03-27 03:42:00,5.00,62.06900000,4310502.78620000
2026-03-27 03:42:30,-5.00,66.57000000,4548472.54080000
2026-03-27 03:42:30,-4.00,65.93600000,4506811.85580000
2026-03-27 03:42:30,-3.00,62.21000000,4258513.92570000
2026-03-27 03:42:30,-2.00,55.34400000,3795893.30940000
2026-03-27 03:42:30,-1.00,49.90800000,3427515.84140000
2026-03-27 03:42:30,-0.20,6.31900000,435048.40470000
2026-03-27 03:42:30,0.20,7.51700000,518876.93460000
2026-03-27 03:42:30,1.00,49.69400000,3437256.83580000
2026-03-27 03:42:30,2.00,55.56200000,3847939.93840000
2026-03-27 03:42:30,3.00,59.77500000,4146450.63600000
2026-03-27 03:42:30,4.00,61.55100000,4273173.43800000
2026-03-27 03:42:30,5.00,62.13400000,4315195.71490000
2026-03-27 03:43:01,-5.00,66.69200000,4556909.64160000
2026-03-27 03:43:01,-4.00,66.05800000,4515248.95660000
2026-03-27 03:43:01,-3.00,62.33300000,4266966.66030000
2026-03-27 03:43:01,-2.00,55.46700000,3804346.04400000
2026-03-27 03:43:01,-1.00,50.03100000,3435968.57600000
2026-03-27 03:43:01,-0.20,6.44200000,443501.13930000
2026-03-27 03:43:01,0.20,6.72200000,463840.10680000
2026-03-27 03:43:01,1.00,50.44800000,3489209.28310000
2026-03-27 03:43:01,2.00,56.31600000,3899892.38570000
2026-03-27 03:43:01,3.00,60.52900000,4198402.98710000
2026-03-27 03:43:01,4.00,62.30500000,4325125.78910000
2026-03-27 03:43:01,5.00,62.88400000,4366858.55800000
2026-03-27 03:43:33,-5.00,66.53400000,4545950.38730000
2026-03-27 03:43:33,-4.00,65.90000000,4504289.70230000
2026-03-27 03:43:33,-3.00,62.17500000,4256007.40600000
2026-03-27 03:43:33,-2.00,55.31200000,3793589.43970000
2026-03-27 03:43:33,-1.00,49.87300000,3425009.32170000
2026-03-27 03:43:33,-0.20,7.73400000,532321.50390000
2026-03-27 03:43:33,0.20,6.05100000,417453.57130000
2026-03-27 03:43:33,1.00,50.49400000,3492301.15540000
2026-03-27 03:43:33,2.00,56.25500000,3895462.15000000
2026-03-27 03:43:33,3.00,60.57500000,4201492.08260000
2026-03-27 03:43:33,4.00,62.35100000,4328214.88460000
2026-03-27 03:43:33,5.00,62.91600000,4368934.52950000
2026-03-27 03:44:02,-5.00,66.40500000,4536958.18410000
2026-03-27 03:44:02,-4.00,65.77100000,4495297.49910000
2026-03-27 03:44:02,-3.00,62.12300000,4252137.10280000
2026-03-27 03:44:02,-2.00,55.25600000,3789451.73650000
2026-03-27 03:44:02,-1.00,49.81700000,3420871.61850000
2026-03-27 03:44:02,-0.20,7.67800000,528452.90070000
2026-03-27 03:44:02,0.20,6.09600000,420548.76360000
2026-03-27 03:44:02,1.00,50.54800000,3495594.58060000
2026-03-27 03:44:02,2.00,56.30900000,3898755.57520000
2026-03-27 03:44:02,3.00,60.62900000,4204785.50780000
2026-03-27 03:44:02,4.00,62.40500000,4331508.30980000
2026-03-27 03:44:02,5.00,62.97000000,4372227.95470000
2026-03-27 03:44:31,-5.00,66.36000000,4533084.45050000
2026-03-27 03:44:31,-4.00,65.72600000,4491423.76550000
2026-03-27 03:44:31,-3.00,63.56000000,4347311.03020000
2026-03-27 03:44:31,-2.00,55.21500000,3785848.10890000
2026-03-27 03:44:31,-1.00,49.78000000,3417543.52490000
2026-03-27 03:44:31,-0.20,12.32500000,847778.76700000
2026-03-27 03:44:31,0.20,7.02800000,484722.79030000
2026-03-27 03:44:31,1.00,50.53800000,3494027.06210000
2026-03-27 03:44:31,2.00,56.30400000,3897536.05100000
2026-03-27 03:44:31,3.00,60.62400000,4203563.61760000
2026-03-27 03:44:31,4.00,62.40000000,4330286.41960000
2026-03-27 03:44:31,5.00,62.96500000,4371006.06450000
2026-03-27 03:45:04,-5.00,66.48500000,4541589.48230000
2026-03-27 03:45:04,-4.00,65.85100000,4499928.79730000
2026-03-27 03:45:04,-3.00,63.68500000,4355816.06200000
2026-03-27 03:45:04,-2.00,55.34000000,3794353.14070000
2026-03-27 03:45:04,-1.00,49.90100000,3425775.75670000
2026-03-27 03:45:04,-0.20,12.16300000,836618.70300000
2026-03-27 03:45:04,0.20,6.87600000,474228.31800000
2026-03-27 03:45:04,1.00,50.67400000,3503496.58420000
2026-03-27 03:45:04,2.00,56.44000000,3907005.57310000
2026-03-27 03:45:04,3.00,60.76000000,4213033.13970000
2026-03-27 03:45:04,4.00,62.53600000,4339755.94170000
2026-03-27 03:45:04,5.00,63.10100000,4380475.58660000
2026-03-27 03:45:31,-5.00,66.75500000,4559428.53060000
2026-03-27 03:45:31,-4.00,66.11800000,4517583.47480000
2026-03-27 03:45:31,-3.00,63.95200000,4373470.73950000
2026-03-27 03:45:31,-2.00,55.64500000,3814572.81810000
2026-03-27 03:45:31,-1.00,50.17300000,3443771.42600000
2026-03-27 03:45:31,-0.20,11.26000000,774420.62340000
2026-03-27 03:45:31,0.20,8.26300000,569789.16510000
2026-03-27 03:45:31,1.00,50.54700000,3494074.13890000
2026-03-27 03:45:31,2.00,56.31400000,3897652.69750000
2026-03-27 03:45:31,3.00,60.62100000,4202761.65420000
2026-03-27 03:45:31,4.00,62.41000000,4330411.28600000
2026-03-27 03:45:31,5.00,62.97500000,4371130.93090000
2026-03-27 03:46:02,-5.00,66.58100000,4547107.13900000
2026-03-27 03:46:02,-4.00,65.95200000,4505790.97120000
2026-03-27 03:46:02,-3.00,63.77800000,4361149.34790000
2026-03-27 03:46:02,-2.00,60.47100000,4139691.42650000
2026-03-27 03:46:02,-1.00,49.99900000,3431450.03440000
2026-03-27 03:46:02,-0.20,12.54000000,862345.33460000
2026-03-27 03:46:02,0.20,4.89500000,337418.25320000
2026-03-27 03:46:02,1.00,49.97400000,3454043.06880000
2026-03-27 03:46:02,2.00,55.74100000,3857621.62740000
2026-03-27 03:46:02,3.00,60.04800000,4162730.58410000
2026-03-27 03:46:02,4.00,61.83700000,4290376.84110000
2026-03-27 03:46:02,5.00,62.40200000,4331096.48600000
2026-03-27 03:46:31,-5.00,66.52300000,4543120.07180000
2026-03-27 03:46:31,-4.00,65.89400000,4501803.90400000
2026-03-27 03:46:31,-3.00,63.72000000,4357162.28070000
2026-03-27 03:46:31,-2.00,60.41300000,4135704.35930000
2026-03-27 03:46:31,-1.00,49.94100000,3427462.96720000
2026-03-27 03:46:31,-0.20,12.48200000,858324.96740000
2026-03-27 03:46:31,0.20,7.09000000,488780.91800000
2026-03-27 03:46:31,1.00,50.60700000,3497698.47040000
2026-03-27 03:46:31,2.00,56.37400000,3901277.02900000
2026-03-27 03:46:31,3.00,60.69400000,4207305.56150000
2026-03-27 03:46:31,4.00,62.47000000,4334028.36350000
2026-03-27 03:46:31,5.00,63.03500000,4374748.00840000
2026-03-27 03:47:00,-5.00,66.68000000,4554187.60930000
2026-03-27 03:47:00,-4.00,66.04300000,4512342.55350000
2026-03-27 03:47:00,-3.00,63.87700000,4368229.81820000
2026-03-27 03:47:00,-2.00,55.57000000,3809331.89680000
2026-03-27 03:47:00,-1.00,50.09800000,3438530.50470000
2026-03-27 03:47:00,-0.20,11.18600000,769290.74110000
2026-03-27 03:47:00,0.20,8.44900000,582603.33490000
2026-03-27 03:47:00,1.00,50.51300000,3491457.00320000
2026-03-27 03:47:00,2.00,56.28000000,3895035.56180000
2026-03-27 03:47:00,3.00,60.60000000,4201065.27340000
2026-03-27 03:47:00,4.00,62.37600000,4327788.07540000
2026-03-27 03:47:00,5.00,62.94100000,4368507.72030000
2026-03-27 03:47:31,-5.00,66.67900000,4554327.44000000
2026-03-27 03:47:31,-4.00,66.04200000,4512482.38420000
2026-03-27 03:47:31,-3.00,63.87600000,4368369.64890000
2026-03-27 03:47:31,-2.00,55.56900000,3809471.72750000
2026-03-27 03:47:31,-1.00,50.09700000,3438670.33540000
2026-03-27 03:47:31,-0.20,11.18600000,769343.40500000
2026-03-27 03:47:31,0.20,6.98800000,481825.51260000
2026-03-27 03:47:31,1.00,50.51500000,3491677.62330000
2026-03-27 03:47:31,2.00,56.28200000,3895256.18190000
2026-03-27 03:47:31,3.00,60.60200000,4201284.82100000
2026-03-27 03:47:31,4.00,62.37800000,4328007.62300000
2026-03-27 03:47:31,5.00,62.94300000,4368727.26790000
2026-03-27 03:48:00,-5.00,66.68100000,4554459.97090000
2026-03-27 03:48:00,-4.00,66.04400000,4512614.91510000
2026-03-27 03:48:00,-3.00,63.87800000,4368502.17980000
2026-03-27 03:48:00,-2.00,55.57100000,3809604.25840000
2026-03-27 03:48:00,-1.00,50.09900000,3438802.86630000
2026-03-27 03:48:00,-0.20,12.64000000,869259.67390000
2026-03-27 03:48:00,0.20,6.30600000,434824.14330000
2026-03-27 03:48:00,1.00,49.84600000,3445589.58530000
2026-03-27 03:48:00,2.00,55.61300000,3849168.14390000
2026-03-27 03:48:00,3.00,59.93300000,4155196.01470000
2026-03-27 03:48:00,4.00,61.70900000,4281918.81670000
2026-03-27 03:48:00,5.00,62.27400000,4322638.46160000
2026-03-27 03:48:30,-5.00,66.62200000,4550306.77600000
2026-03-27 03:48:30,-4.00,65.98500000,4508461.72020000
2026-03-27 03:48:30,-3.00,63.81900000,4364348.98490000
2026-03-27 03:48:30,-2.00,55.51200000,3805451.06350000
2026-03-27 03:48:30,-1.00,50.04000000,3434649.67140000
2026-03-27 03:48:30,-0.20,11.12700000,765251.20020000
2026-03-27 03:48:30,0.20,6.26200000,431788.38810000
2026-03-27 03:48:30,1.00,49.77700000,3440828.50800000
2026-03-27 03:48:30,2.00,55.54400000,3844407.06660000
2026-03-27 03:48:30,3.00,59.85100000,4149517.00610000
2026-03-27 03:48:30,4.00,61.62700000,4276239.80810000
2026-03-27 03:48:30,5.00,62.19200000,4316959.45300000
2026-03-27 03:49:00,-5.00,66.33800000,4530718.71750000
2026-03-27 03:49:00,-4.00,65.70900000,4489402.54970000
2026-03-27 03:49:00,-3.00,63.53500000,4344760.92640000
2026-03-27 03:49:00,-2.00,60.22800000,4123303.00500000
2026-03-27 03:49:00,-1.00,49.75600000,3415061.61290000
2026-03-27 03:49:00,-0.20,12.29600000,845530.00550000
2026-03-27 03:49:00,0.20,5.61200000,386906.11230000
2026-03-27 03:49:00,1.00,49.34800000,3411156.98450000
2026-03-27 03:49:00,2.00,55.11500000,3814735.54310000
2026-03-27 03:49:00,3.00,59.42200000,4119845.48260000
2026-03-27 03:49:00,4.00,61.19800000,4246568.28460000
2026-03-27 03:49:00,5.00,61.76300000,4287287.92950000
2026-03-27 03:49:32,-5.00,66.62500000,4550384.15820000
2026-03-27 03:49:32,-4.00,65.98800000,4508539.10240000
2026-03-27 03:49:32,-3.00,63.82200000,4364426.36710000
2026-03-27 03:49:32,-2.00,55.51500000,3805528.44570000
2026-03-27 03:49:32,-1.00,50.01700000,3432959.28760000
2026-03-27 03:49:32,-0.20,11.10400000,763659.81640000
2026-03-27 03:49:32,0.20,8.35100000,575845.62880000
2026-03-27 03:49:32,1.00,50.41500000,3484704.69710000
2026-03-27 03:49:32,2.00,56.18200000,3888283.25570000
2026-03-27 03:49:32,3.00,60.50200000,4194314.15810000
2026-03-27 03:49:32,4.00,62.27800000,4321036.96010000
2026-03-27 03:49:32,5.00,62.84300000,4361756.60500000
2026-03-27 03:50:04,-5.00,66.63700000,4551447.30750000
2026-03-27 03:50:04,-4.00,66.00000000,4509602.25170000
2026-03-27 03:50:04,-3.00,63.83400000,4365489.51640000
2026-03-27 03:50:04,-2.00,55.48900000,3804026.59510000
2026-03-27 03:50:04,-1.00,50.02800000,3433954.24510000
2026-03-27 03:50:04,-0.20,11.01200000,757416.79480000
2026-03-27 03:50:04,0.20,6.75300000,465744.98520000
2026-03-27 03:50:04,1.00,50.48500000,3489883.54170000
2026-03-27 03:50:04,2.00,56.25100000,3893392.53060000
2026-03-27 03:50:04,3.00,60.57100000,4199423.11710000
2026-03-27 03:50:04,4.00,62.34700000,4326145.91910000
2026-03-27 03:50:04,5.00,62.91200000,4366865.56400000
2026-03-27 03:50:32,-5.00,66.56300000,4546150.79610000
2026-03-27 03:50:32,-4.00,65.92600000,4504305.74030000
2026-03-27 03:50:32,-3.00,63.76000000,4360193.00500000
2026-03-27 03:50:32,-2.00,55.45300000,3801295.08360000
2026-03-27 03:50:32,-1.00,49.95500000,3428725.92550000
2026-03-27 03:50:32,-0.20,12.49400000,859228.95910000
2026-03-27 03:50:32,0.20,6.36600000,438906.99530000
2026-03-27 03:50:32,1.00,50.61000000,3498153.09520000
2026-03-27 03:50:32,2.00,56.37700000,3901731.65380000
2026-03-27 03:50:32,3.00,60.69700000,4207761.99200000
2026-03-27 03:50:32,4.00,62.47300000,4334484.79400000
2026-03-27 03:50:32,5.00,63.03800000,4375204.43890000
2026-03-27 03:51:01,-5.00,66.67800000,4554053.14030000
2026-03-27 03:51:01,-4.00,66.04100000,4512208.08450000
2026-03-27 03:51:01,-3.00,63.87500000,4368095.34920000
2026-03-27 03:51:01,-2.00,55.53000000,3806632.42790000
2026-03-27 03:51:01,-1.00,50.06500000,3436287.27790000
2026-03-27 03:51:01,-0.20,9.60100000,660380.83990000
2026-03-27 03:51:01,0.20,8.49800000,586207.39930000
2026-03-27 03:51:01,1.00,49.01200000,3388014.81480000
2026-03-27 03:51:01,2.00,54.77800000,3791523.80370000
2026-03-27 03:51:01,3.00,59.09800000,4097553.46070000
2026-03-27 03:51:01,4.00,60.87400000,4224276.26270000
2026-03-27 03:51:01,5.00,61.43900000,4264995.90760000
2026-03-27 03:51:33,-5.00,48.49500000,3306603.90760000
2026-03-27 03:51:33,-4.00,47.86600000,3265287.73980000
2026-03-27 03:51:33,-3.00,45.69200000,3120647.50840000
2026-03-27 03:51:33,-2.00,42.38500000,2899189.58700000
2026-03-27 03:51:33,-1.00,31.88700000,2189180.42890000
2026-03-27 03:51:33,-0.20,12.42700000,854589.08830000
2026-03-27 03:51:33,0.20,6.95900000,479743.54670000
2026-03-27 03:51:33,1.00,32.69800000,2259623.76390000
2026-03-27 03:51:33,2.00,38.46500000,2663202.32250000
2026-03-27 03:51:33,3.00,42.78500000,2969229.49650000
2026-03-27 03:51:33,4.00,44.56100000,3095952.29850000
2026-03-27 03:51:33,5.00,45.12600000,3136671.94340000
2026-03-27 03:52:02,-5.00,66.65700000,4552664.51880000
2026-03-27 03:52:02,-4.00,66.02000000,4510819.46300000
2026-03-27 03:52:02,-3.00,63.85400000,4366708.11960000
2026-03-27 03:52:02,-2.00,55.54700000,3807810.19820000
2026-03-27 03:52:02,-1.00,50.04900000,3435241.04010000
2026-03-27 03:52:02,-0.20,11.13600000,765891.49670000
2026-03-27 03:52:02,0.20,7.08000000,488149.11150000
2026-03-27 03:52:02,1.00,50.60800000,3497965.41320000
2026-03-27 03:52:02,2.00,56.37500000,3901543.97180000
2026-03-27 03:52:02,3.00,60.69500000,4207571.14580000
2026-03-27 03:52:02,4.00,62.47100000,4334293.94780000
2026-03-27 03:52:02,5.00,63.03600000,4375013.59270000
2026-03-27 03:52:30,-5.00,48.69000000,3320063.92600000
2026-03-27 03:52:30,-4.00,48.05300000,3278218.87020000
2026-03-27 03:52:30,-3.00,45.88700000,3134107.52680000
2026-03-27 03:52:30,-2.00,37.54200000,2572644.60550000
2026-03-27 03:52:30,-1.00,32.08100000,2202572.25550000
2026-03-27 03:52:30,-0.20,9.61300000,661206.51750000
2026-03-27 03:52:30,0.20,10.02800000,691639.12050000
2026-03-27 03:52:30,1.00,32.54300000,2249013.55850000
2026-03-27 03:52:30,2.00,38.30900000,2652522.54740000
2026-03-27 03:52:30,3.00,42.62900000,2958551.39190000
2026-03-27 03:52:30,4.00,44.40500000,3085274.19390000
2026-03-27 03:52:30,5.00,44.97000000,3125993.83880000
2026-03-27 03:53:02,-5.00,47.56200000,3242474.64140000
2026-03-27 03:53:02,-4.00,46.92500000,3200629.58560000
2026-03-27 03:53:02,-3.00,44.75900000,3056518.24220000
2026-03-27 03:53:02,-2.00,36.41400000,2495055.32090000
2026-03-27 03:53:02,-1.00,30.95300000,2124982.97090000
2026-03-27 03:53:02,-0.20,9.93600000,683356.07090000
2026-03-27 03:53:02,0.20,7.07500000,487947.85720000
2026-03-27 03:53:02,1.00,31.25800000,2160461.47500000
2026-03-27 03:53:02,2.00,37.02400000,2563970.46390000
2026-03-27 03:53:02,3.00,41.34400000,2869998.09420000
2026-03-27 03:53:02,4.00,43.12000000,2996720.89620000
2026-03-27 03:53:02,5.00,43.68500000,3037440.54110000
2026-03-27 03:53:32,-5.00,66.52300000,4543485.80560000
2026-03-27 03:53:32,-4.00,65.88600000,4501640.74980000
2026-03-27 03:53:32,-3.00,63.72000000,4357529.40640000
2026-03-27 03:53:32,-2.00,55.41300000,3798631.48500000
2026-03-27 03:53:32,-1.00,49.91500000,3426062.32690000
2026-03-27 03:53:32,-0.20,12.45400000,856502.36050000
2026-03-27 03:53:32,0.20,6.79800000,468697.78320000
2026-03-27 03:53:32,1.00,50.53000000,3492680.85630000
2026-03-27 03:53:32,2.00,56.29700000,3896259.41490000
2026-03-27 03:53:32,3.00,60.61700000,4202287.04520000
2026-03-27 03:53:32,4.00,62.39300000,4329009.84720000
2026-03-27 03:53:32,5.00,62.95800000,4369729.49210000
2026-03-27 03:54:00,-5.00,65.49900000,4473036.51320000
2026-03-27 03:54:00,-4.00,64.86200000,4431191.45740000
2026-03-27 03:54:00,-3.00,62.69600000,4287080.11400000
2026-03-27 03:54:00,-2.00,54.35100000,3725617.19270000
2026-03-27 03:54:00,-1.00,48.89000000,3355544.84270000
2026-03-27 03:54:00,-0.20,9.87300000,679018.04270000
2026-03-27 03:54:00,0.20,7.09200000,489119.13700000
2026-03-27 03:54:00,1.00,49.27500000,3406197.75480000
2026-03-27 03:54:00,2.00,55.04100000,3809706.74370000
2026-03-27 03:54:00,3.00,59.36100000,4115734.37400000
2026-03-27 03:54:00,4.00,61.13700000,4242457.17600000
2026-03-27 03:54:00,5.00,61.70200000,4283176.82090000
2026-03-27 03:54:32,-5.00,66.66600000,4553300.96950000
2026-03-27 03:54:32,-4.00,66.02900000,4511455.91370000
2026-03-27 03:54:32,-3.00,63.86300000,4367344.57030000
2026-03-27 03:54:32,-2.00,55.55600000,3808446.64890000
2026-03-27 03:54:32,-1.00,50.05800000,3435877.49080000
2026-03-27 03:54:32,-0.20,12.59600000,866248.78540000
2026-03-27 03:54:32,0.20,6.80000000,468838.45720000
2026-03-27 03:54:32,1.00,50.54400000,3493629.25240000
2026-03-27 03:54:32,2.00,56.31100000,3897207.81100000
2026-03-27 03:54:32,3.00,60.63100000,4203236.78030000
2026-03-27 03:54:32,4.00,62.40700000,4329959.58230000
2026-03-27 03:54:32,5.00,62.97200000,4370679.22720000
2026-03-27 03:55:04,-5.00,65.09800000,4445336.74980000
2026-03-27 03:55:04,-4.00,64.46900000,4404020.58200000
2026-03-27 03:55:04,-3.00,62.29500000,4259380.35060000
2026-03-27 03:55:04,-2.00,58.98800000,4037922.42920000
2026-03-27 03:55:04,-1.00,48.49000000,3327913.27110000
2026-03-27 03:55:04,-0.20,11.03000000,758488.63050000
2026-03-27 03:55:04,0.20,4.86100000,335178.75950000
2026-03-27 03:55:04,1.00,48.59600000,3359241.39340000
2026-03-27 03:55:04,2.00,54.36300000,3762819.95200000
2026-03-27 03:55:04,3.00,58.67000000,4067929.79400000
2026-03-27 03:55:04,4.00,60.45900000,4195576.16540000
2026-03-27 03:55:04,5.00,61.02400000,4236295.81030000
2026-03-27 03:55:32,-5.00,66.67800000,4552318.22490000
2026-03-27 03:55:32,-4.00,66.05700000,4511543.72810000
2026-03-27 03:55:32,-3.00,63.87500000,4366374.69670000
2026-03-27 03:55:32,-2.00,60.56800000,4144916.77530000
2026-03-27 03:55:32,-1.00,50.07200000,3435043.91770000
2026-03-27 03:55:32,-0.20,14.16400000,973332.61130000
2026-03-27 03:55:32,0.20,6.18100000,425909.08000000
2026-03-27 03:55:32,1.00,49.98600000,3453280.92950000
2026-03-27 03:55:32,2.00,55.11900000,3812336.65660000
2026-03-27 03:55:32,3.00,60.07400000,4162960.37710000
2026-03-27 03:55:32,4.00,61.84200000,4289110.53910000
2026-03-27 03:55:32,5.00,62.20100000,4314934.77830000
2026-03-27 03:56:01,-5.00,66.69600000,4552643.40870000
2026-03-27 03:56:01,-4.00,66.07500000,4511868.91190000
2026-03-27 03:56:01,-3.00,64.34200000,4396670.94480000
2026-03-27 03:56:01,-2.00,60.59100000,4145579.19910000
2026-03-27 03:56:01,-1.00,50.09100000,3435437.22490000
2026-03-27 03:56:01,-0.20,12.61900000,867046.88670000
2026-03-27 03:56:01,0.20,7.86100000,541621.28770000
2026-03-27 03:56:01,1.00,49.88700000,3445741.26160000
2026-03-27 03:56:01,2.00,53.75300000,3715855.74320000
2026-03-27 03:56:01,3.00,57.36100000,3970140.44200000
2026-03-27 03:56:01,4.00,61.74400000,4281636.49020000
2026-03-27 03:56:01,5.00,62.10400000,4307532.30080000
2026-03-27 03:56:32,-5.00,65.64300000,4480256.63120000
2026-03-27 03:56:32,-4.00,65.02200000,4439482.13440000
2026-03-27 03:56:32,-3.00,63.28900000,4324284.16730000
2026-03-27 03:56:32,-2.00,59.53800000,4073192.42160000
2026-03-27 03:56:32,-1.00,49.03800000,3363077.20050000
2026-03-27 03:56:32,-0.20,11.56700000,794725.83290000
2026-03-27 03:56:32,0.20,7.36600000,507507.15470000
2026-03-27 03:56:32,1.00,49.39200000,3411524.52860000
2026-03-27 03:56:32,2.00,53.25900000,3681679.64800000
2026-03-27 03:56:32,3.00,56.58800000,3916189.09110000
2026-03-27 03:56:32,4.00,61.25000000,4247458.70630000
2026-03-27 03:56:32,5.00,61.61000000,4273354.51690000
2026-03-27 03:57:01,-5.00,47.68600000,3249298.69530000
2026-03-27 03:57:01,-4.00,47.06500000,3208524.19850000
2026-03-27 03:57:01,-3.00,45.33200000,3093326.23140000
2026-03-27 03:57:01,-2.00,41.58100000,2842234.48570000
2026-03-27 03:57:01,-1.00,31.08100000,2132119.26460000
2026-03-27 03:57:01,-0.20,11.60900000,797617.66480000
2026-03-27 03:57:01,0.20,7.43200000,512055.28600000
2026-03-27 03:57:01,1.00,31.45800000,2172629.95990000
2026-03-27 03:57:01,2.00,35.32500000,2442785.07930000
2026-03-27 03:57:01,3.00,39.49100000,2736613.90380000
2026-03-27 03:57:01,4.00,43.31600000,3008562.03680000
2026-03-27 03:57:01,5.00,43.67600000,3034457.84740000
2026-03-27 03:57:32,-5.00,48.71600000,3319727.71430000
2026-03-27 03:57:32,-4.00,48.09500000,3278953.21750000
2026-03-27 03:57:32,-3.00,46.36200000,3163755.25040000
2026-03-27 03:57:32,-2.00,42.61100000,2912663.50470000
2026-03-27 03:57:32,-1.00,32.11100000,2202548.28360000
2026-03-27 03:57:32,-0.20,6.30800000,433496.26600000
2026-03-27 03:57:32,0.20,9.61900000,662712.62310000
2026-03-27 03:57:32,1.00,32.40600000,2237840.86400000
2026-03-27 03:57:32,2.00,36.27300000,2507995.98340000
2026-03-27 03:57:32,3.00,39.60200000,2742503.32570000
2026-03-27 03:57:32,4.00,44.26400000,3073772.94090000
2026-03-27 03:57:32,5.00,44.62400000,3099668.75150000
2026-03-27 03:58:01,-5.00,66.80400000,4559546.33250000
2026-03-27 03:58:01,-4.00,66.18300000,4518771.83570000
2026-03-27 03:58:01,-3.00,64.45000000,4403573.86860000
2026-03-27 03:58:01,-2.00,60.69900000,4152482.12290000
2026-03-27 03:58:01,-1.00,50.19900000,3442366.90180000
2026-03-27 03:58:01,-0.20,6.39100000,439226.33600000
2026-03-27 03:58:01,0.20,9.86500000,679696.23680000
2026-03-27 03:58:01,1.00,50.43800000,3483375.86830000
2026-03-27 03:58:01,2.00,54.30500000,3753530.98770000
2026-03-27 03:58:01,3.00,57.91300000,4007811.89700000
2026-03-27 03:58:01,4.00,62.29600000,4319307.94520000
2026-03-27 03:58:01,5.00,62.65600000,4345203.75580000
2026-03-27 03:58:33,-5.00,66.77100000,4557082.03200000
2026-03-27 03:58:33,-4.00,66.15000000,4516307.53520000
2026-03-27 03:58:33,-3.00,64.41700000,4401109.56810000
2026-03-27 03:58:33,-2.00,60.66600000,4150017.82240000
2026-03-27 03:58:33,-1.00,50.16600000,3439902.60130000
2026-03-27 03:58:33,-0.20,7.93300000,545072.84910000
2026-03-27 03:58:33,0.20,5.23100000,360300.63070000
2026-03-27 03:58:33,1.00,49.74400000,3435471.58510000
2026-03-27 03:58:33,2.00,53.61100000,3705626.70450000
2026-03-27 03:58:33,3.00,56.94000000,3940134.18850000
2026-03-27 03:58:33,4.00,61.60200000,4271403.80370000
2026-03-27 03:58:33,5.00,61.96200000,4297299.61430000
2026-03-27 03:59:33,-5.00,65.95900000,4503069.65460000
2026-03-27 03:59:33,-4.00,65.64300000,4482291.62880000
2026-03-27 03:59:33,-3.00,63.91000000,4367093.66170000
2026-03-27 03:59:33,-2.00,60.60800000,4145972.98030000
2026-03-27 03:59:33,-1.00,50.10800000,3435857.75920000
2026-03-27 03:59:33,-0.20,7.87500000,541042.40700000
2026-03-27 03:59:33,0.20,5.96800000,410992.46870000
2026-03-27 03:59:33,1.00,50.51600000,3488589.32960000
2026-03-27 03:59:33,2.00,54.38300000,3758744.44900000
2026-03-27 03:59:33,3.00,57.71200000,3993251.93300000
2026-03-27 03:59:33,4.00,62.37400000,4324521.54820000
2026-03-27 03:59:33,5.00,62.73400000,4350417.35880000
2026-03-27 04:00:06,-5.00,65.93000000,4501064.88960000
2026-03-27 04:00:06,-4.00,65.61400000,4480286.86380000
2026-03-27 04:00:06,-3.00,63.88100000,4365088.89670000
2026-03-27 04:00:06,-2.00,60.57900000,4143968.21530000
2026-03-27 04:00:06,-1.00,50.07900000,3433852.99420000
2026-03-27 04:00:06,-0.20,6.39300000,439278.14920000
2026-03-27 04:00:06,0.20,7.42100000,511150.80710000
2026-03-27 04:00:06,1.00,50.48800000,3486641.55840000
2026-03-27 04:00:06,2.00,54.35500000,3756796.67780000
2026-03-27 04:00:06,3.00,57.64500000,3988552.10990000
2026-03-27 04:00:06,4.00,62.30700000,4319821.72510000
2026-03-27 04:00:06,5.00,62.66700000,4345717.53570000
2026-03-27 04:00:43,-5.00,67.59000000,4612480.50310000
2026-03-27 04:00:43,-4.00,67.27400000,4591702.47730000
2026-03-27 04:00:43,-3.00,65.54100000,4476504.51020000
2026-03-27 04:00:43,-2.00,62.23900000,4255383.82880000
2026-03-27 04:00:43,-1.00,51.74200000,3545472.90770000
2026-03-27 04:00:43,-0.20,7.26400000,498995.69680000
2026-03-27 04:00:43,0.20,8.63600000,594734.74750000
2026-03-27 04:00:43,1.00,42.03200000,2902192.77640000
2026-03-27 04:00:43,2.00,45.89900000,3172347.89580000
2026-03-27 04:00:43,3.00,49.20100000,3404950.69590000
2026-03-27 04:00:43,4.00,53.86400000,3736291.16820000
2026-03-27 04:00:43,5.00,54.25000000,3764049.89700000
2026-03-27 04:01:01,-5.00,38.64100000,2625032.87430000
2026-03-27 04:01:01,-4.00,38.34700000,2605709.72270000
2026-03-27 04:01:01,-3.00,36.65400000,2493494.83990000
2026-03-27 04:01:01,-2.00,33.45000000,2279487.38890000
2026-03-27 04:01:01,-1.00,23.06200000,1577413.72120000
2026-03-27 04:01:01,-0.20,0.78400000,53791.86600000
2026-03-27 04:01:01,0.20,10.74700000,738900.97340000
2026-03-27 04:01:01,1.00,28.97200000,1995960.22640000
2026-03-27 04:01:01,2.00,34.10600000,2354747.49330000
2026-03-27 04:01:01,3.00,36.15400000,2499058.84380000
2026-03-27 04:01:01,4.00,40.83200000,2831047.77950000
2026-03-27 04:01:01,5.00,41.19400000,2857080.89570000
2026-03-27 04:01:31,-5.00,61.33900000,4165373.07730000
2026-03-27 04:01:31,-4.00,61.03800000,4145683.37000000
2026-03-27 04:01:31,-3.00,58.90900000,4004624.71270000
2026-03-27 04:01:31,-2.00,55.67500000,3788977.87790000
2026-03-27 04:01:31,-1.00,41.99400000,2864009.14540000
2026-03-27 04:01:31,-0.20,7.69800000,526617.13400000
2026-03-27 04:01:31,0.20,3.09900000,212461.06130000
2026-03-27 04:01:31,1.00,26.19500000,1803261.08890000
2026-03-27 04:01:31,2.00,27.23000000,1875345.70860000
2026-03-27 04:01:31,3.00,32.10700000,2216622.25110000
2026-03-27 04:01:31,4.00,37.57100000,2603582.09020000
2026-03-27 04:01:31,5.00,38.31000000,2656418.77850000
2026-03-27 04:02:02,-5.00,45.85300000,3112267.32240000
2026-03-27 04:02:02,-4.00,45.45700000,3086293.40560000
2026-03-27 04:02:02,-3.00,42.80000000,2910344.02930000
2026-03-27 04:02:02,-2.00,38.80500000,2643424.79550000
2026-03-27 04:02:02,-1.00,29.70900000,2028535.35300000
2026-03-27 04:02:02,-0.20,4.06200000,278391.58650000
2026-03-27 04:02:02,0.20,3.53700000,242863.00410000
2026-03-27 04:02:02,1.00,27.40400000,1888036.94230000
2026-03-27 04:02:02,2.00,35.32600000,2439087.50310000
2026-03-27 04:02:02,3.00,40.10200000,2775180.28050000
2026-03-27 04:02:02,4.00,43.36600000,3007093.26140000
2026-03-27 04:02:02,5.00,43.69000000,3030379.69640000
2026-03-27 04:02:32,-5.00,62.26400000,4231778.62250000
2026-03-27 04:02:32,-4.00,61.97600000,4212935.13000000
2026-03-27 04:02:32,-3.00,59.78100000,4067811.36300000
2026-03-27 04:02:32,-2.00,56.52100000,3850671.75520000
2026-03-27 04:02:32,-1.00,46.10100000,3146857.77400000
2026-03-27 04:02:32,-0.20,2.76100000,189091.94010000
2026-03-27 04:02:32,0.20,2.52500000,173267.36320000
2026-03-27 04:02:32,1.00,42.99000000,2958789.84280000
2026-03-27 04:02:32,2.00,50.91300000,3509879.33430000
2026-03-27 04:02:32,3.00,55.67600000,3845053.88660000
2026-03-27 04:02:32,4.00,58.48000000,4044141.91680000
2026-03-27 04:02:32,5.00,59.21200000,4096485.04190000
2026-03-27 04:03:02,-5.00,63.43200000,4311958.96920000
2026-03-27 04:03:02,-4.00,62.83900000,4273197.59550000
2026-03-27 04:03:02,-3.00,60.64400000,4128073.82850000
2026-03-27 04:03:02,-2.00,56.05300000,3821504.41330000
2026-03-27 04:03:02,-1.00,46.96300000,3207052.35550000
2026-03-27 04:03:02,-0.20,3.83800000,262859.83030000
2026-03-27 04:03:02,0.20,4.91400000,337348.25700000
2026-03-27 04:03:02,1.00,44.95200000,3094005.97830000
2026-03-27 04:03:02,2.00,52.87500000,3645095.46980000
2026-03-27 04:03:02,3.00,57.63800000,3980270.02210000
2026-03-27 04:03:02,4.00,60.42900000,4178433.73410000
2026-03-27 04:03:02,5.00,61.23900000,4236384.79660000
2026-03-27 04:03:30,-5.00,64.57000000,4391659.16720000
2026-03-27 04:03:30,-4.00,63.86800000,4345702.22640000
2026-03-27 04:03:30,-3.00,61.21100000,4169752.85010000
2026-03-27 04:03:30,-2.00,57.21600000,3902833.61630000
2026-03-27 04:03:30,-1.00,48.12100000,3288015.99750000
2026-03-27 04:03:30,-0.20,4.99600000,342378.77670000
2026-03-27 04:03:30,0.20,4.40900000,302777.95890000
2026-03-27 04:03:30,1.00,45.07500000,3103297.53350000
2026-03-27 04:03:30,2.00,52.99700000,3654346.31430000
2026-03-27 04:03:30,3.00,57.77300000,3990439.09170000
2026-03-27 04:03:30,4.00,61.05000000,4223274.63840000
2026-03-27 04:03:30,5.00,61.36100000,4245630.26950000
2026-03-27 04:04:02,-5.00,64.97700000,4421420.35890000
2026-03-27 04:04:02,-4.00,64.32500000,4378722.41310000
2026-03-27 04:04:02,-3.00,61.28600000,4177347.99050000
2026-03-27 04:04:02,-2.00,57.65100000,3934374.19300000
2026-03-27 04:04:02,-1.00,48.57700000,3320967.36600000
2026-03-27 04:04:02,-0.20,4.82600000,330884.65650000
2026-03-27 04:04:02,0.20,4.80100000,329833.31150000
2026-03-27 04:04:02,1.00,48.70700000,3355912.70050000
2026-03-27 04:04:02,2.00,53.83900000,3714520.69260000
2026-03-27 04:04:02,3.00,57.30100000,3958654.85640000
2026-03-27 04:04:02,4.00,60.57800000,4191487.90970000
2026-03-27 04:04:02,5.00,60.89500000,4214275.84080000
2026-03-27 04:04:32,-5.00,64.46100000,4384671.92660000
2026-03-27 04:04:32,-4.00,63.89200000,4347474.41510000
2026-03-27 04:04:32,-3.00,61.69700000,4202350.64810000
2026-03-27 04:04:32,-2.00,57.11100000,3896117.23290000
2026-03-27 04:04:32,-1.00,48.01700000,3281370.09810000
2026-03-27 04:04:32,-0.20,8.20600000,561982.98880000
2026-03-27 04:04:32,0.20,4.69300000,322094.46200000
2026-03-27 04:04:32,1.00,45.17100000,3108681.67010000
2026-03-27 04:04:32,2.00,53.09400000,3659799.71280000
2026-03-27 04:04:32,3.00,57.85700000,3994974.26510000
2026-03-27 04:04:32,4.00,60.66100000,4194060.14510000
2026-03-27 04:04:32,5.00,61.39300000,4246403.27020000
2026-03-27 04:05:04,-5.00,64.86600000,4411723.31540000
2026-03-27 04:05:04,-4.00,64.29700000,4374525.80390000
2026-03-27 04:05:04,-3.00,62.10200000,4229402.03690000
2026-03-27 04:05:04,-2.00,57.51600000,3923168.62170000
2026-03-27 04:05:04,-1.00,48.42200000,3308421.48690000
2026-03-27 04:05:04,-0.20,10.17100000,696447.72000000
2026-03-27 04:05:04,0.20,5.01900000,344461.81060000
2026-03-27 04:05:04,1.00,45.05800000,3099953.89580000
2026-03-27 04:05:04,2.00,52.98100000,3651071.93850000
2026-03-27 04:05:04,3.00,57.74400000,3986246.49080000
2026-03-27 04:05:04,4.00,60.54800000,4185330.59760000
2026-03-27 04:05:04,5.00,61.28000000,4237673.72270000
2026-03-27 04:05:32,-5.00,65.22100000,4435311.31190000
2026-03-27 04:05:32,-4.00,64.65200000,4398113.80040000
2026-03-27 04:05:32,-3.00,62.51900000,4257113.03330000
2026-03-27 04:05:32,-2.00,59.19700000,4035850.42560000
2026-03-27 04:05:32,-1.00,48.77700000,3332009.48340000
2026-03-27 04:05:32,-0.20,5.09400000,348862.59720000
2026-03-27 04:05:32,0.20,4.05400000,278188.01270000
2026-03-27 04:05:32,1.00,48.86400000,3362849.64870000
2026-03-27 04:05:32,2.00,52.68500000,3629680.86160000
2026-03-27 04:05:32,3.00,57.44800000,3964855.41390000
2026-03-27 04:05:32,4.00,60.24100000,4163160.48180000
2026-03-27 04:05:32,5.00,60.98300000,4216215.92090000
2026-03-27 04:06:01,-5.00,47.25400000,3209382.37120000
2026-03-27 04:06:01,-4.00,46.68600000,3172250.00250000
2026-03-27 04:06:01,-3.00,44.19300000,3007302.70930000
2026-03-27 04:06:01,-2.00,39.90000000,2720556.82030000
2026-03-27 04:06:01,-1.00,30.81000000,2106077.80150000
2026-03-27 04:06:01,-0.20,9.00000000,616445.76410000
2026-03-27 04:06:01,0.20,6.20700000,426163.55510000
2026-03-27 04:06:01,1.00,31.59600000,2174549.40580000
2026-03-27 04:06:01,2.00,35.41600000,2441311.35680000
2026-03-27 04:06:01,3.00,40.17900000,2776485.90910000
2026-03-27 04:06:01,4.00,42.98300000,2975573.59870000
2026-03-27 04:06:01,5.00,43.78000000,3032596.72380000
2026-03-27 04:06:32,-5.00,47.99300000,3257518.13350000
2026-03-27 04:06:32,-4.00,47.41500000,3219734.72200000
2026-03-27 04:06:32,-3.00,45.28200000,3078733.95490000
2026-03-27 04:06:32,-2.00,42.01200000,2860964.66540000
2026-03-27 04:06:32,-1.00,32.07100000,2189662.45680000
2026-03-27 04:06:32,-0.20,6.69600000,458168.49990000
2026-03-27 04:06:32,0.20,4.83100000,331425.21560000
2026-03-27 04:06:32,1.00,31.41300000,2160987.70180000
2026-03-27 04:06:32,2.00,32.44700000,2233003.87560000
2026-03-27 04:06:32,3.00,37.34900000,2576042.18730000
2026-03-27 04:06:32,4.00,42.79100000,2961356.78020000
2026-03-27 04:06:32,5.00,43.52600000,3013908.45930000
2026-03-27 04:07:00,-5.00,67.45900000,4586777.12530000
2026-03-27 04:07:00,-4.00,66.89000000,4549579.61380000
2026-03-27 04:07:00,-3.00,64.75700000,4408578.84670000
2026-03-27 04:07:00,-2.00,61.48700000,4190809.55720000
2026-03-27 04:07:00,-1.00,51.54500000,3519439.49880000
2026-03-27 04:07:00,-0.20,6.81600000,466540.87940000
2026-03-27 04:07:00,0.20,6.68100000,458425.01070000
2026-03-27 04:07:00,1.00,49.78300000,3425111.33920000
2026-03-27 04:07:00,2.00,53.60500000,3692011.77980000
2026-03-27 04:07:00,3.00,55.73200000,3841081.45110000
2026-03-27 04:07:00,4.00,61.16100000,4225478.37140000
2026-03-27 04:07:00,5.00,61.89800000,4278173.95050000
2026-03-27 04:07:33,-5.00,67.17400000,4565345.41240000
2026-03-27 04:07:33,-4.00,66.59200000,4527325.01490000
2026-03-27 04:07:33,-3.00,64.45900000,4386324.24780000
2026-03-27 04:07:33,-2.00,61.22400000,4170904.85480000
2026-03-27 04:07:33,-1.00,51.25700000,3497900.45080000
2026-03-27 04:07:33,-0.20,12.96800000,886828.81780000
2026-03-27 04:07:33,0.20,4.95000000,339321.17590000
2026-03-27 04:07:33,1.00,49.93200000,3433045.03090000
2026-03-27 04:07:33,2.00,52.24400000,3594218.00460000
2026-03-27 04:07:33,3.00,58.55300000,4036927.59080000
2026-03-27 04:07:33,4.00,61.32300000,4233318.07390000
2026-03-27 04:07:33,5.00,62.06300000,4286225.99800000
2026-03-27 04:08:02,-5.00,49.23800000,3341072.38720000
2026-03-27 04:08:02,-4.00,48.65900000,3303251.28180000
2026-03-27 04:08:02,-3.00,46.52000000,3161856.08910000
2026-03-27 04:08:02,-2.00,43.29600000,2947240.30630000
2026-03-27 04:08:02,-1.00,33.32300000,2273838.05170000
2026-03-27 04:08:02,-0.20,9.39700000,642423.33730000
2026-03-27 04:08:02,0.20,4.85600000,332762.84380000
2026-03-27 04:08:02,1.00,27.53200000,1890306.57280000
2026-03-27 04:08:02,2.00,34.03000000,2340834.38690000
2026-03-27 04:08:02,3.00,40.47900000,2793322.22430000
2026-03-27 04:08:02,4.00,43.25000000,2989783.22630000
2026-03-27 04:08:02,5.00,43.80600000,3029463.02040000
2026-03-27 04:08:31,-5.00,67.69100000,4597368.86000000
2026-03-27 04:08:31,-4.00,67.15200000,4562176.21060000
2026-03-27 04:08:31,-3.00,64.97800000,4418484.55530000
2026-03-27 04:08:31,-2.00,61.75200000,4203770.52670000
2026-03-27 04:08:31,-1.00,51.40900000,3505403.75770000
2026-03-27 04:08:31,-0.20,8.25300000,564070.30600000
2026-03-27 04:08:31,0.20,5.39200000,369360.19950000
2026-03-27 04:08:31,1.00,50.64200000,3478958.38680000
2026-03-27 04:08:31,2.00,52.81800000,3630600.11050000
2026-03-27 04:08:31,3.00,59.24500000,4081536.85650000
2026-03-27 04:08:31,4.00,62.03800000,4279549.65930000
2026-03-27 04:08:31,5.00,62.58200000,4318366.92940000
2026-03-27 04:09:01,-5.00,68.21600000,4627319.09920000
2026-03-27 04:09:01,-4.00,67.72100000,4595057.64060000
2026-03-27 04:09:01,-3.00,65.99400000,4481068.19960000
2026-03-27 04:09:01,-2.00,62.44600000,4245264.84310000
2026-03-27 04:09:01,-1.00,54.72400000,3724643.97100000
2026-03-27 04:09:01,-0.20,5.01100000,342126.56810000
2026-03-27 04:09:01,0.20,3.78400000,258879.77490000
2026-03-27 04:09:01,1.00,49.73700000,3412988.27340000
2026-03-27 04:09:01,2.00,52.92400000,3634273.42020000
2026-03-27 04:09:01,3.00,58.33900000,4014036.68770000
2026-03-27 04:09:01,4.00,61.11900000,4211131.48970000
2026-03-27 04:09:01,5.00,61.66500000,4250084.80070000
2026-03-27 04:10:04,-5.00,68.02900000,4613937.77940000
2026-03-27 04:10:04,-4.00,67.53400000,4581676.32080000
2026-03-27 04:10:04,-3.00,65.35100000,4437674.20880000
2026-03-27 04:10:04,-2.00,62.23300000,4230396.62950000
2026-03-27 04:10:04,-1.00,51.74500000,3523559.86680000
2026-03-27 04:10:04,-0.20,5.50400000,375848.97670000
2026-03-27 04:10:04,0.20,4.49400000,307488.76470000
2026-03-27 04:10:04,1.00,49.63400000,3405767.80350000
2026-03-27 04:10:04,2.00,52.82100000,3627052.95030000
2026-03-27 04:10:04,3.00,58.22400000,4005976.97010000
2026-03-27 04:10:04,4.00,61.02900000,4204836.60680000
2026-03-27 04:10:04,5.00,61.56600000,4243150.57690000
2026-03-27 04:10:33,-5.00,49.84100000,3376031.63710000
2026-03-27 04:10:33,-4.00,49.34600000,3343770.17850000
2026-03-27 04:10:33,-3.00,47.16300000,3199768.06650000
2026-03-27 04:10:33,-2.00,43.89100000,2982172.48740000
2026-03-27 04:10:33,-1.00,33.55100000,2285221.88910000
2026-03-27 04:10:33,-0.20,5.30700000,362523.63260000
2026-03-27 04:10:33,0.20,4.14900000,283990.15210000
2026-03-27 04:10:33,1.00,31.28600000,2146953.60610000
2026-03-27 04:10:33,2.00,34.47200000,2368169.69620000
2026-03-27 04:10:33,3.00,39.87500000,2747093.71600000
2026-03-27 04:10:33,4.00,42.68100000,2946024.23560000
2026-03-27 04:10:33,5.00,43.22500000,2984841.50570000
2026-03-27 04:11:00,-5.00,66.46500000,4507883.06780000
2026-03-27 04:11:00,-4.00,65.97000000,4475621.60920000
2026-03-27 04:11:00,-3.00,63.78700000,4331619.49720000
2026-03-27 04:11:00,-2.00,60.66900000,4124341.91790000
2026-03-27 04:11:00,-1.00,50.18000000,3417411.81980000
2026-03-27 04:11:00,-0.20,5.51200000,376372.02500000
2026-03-27 04:11:00,0.20,5.10000000,349049.44840000
2026-03-27 04:11:00,1.00,48.75200000,3345983.76220000
2026-03-27 04:11:00,2.00,51.93900000,3567268.90900000
2026-03-27 04:11:00,3.00,57.34200000,3946192.92880000
2026-03-27 04:11:00,4.00,60.14800000,4145121.77920000
2026-03-27 04:11:00,5.00,60.68400000,4183364.64930000
2026-03-27 04:11:32,-5.00,67.74800000,4595543.29290000
2026-03-27 04:11:32,-4.00,67.25300000,4563281.83430000
2026-03-27 04:11:32,-3.00,65.07000000,4419279.72230000
2026-03-27 04:11:32,-2.00,61.79800000,4201684.14320000
2026-03-27 04:11:32,-1.00,51.46300000,3505072.04490000
2026-03-27 04:11:32,-0.20,6.55800000,447842.84190000
2026-03-27 04:11:32,0.20,8.75200000,599192.75090000
2026-03-27 04:11:32,1.00,50.84400000,3489328.73140000
2026-03-27 04:11:32,2.00,54.03000000,3710544.82150000
2026-03-27 04:11:32,3.00,59.44600000,4090382.15240000
2026-03-27 04:11:32,4.00,62.23900000,4288393.42640000
2026-03-27 04:11:32,5.00,62.77500000,4326636.29650000
2026-03-27 04:12:01,-5.00,67.76700000,4596799.89230000
2026-03-27 04:12:01,-4.00,67.27200000,4564538.43370000
2026-03-27 04:12:01,-3.00,65.08900000,4420536.32170000
2026-03-27 04:12:01,-2.00,61.81700000,4202940.74260000
2026-03-27 04:12:01,-1.00,51.48200000,3506328.64430000
2026-03-27 04:12:01,-0.20,6.81500000,465402.39950000
2026-03-27 04:12:01,0.20,7.98500000,546728.76430000
2026-03-27 04:12:01,1.00,50.07600000,3436796.23320000
2026-03-27 04:12:01,2.00,53.26200000,3658012.32330000
2026-03-27 04:12:01,3.00,58.67800000,4037847.75100000
2026-03-27 04:12:01,4.00,61.45800000,4234943.25300000
2026-03-27 04:12:01,5.00,61.99400000,4273186.12310000
2026-03-27 04:12:32,-5.00,67.82000000,4600388.46620000
2026-03-27 04:12:32,-4.00,67.32500000,4568127.00760000
2026-03-27 04:12:32,-3.00,65.14200000,4424124.89560000
2026-03-27 04:12:32,-2.00,61.87000000,4206529.31650000
2026-03-27 04:12:32,-1.00,51.53500000,3509917.21820000
2026-03-27 04:12:32,-0.20,6.85500000,468088.72940000
2026-03-27 04:12:32,0.20,8.19600000,561176.87270000
2026-03-27 04:12:32,1.00,48.82500000,3350601.40900000
2026-03-27 04:12:32,2.00,52.31200000,3592640.55580000
2026-03-27 04:12:32,3.00,57.74100000,3973390.88320000
2026-03-27 04:12:32,4.00,60.52100000,4170486.38520000
2026-03-27 04:12:32,5.00,61.05700000,4208729.25530000
2026-03-27 04:13:01,-5.00,49.82700000,3376150.35140000
2026-03-27 04:13:01,-4.00,49.33100000,3343823.23780000
2026-03-27 04:13:01,-3.00,46.84800000,3179919.23090000
2026-03-27 04:13:01,-2.00,43.87700000,2982291.20170000
2026-03-27 04:13:01,-1.00,33.53200000,2285002.07340000
2026-03-27 04:13:01,-0.20,6.61400000,451830.42280000
2026-03-27 04:13:01,0.20,6.39900000,438213.42270000
2026-03-27 04:13:01,1.00,32.27000000,2214741.21370000
2026-03-27 04:13:01,2.00,35.75600000,2456711.30380000
2026-03-27 04:13:01,3.00,41.18500000,2837461.52590000
2026-03-27 04:13:01,4.00,43.96500000,3034557.02790000
2026-03-27 04:13:01,5.00,44.50900000,3073374.29800000
2026-03-27 04:13:33,-5.00,67.74700000,4597331.45350000
2026-03-27 04:13:33,-4.00,67.25100000,4565004.33990000
2026-03-27 04:13:33,-3.00,64.15900000,4360693.06380000
2026-03-27 04:13:33,-2.00,61.79700000,4203472.30380000
2026-03-27 04:13:33,-1.00,51.45100000,3506115.46250000
2026-03-27 04:13:33,-0.20,9.75600000,666417.37770000
2026-03-27 04:13:33,0.20,4.44700000,304527.47070000
2026-03-27 04:13:33,1.00,49.94800000,3429455.21790000
2026-03-27 04:13:33,2.00,54.71400000,3760739.42010000
2026-03-27 04:13:33,3.00,58.85300000,4051487.24140000
2026-03-27 04:13:33,4.00,61.64600000,4249501.24280000
2026-03-27 04:13:33,5.00,62.19000000,4288318.51290000
2026-03-27 04:14:01,-5.00,67.92700000,4609663.09570000
2026-03-27 04:14:01,-4.00,67.43100000,4577335.98210000
2026-03-27 04:14:01,-3.00,64.30900000,4371033.83700000
2026-03-27 04:14:01,-2.00,61.97700000,4215803.94600000
2026-03-27 04:14:01,-1.00,51.63100000,3518447.10470000
2026-03-27 04:14:01,-0.20,6.88000000,470116.08320000
2026-03-27 04:14:01,0.20,7.61500000,521707.71790000
2026-03-27 04:14:01,1.00,49.85800000,3423311.49660000
2026-03-27 04:14:01,2.00,54.62300000,3754526.60790000
2026-03-27 04:14:01,3.00,58.76200000,4045274.42920000
2026-03-27 04:14:01,4.00,61.55500000,4243287.26970000
2026-03-27 04:14:01,5.00,62.09900000,4282104.53980000
2026-03-27 04:14:32,-5.00,67.75300000,4598294.31690000
2026-03-27 04:14:32,-4.00,67.21400000,4563138.20830000
2026-03-27 04:14:32,-3.00,64.14200000,4360120.05820000
2026-03-27 04:14:32,-2.00,61.81000000,4204890.16720000
2026-03-27 04:14:32,-1.00,51.46400000,3507533.32590000
2026-03-27 04:14:32,-0.20,6.51700000,445382.47460000
2026-03-27 04:14:32,0.20,9.18600000,629455.80090000
2026-03-27 04:14:32,1.00,49.86600000,3424211.83970000
2026-03-27 04:14:32,2.00,54.63100000,3755426.95100000
2026-03-27 04:14:32,3.00,58.78300000,4047090.16470000
2026-03-27 04:14:32,4.00,61.56300000,4244185.66670000
2026-03-27 04:14:32,5.00,62.10700000,4283002.93680000
2026-03-27 04:15:04,-5.00,67.89800000,4608438.92270000
2026-03-27 04:15:04,-4.00,67.35900000,4573282.81410000
2026-03-27 04:15:04,-3.00,64.28700000,4370264.66400000
2026-03-27 04:15:04,-2.00,61.95500000,4215034.77300000
2026-03-27 04:15:04,-1.00,51.60900000,3517677.93170000
2026-03-27 04:15:04,-0.20,6.78000000,463387.97720000
2026-03-27 04:15:04,0.20,8.96300000,614175.00570000
2026-03-27 04:15:04,1.00,49.86300000,3424217.35700000
2026-03-27 04:15:04,2.00,54.77200000,3765425.13230000
2026-03-27 04:15:04,3.00,58.91100000,4056172.95360000
2026-03-27 04:15:04,4.00,61.70400000,4254187.04210000
2026-03-27 04:15:04,5.00,62.24800000,4293004.31220000
2026-03-27 04:15:31,-5.00,49.79300000,3375364.25510000
2026-03-27 04:15:31,-4.00,49.21400000,3337552.39130000
2026-03-27 04:15:31,-3.00,46.77300000,3176358.34760000
2026-03-27 04:15:31,-2.00,43.84600000,2981564.91580000
2026-03-27 04:15:31,-1.00,33.49900000,2284137.61170000
2026-03-27 04:15:31,-0.20,6.36000000,434871.51850000
2026-03-27 04:15:31,0.20,7.71400000,528787.12140000
2026-03-27 04:15:31,1.00,31.94600000,2194314.48090000
2026-03-27 04:15:31,2.00,37.35100000,2570146.40310000
2026-03-27 04:15:31,3.00,40.99800000,2826676.01710000
2026-03-27 04:15:31,4.00,43.78200000,3024055.48860000
2026-03-27 04:15:31,5.00,44.33800000,3063735.28270000
2026-03-27 04:16:02,-5.00,66.65600000,4525955.34740000
2026-03-27 04:16:02,-4.00,66.07400000,4487944.19150000
2026-03-27 04:16:02,-3.00,63.63900000,4327144.57340000
2026-03-27 04:16:02,-2.00,60.69900000,4131478.84160000
2026-03-27 04:16:02,-1.00,50.35900000,3434490.85590000
2026-03-27 04:16:02,-0.20,5.55300000,379735.63720000
2026-03-27 04:16:02,0.20,8.08900000,554738.14210000
2026-03-27 04:16:02,1.00,48.75800000,3350724.85480000
2026-03-27 04:16:02,2.00,54.16600000,3726793.36850000
2026-03-27 04:16:02,3.00,57.81000000,3983143.14570000
2026-03-27 04:16:02,4.00,60.59300000,4180451.92930000
2026-03-27 04:16:02,5.00,61.33300000,4233359.85340000
2026-03-27 04:16:31,-5.00,67.54400000,4586307.39010000
2026-03-27 04:16:31,-4.00,66.96500000,4548495.52630000
2026-03-27 04:16:31,-3.00,64.52400000,4387301.48260000
2026-03-27 04:16:31,-2.00,61.59700000,4192508.05080000
2026-03-27 04:16:31,-1.00,51.25100000,3495122.21450000
2026-03-27 04:16:31,-0.20,8.00500000,547293.92680000
2026-03-27 04:16:31,0.20,4.56000000,312497.58310000
2026-03-27 04:16:31,1.00,49.81900000,3422972.57710000
2026-03-27 04:16:31,2.00,55.22400000,3798830.92330000
2026-03-27 04:16:31,3.00,58.87100000,4055391.47920000
2026-03-27 04:16:31,4.00,61.64200000,4251852.48120000
2026-03-27 04:16:31,5.00,62.19800000,4291532.27530000
2026-03-27 04:17:01,-5.00,67.53300000,4584211.38270000
2026-03-27 04:17:01,-4.00,67.03700000,4551856.96990000
2026-03-27 04:17:01,-3.00,64.80900000,4404868.08920000
2026-03-27 04:17:01,-2.00,61.58300000,4190225.34220000
2026-03-27 04:17:01,-1.00,51.23800000,3492909.96870000
2026-03-27 04:17:01,-0.20,12.86200000,878666.31900000
2026-03-27 04:17:01,0.20,6.76000000,463167.36760000
2026-03-27 04:17:01,1.00,49.21700000,3380382.54360000
2026-03-27 04:17:01,2.00,54.12600000,3721616.74290000
2026-03-27 04:17:01,3.00,58.25200000,4011600.12750000
2026-03-27 04:17:01,4.00,61.05800000,4210531.19830000
2026-03-27 04:17:01,5.00,61.60200000,4249348.46840000
2026-03-27 04:17:33,-5.00,67.43300000,4578804.69990000
2026-03-27 04:17:33,-4.00,66.85100000,4540793.54400000
2026-03-27 04:17:33,-3.00,64.41600000,4379993.92590000
2026-03-27 04:17:33,-2.00,61.47600000,4184328.19410000
2026-03-27 04:17:33,-1.00,51.13600000,3487340.20840000
2026-03-27 04:17:33,-0.20,6.33100000,432960.84670000
2026-03-27 04:17:33,0.20,8.25800000,566262.81060000
2026-03-27 04:17:33,1.00,44.10800000,3031411.52640000
2026-03-27 04:17:33,2.00,49.51600000,3407480.04010000
2026-03-27 04:17:33,3.00,53.16000000,3663835.49440000
2026-03-27 04:17:33,4.00,55.94300000,3861143.34720000
2026-03-27 04:17:33,5.00,56.68300000,3914051.27130000
2026-03-27 04:18:01,-5.00,49.51700000,3357884.16740000
2026-03-27 04:18:01,-4.00,48.93500000,3319873.01150000
2026-03-27 04:18:01,-3.00,46.50000000,3159063.38060000
2026-03-27 04:18:01,-2.00,43.56000000,2963372.19960000
2026-03-27 04:18:01,-1.00,33.21200000,2265841.81390000
2026-03-27 04:18:01,-0.20,9.44600000,646024.94030000
2026-03-27 04:18:01,0.20,5.62600000,385780.73120000
2026-03-27 04:18:01,1.00,31.53700000,2167278.89310000
2026-03-27 04:18:01,2.00,37.08100000,2552847.00680000
2026-03-27 04:18:01,3.00,40.59300000,2799985.01470000
2026-03-27 04:18:01,4.00,43.37200000,2997010.71390000
2026-03-27 04:18:01,5.00,44.11200000,3049918.63800000
2026-03-27 04:18:32,-5.00,67.45800000,4582033.88830000
2026-03-27 04:18:32,-4.00,66.87600000,4544022.73240000
2026-03-27 04:18:32,-3.00,64.44300000,4383189.03780000
2026-03-27 04:18:32,-2.00,61.50300000,4187497.85680000
2026-03-27 04:18:32,-1.00,51.15500000,3489967.47110000
2026-03-27 04:18:32,-0.20,6.36400000,435367.86550000
2026-03-27 04:18:32,0.20,6.01100000,412192.23540000
2026-03-27 04:18:32,1.00,49.69700000,3415832.09980000
2026-03-27 04:18:32,2.00,55.24100000,3801400.21350000
2026-03-27 04:18:32,3.00,58.75300000,4048538.22140000
2026-03-27 04:18:32,4.00,61.53200000,4245564.10910000
2026-03-27 04:18:32,5.00,62.27200000,4298472.03320000
2026-03-27 04:19:01,-5.00,67.67700000,4596972.66750000
2026-03-27 04:19:01,-4.00,67.09700000,4559091.65160000
2026-03-27 04:19:01,-3.00,64.36600000,4378458.12180000
2026-03-27 04:19:01,-2.00,61.72400000,4202566.77600000
2026-03-27 04:19:01,-1.00,51.37600000,3505036.39030000
2026-03-27 04:19:01,-0.20,6.58400000,450448.28390000
2026-03-27 04:19:01,0.20,9.07600000,622571.16810000
2026-03-27 04:19:01,1.00,50.04400000,3439836.34230000
2026-03-27 04:19:01,2.00,55.28800000,3804650.45600000
2026-03-27 04:19:01,3.00,58.80000000,4051785.25420000
2026-03-27 04:19:01,4.00,61.58000000,4248882.87820000
2026-03-27 04:19:01,5.00,62.31900000,4301719.56650000
2026-03-27 04:19:32,-5.00,67.72800000,4602106.43540000
2026-03-27 04:19:32,-4.00,67.15200000,4564485.73430000
2026-03-27 04:19:32,-3.00,63.82500000,4344239.18370000
2026-03-27 04:19:32,-2.00,61.74400000,4205610.96220000
2026-03-27 04:19:32,-1.00,51.43000000,3510362.65740000
2026-03-27 04:19:32,-0.20,6.40800000,438593.82950000
2026-03-27 04:19:32,0.20,8.61200000,590998.04530000
2026-03-27 04:19:32,1.00,50.10400000,3444795.95820000
2026-03-27 04:19:32,2.00,55.34700000,3809540.87840000
2026-03-27 04:19:32,3.00,58.87200000,4057591.87500000
2026-03-27 04:19:32,4.00,61.64300000,4254056.44950000
2026-03-27 04:19:32,5.00,62.37800000,4306608.12860000
2026-03-27 04:20:04,-5.00,49.70700000,3372711.97040000
2026-03-27 04:20:04,-4.00,49.13200000,3335135.68190000
2026-03-27 04:20:04,-3.00,46.10300000,3134684.76470000
2026-03-27 04:20:04,-2.00,43.72400000,2976228.90460000
2026-03-27 04:20:04,-1.00,33.41000000,2280980.59980000
2026-03-27 04:20:04,-0.20,6.38800000,437228.47190000
2026-03-27 04:20:04,0.20,8.60600000,590582.27500000
2026-03-27 04:20:04,1.00,32.09800000,2206797.38790000
2026-03-27 04:20:04,2.00,37.34100000,2571542.30810000
2026-03-27 04:20:04,3.00,40.86600000,2819592.56630000
2026-03-27 04:20:04,4.00,43.63700000,3016057.14080000
2026-03-27 04:20:04,5.00,44.37400000,3068752.71990000
2026-03-27 04:20:33,-5.00,67.44900000,4584771.63770000
2026-03-27 04:20:33,-4.00,66.88300000,4547781.24920000
2026-03-27 04:20:33,-3.00,64.15200000,4367130.16720000
2026-03-27 04:20:33,-2.00,61.42400000,4185413.55990000
2026-03-27 04:20:33,-1.00,50.63100000,3457599.69400000
2026-03-27 04:20:33,-0.20,6.31900000,432616.11600000
2026-03-27 04:20:33,0.20,8.19800000,562834.24130000
2026-03-27 04:20:33,1.00,49.12600000,3379430.53490000
2026-03-27 04:20:33,2.00,54.36700000,3744057.36240000
2026-03-27 04:20:33,3.00,57.89200000,3992167.19260000
2026-03-27 04:20:33,4.00,60.66300000,4188631.76710000
2026-03-27 04:20:33,5.00,61.40500000,4241687.20620000
2026-03-27 04:21:03,-5.00,67.68600000,4601141.63170000
2026-03-27 04:21:03,-4.00,67.12000000,4564151.24320000
2026-03-27 04:21:03,-3.00,64.32700000,4379377.16130000
2026-03-27 04:21:03,-2.00,61.66100000,4201783.55390000
2026-03-27 04:21:03,-1.00,50.86800000,3473969.68800000
2026-03-27 04:21:03,-0.20,6.33700000,433889.78350000
2026-03-27 04:21:03,0.20,8.61300000,591313.80750000
2026-03-27 04:21:03,1.00,49.54100000,3408008.20110000
2026-03-27 04:21:03,2.00,54.78200000,3772635.02860000
2026-03-27 04:21:03,3.00,58.30700000,4020800.74260000
2026-03-27 04:21:03,4.00,61.07800000,4217265.31710000
2026-03-27 04:21:03,5.00,61.82000000,4270320.75620000
2026-03-27 04:21:31,-5.00,49.69600000,3373147.01680000
2026-03-27 04:21:31,-4.00,49.13000000,3336156.62830000
2026-03-27 04:21:31,-3.00,46.33700000,3151382.54640000
2026-03-27 04:21:31,-2.00,42.34500000,2884695.13160000
2026-03-27 04:21:31,-1.00,32.87800000,2245975.07310000
2026-03-27 04:21:31,-0.20,9.57600000,655669.78910000
2026-03-27 04:21:31,0.20,4.39600000,301689.12630000
2026-03-27 04:21:31,1.00,32.11900000,2209581.14070000
2026-03-27 04:21:31,2.00,37.36000000,2574207.96820000
2026-03-27 04:21:31,3.00,40.88500000,2822407.85210000
2026-03-27 04:21:31,4.00,43.66700000,3019656.72660000
2026-03-27 04:21:31,5.00,44.39900000,3071999.85170000
2026-03-27 04:22:01,-5.00,67.56300000,4594240.17120000
2026-03-27 04:22:01,-4.00,66.99800000,4557314.92550000
2026-03-27 04:22:01,-3.00,64.50300000,4392332.78180000
2026-03-27 04:22:01,-2.00,60.21000000,4105579.67240000
2026-03-27 04:22:01,-1.00,50.74700000,3467127.72990000
2026-03-27 04:22:01,-0.20,6.42900000,440345.91560000
2026-03-27 04:22:01,0.20,7.57400000,520113.68630000
2026-03-27 04:22:01,1.00,50.04900000,3444095.75480000
2026-03-27 04:22:01,2.00,55.28700000,3808539.52650000
2026-03-27 04:22:01,3.00,58.81200000,4056741.80370000
2026-03-27 04:22:01,4.00,61.59400000,4253990.67820000
2026-03-27 04:22:01,5.00,62.39100000,4311013.80330000
2026-03-27 04:22:31,-5.00,66.57300000,4526870.74730000
2026-03-27 04:22:31,-4.00,66.00800000,4489945.50160000
2026-03-27 04:22:31,-3.00,63.51300000,4324963.35790000
2026-03-27 04:22:31,-2.00,59.22000000,4038210.24850000
2026-03-27 04:22:31,-1.00,49.75200000,3399418.80600000
2026-03-27 04:22:31,-0.20,5.12800000,351250.74160000
2026-03-27 04:22:31,0.20,6.38600000,438623.26290000
2026-03-27 04:22:31,1.00,48.86100000,3362929.87860000
2026-03-27 04:22:31,2.00,54.09800000,3727304.38840000
2026-03-27 04:22:31,3.00,57.61000000,3974589.43630000
2026-03-27 04:22:31,4.00,60.89100000,4207429.61600000
2026-03-27 04:22:31,5.00,61.20200000,4229785.24710000
2026-03-27 04:23:01,-5.00,66.46800000,4519505.70260000
2026-03-27 04:23:01,-4.00,65.90300000,4482580.45690000
2026-03-27 04:23:01,-3.00,63.40800000,4317598.31320000
2026-03-27 04:23:01,-2.00,59.11500000,4030845.20380000
2026-03-27 04:23:01,-1.00,49.65200000,3392393.26130000
2026-03-27 04:23:01,-0.20,5.42800000,371762.01740000
2026-03-27 04:23:01,0.20,7.59200000,521377.54420000
2026-03-27 04:23:01,1.00,50.06700000,3445484.35990000
2026-03-27 04:23:01,2.00,55.30400000,3809858.86970000
2026-03-27 04:23:01,3.00,58.81600000,4057143.91760000
2026-03-27 04:23:01,4.00,61.59800000,4254392.79210000
2026-03-27 04:23:01,5.00,62.39500000,4311415.91720000
2026-03-27 04:23:32,-5.00,57.26400000,3890022.53040000
2026-03-27 04:23:32,-4.00,56.69800000,3853032.14190000
2026-03-27 04:23:32,-3.00,54.56300000,3711994.08070000
2026-03-27 04:23:32,-2.00,51.24100000,3490726.69620000
2026-03-27 04:23:32,-1.00,40.44800000,2762912.83030000
2026-03-27 04:23:32,-0.20,8.24700000,564626.47160000
2026-03-27 04:23:32,0.20,3.60700000,247562.18610000
2026-03-27 04:23:32,1.00,49.11400000,3379800.40430000
2026-03-27 04:23:32,2.00,54.35200000,3744244.17600000
2026-03-27 04:23:32,3.00,57.87700000,3992443.85060000
2026-03-27 04:23:32,4.00,60.64800000,4188908.42510000
2026-03-27 04:23:32,5.00,61.39000000,4241963.86420000
2026-03-27 04:24:00,-5.00,67.65800000,4599762.91050000
2026-03-27 04:24:00,-4.00,67.09200000,4562772.52200000
2026-03-27 04:24:00,-3.00,64.95700000,4421734.46080000
2026-03-27 04:24:00,-2.00,61.63500000,4200467.07630000
2026-03-27 04:24:00,-1.00,50.84200000,3472653.21040000
2026-03-27 04:24:00,-0.20,8.07200000,552583.77730000
2026-03-27 04:24:00,0.20,7.56300000,519159.74430000
2026-03-27 04:24:00,1.00,50.03900000,3442775.07060000
2026-03-27 04:24:00,2.00,55.27700000,3807218.84230000
2026-03-27 04:24:00,3.00,58.78900000,4054503.89020000
2026-03-27 04:24:00,4.00,61.56000000,4250968.46470000
2026-03-27 04:24:00,5.00,62.30200000,4304023.90380000
2026-03-27 04:24:33,-5.00,67.41000000,4582858.99690000
2026-03-27 04:24:33,-4.00,66.84400000,4545868.60840000
2026-03-27 04:24:33,-3.00,64.70900000,4404830.54720000
2026-03-27 04:24:33,-2.00,61.38700000,4183563.16270000
2026-03-27 04:24:33,-1.00,50.59400000,3455749.29680000
2026-03-27 04:24:33,-0.20,7.82400000,535680.76370000
2026-03-27 04:24:33,0.20,7.52800000,516751.60530000
2026-03-27 04:24:33,1.00,50.00400000,3440366.93160000
2026-03-27 04:24:33,2.00,55.24200000,3804810.70330000
2026-03-27 04:24:33,3.00,58.76700000,4053012.16020000
2026-03-27 04:24:33,4.00,61.53800000,4249476.73470000
2026-03-27 04:24:33,5.00,62.28000000,4302532.17380000
2026-03-27 04:25:01,-5.00,67.57800000,4594299.57370000
2026-03-27 04:25:01,-4.00,67.01200000,4557309.18520000
2026-03-27 04:25:01,-3.00,64.87700000,4416271.12400000
2026-03-27 04:25:01,-2.00,61.55500000,4195003.73950000
2026-03-27 04:25:01,-1.00,50.76200000,3467189.87360000
2026-03-27 04:25:01,-0.20,8.01800000,548903.80560000
2026-03-27 04:25:01,0.20,7.30600000,501502.82960000
2026-03-27 04:25:01,1.00,49.99500000,3439750.72340000
2026-03-27 04:25:01,2.00,55.23300000,3804194.49510000
2026-03-27 04:25:01,3.00,58.75800000,4052394.54540000
2026-03-27 04:25:01,4.00,61.52900000,4248859.11990000
2026-03-27 04:25:01,5.00,62.27100000,4301914.55900000
2026-03-27 04:25:31,-5.00,67.72800000,4603036.97420000
2026-03-27 04:25:31,-4.00,67.15300000,4565460.68570000
2026-03-27 04:25:31,-3.00,65.01800000,4424422.62450000
2026-03-27 04:25:31,-2.00,61.74800000,4206648.55820000
2026-03-27 04:25:31,-1.00,51.43400000,3511373.42590000
2026-03-27 04:25:31,-0.20,8.15400000,557946.53620000
2026-03-27 04:25:31,0.20,5.88100000,403442.56190000
2026-03-27 04:25:31,1.00,50.04300000,3441674.26600000
2026-03-27 04:25:31,2.00,55.28200000,3806158.42940000
2026-03-27 04:25:31,3.00,58.79400000,4053443.77370000
2026-03-27 04:25:31,4.00,61.56500000,4249908.34820000
2026-03-27 04:25:31,5.00,62.30000000,4302460.02730000
2026-03-27 04:26:02,-5.00,67.58500000,4593347.54600000
2026-03-27 04:26:02,-4.00,67.01900000,4556357.15750000
2026-03-27 04:26:02,-3.00,64.88400000,4415319.09630000
2026-03-27 04:26:02,-2.00,61.61400000,4197545.03000000
2026-03-27 04:26:02,-1.00,51.30000000,3502269.89770000
2026-03-27 04:26:02,-0.20,4.99400000,341879.13640000
2026-03-27 04:26:02,0.20,8.94500000,613831.79600000
2026-03-27 04:26:02,1.00,49.87300000,3430188.62010000
2026-03-27 04:26:02,2.00,55.11200000,3794672.78350000
2026-03-27 04:26:02,3.00,58.62400000,4041961.93940000
2026-03-27 04:26:02,4.00,61.39500000,4238426.51390000
2026-03-27 04:26:02,5.00,62.13200000,4291122.09300000
2026-03-27 04:26:32,-5.00,50.07300000,3397704.79990000
2026-03-27 04:26:32,-4.00,49.49400000,3359868.19660000
2026-03-27 04:26:32,-3.00,47.36000000,3218845.40010000
2026-03-27 04:26:32,-2.00,44.12500000,3003421.23030000
2026-03-27 04:26:32,-1.00,33.77600000,2305796.20150000
2026-03-27 04:26:32,-0.20,5.46700000,374148.50000000
2026-03-27 04:26:32,0.20,9.19300000,630650.66660000
2026-03-27 04:26:32,1.00,32.12400000,2208812.67460000
2026-03-27 04:26:32,2.00,37.36400000,2573366.03150000
2026-03-27 04:26:32,3.00,40.59500000,2800825.94470000
2026-03-27 04:26:32,4.00,43.65600000,3017753.36780000
2026-03-27 04:26:32,5.00,44.39500000,3070590.05610000
2026-03-27 04:27:02,-5.00,67.93200000,4616184.74570000
2026-03-27 04:27:02,-4.00,67.35300000,4578348.14240000
2026-03-27 04:27:02,-3.00,65.21900000,4437325.34590000
2026-03-27 04:27:02,-2.00,61.98400000,4221901.17610000
2026-03-27 04:27:02,-1.00,51.63600000,3524343.96290000
2026-03-27 04:27:02,-0.20,5.11000000,349732.41790000
2026-03-27 04:27:02,0.20,8.97000000,615334.57140000
2026-03-27 04:27:02,1.00,50.11800000,3446269.06880000
2026-03-27 04:27:02,2.00,55.35800000,3810822.42570000
2026-03-27 04:27:02,3.00,58.58900000,4038282.33890000
2026-03-27 04:27:02,4.00,61.65000000,4255209.53320000
2026-03-27 04:27:02,5.00,62.38900000,4308046.22150000
2026-03-27 04:27:32,-5.00,68.20200000,4636177.42030000
2026-03-27 04:27:32,-4.00,67.63600000,4599187.03180000
2026-03-27 04:27:32,-3.00,65.50200000,4458164.23530000
2026-03-27 04:27:32,-2.00,62.23000000,4240255.83580000
2026-03-27 04:27:32,-1.00,51.38700000,3509082.98490000
2026-03-27 04:27:32,-0.20,7.06200000,483448.69970000
2026-03-27 04:27:32,0.20,7.86000000,539498.32060000
2026-03-27 04:27:32,1.00,50.35800000,3464128.21260000
2026-03-27 04:27:32,2.00,55.59600000,3828543.14830000
2026-03-27 04:27:32,3.00,59.12100000,4076746.39400000
2026-03-27 04:27:32,4.00,61.89200000,4273210.96850000
2026-03-27 04:27:32,5.00,62.63400000,4326266.40760000
2026-03-27 04:28:01,-5.00,67.86200000,4612869.46840000
2026-03-27 04:28:01,-4.00,67.29600000,4575879.07990000
2026-03-27 04:28:01,-3.00,65.16200000,4434856.28340000
2026-03-27 04:28:01,-2.00,61.89000000,4216947.88390000
2026-03-27 04:28:01,-1.00,51.04700000,3485775.03300000
2026-03-27 04:28:01,-0.20,5.23700000,358615.33760000
2026-03-27 04:28:01,0.20,7.29600000,500783.31280000
2026-03-27 04:28:01,1.00,49.67900000,3417322.60430000
2026-03-27 04:28:01,2.00,54.91700000,3781737.54000000
2026-03-27 04:28:01,3.00,58.44200000,4029940.78570000
2026-03-27 04:28:01,4.00,61.21300000,4226405.36020000
2026-03-27 04:28:01,5.00,61.95500000,4279460.79930000
2026-03-27 04:28:31,-5.00,67.84000000,4612177.38820000
2026-03-27 04:28:31,-4.00,67.27400000,4575186.99970000
2026-03-27 04:28:31,-3.00,65.07800000,4430041.20330000
2026-03-27 04:28:31,-2.00,60.49200000,4123803.01130000
2026-03-27 04:28:31,-1.00,51.02400000,3485015.06880000
2026-03-27 04:28:31,-0.20,6.81500000,466700.89410000
2026-03-27 04:28:31,0.20,8.97900000,616563.20060000
2026-03-27 04:28:31,1.00,49.90300000,3433404.10510000
2026-03-27 04:28:31,2.00,55.14100000,3797819.04080000
2026-03-27 04:28:31,3.00,58.65300000,4045106.33380000
2026-03-27 04:28:31,4.00,61.44800000,4243273.42170000
2026-03-27 04:28:31,5.00,62.18000000,4295616.54680000
2026-03-27 04:29:01,-5.00,67.95600000,4620422.90530000
2026-03-27 04:29:01,-4.00,67.39100000,4583497.65960000
2026-03-27 04:29:01,-3.00,64.89700000,4418530.78060000
2026-03-27 04:29:01,-2.00,60.60400000,4131777.67120000
2026-03-27 04:29:01,-1.00,51.14100000,3493325.72870000
2026-03-27 04:29:01,-0.20,6.93400000,474868.56720000
2026-03-27 04:29:01,0.20,8.89400000,610759.75260000
2026-03-27 04:29:01,1.00,49.81800000,3427708.65710000
2026-03-27 04:29:01,2.00,55.05600000,3792123.59280000
2026-03-27 04:29:01,3.00,58.58100000,4040327.18170000
2026-03-27 04:29:01,4.00,61.36300000,4237576.05620000
2026-03-27 04:29:01,5.00,62.16000000,4294599.18130000
2026-03-27 04:29:32,-5.00,67.75300000,4606021.10410000
2026-03-27 04:29:32,-4.00,67.18700000,4569030.71560000
2026-03-27 04:29:32,-3.00,64.99100000,4423884.91920000
2026-03-27 04:29:32,-2.00,60.40500000,4117646.72720000
2026-03-27 04:29:32,-1.00,50.93800000,3478926.66870000
2026-03-27 04:29:32,-0.20,8.19100000,560832.14760000
2026-03-27 04:29:32,0.20,6.04900000,415237.64510000
2026-03-27 04:29:32,1.00,49.98800000,3438993.75520000
2026-03-27 04:29:32,2.00,55.22600000,3803408.69090000
2026-03-27 04:29:32,3.00,58.75100000,4051612.27980000
2026-03-27 04:29:32,4.00,61.53300000,4248861.15430000
2026-03-27 04:29:32,5.00,62.26500000,4301204.27940000
2026-03-27 04:30:05,-5.00,67.81900000,4610550.38350000
2026-03-27 04:30:05,-4.00,67.25000000,4573354.03480000
2026-03-27 04:30:05,-3.00,65.05400000,4428208.23840000
2026-03-27 04:30:05,-2.00,60.46800000,4121970.04640000
2026-03-27 04:30:05,-1.00,51.00100000,3483249.98790000
2026-03-27 04:30:05,-0.20,8.25400000,565155.46680000
2026-03-27 04:30:05,0.20,6.00300000,412090.97820000
2026-03-27 04:30:05,1.00,49.94200000,3435847.08830000
2026-03-27 04:30:05,2.00,55.18000000,3800262.02400000
2026-03-27 04:30:05,3.00,58.69200000,4047548.36410000
2026-03-27 04:30:05,4.00,61.47400000,4244797.23860000
2026-03-27 04:30:05,5.00,62.20600000,4297140.36370000
2026-03-27 04:30:37,-5.00,67.51500000,4589534.10510000
2026-03-27 04:30:37,-4.00,66.94600000,4552337.75640000
2026-03-27 04:30:37,-3.00,64.75000000,4407191.96000000
2026-03-27 04:30:37,-2.00,61.49000000,4190047.57540000
2026-03-27 04:30:37,-1.00,50.69700000,3462233.70950000
2026-03-27 04:30:37,-0.20,4.92600000,337371.02720000
2026-03-27 04:30:37,0.20,8.90000000,610955.22970000
2026-03-27 04:30:37,1.00,49.82400000,3427562.13420000
2026-03-27 04:30:37,2.00,55.06200000,3791977.06990000
2026-03-27 04:30:37,3.00,58.58700000,4040180.36630000
2026-03-27 04:30:37,4.00,61.36900000,4237429.24080000
2026-03-27 04:30:37,5.00,62.10100000,4289772.36590000
2026-03-27 04:31:00,-5.00,67.88700000,4615108.65100000
2026-03-27 04:31:00,-4.00,67.31800000,4577912.30230000
2026-03-27 04:31:00,-3.00,65.12200000,4432766.50590000
2026-03-27 04:31:00,-2.00,60.53600000,4126528.31390000
2026-03-27 04:31:00,-1.00,51.06900000,3487808.25540000
2026-03-27 04:31:00,-0.20,6.86200000,469900.81460000
2026-03-27 04:31:00,0.20,7.34000000,503870.58830000
2026-03-27 04:31:00,1.00,49.82100000,3427455.22600000
2026-03-27 04:31:00,2.00,55.05900000,3791870.16170000
2026-03-27 04:31:00,3.00,58.58400000,4040071.79540000
2026-03-27 04:31:00,4.00,61.36600000,4237320.66990000
2026-03-27 04:31:00,5.00,62.09800000,4289663.79500000
2026-03-27 04:31:33,-5.00,67.54000000,4591596.35360000
2026-03-27 04:31:33,-4.00,66.97100000,4554400.00490000
2026-03-27 04:31:33,-3.00,64.83700000,4413377.20840000
2026-03-27 04:31:33,-2.00,61.56500000,4195468.80890000
2026-03-27 04:31:33,-1.00,51.25200000,3500260.16000000
2026-03-27 04:31:33,-0.20,14.38700000,984678.39460000
2026-03-27 04:31:33,0.20,4.44800000,305190.68930000
2026-03-27 04:31:33,1.00,50.16300000,3451533.36380000
2026-03-27 04:31:33,2.00,55.40200000,3816043.08800000
2026-03-27 04:31:33,3.00,58.92700000,4064244.12370000
2026-03-27 04:31:33,4.00,61.69800000,4260708.69820000
2026-03-27 04:31:33,5.00,62.43600000,4313476.24330000
2026-03-27 04:32:01,-5.00,67.57100000,4594199.51140000
2026-03-27 04:32:01,-4.00,67.00200000,4557003.16270000
2026-03-27 04:32:01,-3.00,64.79600000,4411062.29650000
2026-03-27 04:32:01,-2.00,61.52600000,4193117.91510000
2026-03-27 04:32:01,-1.00,50.72300000,3464498.28300000
2026-03-27 04:32:01,-0.20,6.51200000,445898.14320000
2026-03-27 04:32:01,0.20,7.68600000,527637.94400000
2026-03-27 04:32:01,1.00,50.13200000,3449560.20250000
2026-03-27 04:32:01,2.00,55.37000000,3814000.69900000
2026-03-27 04:32:01,3.00,58.88200000,4061286.30330000
2026-03-27 04:32:01,4.00,61.66400000,4258535.17780000
2026-03-27 04:32:01,5.00,62.39600000,4310878.30290000
2026-03-27 04:32:31,-5.00,67.59700000,4596273.40660000
2026-03-27 04:32:31,-4.00,67.02800000,4559077.05790000
2026-03-27 04:32:31,-3.00,64.82200000,4413136.19170000
2026-03-27 04:32:31,-2.00,61.55200000,4195191.81030000
2026-03-27 04:32:31,-1.00,50.74900000,3466572.17820000
2026-03-27 04:32:31,-0.20,6.53800000,447712.83840000
2026-03-27 04:32:31,0.20,7.75300000,532243.54930000
2026-03-27 04:32:31,1.00,50.19900000,3454343.10780000
2026-03-27 04:32:31,2.00,55.43700000,3818783.60430000
2026-03-27 04:32:31,3.00,58.96200000,4066987.06320000
2026-03-27 04:32:31,4.00,61.73300000,4263451.63770000
2026-03-27 04:32:31,5.00,62.47500000,4316507.07680000
2026-03-27 04:33:01,-5.00,67.50300000,4588997.16310000
2026-03-27 04:33:01,-4.00,66.93400000,4551800.81440000
2026-03-27 04:33:01,-3.00,64.79000000,4409982.94810000
2026-03-27 04:33:01,-2.00,61.50800000,4191274.55180000
2026-03-27 04:33:01,-1.00,51.18100000,3494988.71670000
2026-03-27 04:33:01,-0.20,12.75100000,872678.13240000
2026-03-27 04:33:01,0.20,6.21400000,426428.42900000
2026-03-27 04:33:01,1.00,50.12100000,3448269.67320000
2026-03-27 04:33:01,2.00,55.36000000,3812779.39740000
2026-03-27 04:33:01,3.00,58.88500000,4060982.32720000
2026-03-27 04:33:01,4.00,61.65600000,4257446.90170000
2026-03-27 04:33:01,5.00,62.39400000,4310214.44680000
2026-03-27 04:33:31,-5.00,67.55600000,4593063.20700000
2026-03-27 04:33:31,-4.00,66.98700000,4555866.85830000
2026-03-27 04:33:31,-3.00,64.84300000,4414048.99200000
2026-03-27 04:33:31,-2.00,61.51100000,4191981.61070000
2026-03-27 04:33:31,-1.00,50.70800000,3463361.97860000
2026-03-27 04:33:31,-0.20,6.49200000,444534.67060000
2026-03-27 04:33:31,0.20,7.58900000,520969.45430000
2026-03-27 04:33:31,1.00,50.03800000,3443040.41010000
2026-03-27 04:33:31,2.00,55.27600000,3807480.90660000
2026-03-27 04:33:31,3.00,58.80100000,4055683.56990000
2026-03-27 04:33:31,4.00,61.57200000,4252148.14440000
2026-03-27 04:33:31,5.00,62.31400000,4305203.58350000
2026-03-27 04:34:02,-5.00,67.59700000,4597505.02900000
2026-03-27 04:34:02,-4.00,67.02900000,4560373.82310000
2026-03-27 04:34:02,-3.00,64.52500000,4394611.87430000
2026-03-27 04:34:02,-2.00,61.54800000,4196152.57550000
2026-03-27 04:34:02,-1.00,50.74400000,3467461.55940000
2026-03-27 04:34:02,-0.20,8.00300000,548196.80770000
2026-03-27 04:34:02,0.20,7.71800000,530109.31940000
2026-03-27 04:34:02,1.00,50.10300000,3449102.40180000
2026-03-27 04:34:02,2.00,55.34000000,3813473.63640000
2026-03-27 04:34:02,3.00,58.85200000,4060759.24070000
2026-03-27 04:34:02,4.00,61.72000000,4264142.40920000
2026-03-27 04:34:02,5.00,62.43100000,4315031.24030000
2026-03-27 04:34:32,-5.00,49.80800000,3382763.24650000
2026-03-27 04:34:32,-4.00,49.15600000,3340066.46350000
2026-03-27 04:34:32,-3.00,46.40400000,3157697.30630000
2026-03-27 04:34:32,-2.00,43.81000000,2984703.75050000
2026-03-27 04:34:32,-1.00,33.00600000,2255985.22650000
2026-03-27 04:34:32,-0.20,6.65700000,456287.99580000
2026-03-27 04:34:32,0.20,6.07000000,417037.19980000
2026-03-27 04:34:32,1.00,31.90900000,2196904.74380000
2026-03-27 04:34:32,2.00,37.14400000,2561137.38230000
2026-03-27 04:34:32,3.00,40.64300000,2807509.91990000
2026-03-27 04:34:32,4.00,43.93700000,3041270.92860000
2026-03-27 04:34:32,5.00,44.25400000,3064058.85970000
2026-03-27 04:35:00,-5.00,67.65700000,4602820.29090000
2026-03-27 04:35:00,-4.00,67.00500000,4560123.50790000
2026-03-27 04:35:00,-3.00,64.25400000,4377768.44250000
2026-03-27 04:35:00,-2.00,61.66000000,4204774.88670000
2026-03-27 04:35:00,-1.00,50.85600000,3476056.36270000
2026-03-27 04:35:00,-0.20,6.50700000,446011.43200000
2026-03-27 04:35:00,0.20,6.71200000,461099.74520000
2026-03-27 04:35:00,1.00,50.55100000,3480979.18920000
2026-03-27 04:35:00,2.00,55.78600000,3845211.82770000
2026-03-27 04:35:00,3.00,59.28500000,4091584.36530000
2026-03-27 04:35:00,4.00,62.57900000,4325345.33500000
2026-03-27 04:35:00,5.00,62.89600000,4348133.26610000
2026-03-27 04:35:32,-5.00,67.54700000,4596634.21470000
2026-03-27 04:35:32,-4.00,66.89100000,4553647.95620000
2026-03-27 04:35:32,-3.00,64.13900000,4371212.23560000
2026-03-27 04:35:32,-2.00,61.52500000,4196849.64060000
2026-03-27 04:35:32,-1.00,50.74100000,3469474.82290000
2026-03-27 04:35:32,-0.20,6.41700000,439962.72120000
2026-03-27 04:35:32,0.20,6.03400000,414717.80540000
2026-03-27 04:35:32,1.00,50.08500000,3449609.07110000
2026-03-27 04:35:32,2.00,55.36500000,3817008.28910000
2026-03-27 04:35:32,3.00,58.83300000,4061278.13370000
2026-03-27 04:35:32,4.00,62.11400000,4294114.94510000
2026-03-27 04:35:32,5.00,62.43100000,4316902.87620000
2026-03-27 04:36:00,-5.00,67.37600000,4584859.08480000
2026-03-27 04:36:00,-4.00,66.72000000,4541872.82630000
2026-03-27 04:36:00,-3.00,64.26500000,4379212.25670000
2026-03-27 04:36:00,-2.00,61.35400000,4185074.51070000
2026-03-27 04:36:00,-1.00,50.57200000,3457835.59670000
2026-03-27 04:36:00,-0.20,9.26500000,634996.01150000
2026-03-27 04:36:00,0.20,4.65100000,319543.61850000
2026-03-27 04:36:00,1.00,50.05000000,3447137.56350000
2026-03-27 04:36:00,2.00,55.32900000,3814466.77690000
2026-03-27 04:36:00,3.00,58.79800000,4058806.62610000
2026-03-27 04:36:00,4.00,62.07900000,4291643.92890000
2026-03-27 04:36:00,5.00,62.39600000,4314431.86000000
2026-03-27 04:36:32,-5.00,67.49500000,4593229.46350000
2026-03-27 04:36:32,-4.00,66.83900000,4550243.20500000
2026-03-27 04:36:32,-3.00,64.38600000,4387715.77820000
2026-03-27 04:36:32,-2.00,61.49500000,4194924.49940000
2026-03-27 04:36:32,-1.00,50.69100000,3466205.97540000
2026-03-27 04:36:32,-0.20,9.43100000,646356.31020000
2026-03-27 04:36:32,0.20,6.22000000,427397.66020000
2026-03-27 04:36:32,1.00,50.15100000,3454333.15070000
2026-03-27 04:36:32,2.00,55.38900000,3818792.36410000
2026-03-27 04:36:32,3.00,58.89900000,4066000.70920000
2026-03-27 04:36:32,4.00,62.18000000,4298837.16310000
2026-03-27 04:36:32,5.00,62.49700000,4321625.09420000
2026-03-27 04:37:01,-5.00,67.52900000,4595380.32010000
2026-03-27 04:37:01,-4.00,66.87300000,4552394.06160000
2026-03-27 04:37:01,-3.00,64.42000000,4389866.63480000
2026-03-27 04:37:01,-2.00,61.50700000,4195595.74600000
2026-03-27 04:37:01,-1.00,50.72500000,3468356.83200000
2026-03-27 04:37:01,-0.20,9.46500000,648710.56680000
2026-03-27 04:37:01,0.20,6.25800000,430027.92150000
2026-03-27 04:37:01,1.00,50.18900000,3456706.01200000
2026-03-27 04:37:01,2.00,55.46800000,3824035.22540000
2026-03-27 04:37:01,3.00,58.93700000,4068373.57050000
2026-03-27 04:37:01,4.00,62.21800000,4301208.94800000
2026-03-27 04:37:01,5.00,62.53500000,4323996.87910000
2026-03-27 04:37:33,-5.00,49.60400000,3370173.56940000
2026-03-27 04:37:33,-4.00,48.94800000,3327187.31090000
2026-03-27 04:37:33,-3.00,46.49300000,3164526.74130000
2026-03-27 04:37:33,-2.00,43.58200000,2970388.99530000
2026-03-27 04:37:33,-1.00,32.79900000,2243082.13000000
2026-03-27 04:37:33,-0.20,7.97800000,546877.87990000
2026-03-27 04:37:33,0.20,6.28500000,431935.96620000
2026-03-27 04:37:33,1.00,32.11800000,2211849.74730000
2026-03-27 04:37:33,2.00,37.40700000,2580032.95450000
2026-03-27 04:37:33,3.00,40.89700000,2826009.11120000
2026-03-27 04:37:33,4.00,44.17400000,3058720.43510000
2026-03-27 04:37:33,5.00,44.49100000,3081508.36620000
2026-03-27 04:38:02,-5.00,67.55900000,4597611.12290000
2026-03-27 04:38:02,-4.00,66.90300000,4554624.86440000
2026-03-27 04:38:02,-3.00,64.44800000,4391964.29480000
2026-03-27 04:38:02,-2.00,61.53700000,4197826.54880000
2026-03-27 04:38:02,-1.00,50.75500000,3470587.63480000
2026-03-27 04:38:02,-0.20,9.49500000,650768.56960000
2026-03-27 04:38:02,0.20,4.79700000,329580.66360000
2026-03-27 04:38:02,1.00,50.18500000,3456590.49370000
2026-03-27 04:38:02,2.00,55.47300000,3824703.69630000
2026-03-27 04:38:02,3.00,58.96400000,4070749.85760000
2026-03-27 04:38:02,4.00,62.24100000,4303461.18150000
2026-03-27 04:38:02,5.00,62.55800000,4326249.11260000
2026-03-27 04:38:32,-5.00,67.55100000,4597021.18700000
2026-03-27 04:38:32,-4.00,66.89500000,4554034.92850000
2026-03-27 04:38:32,-3.00,64.44200000,4391507.50170000
2026-03-27 04:38:32,-2.00,61.55100000,4198716.22290000
2026-03-27 04:38:32,-1.00,50.74700000,3469997.69890000
2026-03-27 04:38:32,-0.20,9.48700000,650213.73370000
2026-03-27 04:38:32,0.20,4.76100000,327095.98410000
2026-03-27 04:38:32,1.00,50.14900000,3454093.21420000
2026-03-27 04:38:32,2.00,55.39600000,3819336.41680000
2026-03-27 04:38:32,3.00,58.92800000,4068249.87150000
2026-03-27 04:38:32,4.00,62.20500000,4300961.19540000
2026-03-27 04:38:32,5.00,62.52200000,4323749.12650000
2026-03-27 04:39:02,-5.00,49.33000000,3351002.26490000
2026-03-27 04:39:02,-4.00,48.62400000,3304757.01140000
2026-03-27 04:39:02,-3.00,46.55300000,3167654.80910000
2026-03-27 04:39:02,-2.00,43.28000000,2949438.30580000
2026-03-27 04:39:02,-1.00,32.47600000,2220719.78180000
2026-03-27 04:39:02,-0.20,12.49300000,855883.21100000
2026-03-27 04:39:02,0.20,6.24600000,429066.90110000
2026-03-27 04:39:02,1.00,32.30500000,2224437.79830000
2026-03-27 04:39:02,2.00,37.55400000,2589819.59700000
2026-03-27 04:39:02,3.00,41.08600000,2838731.23560000
2026-03-27 04:39:02,4.00,44.36300000,3071442.55950000
2026-03-27 04:39:02,5.00,44.67400000,3093798.19060000
2026-03-27 04:39:31,-5.00,67.49300000,4592851.02210000
2026-03-27 04:39:31,-4.00,66.83700000,4549864.76360000
2026-03-27 04:39:31,-3.00,64.38400000,4387337.33680000
2026-03-27 04:39:31,-2.00,61.47100000,4193066.44800000
2026-03-27 04:39:31,-1.00,50.68900000,3465827.53400000
2026-03-27 04:39:31,-0.20,6.41000000,439384.61600000
2026-03-27 04:39:31,0.20,7.83100000,538109.00680000
2026-03-27 04:39:31,1.00,50.20700000,3457843.54080000
2026-03-27 04:39:31,2.00,55.49500000,3825956.74340000
2026-03-27 04:39:31,3.00,58.98600000,4071997.88020000
2026-03-27 04:39:31,4.00,62.26300000,4304709.20410000
2026-03-27 04:39:31,5.00,62.58000000,4327497.13520000
2026-03-27 04:40:04,-5.00,67.44300000,4589280.18680000
2026-03-27 04:40:04,-4.00,66.78700000,4546293.92830000
2026-03-27 04:40:04,-3.00,64.33400000,4383766.50150000
2026-03-27 04:40:04,-2.00,61.44300000,4190975.22270000
2026-03-27 04:40:04,-1.00,50.63900000,3462256.69870000
2026-03-27 04:40:04,-0.20,6.35900000,435882.90740000
2026-03-27 04:40:04,0.20,8.40000000,577140.83670000
2026-03-27 04:40:04,1.00,50.77600000,3496799.77070000
2026-03-27 04:40:04,2.00,56.02300000,3862042.97330000
2026-03-27 04:40:04,3.00,59.55500000,4110956.47610000
2026-03-27 04:40:04,4.00,62.83200000,4343667.80000000
2026-03-27 04:40:04,5.00,63.14900000,4366455.73110000
2026-03-27 04:40:33,-5.00,67.37800000,4584544.02790000
2026-03-27 04:40:33,-4.00,66.67200000,4538298.77440000
2026-03-27 04:40:33,-3.00,64.60100000,4401196.57210000
2026-03-27 04:40:33,-2.00,61.32800000,4182980.06880000
2026-03-27 04:40:33,-1.00,50.52400000,3454261.54480000
2026-03-27 04:40:33,-0.20,12.54000000,859122.10070000
2026-03-27 04:40:33,0.20,6.46100000,443844.56810000
2026-03-27 04:40:33,1.00,50.29400000,3463558.27650000
2026-03-27 04:40:33,2.00,55.54300000,3828940.07520000
2026-03-27 04:40:33,3.00,59.07500000,4077853.37910000
2026-03-27 04:40:33,4.00,62.35200000,4310564.70300000
2026-03-27 04:40:33,5.00,62.66300000,4332920.33410000
2026-03-27 04:41:00,-5.00,67.22200000,4574066.34570000
2026-03-27 04:41:00,-4.00,66.56600000,4531080.08720000
2026-03-27 04:41:00,-3.00,64.11300000,4368552.66040000
2026-03-27 04:41:00,-2.00,61.20000000,4174281.77160000
2026-03-27 04:41:00,-1.00,50.41800000,3447042.85760000
2026-03-27 04:41:00,-0.20,6.13800000,420750.06630000
2026-03-27 04:41:00,0.20,7.72700000,530959.48670000
2026-03-27 04:41:00,1.00,50.14000000,3453042.41060000
2026-03-27 04:41:00,2.00,55.42800000,3821155.61320000
2026-03-27 04:41:00,3.00,58.91900000,4067197.21800000
2026-03-27 04:41:00,4.00,62.19600000,4299908.54190000
2026-03-27 04:41:00,5.00,62.51300000,4322696.47300000
2026-03-27 04:42:00,-5.00,66.40700000,4518290.75910000
2026-03-27 04:42:00,-4.00,65.75100000,4475304.50060000
2026-03-27 04:42:00,-3.00,63.29800000,4312777.07380000
2026-03-27 04:42:00,-2.00,60.40700000,4119985.79500000
2026-03-27 04:42:00,-1.00,49.60300000,3391267.27100000
2026-03-27 04:42:00,-0.20,8.34200000,571690.13250000
2026-03-27 04:42:00,0.20,2.94900000,202577.70330000
2026-03-27 04:42:00,1.00,49.06200000,3379144.02150000
2026-03-27 04:42:00,2.00,54.30900000,3744387.22410000
2026-03-27 04:42:00,3.00,57.84100000,3993298.83800000
2026-03-27 04:42:00,4.00,61.11800000,4226010.16190000
2026-03-27 04:42:00,5.00,61.43500000,4248798.09300000
2026-03-27 04:42:32,-5.00,67.48700000,4592343.66340000
2026-03-27 04:42:32,-4.00,66.83100000,4549357.40490000
2026-03-27 04:42:32,-3.00,64.37800000,4386829.97810000
2026-03-27 04:42:32,-2.00,61.48700000,4194038.69930000
2026-03-27 04:42:32,-1.00,50.68300000,3465320.17530000
2026-03-27 04:42:32,-0.20,7.86000000,538749.81580000
2026-03-27 04:42:32,0.20,6.29200000,432296.31810000
2026-03-27 04:42:32,1.00,50.12500000,3452117.39760000
2026-03-27 04:42:32,2.00,55.37200000,3817360.60020000
2026-03-27 04:42:32,3.00,58.90400000,4066272.02040000
2026-03-27 04:42:32,4.00,62.18100000,4298983.34430000
2026-03-27 04:42:32,5.00,62.49800000,4321771.27540000
2026-03-27 04:43:00,-5.00,49.51400000,3361712.95770000
2026-03-27 04:43:00,-4.00,48.85800000,3318726.69920000
2026-03-27 04:43:00,-3.00,46.40500000,3156199.27240000
2026-03-27 04:43:00,-2.00,43.51400000,2963407.99360000
2026-03-27 04:43:00,-1.00,32.71000000,2234689.46960000
2026-03-27 04:43:00,-0.20,5.63200000,386004.71360000
2026-03-27 04:43:00,0.20,6.40600000,440097.65050000
2026-03-27 04:43:00,1.00,41.23900000,2839537.03000000
2026-03-27 04:43:00,2.00,46.48600000,3204780.23260000
2026-03-27 04:43:00,3.00,50.01800000,3453689.45710000
2026-03-27 04:43:00,4.00,53.29500000,3686400.78100000
2026-03-27 04:43:00,5.00,53.61200000,3709188.71210000
2026-03-27 04:43:32,-5.00,67.37600000,4584275.95760000
2026-03-27 04:43:32,-4.00,66.72000000,4541289.69910000
2026-03-27 04:43:32,-3.00,64.64900000,4404130.71590000
2026-03-27 04:43:32,-2.00,61.37600000,4185914.21260000
2026-03-27 04:43:32,-1.00,50.57200000,3457195.68860000
2026-03-27 04:43:32,-0.20,11.12800000,762417.40720000
2026-03-27 04:43:32,0.20,7.77600000,534252.03780000
2026-03-27 04:43:32,1.00,50.15500000,3453754.67270000
2026-03-27 04:43:32,2.00,55.40200000,3818997.87530000
2026-03-27 04:43:32,3.00,58.92100000,4066991.84910000
2026-03-27 04:43:32,4.00,62.21100000,4300623.19080000
2026-03-27 04:43:32,5.00,62.52200000,4322978.82190000
2026-03-27 04:44:02,-5.00,67.35400000,4582809.11840000
2026-03-27 04:44:02,-4.00,66.69800000,4539822.85990000
2026-03-27 04:44:02,-3.00,64.62700000,4402663.87670000
2026-03-27 04:44:02,-2.00,61.35400000,4184447.37340000
2026-03-27 04:44:02,-1.00,50.55000000,3455728.84940000
2026-03-27 04:44:02,-0.20,11.10600000,760909.16800000
2026-03-27 04:44:02,0.20,7.92400000,544411.47420000
2026-03-27 04:44:02,1.00,50.30300000,3463939.30910000
2026-03-27 04:44:02,2.00,55.55000000,3829182.51170000
2026-03-27 04:44:02,3.00,59.06900000,4077179.60680000
2026-03-27 04:44:02,4.00,62.35900000,4310809.72260000
2026-03-27 04:44:02,5.00,62.67000000,4333165.35370000
2026-03-27 04:44:33,-5.00,67.59500000,4598968.91910000
2026-03-27 04:44:33,-4.00,66.88900000,4552723.66560000
2026-03-27 04:44:33,-3.00,64.81800000,4415564.68240000
2026-03-27 04:44:33,-2.00,61.54500000,4197348.17910000
2026-03-27 04:44:33,-1.00,50.74100000,3468629.65510000
2026-03-27 04:44:33,-0.20,14.31600000,980659.35890000
2026-03-27 04:44:33,0.20,6.38400000,438526.02540000
2026-03-27 04:44:33,1.00,50.22000000,3458038.55610000
2026-03-27 04:44:33,2.00,55.46900000,3823420.35480000
2026-03-27 04:44:33,3.00,59.00100000,4072331.47080000
2026-03-27 04:44:33,4.00,62.27800000,4305042.79470000
2026-03-27 04:44:33,5.00,62.58900000,4327398.42580000
2026-03-27 04:45:04,-5.00,67.56700000,4597076.75580000
2026-03-27 04:45:04,-4.00,66.86100000,4550831.50230000
2026-03-27 04:45:04,-3.00,64.79000000,4413672.51910000
2026-03-27 04:45:04,-2.00,61.51700000,4195456.01580000
2026-03-27 04:45:04,-1.00,50.71300000,3466737.49180000
2026-03-27 04:45:04,-0.20,11.26900000,772027.61040000
2026-03-27 04:45:04,0.20,7.84400000,538903.12640000
2026-03-27 04:45:04,1.00,50.22300000,3458293.06360000
2026-03-27 04:45:04,2.00,55.47200000,3823674.86230000
2026-03-27 04:45:04,3.00,59.00400000,4072587.03260000
2026-03-27 04:45:04,4.00,62.28100000,4305298.35650000
2026-03-27 04:45:04,5.00,62.59200000,4327653.98760000
2026-03-27 04:45:32,-5.00,49.50600000,3362946.25760000
2026-03-27 04:45:32,-4.00,48.84700000,3319776.22540000
2026-03-27 04:45:32,-3.00,46.47900000,3162849.81320000
2026-03-27 04:45:32,-2.00,43.50300000,2964400.73890000
2026-03-27 04:45:32,-1.00,32.69900000,2235682.21490000
2026-03-27 04:45:32,-0.20,11.25500000,771072.53350000
2026-03-27 04:45:32,0.20,7.76200000,533288.95370000
2026-03-27 04:45:32,1.00,41.14100000,2832511.58860000
2026-03-27 04:45:32,2.00,46.38800000,3197754.79120000
2026-03-27 04:45:32,3.00,49.92000000,3446666.21530000
2026-03-27 04:45:32,4.00,53.19700000,3679377.53920000
2026-03-27 04:45:32,5.00,53.50800000,3701733.17030000
2026-03-27 04:46:03,-5.00,67.71500000,4608034.42940000
2026-03-27 04:46:03,-4.00,67.05600000,4564864.39720000
2026-03-27 04:46:03,-3.00,64.00700000,4362596.26950000
2026-03-27 04:46:03,-2.00,61.69000000,4208009.30070000
2026-03-27 04:46:03,-1.00,50.90600000,3480634.48300000
2026-03-27 04:46:03,-0.20,5.06200000,347093.64670000
2026-03-27 04:46:03,0.20,9.62300000,661367.12260000
2026-03-27 04:46:03,1.00,50.44800000,3474323.44280000
2026-03-27 04:46:03,2.00,55.73600000,3842437.31970000
2026-03-27 04:46:03,3.00,59.21300000,4087492.13390000
2026-03-27 04:46:03,4.00,62.49000000,4320203.45780000
2026-03-27 04:46:03,5.00,62.80700000,4342991.38890000
2026-03-27 04:46:31,-5.00,67.56600000,4598343.47350000
2026-03-27 04:46:31,-4.00,66.90700000,4555173.44130000
2026-03-27 04:46:31,-3.00,64.45200000,4392456.09080000
2026-03-27 04:46:31,-2.00,61.54100000,4198318.34480000
2026-03-27 04:46:31,-1.00,50.75700000,3470943.52710000
2026-03-27 04:46:31,-0.20,6.48100000,444399.66650000
2026-03-27 04:46:31,0.20,7.49700000,515309.40480000
2026-03-27 04:46:31,1.00,50.09100000,3450205.45810000
2026-03-27 04:46:31,2.00,55.38000000,3818388.66530000
2026-03-27 04:46:31,3.00,58.87000000,4064361.43290000
2026-03-27 04:46:31,4.00,62.14700000,4297072.75680000
2026-03-27 04:46:31,5.00,62.46400000,4319860.68790000
2026-03-27 04:47:00,-5.00,67.48200000,4592579.58160000
2026-03-27 04:47:00,-4.00,66.82300000,4549409.54940000
2026-03-27 04:47:00,-3.00,64.36800000,4386692.19890000
2026-03-27 04:47:00,-2.00,61.45700000,4192554.45290000
2026-03-27 04:47:00,-1.00,50.67300000,3465179.63520000
2026-03-27 04:47:00,-0.20,6.39700000,438635.77460000
2026-03-27 04:47:00,0.20,7.49000000,514827.05160000
2026-03-27 04:47:00,1.00,50.08400000,3449723.10490000
2026-03-27 04:47:00,2.00,55.37300000,3817906.31210000
2026-03-27 04:47:00,3.00,58.86300000,4063877.63930000
2026-03-27 04:47:00,4.00,62.14000000,4296588.96320000
2026-03-27 04:47:00,5.00,62.45700000,4319376.89430000
2026-03-27 04:47:32,-5.00,67.46100000,4590965.08650000
2026-03-27 04:47:32,-4.00,66.80200000,4547795.05430000
2026-03-27 04:47:32,-3.00,64.34900000,4385210.84660000
2026-03-27 04:47:32,-2.00,61.45800000,4192419.56780000
2026-03-27 04:47:32,-1.00,50.65400000,3463701.04380000
2026-03-27 04:47:32,-0.20,7.83400000,536975.78260000
2026-03-27 04:47:32,0.20,5.50500000,378212.83940000
2026-03-27 04:47:32,1.00,50.08000000,3450097.45430000
2026-03-27 04:47:32,2.00,55.32700000,3815340.65690000
2026-03-27 04:47:32,3.00,58.85900000,4064250.32860000
2026-03-27 04:47:32,4.00,62.13600000,4296961.65250000
2026-03-27 04:47:32,5.00,62.45300000,4319749.58360000
2026-03-27 04:48:00,-5.00,49.35400000,3353074.72640000
2026-03-27 04:48:00,-4.00,48.69500000,3309904.69420000
2026-03-27 04:48:00,-3.00,46.24200000,3147320.48650000
2026-03-27 04:48:00,-2.00,43.35100000,2954529.20770000
2026-03-27 04:48:00,-1.00,32.54700000,2225810.68370000
2026-03-27 04:48:00,-0.20,7.72700000,529610.42250000
2026-03-27 04:48:00,0.20,5.54500000,380944.71290000
2026-03-27 04:48:00,1.00,32.12000000,2212684.22780000
2026-03-27 04:48:00,2.00,37.36700000,2577927.43040000
2026-03-27 04:48:00,3.00,40.89900000,2826837.06960000
2026-03-27 04:48:00,4.00,44.17600000,3059548.39350000
2026-03-27 04:48:00,5.00,44.49300000,3082336.32460000
2026-03-27 04:48:30,-5.00,67.55000000,4597044.38620000
2026-03-27 04:48:30,-4.00,66.89100000,4553874.35400000
2026-03-27 04:48:30,-3.00,64.43600000,4391157.00350000
2026-03-27 04:48:30,-2.00,61.52500000,4197019.25750000
2026-03-27 04:48:30,-1.00,50.74300000,3469780.34350000
2026-03-27 04:48:30,-0.20,7.92300000,543069.48230000
2026-03-27 04:48:30,0.20,6.28200000,431635.14110000
2026-03-27 04:48:30,1.00,50.14100000,3454279.11720000
2026-03-27 04:48:30,2.00,55.42900000,3822392.31980000
2026-03-27 04:48:30,3.00,58.92000000,4068432.63240000
2026-03-27 04:48:30,4.00,62.19700000,4301143.95630000
2026-03-27 04:48:30,5.00,62.51400000,4323931.88740000
2026-03-27 04:49:00,-5.00,66.21500000,4505319.42270000
2026-03-27 04:49:00,-4.00,65.55600000,4462149.39050000
2026-03-27 04:49:00,-3.00,63.18800000,4305222.97830000
2026-03-27 04:49:00,-2.00,60.21200000,4106773.90400000
2026-03-27 04:49:00,-1.00,49.40800000,3378055.38000000
2026-03-27 04:49:00,-0.20,11.42700000,782899.91680000
2026-03-27 04:49:00,0.20,6.17700000,424378.96010000
2026-03-27 04:49:00,1.00,50.03800000,3446782.18030000
2026-03-27 04:49:00,2.00,55.28500000,3812025.38290000
2026-03-27 04:49:00,3.00,58.81700000,4060936.15180000
2026-03-27 04:49:00,4.00,62.09400000,4293647.47570000
2026-03-27 04:49:00,5.00,62.40500000,4316003.10680000
2026-03-27 04:49:33,-5.00,66.55500000,4529092.80570000
2026-03-27 04:49:33,-4.00,65.92200000,4487618.44930000
2026-03-27 04:49:33,-3.00,63.46700000,4324901.09880000
2026-03-27 04:49:33,-2.00,60.55600000,4130763.35280000
2026-03-27 04:49:33,-1.00,49.77200000,3403388.53510000
2026-03-27 04:49:33,-0.20,5.19600000,356227.01770000
2026-03-27 04:49:33,0.20,6.09500000,418917.93110000
2026-03-27 04:49:33,1.00,48.79300000,3361776.54820000
2026-03-27 04:49:33,2.00,54.08200000,3729959.75540000
2026-03-27 04:49:33,3.00,57.57200000,3975929.70980000
2026-03-27 04:49:33,4.00,60.84900000,4208641.03370000
2026-03-27 04:49:33,5.00,61.16600000,4231428.96480000
2026-03-27 04:50:04,-5.00,55.91300000,3801582.83490000
2026-03-27 04:50:04,-4.00,55.28000000,3760108.47850000
2026-03-27 04:50:04,-3.00,52.82500000,3597391.12800000
2026-03-27 04:50:04,-2.00,49.91400000,3403253.38200000
2026-03-27 04:50:04,-1.00,39.13200000,2676014.46800000
2026-03-27 04:50:04,-0.20,5.31200000,364068.68160000
2026-03-27 04:50:04,0.20,5.33000000,366256.04310000
2026-03-27 04:50:04,1.00,40.41300000,2784508.60870000
2026-03-27 04:50:04,2.00,45.70200000,3152691.81590000
2026-03-27 04:50:04,3.00,49.19200000,3398661.77030000
2026-03-27 04:50:04,4.00,52.46900000,3631373.09420000
2026-03-27 04:50:04,5.00,52.78600000,3654161.02530000
2026-03-27 04:50:33,-5.00,67.41200000,4587667.65010000
2026-03-27 04:50:33,-4.00,66.80500000,4547889.38810000
2026-03-27 04:50:33,-3.00,64.35200000,4385305.18040000
2026-03-27 04:50:33,-2.00,61.46100000,4192513.90160000
2026-03-27 04:50:33,-1.00,50.65700000,3463795.37760000
2026-03-27 04:50:33,-0.20,7.83700000,537181.95440000
2026-03-27 04:50:33,0.20,5.06900000,348294.84740000
2026-03-27 04:50:33,1.00,48.93000000,3370767.40060000
2026-03-27 04:50:33,2.00,54.17700000,3736010.60320000
2026-03-27 04:50:33,3.00,57.70900000,3984921.03800000
2026-03-27 04:50:33,4.00,60.98600000,4217632.36190000
2026-03-27 04:50:33,5.00,61.30300000,4240420.29300000
2026-03-27 04:51:01,-5.00,67.45600000,4590894.89200000
2026-03-27 04:51:01,-4.00,66.85600000,4551575.13000000
2026-03-27 04:51:01,-3.00,64.40100000,4388857.77950000
2026-03-27 04:51:01,-2.00,61.49000000,4194720.03350000
2026-03-27 04:51:01,-1.00,50.70800000,3467481.11950000
2026-03-27 04:51:01,-0.20,7.88800000,540691.29630000
2026-03-27 04:51:01,0.20,6.11800000,420348.84450000
2026-03-27 04:51:01,1.00,49.97900000,3442948.29770000
2026-03-27 04:51:01,2.00,55.26700000,3811061.50030000
2026-03-27 04:51:01,3.00,58.75800000,4057101.15250000
2026-03-27 04:51:01,4.00,62.03500000,4289812.47640000
2026-03-27 04:51:01,5.00,62.35200000,4312600.40750000
2026-03-27 04:51:31,-5.00,67.25100000,4576864.06690000
2026-03-27 04:51:31,-4.00,66.65100000,4537544.30490000
2026-03-27 04:51:31,-3.00,64.19800000,4374964.47190000
2026-03-27 04:51:31,-2.00,61.30700000,4182173.19310000
2026-03-27 04:51:31,-1.00,50.50300000,3453454.66910000
2026-03-27 04:51:31,-0.20,7.68300000,526623.44590000
2026-03-27 04:51:31,0.20,5.87000000,403300.91140000
2026-03-27 04:51:31,1.00,49.73100000,3425979.56460000
2026-03-27 04:51:31,2.00,54.97800000,3791222.76720000
2026-03-27 04:51:31,3.00,58.51000000,4040132.33750000
2026-03-27 04:51:31,4.00,61.78700000,4272843.66140000
2026-03-27 04:51:31,5.00,62.10400000,4295631.59250000
2026-03-27 04:52:01,-5.00,67.38000000,4585712.79090000
2026-03-27 04:52:01,-4.00,66.78000000,4546393.02890000
2026-03-27 04:52:01,-3.00,64.32700000,4383813.19590000
2026-03-27 04:52:01,-2.00,61.43600000,4191021.91710000
2026-03-27 04:52:01,-1.00,50.63200000,3462303.39310000
2026-03-27 04:52:01,-0.20,7.81200000,535472.16990000
2026-03-27 04:52:01,0.20,6.17000000,423915.08100000
2026-03-27 04:52:01,1.00,50.03100000,3446593.73420000
2026-03-27 04:52:01,2.00,55.27800000,3811836.93680000
2026-03-27 04:52:01,3.00,58.81000000,4060746.50710000
2026-03-27 04:52:01,4.00,62.08700000,4293457.83100000
2026-03-27 04:52:01,5.00,62.40400000,4316245.76210000
2026-03-27 04:53:31,-5.00,67.41100000,4588165.95750000
2026-03-27 04:53:31,-4.00,66.81100000,4548846.19550000
2026-03-27 04:53:31,-3.00,63.76200000,4346582.44250000
2026-03-27 04:53:31,-2.00,61.44500000,4191995.47370000
2026-03-27 04:53:31,-1.00,50.66100000,3464620.65600000
2026-03-27 04:53:31,-0.20,6.38500000,437795.92100000
2026-03-27 04:53:31,0.20,7.57200000,520489.53790000
2026-03-27 04:53:31,1.00,49.97700000,3443286.03260000
2026-03-27 04:53:31,2.00,55.26500000,3811399.90950000
2026-03-27 04:53:31,3.00,58.75500000,4057369.32050000
2026-03-27 04:53:31,4.00,62.03200000,4290080.64440000
2026-03-27 04:53:31,5.00,62.34900000,4312868.57550000
2026-03-27 04:54:00,-5.00,67.46600000,4592085.76460000
2026-03-27 04:54:00,-4.00,66.86600000,4552766.00260000
2026-03-27 04:54:00,-3.00,63.81700000,4350502.24960000
2026-03-27 04:54:00,-2.00,61.50000000,4195915.28080000
2026-03-27 04:54:00,-1.00,50.71600000,3468540.46310000
2026-03-27 04:54:00,-0.20,7.89700000,541391.01480000
2026-03-27 04:54:00,0.20,6.12200000,420764.98340000
2026-03-27 04:54:00,1.00,49.98200000,3443676.75660000
2026-03-27 04:54:00,2.00,55.27000000,3811790.63350000
2026-03-27 04:54:00,3.00,58.76000000,4057760.04450000
2026-03-27 04:54:00,4.00,62.03700000,4290471.36840000
2026-03-27 04:54:00,5.00,62.35400000,4313259.29950000
2026-03-27 04:54:31,-5.00,67.08900000,4564511.91940000
2026-03-27 04:54:31,-4.00,66.43900000,4521933.16240000
2026-03-27 04:54:31,-3.00,64.36800000,4384778.55390000
2026-03-27 04:54:31,-2.00,61.09500000,4166562.05060000
2026-03-27 04:54:31,-1.00,50.29100000,3437843.52660000
2026-03-27 04:54:31,-0.20,13.86700000,949928.93860000
2026-03-27 04:54:31,0.20,6.22800000,427833.73840000
2026-03-27 04:54:31,1.00,50.08900000,3449955.99140000
2026-03-27 04:54:31,2.00,55.33800000,3815337.79010000
2026-03-27 04:54:31,3.00,58.87000000,4064247.20570000
2026-03-27 04:54:31,4.00,62.14700000,4296958.52960000
2026-03-27 04:54:31,5.00,62.45800000,4319314.16070000
2026-03-27 04:55:00,-5.00,67.38400000,4585124.64100000
2026-03-27 04:55:00,-4.00,66.78400000,4545804.87900000
2026-03-27 04:55:00,-3.00,64.41600000,4388882.84150000
2026-03-27 04:55:00,-2.00,61.44000000,4190433.76720000
2026-03-27 04:55:00,-1.00,50.63600000,3461715.24320000
2026-03-27 04:55:00,-0.20,12.65000000,866644.54160000
2026-03-27 04:55:00,0.20,6.12800000,420985.66890000
2026-03-27 04:55:00,1.00,49.98900000,3443276.41960000
2026-03-27 04:55:00,2.00,55.23600000,3808519.62220000
2026-03-27 04:55:00,3.00,58.76800000,4057430.76810000
2026-03-27 04:55:00,4.00,62.04500000,4290142.09200000
2026-03-27 04:55:00,5.00,62.35600000,4312497.72310000
2026-03-27 04:55:30,-5.00,67.35700000,4583264.36110000
2026-03-27 04:55:30,-4.00,66.75700000,4543944.59910000
2026-03-27 04:55:30,-3.00,64.38900000,4387022.56160000
2026-03-27 04:55:30,-2.00,61.41300000,4188573.48730000
2026-03-27 04:55:30,-1.00,50.60900000,3459854.96330000
2026-03-27 04:55:30,-0.20,12.62300000,864793.26170000
2026-03-27 04:55:30,0.20,6.03900000,414878.18670000
2026-03-27 04:55:30,1.00,49.90000000,3437199.53740000
2026-03-27 04:55:30,2.00,55.14700000,3802442.74000000
2026-03-27 04:55:30,3.00,58.67900000,4051352.54430000
2026-03-27 04:55:30,4.00,61.95600000,4284063.86820000
2026-03-27 04:55:30,5.00,62.26700000,4306419.49930000
2026-03-27 04:56:00,-5.00,49.54900000,3366301.28270000
2026-03-27 04:56:00,-4.00,48.95000000,3327042.87360000
2026-03-27 04:56:00,-3.00,46.49500000,3164329.89780000
2026-03-27 04:56:00,-2.00,43.58400000,2970192.15180000
2026-03-27 04:56:00,-1.00,32.80000000,2242817.33410000
2026-03-27 04:56:00,-0.20,6.51900000,446950.15650000
2026-03-27 04:56:00,0.20,7.38500000,507518.91280000
2026-03-27 04:56:00,1.00,31.78900000,2189778.04620000
2026-03-27 04:56:00,2.00,37.07800000,2557961.25340000
2026-03-27 04:56:00,3.00,40.56800000,2803931.05310000
2026-03-27 04:56:00,4.00,43.84500000,3036642.37700000
2026-03-27 04:56:00,5.00,44.16200000,3059430.30810000
2026-03-27 04:56:31,-5.00,49.52900000,3365269.06720000
2026-03-27 04:56:31,-4.00,48.93000000,3326010.65810000
2026-03-27 04:56:31,-3.00,45.88100000,3123746.90510000
2026-03-27 04:56:31,-2.00,43.56400000,2969159.93630000
2026-03-27 04:56:31,-1.00,32.78000000,2241785.11860000
2026-03-27 04:56:31,-0.20,6.49900000,445657.03180000
2026-03-27 04:56:31,0.20,7.35200000,505412.02050000
2026-03-27 04:56:31,1.00,31.75500000,2187644.72370000
2026-03-27 04:56:31,2.00,37.04300000,2555758.60060000
2026-03-27 04:56:31,3.00,40.53100000,2801646.60830000
2026-03-27 04:56:31,4.00,43.80800000,3034357.93220000
2026-03-27 04:56:31,5.00,44.12500000,3057145.86330000
2026-03-27 04:57:02,-5.00,67.47800000,4592459.31400000
2026-03-27 04:57:02,-4.00,66.87900000,4553200.90490000
2026-03-27 04:57:02,-3.00,64.12700000,4370712.77810000
2026-03-27 04:57:02,-2.00,61.51300000,4196350.18310000
2026-03-27 04:57:02,-1.00,50.72900000,3468975.36540000
2026-03-27 04:57:02,-0.20,7.90600000,542012.06640000
2026-03-27 04:57:02,0.20,6.04600000,415533.18870000
2026-03-27 04:57:02,1.00,49.90400000,3438296.35550000
2026-03-27 04:57:02,2.00,55.19300000,3806479.56270000
2026-03-27 04:57:02,3.00,58.68100000,4052367.57040000
2026-03-27 04:57:02,4.00,61.95800000,4285078.89430000
2026-03-27 04:57:02,5.00,62.27500000,4307866.82540000
2026-03-27 04:57:30,-5.00,67.44300000,4590064.56260000
2026-03-27 04:57:30,-4.00,66.84400000,4550806.15350000
2026-03-27 04:57:30,-3.00,63.79500000,4348542.40050000
2026-03-27 04:57:30,-2.00,61.47800000,4193955.43170000
2026-03-27 04:57:30,-1.00,50.69400000,3466580.61400000
2026-03-27 04:57:30,-0.20,7.87100000,539617.31500000
2026-03-27 04:57:30,0.20,6.04000000,415122.83130000
2026-03-27 04:57:30,1.00,49.89800000,3437886.54530000
2026-03-27 04:57:30,2.00,55.18600000,3806000.42220000
2026-03-27 04:57:30,3.00,58.66100000,4050973.66670000
2026-03-27 04:57:30,4.00,61.93800000,4283684.99060000
2026-03-27 04:57:30,5.00,62.25500000,4306472.92170000
2026-03-27 04:58:01,-5.00,67.17200000,4571033.10100000
2026-03-27 04:58:01,-4.00,66.57300000,4531774.69190000
2026-03-27 04:58:01,-3.00,64.20500000,4374852.65440000
2026-03-27 04:58:01,-2.00,61.22900000,4176403.58010000
2026-03-27 04:58:01,-1.00,50.42500000,3447685.05610000
2026-03-27 04:58:01,-0.20,12.43800000,852121.16690000
2026-03-27 04:58:01,0.20,5.79200000,397910.76610000
2026-03-27 04:58:01,1.00,49.65200000,3420731.18230000
2026-03-27 04:58:01,2.00,54.89900000,3785974.38490000
2026-03-27 04:58:01,3.00,58.42900000,4034805.08300000
2026-03-27 04:58:01,4.00,61.70600000,4267516.40690000
2026-03-27 04:58:01,5.00,62.01700000,4289872.03800000
2026-03-27 04:58:31,-5.00,67.55900000,4597118.11260000
2026-03-27 04:58:31,-4.00,66.96000000,4557859.70350000
2026-03-27 04:58:31,-3.00,64.50700000,4395279.87050000
2026-03-27 04:58:31,-2.00,61.61600000,4202488.59170000
2026-03-27 04:58:31,-1.00,50.81200000,3473770.06770000
2026-03-27 04:58:31,-0.20,7.98600000,547264.58050000
2026-03-27 04:58:31,0.20,6.02600000,413996.53790000
2026-03-27 04:58:31,1.00,49.88600000,3436386.75410000
2026-03-27 04:58:31,2.00,55.13300000,3801629.95670000
2026-03-27 04:58:31,3.00,58.66300000,4050460.30640000
2026-03-27 04:58:31,4.00,61.94000000,4283171.63030000
2026-03-27 04:58:31,5.00,62.25700000,4305959.56140000
2026-03-27 04:59:00,-5.00,48.91500000,3322338.59390000
2026-03-27 04:59:00,-4.00,48.40000000,3288645.76190000
2026-03-27 04:59:00,-3.00,46.19500000,3142666.58130000
2026-03-27 04:59:00,-2.00,42.92200000,2924450.07800000
2026-03-27 04:59:00,-1.00,32.12400000,2196138.97220000
2026-03-27 04:59:00,-0.20,13.79500000,944845.79270000
2026-03-27 04:59:00,0.20,5.53700000,380216.87400000
2026-03-27 04:59:00,1.00,32.18000000,2215641.11310000
2026-03-27 04:59:00,2.00,37.42900000,2581022.91180000
2026-03-27 04:59:00,3.00,39.83900000,2750723.53420000
2026-03-27 04:59:00,4.00,43.75000000,3027897.32410000
2026-03-27 04:59:00,5.00,44.54700000,3084920.44920000
2026-03-27 04:59:33,-5.00,57.68500000,3924097.97020000
2026-03-27 04:59:33,-4.00,57.39100000,3904774.81860000
2026-03-27 04:59:33,-3.00,55.77100000,3797613.69450000
2026-03-27 04:59:33,-2.00,52.49800000,3579397.19120000
2026-03-27 04:59:33,-1.00,41.69400000,2850678.66720000
2026-03-27 04:59:33,-0.20,11.25000000,770724.58970000
2026-03-27 04:59:33,0.20,7.48600000,514249.98670000
2026-03-27 04:59:33,1.00,31.94500000,2199740.57420000
2026-03-27 04:59:33,2.00,37.19300000,2565053.07680000
2026-03-27 04:59:33,3.00,40.72300000,2813882.07060000
2026-03-27 04:59:33,4.00,44.00000000,3046593.39450000
2026-03-27 04:59:33,5.00,44.31100000,3068949.02560000
2026-03-27 05:00:06,-5.00,65.63400000,4466438.47950000
2026-03-27 05:00:06,-4.00,65.29000000,4443856.33290000
2026-03-27 05:00:06,-3.00,63.67000000,4336695.20880000
2026-03-27 05:00:06,-2.00,60.39700000,4118478.70550000
2026-03-27 05:00:06,-1.00,49.59400000,3389828.09970000
2026-03-27 05:00:06,-0.20,10.15000000,695298.76940000
2026-03-27 05:00:06,0.20,5.07400000,348529.79380000
2026-03-27 05:00:06,1.00,48.99100000,3373842.63360000
2026-03-27 05:00:06,2.00,54.24000000,3739224.43230000
2026-03-27 05:00:06,3.00,57.73100000,3985307.85210000
2026-03-27 05:00:06,4.00,61.00800000,4218019.17600000
2026-03-27 05:00:06,5.00,61.31900000,4240374.80710000
2026-03-27 05:00:43,-5.00,66.82600000,4548411.18810000
2026-03-27 05:00:43,-4.00,66.48200000,4525829.04150000
2026-03-27 05:00:43,-3.00,64.86200000,4418667.91740000
2026-03-27 05:00:43,-2.00,61.58900000,4200451.41410000
2026-03-27 05:00:43,-1.00,50.78500000,3471732.89010000
2026-03-27 05:00:43,-0.20,6.39800000,438435.53730000
2026-03-27 05:00:43,0.20,5.85500000,402159.65030000
2026-03-27 05:00:43,1.00,49.99100000,3442665.33840000
2026-03-27 05:00:43,2.00,55.24000000,3808047.13710000
2026-03-27 05:00:43,3.00,58.73100000,4054130.55690000
2026-03-27 05:00:43,4.00,62.03400000,4288686.32860000
2026-03-27 05:00:43,5.00,62.34500000,4311041.95970000
2026-03-27 05:01:01,-5.00,47.65000000,3237676.08290000
2026-03-27 05:01:01,-4.00,47.30600000,3215093.93630000
2026-03-27 05:01:01,-3.00,45.68600000,3107932.81220000
2026-03-27 05:01:01,-2.00,42.41300000,2889716.30890000
2026-03-27 05:01:01,-1.00,31.60900000,2160997.78490000
2026-03-27 05:01:01,-0.20,5.26900000,361036.34610000
2026-03-27 05:01:01,0.20,4.88500000,335562.52790000
2026-03-27 05:01:01,1.00,30.80300000,2121309.32090000
2026-03-27 05:01:01,2.00,36.05200000,2486691.11960000
2026-03-27 05:01:01,3.00,39.55600000,2733693.08170000
2026-03-27 05:01:01,4.00,42.85900000,2968246.36260000
2026-03-27 05:01:01,5.00,43.17000000,2990601.99370000
2026-03-27 05:01:30,-5.00,67.38700000,4586177.91650000
2026-03-27 05:01:30,-4.00,67.09300000,4566854.76490000
2026-03-27 05:01:30,-3.00,64.72500000,4409955.63820000
2026-03-27 05:01:30,-2.00,61.74900000,4211506.56390000
2026-03-27 05:01:30,-1.00,50.94500000,3482788.03990000
2026-03-27 05:01:30,-0.20,6.60500000,452652.60110000
2026-03-27 05:01:30,0.20,9.64900000,662947.64900000
2026-03-27 05:01:30,1.00,50.55400000,3481410.10910000
2026-03-27 05:01:30,2.00,55.80100000,3846653.31170000
2026-03-27 05:01:30,3.00,59.30500000,4093655.27380000
2026-03-27 05:01:30,4.00,62.60800000,4328208.55470000
2026-03-27 05:01:30,5.00,62.91900000,4350564.18580000
2026-03-27 05:02:03,-5.00,67.66100000,4604211.87340000
2026-03-27 05:02:03,-4.00,67.06100000,4564892.29500000
2026-03-27 05:02:03,-3.00,64.69400000,4407983.65260000
2026-03-27 05:02:03,-2.00,61.71900000,4209525.68480000
2026-03-27 05:02:03,-1.00,50.91600000,3480798.88990000
2026-03-27 05:02:03,-0.20,6.57600000,450668.85110000
2026-03-27 05:02:03,0.20,9.56400000,657094.82590000
2026-03-27 05:02:03,1.00,50.46900000,3475522.18600000
2026-03-27 05:02:03,2.00,55.71600000,3840765.38860000
2026-03-27 05:02:03,3.00,59.22000000,4087767.35070000
2026-03-27 05:02:03,4.00,62.52300000,4322320.63160000
2026-03-27 05:02:03,5.00,62.84000000,4345108.56270000
2026-03-27 05:02:33,-5.00,49.55300000,3366425.44450000
2026-03-27 05:02:33,-4.00,48.90300000,3323846.87110000
2026-03-27 05:02:33,-3.00,46.83300000,3186705.65770000
2026-03-27 05:02:33,-2.00,43.56100000,2968480.26090000
2026-03-27 05:02:33,-1.00,32.75900000,2239821.38420000
2026-03-27 05:02:33,-0.20,6.41800000,439792.02720000
2026-03-27 05:02:33,0.20,6.70800000,460692.22170000
2026-03-27 05:02:33,1.00,32.62600000,2246439.01470000
2026-03-27 05:02:33,2.00,37.87500000,2611820.81340000
2026-03-27 05:02:33,3.00,41.39200000,2859740.08670000
2026-03-27 05:02:33,4.00,44.68200000,3093371.68190000
2026-03-27 05:02:33,5.00,44.99300000,3115727.31300000
2026-03-27 05:03:01,-5.00,67.66100000,4603742.47840000
2026-03-27 05:03:01,-4.00,67.01100000,4561163.90500000
2026-03-27 05:03:01,-3.00,64.94100000,4424022.69160000
2026-03-27 05:03:01,-2.00,61.66900000,4205797.29480000
2026-03-27 05:03:01,-1.00,50.86600000,3477070.49990000
2026-03-27 05:03:01,-0.20,6.52600000,447223.06110000
2026-03-27 05:03:01,0.20,6.02200000,413640.34660000
2026-03-27 05:03:01,1.00,49.94000000,3438907.63960000
2026-03-27 05:03:01,2.00,55.18900000,3804289.43830000
2026-03-27 05:03:01,3.00,58.71900000,4053124.87100000
2026-03-27 05:03:01,4.00,61.99600000,4285836.19490000
2026-03-27 05:03:01,5.00,62.30700000,4308191.82600000
2026-03-27 05:04:30,-5.00,67.46500000,4589718.44780000
2026-03-27 05:04:30,-4.00,66.94900000,4555964.44650000
2026-03-27 05:04:30,-3.00,64.74500000,4409998.66100000
2026-03-27 05:04:30,-2.00,61.47300000,4191773.26420000
2026-03-27 05:04:30,-1.00,50.67100000,3463114.38750000
2026-03-27 05:04:30,-0.20,6.42900000,440432.70490000
2026-03-27 05:04:30,0.20,6.90800000,474426.92910000
2026-03-27 05:04:30,1.00,50.09300000,3448969.05670000
2026-03-27 05:04:30,2.00,55.34200000,3814350.85540000
2026-03-27 05:04:30,3.00,57.75200000,3984049.43810000
2026-03-27 05:04:30,4.00,61.74900000,4267357.52200000
2026-03-27 05:04:30,5.00,62.46000000,4318246.35310000
2026-03-27 05:05:00,-5.00,49.56400000,3366916.79420000
2026-03-27 05:05:00,-4.00,49.04800000,3333162.79290000
2026-03-27 05:05:00,-3.00,46.84400000,3187197.00740000
2026-03-27 05:05:00,-2.00,43.57200000,2968971.61060000
2026-03-27 05:05:00,-1.00,32.77000000,2240312.73390000
2026-03-27 05:05:00,-0.20,6.42800000,440368.58780000
2026-03-27 05:05:00,0.20,7.58300000,520727.39820000
2026-03-27 05:05:00,1.00,32.76900000,2256062.11980000
2026-03-27 05:05:00,2.00,38.01800000,2621443.91850000
2026-03-27 05:05:00,3.00,40.42800000,2791142.50120000
2026-03-27 05:05:00,4.00,44.42500000,3074450.58510000
2026-03-27 05:05:00,5.00,45.13600000,3125339.41620000
2026-03-27 05:05:32,-5.00,49.81300000,3384131.26680000
2026-03-27 05:05:32,-4.00,49.16300000,3341552.69340000
2026-03-27 05:05:32,-3.00,47.09300000,3204411.48000000
2026-03-27 05:05:32,-2.00,43.82100000,2986186.08320000
2026-03-27 05:05:32,-1.00,33.01900000,2257527.20650000
2026-03-27 05:05:32,-0.20,6.61200000,453022.00320000
2026-03-27 05:05:32,0.20,6.73700000,462689.27110000
2026-03-27 05:05:32,1.00,33.05300000,2275460.09110000
2026-03-27 05:05:32,2.00,38.30200000,2640841.88980000
2026-03-27 05:05:32,3.00,41.83200000,2889672.43060000
2026-03-27 05:05:32,4.00,45.10900000,3122383.75450000
2026-03-27 05:05:32,5.00,45.42000000,3144739.38560000
2026-03-27 05:06:01,-5.00,67.86800000,4617852.89170000
2026-03-27 05:06:01,-4.00,67.21800000,4575274.31830000
2026-03-27 05:06:01,-3.00,65.14800000,4438133.10490000
2026-03-27 05:06:01,-2.00,61.87600000,4219907.70810000
2026-03-27 05:06:01,-1.00,51.07300000,3491180.91320000
2026-03-27 05:06:01,-0.20,6.66400000,456606.29450000
2026-03-27 05:06:01,0.20,7.98800000,548771.59410000
2026-03-27 05:06:01,1.00,50.62100000,3485507.98160000
2026-03-27 05:06:01,2.00,55.87000000,3850889.78030000
2026-03-27 05:06:01,3.00,59.38700000,4098802.16360000
2026-03-27 05:06:01,4.00,62.67700000,4332436.62270000
2026-03-27 05:06:01,5.00,62.98800000,4354792.25380000
2026-03-27 05:06:33,-5.00,67.73400000,4608581.87560000
2026-03-27 05:06:33,-4.00,67.08500000,4566069.15930000
2026-03-27 05:06:33,-3.00,65.01400000,4428862.08880000
2026-03-27 05:06:33,-2.00,61.74200000,4210636.69200000
2026-03-27 05:06:33,-1.00,50.94000000,3481977.81530000
2026-03-27 05:06:33,-0.20,6.53200000,447537.00870000
2026-03-27 05:06:33,0.20,7.91700000,543847.33370000
2026-03-27 05:06:33,1.00,50.55100000,3480503.35010000
2026-03-27 05:06:33,2.00,55.80000000,3845885.14880000
2026-03-27 05:06:33,3.00,59.31700000,4093797.53210000
2026-03-27 05:06:33,4.00,62.59400000,4326508.85600000
2026-03-27 05:06:33,5.00,62.90500000,4348864.48710000
2026-03-27 05:07:00,-5.00,67.74600000,4609797.71040000
2026-03-27 05:07:00,-4.00,67.09600000,4567219.13700000
2026-03-27 05:07:00,-3.00,65.02600000,4430077.92360000
2026-03-27 05:07:00,-2.00,61.75400000,4211852.52680000
2026-03-27 05:07:00,-1.00,50.95100000,3483125.73190000
2026-03-27 05:07:00,-0.20,6.54300000,448395.42530000
2026-03-27 05:07:00,0.20,7.83400000,538201.75550000
2026-03-27 05:07:00,1.00,50.46700000,3475051.38750000
2026-03-27 05:07:00,2.00,55.71600000,3840433.18620000
2026-03-27 05:07:00,3.00,59.23300000,4088345.56950000
2026-03-27 05:07:00,4.00,62.51000000,4321056.89340000
2026-03-27 05:07:00,5.00,62.82100000,4343412.52450000
2026-03-27 05:07:32,-5.00,67.68000000,4606945.93140000
2026-03-27 05:07:32,-4.00,67.08000000,4567626.35300000
2026-03-27 05:07:32,-3.00,64.03200000,4365375.99510000
2026-03-27 05:07:32,-2.00,61.71600000,4210780.13280000
2026-03-27 05:07:32,-1.00,50.93300000,3483397.04420000
2026-03-27 05:07:32,-0.20,6.53500000,448063.41720000
2026-03-27 05:07:32,0.20,7.62000000,523773.37690000
2026-03-27 05:07:32,1.00,50.24900000,3461685.82960000
2026-03-27 05:07:32,2.00,55.53700000,3829802.27850000
2026-03-27 05:07:32,3.00,59.01200000,4074777.33470000
2026-03-27 05:07:32,4.00,62.28900000,4307491.31510000
2026-03-27 05:07:32,5.00,62.60600000,4330279.24620000
2026-03-27 05:08:01,-5.00,67.61300000,4602634.46920000
2026-03-27 05:08:01,-4.00,67.01300000,4563314.89080000
2026-03-27 05:08:01,-3.00,63.96500000,4361064.53290000
2026-03-27 05:08:01,-2.00,61.64900000,4206468.67060000
2026-03-27 05:08:01,-1.00,50.86600000,3479085.58200000
2026-03-27 05:08:01,-0.20,6.46600000,443387.22690000
2026-03-27 05:08:01,0.20,7.59000000,521731.01970000
2026-03-27 05:08:01,1.00,50.21800000,3459734.88930000
2026-03-27 05:08:01,2.00,55.50600000,3827851.33820000
2026-03-27 05:08:01,3.00,58.99400000,4073743.69000000
2026-03-27 05:08:01,4.00,62.27100000,4306457.67040000
2026-03-27 05:08:01,5.00,62.58800000,4329245.60150000
2026-03-27 05:08:30,-5.00,67.81200000,4616310.00180000
2026-03-27 05:08:30,-4.00,67.21200000,4576990.42340000
2026-03-27 05:08:30,-3.00,64.16400000,4374740.06550000
2026-03-27 05:08:30,-2.00,61.84800000,4220144.20320000
2026-03-27 05:08:30,-1.00,51.06500000,3492761.11460000
2026-03-27 05:08:30,-0.20,6.66600000,457110.61270000
2026-03-27 05:08:30,0.20,7.55600000,519448.96880000
2026-03-27 05:08:30,1.00,50.18400000,3457435.73840000
2026-03-27 05:08:30,2.00,55.47200000,3825552.18730000
2026-03-27 05:08:30,3.00,58.96000000,4071443.31320000
2026-03-27 05:08:30,4.00,62.23700000,4304157.29360000
2026-03-27 05:08:30,5.00,62.55400000,4326945.22470000
2026-03-27 05:09:01,-5.00,67.62700000,4605079.92490000
2026-03-27 05:09:01,-4.00,67.03000000,4565934.84660000
2026-03-27 05:09:01,-3.00,64.57200000,4402949.07120000
2026-03-27 05:09:01,-2.00,61.65600000,4208320.21340000
2026-03-27 05:09:01,-1.00,50.63100000,3464448.91710000
2026-03-27 05:09:01,-0.20,14.40900000,988220.56250000
2026-03-27 05:09:01,0.20,5.75400000,395750.51660000
2026-03-27 05:09:01,1.00,50.45400000,3477362.49850000
2026-03-27 05:09:01,2.00,55.73700000,3845132.12530000
2026-03-27 05:09:01,3.00,59.21100000,4090074.93480000
2026-03-27 05:09:01,4.00,62.48900000,4322860.33010000
2026-03-27 05:09:01,5.00,62.85100000,4348893.44630000
2026-03-27 05:09:31,-5.00,67.72100000,4612483.67220000
2026-03-27 05:09:31,-4.00,67.12000000,4573074.76030000
2026-03-27 05:09:31,-3.00,64.66300000,4410158.13020000
2026-03-27 05:09:31,-2.00,58.96000000,4027905.01680000
2026-03-27 05:09:31,-1.00,50.72400000,3471789.92030000
2026-03-27 05:09:31,-0.20,8.04700000,552268.05010000
2026-03-27 05:09:31,0.20,4.61400000,317432.32970000
2026-03-27 05:09:31,1.00,50.39600000,3474451.75640000
2026-03-27 05:09:31,2.00,55.53400000,3832187.72770000
2026-03-27 05:09:31,3.00,59.00800000,4077133.37400000
2026-03-27 05:09:31,4.00,62.28200000,4309635.66690000
2026-03-27 05:09:31,5.00,62.64400000,4335668.78310000
2026-03-27 05:10:04,-5.00,48.85900000,3322628.38670000
2026-03-27 05:10:04,-4.00,48.25800000,3283219.47480000
2026-03-27 05:10:04,-3.00,45.50200000,3100359.01750000
2026-03-27 05:10:04,-2.00,38.61500000,2638132.65870000
2026-03-27 05:10:04,-1.00,31.86200000,2181868.44190000
2026-03-27 05:10:04,-0.20,8.69000000,596502.67130000
2026-03-27 05:10:04,0.20,3.90200000,268462.71370000
2026-03-27 05:10:04,1.00,32.59100000,2247769.86500000
2026-03-27 05:10:04,2.00,37.73900000,2606206.83630000
2026-03-27 05:10:04,3.00,41.20300000,2850484.83060000
2026-03-27 05:10:04,4.00,44.49000000,3083911.38580000
2026-03-27 05:10:04,5.00,44.85200000,3109944.50200000
2026-03-27 05:10:33,-5.00,67.24900000,4584077.39880000
2026-03-27 05:10:33,-4.00,66.63700000,4543939.66260000
2026-03-27 05:10:33,-3.00,63.25200000,4319121.48340000
2026-03-27 05:10:33,-2.00,57.00900000,3899842.86080000
2026-03-27 05:10:33,-1.00,50.24600000,3442898.13680000
2026-03-27 05:10:33,-0.20,6.06400000,416525.28220000
2026-03-27 05:10:33,0.20,5.97200000,411240.60270000
2026-03-27 05:10:33,1.00,49.84400000,3440128.65920000
2026-03-27 05:10:33,2.00,54.99100000,3798522.93340000
2026-03-27 05:10:33,3.00,58.45400000,4042832.39690000
2026-03-27 05:10:33,4.00,61.73800000,4276049.65740000
2026-03-27 05:10:33,5.00,62.09400000,4301656.60600000
2026-03-27 05:11:00,-5.00,67.61800000,4609394.95450000
2026-03-27 05:11:00,-4.00,67.00600000,4569257.21830000
2026-03-27 05:11:00,-3.00,63.62100000,4344439.03910000
2026-03-27 05:11:00,-2.00,57.37800000,3925160.41650000
2026-03-27 05:11:00,-1.00,50.61500000,3468215.69250000
2026-03-27 05:11:00,-0.20,7.99100000,548837.93810000
2026-03-27 05:11:00,0.20,3.39700000,233893.99500000
2026-03-27 05:11:00,1.00,48.74100000,3364120.11930000
2026-03-27 05:11:00,2.00,53.88800000,3722514.39350000
2026-03-27 05:11:00,3.00,57.35100000,3966823.85700000
2026-03-27 05:11:00,4.00,60.63500000,4200041.11750000
2026-03-27 05:11:00,5.00,60.99100000,4225648.06610000
2026-03-27 05:11:33,-5.00,67.65200000,4611323.64980000
2026-03-27 05:11:33,-4.00,67.04100000,4571251.92790000
2026-03-27 05:11:33,-3.00,63.65500000,4346367.73440000
2026-03-27 05:11:33,-2.00,57.41200000,3927089.11180000
2026-03-27 05:11:33,-1.00,50.64900000,3470144.38780000
2026-03-27 05:11:33,-0.20,6.57400000,451491.13010000
2026-03-27 05:11:33,0.20,6.15100000,423516.86190000
2026-03-27 05:11:33,1.00,50.02700000,3452400.58840000
2026-03-27 05:11:33,2.00,55.17300000,3810724.71980000
2026-03-27 05:11:33,3.00,58.63700000,4055104.32610000
2026-03-27 05:11:33,4.00,61.92100000,4288321.58660000
2026-03-27 05:11:33,5.00,62.27700000,4313928.53520000
2026-03-27 05:12:01,-5.00,67.32600000,4587194.19270000
2026-03-27 05:12:01,-4.00,66.71500000,4547122.47080000
2026-03-27 05:12:01,-3.00,63.32900000,4322238.27730000
2026-03-27 05:12:01,-2.00,57.08600000,3902959.65470000
2026-03-27 05:12:01,-1.00,50.32300000,3446014.93070000
2026-03-27 05:12:01,-0.20,4.68000000,321413.96650000
2026-03-27 05:12:01,0.20,5.45500000,375420.97430000
2026-03-27 05:12:01,1.00,50.78800000,3504093.29840000
2026-03-27 05:12:01,2.00,55.93400000,3862417.42980000
2026-03-27 05:12:01,3.00,59.39800000,4106797.03610000
2026-03-27 05:12:01,4.00,62.68200000,4340014.29660000
2026-03-27 05:12:01,5.00,63.04700000,4366263.61960000
2026-03-27 05:12:31,-5.00,49.47700000,3365639.98220000
2026-03-27 05:12:31,-4.00,48.86600000,3325568.26030000
2026-03-27 05:12:31,-3.00,45.48000000,3100684.06680000
2026-03-27 05:12:31,-2.00,39.23700000,2681405.44420000
2026-03-27 05:12:31,-1.00,32.47400000,2224460.72020000
2026-03-27 05:12:31,-0.20,6.28900000,431875.44110000
2026-03-27 05:12:31,0.20,5.88500000,405186.29510000
2026-03-27 05:12:31,1.00,31.76300000,2191621.95020000
2026-03-27 05:12:31,2.00,36.90900000,2549946.08160000
2026-03-27 05:12:31,3.00,40.37300000,2794325.68790000
2026-03-27 05:12:31,4.00,43.65700000,3027542.94840000
2026-03-27 05:12:31,5.00,44.00900000,3052861.09700000
2026-03-27 05:13:00,-5.00,67.60100000,4607728.09300000
2026-03-27 05:13:00,-4.00,66.98900000,4567590.35680000
2026-03-27 05:13:00,-3.00,63.60400000,4342772.17760000
2026-03-27 05:13:00,-2.00,57.36100000,3923493.55500000
2026-03-27 05:13:00,-1.00,50.59800000,3466548.83100000
2026-03-27 05:13:00,-0.20,4.96400000,341016.45670000
2026-03-27 05:13:00,0.20,9.20600000,634009.14530000
2026-03-27 05:13:00,1.00,49.97600000,3449067.97920000
2026-03-27 05:13:00,2.00,55.12300000,3807462.25340000
2026-03-27 05:13:00,3.00,58.58600000,4051771.71690000
2026-03-27 05:13:00,4.00,61.88300000,4285911.85000000
2026-03-27 05:13:00,5.00,62.23900000,4311518.79860000
2026-03-27 05:13:30,-5.00,67.57800000,4606411.49240000
2026-03-27 05:13:30,-4.00,66.96000000,4565852.49680000
2026-03-27 05:13:30,-3.00,64.17600000,4381094.14800000
2026-03-27 05:13:30,-2.00,57.33400000,3921816.28410000
2026-03-27 05:13:30,-1.00,50.57500000,3465140.47090000
2026-03-27 05:13:30,-0.20,4.92900000,338673.46580000
2026-03-27 05:13:30,0.20,7.50900000,517239.31020000
2026-03-27 05:13:30,1.00,52.61600000,3633017.80990000
2026-03-27 05:13:30,2.00,54.97400000,3797665.83300000
2026-03-27 05:13:30,3.00,58.43700000,4042010.33720000
2026-03-27 05:13:30,4.00,61.72100000,4275227.59770000
2026-03-27 05:13:30,5.00,62.08100000,4301123.40830000
2026-03-27 05:14:00,-5.00,67.50700000,4601802.38890000
2026-03-27 05:14:00,-4.00,66.89600000,4561705.60960000
2026-03-27 05:14:00,-3.00,64.10500000,4376485.04450000
2026-03-27 05:14:00,-2.00,57.26800000,3917544.18060000
2026-03-27 05:14:00,-1.00,50.50500000,3460599.45660000
2026-03-27 05:14:00,-0.20,9.44200000,648525.92720000
2026-03-27 05:14:00,0.20,4.30300000,296284.86160000
2026-03-27 05:14:00,1.00,49.84900000,3441057.45620000
2026-03-27 05:14:00,2.00,54.99600000,3799451.73040000
2026-03-27 05:14:00,3.00,58.47200000,4044713.69790000
2026-03-27 05:14:00,4.00,61.75600000,4277930.95840000
2026-03-27 05:14:00,5.00,62.11200000,4303537.90700000
2026-03-27 05:14:33,-5.00,67.76600000,4624402.64230000
2026-03-27 05:14:33,-4.00,67.14800000,4583821.54030000
2026-03-27 05:14:33,-3.00,64.67700000,4419618.94530000
2026-03-27 05:14:33,-2.00,61.67400000,4218664.42170000
2026-03-27 05:14:33,-1.00,50.80900000,3484026.27410000
2026-03-27 05:14:33,-0.20,6.42400000,441651.08760000
2026-03-27 05:14:33,0.20,6.09200000,419904.28270000
2026-03-27 05:14:33,1.00,53.31900000,3685038.29230000
2026-03-27 05:14:33,2.00,55.66300000,3849009.60560000
2026-03-27 05:14:33,3.00,60.61200000,4198959.39750000
2026-03-27 05:14:33,4.00,62.40200000,4326571.73450000
2026-03-27 05:14:33,5.00,62.75300000,4351823.33370000
2026-03-27 05:16:33,-5.00,67.11900000,4582930.34300000
2026-03-27 05:16:33,-4.00,66.48500000,4541291.55300000
2026-03-27 05:16:33,-3.00,63.73500000,4358431.78460000
2026-03-27 05:16:33,-2.00,55.66000000,3814889.34990000
2026-03-27 05:16:33,-1.00,50.16400000,3442590.27470000
2026-03-27 05:16:33,-0.20,12.60600000,866895.25890000
2026-03-27 05:16:33,0.20,4.90800000,338404.53380000
2026-03-27 05:16:33,1.00,50.18200000,3469265.93040000
2026-03-27 05:16:33,2.00,55.94800000,3872629.28680000
2026-03-27 05:16:33,3.00,60.25800000,4177824.59710000
2026-03-27 05:16:33,4.00,62.04800000,4305440.33230000
2026-03-27 05:16:33,5.00,62.61300000,4346159.97720000
2026-03-27 05:17:00,-5.00,49.08200000,3345335.42180000
2026-03-27 05:17:00,-4.00,48.45600000,3304225.51980000
2026-03-27 05:17:00,-3.00,46.29000000,3160379.26660000
2026-03-27 05:17:00,-2.00,42.62300000,2914734.42870000
2026-03-27 05:17:00,-1.00,32.12700000,2204995.35350000
2026-03-27 05:17:00,-0.20,12.46500000,857117.55650000
2026-03-27 05:17:00,0.20,5.52000000,380567.61280000
2026-03-27 05:17:00,1.00,32.15600000,2222722.00170000
2026-03-27 05:17:00,2.00,37.92200000,2626085.35810000
2026-03-27 05:17:00,3.00,42.23200000,2931280.66840000
2026-03-27 05:17:00,4.00,44.02200000,3058893.98690000
2026-03-27 05:17:00,5.00,44.58700000,3099613.63180000
2026-03-27 05:17:32,-5.00,49.00500000,3339970.44330000
2026-03-27 05:17:32,-4.00,48.38700000,3299389.34130000
2026-03-27 05:17:32,-3.00,46.21300000,3155014.28810000
2026-03-27 05:17:32,-2.00,42.91600000,2934336.68020000
2026-03-27 05:17:32,-1.00,32.05000000,2199630.37500000
2026-03-27 05:17:32,-0.20,13.94400000,958679.96440000
2026-03-27 05:17:32,0.20,4.10700000,283047.35710000
2026-03-27 05:17:32,1.00,32.11100000,2219545.30080000
2026-03-27 05:17:32,2.00,37.87700000,2622908.65720000
2026-03-27 05:17:32,3.00,42.18700000,2928103.96750000
2026-03-27 05:17:32,4.00,43.96400000,3054794.25480000
2026-03-27 05:17:32,5.00,44.52300000,3095080.09970000
2026-03-27 05:18:01,-5.00,66.82600000,4561141.65010000
2026-03-27 05:18:01,-4.00,66.20800000,4520560.54810000
2026-03-27 05:18:01,-3.00,64.03400000,4376174.98660000
2026-03-27 05:18:01,-2.00,60.74200000,4155834.61870000
2026-03-27 05:18:01,-1.00,49.87300000,3420927.37400000
2026-03-27 05:18:01,-0.20,8.98900000,617796.16330000
2026-03-27 05:18:01,0.20,4.75800000,327819.68530000
2026-03-27 05:18:01,1.00,50.01800000,3456045.23200000
2026-03-27 05:18:01,2.00,55.15000000,3814885.75690000
2026-03-27 05:18:01,3.00,60.10800000,4165593.24010000
2026-03-27 05:18:01,4.00,61.87700000,4291710.88740000
2026-03-27 05:18:01,5.00,62.23600000,4317535.12660000
2026-03-27 05:18:32,-5.00,67.44400000,4603584.48520000
2026-03-27 05:18:32,-4.00,66.82600000,4563003.38320000
2026-03-27 05:18:32,-3.00,64.65200000,4418617.82170000
2026-03-27 05:18:32,-2.00,61.35500000,4197940.21380000
2026-03-27 05:18:32,-1.00,50.49000000,3463302.06620000
2026-03-27 05:18:32,-0.20,5.04000000,346585.94180000
2026-03-27 05:18:32,0.20,8.35000000,575536.20980000
2026-03-27 05:18:32,1.00,50.50800000,3489808.65110000
2026-03-27 05:18:32,2.00,55.64000000,3848649.17600000
2026-03-27 05:18:32,3.00,60.58500000,4198440.99120000
2026-03-27 05:18:32,4.00,62.36200000,4325131.27850000
2026-03-27 05:18:32,5.00,62.71300000,4350382.87770000
2026-03-27 05:19:01,-5.00,67.11100000,4580554.49530000
2026-03-27 05:19:01,-4.00,66.49300000,4539973.39330000
2026-03-27 05:19:01,-3.00,64.31900000,4395587.83180000
2026-03-27 05:19:01,-2.00,61.02700000,4175247.46390000
2026-03-27 05:19:01,-1.00,50.15800000,3440340.21920000
2026-03-27 05:19:01,-0.20,9.27400000,637357.37180000
2026-03-27 05:19:01,0.20,4.50600000,310455.70370000
2026-03-27 05:19:01,1.00,49.98100000,3453493.40390000
2026-03-27 05:19:01,2.00,55.11300000,3812333.92880000
2026-03-27 05:19:01,3.00,60.05800000,4162126.13920000
2026-03-27 05:19:01,4.00,61.84000000,4289165.38770000
2026-03-27 05:19:01,5.00,62.19900000,4314989.62690000
2026-03-27 05:19:31,-5.00,67.14500000,4582860.76440000
2026-03-27 05:19:31,-4.00,66.52700000,4542279.66240000
2026-03-27 05:19:31,-3.00,64.35300000,4397894.10090000
2026-03-27 05:19:31,-2.00,61.06100000,4177553.73300000
2026-03-27 05:19:31,-1.00,50.19200000,3442646.48830000
2026-03-27 05:19:31,-0.20,14.08600000,967819.54770000
2026-03-27 05:19:31,0.20,3.80600000,262150.43000000
2026-03-27 05:19:31,1.00,50.04000000,3457193.15260000
2026-03-27 05:19:31,2.00,55.17200000,3816033.67750000
2026-03-27 05:19:31,3.00,59.29300000,4107416.59560000
2026-03-27 05:19:31,4.00,61.89800000,4292791.07290000
2026-03-27 05:19:31,5.00,62.25800000,4318686.88350000
2026-03-27 05:20:04,-5.00,67.31100000,4593711.82400000
2026-03-27 05:20:04,-4.00,66.69300000,4553130.72200000
2026-03-27 05:20:04,-3.00,64.51900000,4408745.16050000
2026-03-27 05:20:04,-2.00,61.22700000,4188404.79260000
2026-03-27 05:20:04,-1.00,50.35900000,3453565.67130000
2026-03-27 05:20:04,-0.20,14.24900000,978966.50000000
2026-03-27 05:20:04,0.20,3.85400000,265449.77690000
2026-03-27 05:20:04,1.00,50.09300000,3460595.95730000
2026-03-27 05:20:04,2.00,55.22700000,3819575.48350000
2026-03-27 05:20:04,3.00,57.56900000,3984870.19990000
2026-03-27 05:20:04,4.00,61.95300000,4296333.23120000
2026-03-27 05:20:04,5.00,62.31300000,4322229.04180000
2026-03-27 05:20:33,-5.00,49.44900000,3367679.81980000
2026-03-27 05:20:33,-4.00,48.83800000,3327583.67470000
2026-03-27 05:20:33,-3.00,46.65700000,3182735.89690000
2026-03-27 05:20:33,-2.00,43.36700000,2962625.87370000
2026-03-27 05:20:33,-1.00,32.49700000,2227683.69370000
2026-03-27 05:20:33,-0.20,9.79600000,672732.17950000
2026-03-27 05:20:33,0.20,9.08200000,625450.47200000
2026-03-27 05:20:33,1.00,32.04000000,2212140.39610000
2026-03-27 05:20:33,2.00,37.17200000,2570954.39820000
2026-03-27 05:20:33,3.00,40.62000000,2814505.90970000
2026-03-27 05:20:33,4.00,43.90200000,3047860.09020000
2026-03-27 05:20:33,5.00,44.25800000,3073467.03880000
2026-03-27 05:21:02,-5.00,67.55500000,4607525.34450000
2026-03-27 05:21:02,-4.00,66.94500000,4567495.21370000
2026-03-27 05:21:02,-3.00,64.76300000,4422581.42160000
2026-03-27 05:21:02,-2.00,61.47300000,4202471.39840000
2026-03-27 05:21:02,-1.00,50.49200000,3459994.53840000
2026-03-27 05:21:02,-0.20,12.80300000,878975.21020000
2026-03-27 05:21:02,0.20,6.17300000,424959.55710000
2026-03-27 05:21:02,1.00,50.07800000,3456805.06910000
2026-03-27 05:21:02,2.00,55.20900000,3815548.92840000
2026-03-27 05:21:02,3.00,58.65800000,4059170.58270000
2026-03-27 05:21:02,4.00,61.94000000,4292523.38130000
2026-03-27 05:21:02,5.00,62.29200000,4317841.52990000
2026-03-27 05:21:32,-5.00,67.50000000,4604045.40450000
2026-03-27 05:21:32,-4.00,66.89000000,4564015.27370000
2026-03-27 05:21:32,-3.00,64.70800000,4419101.48160000
2026-03-27 05:21:32,-2.00,61.41800000,4198991.45840000
2026-03-27 05:21:32,-1.00,50.43700000,3456514.59840000
2026-03-27 05:21:32,-0.20,9.73500000,668492.29720000
2026-03-27 05:21:32,0.20,7.57900000,521870.61580000
2026-03-27 05:21:32,1.00,50.02900000,3453695.19590000
2026-03-27 05:21:32,2.00,55.16000000,3812439.05520000
2026-03-27 05:21:32,3.00,58.60900000,4056060.70950000
2026-03-27 05:21:32,4.00,61.87800000,4288491.79250000
2026-03-27 05:21:32,5.00,62.23000000,4313809.94110000
2026-03-27 05:22:02,-5.00,67.31400000,4590238.84970000
2026-03-27 05:22:02,-4.00,66.71800000,4551132.71890000
2026-03-27 05:22:02,-3.00,64.57200000,4408628.92180000
2026-03-27 05:22:02,-2.00,61.23200000,4185184.90360000
2026-03-27 05:22:02,-1.00,50.25400000,3442912.21480000
2026-03-27 05:22:02,-0.20,6.31600000,433617.86320000
2026-03-27 05:22:02,0.20,9.52800000,655857.66410000
2026-03-27 05:22:02,1.00,50.65200000,3495612.38330000
2026-03-27 05:22:02,2.00,55.78500000,3854495.10400000
2026-03-27 05:22:02,3.00,59.24700000,4099032.76820000
2026-03-27 05:22:02,4.00,62.50600000,4330748.88360000
2026-03-27 05:22:02,5.00,62.86800000,4356781.99980000
2026-03-27 05:22:33,-5.00,49.37400000,3361272.69180000
2026-03-27 05:22:33,-4.00,48.77400000,3321905.37100000
2026-03-27 05:22:33,-3.00,46.63000000,3179534.90710000
2026-03-27 05:22:33,-2.00,43.43600000,2965926.36210000
2026-03-27 05:22:33,-1.00,32.31700000,2214161.20290000
2026-03-27 05:22:33,-0.20,9.38000000,643742.87480000
2026-03-27 05:22:33,0.20,5.19200000,357145.89120000
2026-03-27 05:22:33,1.00,32.76600000,2260438.80320000
2026-03-27 05:22:33,2.00,36.62800000,2530215.65400000
2026-03-27 05:22:33,3.00,41.08100000,2844036.22410000
2026-03-27 05:22:33,4.00,44.62000000,3095575.30350000
2026-03-27 05:22:33,5.00,44.98200000,3121608.41970000
2026-03-27 05:23:01,-5.00,66.20100000,4513121.60060000
2026-03-27 05:23:01,-4.00,65.60500000,4474015.46980000
2026-03-27 05:23:01,-3.00,63.45900000,4331511.67270000
2026-03-27 05:23:01,-2.00,60.11900000,4108067.65450000
2026-03-27 05:23:01,-1.00,49.14100000,3365794.96570000
2026-03-27 05:23:01,-0.20,5.19700000,356751.62740000
2026-03-27 05:23:01,0.20,6.85500000,471734.34880000
2026-03-27 05:23:01,1.00,50.73800000,3500689.84050000
2026-03-27 05:23:01,2.00,55.87100000,3859572.56120000
2026-03-27 05:23:01,3.00,59.33300000,4104110.62580000
2026-03-27 05:23:01,4.00,62.59200000,4335826.74120000
2026-03-27 05:23:01,5.00,62.95400000,4361859.85740000
2026-03-27 05:23:32,-5.00,67.23800000,4584199.58240000
2026-03-27 05:23:32,-4.00,66.63800000,4544832.26160000
2026-03-27 05:23:32,-3.00,64.49700000,4402661.76270000
2026-03-27 05:23:32,-2.00,61.30000000,4188853.25270000
2026-03-27 05:23:32,-1.00,50.18100000,3437088.09350000
2026-03-27 05:23:32,-0.20,12.62600000,866286.86290000
2026-03-27 05:23:32,0.20,6.37900000,438866.52280000
2026-03-27 05:23:32,1.00,50.26400000,3467749.27180000
2026-03-27 05:23:32,2.00,54.11600000,3736825.12260000
2026-03-27 05:23:32,3.00,58.57900000,4051347.09310000
2026-03-27 05:23:32,4.00,62.11800000,4302886.17250000
2026-03-27 05:23:32,5.00,62.48000000,4328919.28870000
2026-03-27 05:24:01,-5.00,67.34700000,4591616.24800000
2026-03-27 05:24:01,-4.00,66.74700000,4552248.92720000
2026-03-27 05:24:01,-3.00,64.60600000,4410078.42830000
2026-03-27 05:24:01,-2.00,61.40900000,4196269.91830000
2026-03-27 05:24:01,-1.00,50.29000000,3444504.75910000
2026-03-27 05:24:01,-0.20,12.73600000,873771.69130000
2026-03-27 05:24:01,0.20,6.25200000,430134.51320000
2026-03-27 05:24:01,1.00,50.13700000,3458831.72840000
2026-03-27 05:24:01,2.00,53.98900000,3727907.57920000
2026-03-27 05:24:01,3.00,58.45200000,4042424.19370000
2026-03-27 05:24:01,4.00,61.99100000,4293963.27310000
2026-03-27 05:24:01,5.00,62.35300000,4319996.38930000
2026-03-27 05:24:32,-5.00,67.25100000,4585179.75060000
2026-03-27 05:24:32,-4.00,66.65100000,4545812.42980000
2026-03-27 05:24:32,-3.00,64.50700000,4403441.96590000
2026-03-27 05:24:32,-2.00,61.31300000,4189833.42090000
2026-03-27 05:24:32,-1.00,50.19400000,3438068.26170000
2026-03-27 05:24:32,-0.20,9.25700000,635304.89220000
2026-03-27 05:24:32,0.20,6.19800000,426462.64120000
2026-03-27 05:24:32,1.00,50.20000000,3463323.25140000
2026-03-27 05:24:32,2.00,54.05200000,3732399.10220000
2026-03-27 05:24:32,3.00,58.51500000,4046915.71670000
2026-03-27 05:24:32,4.00,62.05400000,4298454.79610000
2026-03-27 05:24:32,5.00,62.41600000,4324487.91230000
2026-03-27 05:25:01,-5.00,67.15400000,4578013.70680000
2026-03-27 05:25:01,-4.00,66.55400000,4538646.38600000
2026-03-27 05:25:01,-3.00,64.41300000,4396475.88710000
2026-03-27 05:25:01,-2.00,61.21600000,4182667.37710000
2026-03-27 05:25:01,-1.00,50.09800000,3430970.23870000
2026-03-27 05:25:01,-0.20,13.99800000,960326.49160000
2026-03-27 05:25:01,0.20,6.35800000,437408.80230000
2026-03-27 05:25:01,1.00,50.24500000,3465995.91080000
2026-03-27 05:25:01,2.00,54.09800000,3735141.16030000
2026-03-27 05:25:01,3.00,58.55700000,4049372.43250000
2026-03-27 05:25:01,4.00,62.10000000,4301194.61430000
2026-03-27 05:25:01,5.00,62.46200000,4327227.73050000
2026-03-27 05:25:31,-5.00,67.21300000,4580278.58280000
2026-03-27 05:25:31,-4.00,66.61600000,4541133.01970000
2026-03-27 05:25:31,-3.00,64.47500000,4398965.19080000
2026-03-27 05:25:31,-2.00,61.28300000,4185558.85060000
2026-03-27 05:25:31,-1.00,50.40600000,3450284.28620000
2026-03-27 05:25:31,-0.20,9.25500000,634639.06850000
2026-03-27 05:25:31,0.20,6.51400000,447875.41020000
2026-03-27 05:25:31,1.00,50.16700000,3458062.74700000
2026-03-27 05:25:31,2.00,54.16500000,3737238.49750000
2026-03-27 05:25:31,3.00,57.78800000,3992289.86490000
2026-03-27 05:25:31,4.00,62.17000000,4303466.40380000
2026-03-27 05:25:31,5.00,62.53300000,4329570.93490000
2026-03-27 05:26:01,-5.00,67.09500000,4571289.39870000
2026-03-27 05:26:01,-4.00,66.49800000,4532143.83560000
2026-03-27 05:26:01,-3.00,64.35700000,4389976.00670000
2026-03-27 05:26:01,-2.00,61.16600000,4176729.70530000
2026-03-27 05:26:01,-1.00,50.28800000,3441387.85520000
2026-03-27 05:26:01,-0.20,12.47400000,855012.55740000
2026-03-27 05:26:01,0.20,4.62600000,317879.58660000
2026-03-27 05:26:01,1.00,50.06300000,3450312.65040000
2026-03-27 05:26:01,2.00,54.06200000,3729557.73120000
2026-03-27 05:26:01,3.00,57.54500000,3974624.26310000
2026-03-27 05:26:01,4.00,62.06700000,4295667.45600000
2026-03-27 05:26:01,5.00,62.38400000,4318455.38710000
2026-03-27 05:26:33,-5.00,67.19000000,4574250.13290000
2026-03-27 05:26:33,-4.00,66.59300000,4535126.62820000
2026-03-27 05:26:33,-3.00,64.44700000,4393014.27970000
2026-03-27 05:26:33,-2.00,61.25200000,4179778.53820000
2026-03-27 05:26:33,-1.00,50.37200000,3444579.09780000
2026-03-27 05:26:33,-0.20,6.17300000,423168.91180000
2026-03-27 05:26:33,0.20,8.56400000,588561.31630000
2026-03-27 05:26:33,1.00,50.76900000,3497876.32350000
2026-03-27 05:26:33,2.00,56.04300000,3866230.51680000
2026-03-27 05:26:33,3.00,59.51900000,4111309.73910000
2026-03-27 05:26:33,4.00,62.78500000,4343245.39140000
2026-03-27 05:26:33,5.00,63.10200000,4366033.32250000
2026-03-27 05:29:30,-5.00,67.51100000,4596354.69390000
2026-03-27 05:29:30,-4.00,66.91400000,4557231.18920000
2026-03-27 05:29:30,-3.00,64.76800000,4415118.84070000
2026-03-27 05:29:30,-2.00,61.57300000,4201883.09920000
2026-03-27 05:29:30,-1.00,50.68600000,3466247.43880000
2026-03-27 05:29:30,-0.20,6.48700000,444716.14370000
2026-03-27 05:29:30,0.20,5.87600000,403820.56600000
2026-03-27 05:29:30,1.00,49.84300000,3433896.12640000
2026-03-27 05:29:30,2.00,55.11700000,3802221.52740000
2026-03-27 05:29:30,3.00,58.59400000,4047371.49010000
2026-03-27 05:29:30,4.00,61.86000000,4279307.14240000
2026-03-27 05:29:30,5.00,62.17700000,4302095.07350000
2026-03-27 05:30:05,-5.00,67.47800000,4593940.97330000
2026-03-27 05:30:05,-4.00,66.88100000,4554817.46860000
2026-03-27 05:30:05,-3.00,64.82200000,4418496.05840000
2026-03-27 05:30:05,-2.00,61.56200000,4200948.98860000
2026-03-27 05:30:05,-1.00,50.65300000,3463833.71820000
2026-03-27 05:30:05,-0.20,9.47100000,649014.67290000
2026-03-27 05:30:05,0.20,4.10900000,282237.35950000
2026-03-27 05:30:05,1.00,50.05300000,3448246.46750000
2026-03-27 05:30:05,2.00,55.28600000,3813701.86850000
2026-03-27 05:30:05,3.00,58.79100000,4060806.61690000
2026-03-27 05:30:05,4.00,62.05700000,4292742.26920000
2026-03-27 05:30:05,5.00,62.36800000,4315097.90030000
2026-03-27 05:30:37,-5.00,67.46300000,4592862.91990000
2026-03-27 05:30:37,-4.00,66.86600000,4553739.41520000
2026-03-27 05:30:37,-3.00,64.80700000,4417418.00500000
2026-03-27 05:30:37,-2.00,61.54700000,4199870.93520000
2026-03-27 05:30:37,-1.00,50.63800000,3462755.66480000
2026-03-27 05:30:37,-0.20,9.45600000,648000.51950000
2026-03-27 05:30:37,0.20,3.86600000,265534.27830000
2026-03-27 05:30:37,1.00,50.01100000,3445249.70200000
2026-03-27 05:30:37,2.00,55.24400000,3810705.10300000
2026-03-27 05:30:37,3.00,58.76200000,4058725.42710000
2026-03-27 05:30:37,4.00,62.02800000,4290661.07940000
2026-03-27 05:30:37,5.00,62.33900000,4313016.71050000
2026-03-27 05:31:02,-5.00,67.52200000,4596670.37640000
2026-03-27 05:31:02,-4.00,66.87500000,4554287.87670000
2026-03-27 05:31:02,-3.00,64.81600000,4417966.46650000
2026-03-27 05:31:02,-2.00,61.55600000,4200419.39670000
2026-03-27 05:31:02,-1.00,50.64700000,3463304.12630000
2026-03-27 05:31:02,-0.20,9.46500000,648613.78100000
2026-03-27 05:31:02,0.20,3.72300000,255694.98730000
2026-03-27 05:31:02,1.00,50.03000000,3446435.16960000
2026-03-27 05:31:02,2.00,55.26500000,3812029.16670000
2026-03-27 05:31:02,3.00,58.50300000,4040262.63340000
2026-03-27 05:31:02,4.00,62.04900000,4291984.98970000
2026-03-27 05:31:02,5.00,62.36000000,4314340.62080000
2026-03-27 05:31:31,-5.00,49.59900000,3371777.53500000
2026-03-27 05:31:31,-4.00,49.00200000,3332654.03030000
2026-03-27 05:31:31,-3.00,46.85800000,3190674.82460000
2026-03-27 05:31:31,-2.00,43.66100000,2977305.94030000
2026-03-27 05:31:31,-1.00,32.77400000,2241670.27990000
2026-03-27 05:31:31,-0.20,8.03000000,550401.84640000
2026-03-27 05:31:31,0.20,5.42000000,372433.18270000
2026-03-27 05:31:31,1.00,31.89500000,2197219.46860000
2026-03-27 05:31:31,2.00,37.16900000,2565544.86960000
2026-03-27 05:31:31,3.00,40.63300000,2809781.06360000
2026-03-27 05:31:31,4.00,43.89900000,3041716.71590000
2026-03-27 05:31:31,5.00,44.21600000,3064504.64700000
2026-03-27 05:32:03,-5.00,67.69700000,4608168.02800000
2026-03-27 05:32:03,-4.00,67.18400000,4574610.10040000
2026-03-27 05:32:03,-3.00,64.99100000,4429464.11810000
2026-03-27 05:32:03,-2.00,61.73100000,4211917.04830000
2026-03-27 05:32:03,-1.00,50.82300000,3474895.35810000
2026-03-27 05:32:03,-0.20,12.98600000,889552.12120000
2026-03-27 05:32:03,0.20,4.51700000,310220.34440000
2026-03-27 05:32:03,1.00,50.12000000,3452113.98330000
2026-03-27 05:32:03,2.00,55.35500000,3817707.98040000
2026-03-27 05:32:03,3.00,58.59300000,4045942.41690000
2026-03-27 05:32:03,4.00,62.13900000,4297664.77320000
2026-03-27 05:32:03,5.00,62.45000000,4320020.40430000
2026-03-27 05:32:32,-5.00,67.54500000,4597928.13480000
2026-03-27 05:32:32,-4.00,66.89800000,4555545.63510000
2026-03-27 05:32:32,-3.00,64.83900000,4419224.22490000
2026-03-27 05:32:32,-2.00,61.57900000,4201677.15510000
2026-03-27 05:32:32,-1.00,50.67100000,3464655.46490000
2026-03-27 05:32:32,-0.20,9.48900000,650154.94310000
2026-03-27 05:32:32,0.20,4.18900000,287701.98210000
2026-03-27 05:32:32,1.00,49.78800000,3429397.77930000
2026-03-27 05:32:32,2.00,55.02300000,3794991.77640000
2026-03-27 05:32:32,3.00,58.26100000,4023223.51800000
2026-03-27 05:32:32,4.00,61.80700000,4274945.87430000
2026-03-27 05:32:32,5.00,62.11800000,4297301.50540000
2026-03-27 05:33:01,-5.00,49.43500000,3358715.08970000
2026-03-27 05:33:01,-4.00,48.92100000,3325092.01930000
2026-03-27 05:33:01,-3.00,46.72800000,3179946.03700000
2026-03-27 05:33:01,-2.00,43.47300000,2962799.95080000
2026-03-27 05:33:01,-1.00,32.56600000,2225849.64460000
2026-03-27 05:33:01,-0.20,10.33700000,707772.38350000
2026-03-27 05:33:01,0.20,6.12400000,420414.70980000
2026-03-27 05:33:01,1.00,32.04400000,2205778.86030000
2026-03-27 05:33:01,2.00,37.28000000,2571442.11930000
2026-03-27 05:33:01,3.00,39.67900000,2740367.38430000
2026-03-27 05:33:01,4.00,43.57900000,3016767.91060000
2026-03-27 05:33:01,5.00,44.31100000,3069111.03570000
2026-03-27 05:33:31,-5.00,67.30800000,4577951.80300000
2026-03-27 05:33:31,-4.00,66.79400000,4544355.88140000
2026-03-27 05:33:31,-3.00,64.66300000,4403332.89900000
2026-03-27 05:33:31,-2.00,61.39600000,4185520.09510000
2026-03-27 05:33:31,-1.00,50.96400000,3480867.38030000
2026-03-27 05:33:31,-0.20,14.21300000,972700.48030000
2026-03-27 05:33:31,0.20,5.80400000,398320.13330000
2026-03-27 05:33:31,1.00,49.61300000,3414484.83560000
2026-03-27 05:33:31,2.00,54.85000000,3780186.56390000
2026-03-27 05:33:31,3.00,58.37300000,4028403.44570000
2026-03-27 05:33:31,4.00,61.14200000,4224887.30400000
2026-03-27 05:33:31,5.00,61.88000000,4277654.84910000
2026-03-27 05:34:01,-5.00,67.73700000,4608590.96880000
2026-03-27 05:34:01,-4.00,67.22300000,4574995.04720000
2026-03-27 05:34:01,-3.00,65.03000000,4429849.06490000
2026-03-27 05:34:01,-2.00,61.77500000,4212800.27590000
2026-03-27 05:34:01,-1.00,50.86700000,3475813.76410000
2026-03-27 05:34:01,-0.20,6.68300000,457712.00590000
2026-03-27 05:34:01,0.20,7.35400000,504964.24030000
2026-03-27 05:34:01,1.00,49.82600000,3429751.28560000
2026-03-27 05:34:01,2.00,55.06200000,3795383.78620000
2026-03-27 05:34:01,3.00,58.58500000,4043601.85100000
2026-03-27 05:34:01,4.00,61.36500000,4240870.00930000
2026-03-27 05:34:01,5.00,62.09700000,4293213.13440000
2026-03-27 05:34:33,-5.00,67.77700000,4611556.09100000
2026-03-27 05:34:33,-4.00,67.26400000,4578025.31220000
2026-03-27 05:34:33,-3.00,65.07100000,4432870.78710000
2026-03-27 05:34:33,-2.00,61.81100000,4215485.99810000
2026-03-27 05:34:33,-1.00,50.90700000,3478767.60230000
2026-03-27 05:34:33,-0.20,6.82600000,467587.46260000
2026-03-27 05:34:33,0.20,6.17500000,424015.95360000
2026-03-27 05:34:33,1.00,49.97900000,3440687.99270000
2026-03-27 05:34:33,2.00,55.21400000,3806251.23140000
2026-03-27 05:34:33,3.00,58.73700000,4054467.89220000
2026-03-27 05:34:33,4.00,61.51700000,4251736.05050000
2026-03-27 05:34:33,5.00,62.31400000,4308759.17560000
2026-03-27 05:35:00,-5.00,67.41200000,4586930.15960000
2026-03-27 05:35:00,-4.00,66.89900000,4553399.38080000
2026-03-27 05:35:00,-3.00,64.70600000,4408244.85570000
2026-03-27 05:35:00,-2.00,61.44600000,4190860.06670000
2026-03-27 05:35:00,-1.00,50.53700000,3453802.17090000
2026-03-27 05:35:00,-0.20,9.38300000,642769.25880000
2026-03-27 05:35:00,0.20,3.67300000,252208.08370000
2026-03-27 05:35:00,1.00,49.87000000,3433353.82740000
2026-03-27 05:35:00,2.00,55.10500000,3798917.06610000
2026-03-27 05:35:00,3.00,58.62800000,4047132.99240000
2026-03-27 05:35:00,4.00,61.49400000,4250535.44470000
2026-03-27 05:35:00,5.00,62.20500000,4301424.27580000
2026-03-27 05:35:32,-5.00,67.32000000,4582388.91660000
2026-03-27 05:35:32,-4.00,66.72300000,4543271.44160000
2026-03-27 05:35:32,-3.00,63.38900000,4322074.50820000
2026-03-27 05:35:32,-2.00,61.38200000,4188077.08960000
2026-03-27 05:35:32,-1.00,50.49200000,3452268.70190000
2026-03-27 05:35:32,-0.20,6.39100000,438170.76400000
2026-03-27 05:35:32,0.20,5.33100000,366381.80700000
2026-03-27 05:35:32,1.00,49.59400000,3416254.78830000
2026-03-27 05:35:32,2.00,54.87200000,3784848.80530000
2026-03-27 05:35:32,3.00,58.35200000,4030091.17770000
2026-03-27 05:35:32,4.00,61.61800000,4262026.83000000
2026-03-27 05:35:32,5.00,61.93500000,4284814.76110000
2026-03-27 05:36:01,-5.00,67.28700000,4580817.93070000
2026-03-27 05:36:01,-4.00,66.69000000,4541700.45570000
2026-03-27 05:36:01,-3.00,63.65300000,4340277.63380000
2026-03-27 05:36:01,-2.00,61.34900000,4186506.10370000
2026-03-27 05:36:01,-1.00,50.46000000,3450765.66840000
2026-03-27 05:36:01,-0.20,6.35800000,435907.67810000
2026-03-27 05:36:01,0.20,5.27500000,362519.78030000
2026-03-27 05:36:01,1.00,49.53800000,3413096.56160000
2026-03-27 05:36:01,2.00,54.81600000,3781690.57860000
2026-03-27 05:36:01,3.00,58.29600000,4026931.34940000
2026-03-27 05:36:01,4.00,61.56200000,4258867.00170000
2026-03-27 05:36:01,5.00,61.87900000,4281654.93280000
2026-03-27 05:36:31,-5.00,67.15500000,4574085.84430000
2026-03-27 05:36:31,-4.00,66.55800000,4534947.28050000
2026-03-27 05:36:31,-3.00,64.41200000,4392826.38920000
2026-03-27 05:36:31,-2.00,61.20700000,4178913.50280000
2026-03-27 05:36:31,-1.00,50.32300000,3443478.10740000
2026-03-27 05:36:31,-0.20,14.04900000,963374.53800000
2026-03-27 05:36:31,0.20,4.52000000,310771.88230000
2026-03-27 05:36:31,1.00,49.92800000,3441633.77270000
2026-03-27 05:36:31,2.00,55.20500000,3810180.78920000
2026-03-27 05:36:31,3.00,58.68100000,4055259.12310000
2026-03-27 05:36:31,4.00,61.94800000,4287266.19030000
2026-03-27 05:36:31,5.00,62.31000000,4313299.30650000
2026-03-27 05:37:01,-5.00,67.12000000,4571454.99740000
2026-03-27 05:37:01,-4.00,66.52300000,4532316.43360000
2026-03-27 05:37:01,-3.00,64.37700000,4390195.54230000
2026-03-27 05:37:01,-2.00,61.18100000,4176888.35710000
2026-03-27 05:37:01,-1.00,50.29300000,3441187.17270000
2026-03-27 05:37:01,-0.20,14.01500000,961001.22490000
2026-03-27 05:37:01,0.20,3.79700000,260981.48920000
2026-03-27 05:37:01,1.00,49.93800000,3441999.95030000
2026-03-27 05:37:01,2.00,55.21500000,3810546.96680000
2026-03-27 05:37:01,3.00,58.69100000,4055625.30070000
2026-03-27 05:37:01,4.00,61.95700000,4287560.95300000
2026-03-27 05:37:01,5.00,62.27400000,4310348.88410000
2026-03-27 05:37:32,-5.00,49.15700000,3343346.50430000
2026-03-27 05:37:32,-4.00,48.56000000,3304207.94050000
2026-03-27 05:37:32,-3.00,46.41000000,3161820.54560000
2026-03-27 05:37:32,-2.00,43.20900000,2948174.16280000
2026-03-27 05:37:32,-1.00,32.10400000,2197710.76740000
2026-03-27 05:37:32,-0.20,9.26100000,635432.85450000
2026-03-27 05:37:32,0.20,3.79500000,260990.34910000
2026-03-27 05:37:32,1.00,31.93500000,2201820.73690000
2026-03-27 05:37:32,2.00,37.20700000,2570048.13140000
2026-03-27 05:37:32,3.00,40.67900000,2814849.73180000
2026-03-27 05:37:32,4.00,43.94600000,3046856.79900000
2026-03-27 05:37:32,5.00,44.30800000,3072889.91520000
2026-03-27 05:38:02,-5.00,67.23900000,4580625.74100000
2026-03-27 05:38:02,-4.00,66.64200000,4541487.17720000
2026-03-27 05:38:02,-3.00,64.49200000,4399099.78230000
2026-03-27 05:38:02,-2.00,61.29100000,4185453.39950000
2026-03-27 05:38:02,-1.00,50.18600000,3434990.00410000
2026-03-27 05:38:02,-0.20,7.78400000,534045.32690000
2026-03-27 05:38:02,0.20,3.70300000,254619.92530000
2026-03-27 05:38:02,1.00,49.82600000,3435697.98030000
2026-03-27 05:38:02,2.00,55.09400000,3803645.10920000
2026-03-27 05:38:02,3.00,58.57000000,4048727.71880000
2026-03-27 05:38:02,4.00,61.83700000,4280734.78600000
2026-03-27 05:38:02,5.00,62.19900000,4306767.90220000
2026-03-27 05:38:32,-5.00,49.04500000,3335248.25450000
2026-03-27 05:38:32,-4.00,48.44800000,3296109.69070000
2026-03-27 05:38:32,-3.00,46.30200000,3153988.79940000
2026-03-27 05:38:32,-2.00,43.10600000,2940681.61420000
2026-03-27 05:38:32,-1.00,32.21400000,2204708.50420000
2026-03-27 05:38:32,-0.20,13.91700000,954295.73940000
2026-03-27 05:38:32,0.20,4.42400000,304161.92220000
2026-03-27 05:38:32,1.00,31.85200000,2195841.59910000
2026-03-27 05:38:32,2.00,37.12500000,2564135.55010000
2026-03-27 05:38:32,3.00,40.58800000,2808298.05610000
2026-03-27 05:38:32,4.00,43.86800000,3041226.56590000
2026-03-27 05:38:32,5.00,44.23000000,3067259.68210000
2026-03-27 05:39:02,-5.00,66.98900000,4562273.66550000
2026-03-27 05:39:02,-4.00,66.39200000,4523135.10170000
2026-03-27 05:39:02,-3.00,64.24600000,4381014.21040000
2026-03-27 05:39:02,-2.00,61.05000000,4167707.02520000
2026-03-27 05:39:02,-1.00,50.16200000,3432005.84080000
2026-03-27 05:39:02,-0.20,10.83900000,743250.12030000
2026-03-27 05:39:02,0.20,2.72200000,187111.80660000
2026-03-27 05:39:02,1.00,48.62300000,3351973.77270000
2026-03-27 05:39:02,2.00,53.89600000,3720267.72370000
2026-03-27 05:39:02,3.00,57.37200000,3965348.69530000
2026-03-27 05:39:02,4.00,60.63800000,4197284.34760000
2026-03-27 05:39:02,5.00,60.95500000,4220072.27870000
2026-03-27 05:42:32,-5.00,67.02400000,4562344.91020000
2026-03-27 05:42:32,-4.00,66.42700000,4523227.34430000
2026-03-27 05:42:32,-3.00,64.28300000,4381239.59580000
2026-03-27 05:42:32,-2.00,61.10800000,4169409.18690000
2026-03-27 05:42:32,-1.00,50.19800000,3432259.97640000
2026-03-27 05:42:32,-0.20,6.09300000,417638.48030000
2026-03-27 05:42:32,0.20,7.37200000,506593.28130000
2026-03-27 05:42:32,1.00,49.58200000,3415231.46860000
2026-03-27 05:42:32,2.00,54.81500000,3780672.38040000
2026-03-27 05:42:32,3.00,58.32100000,4027812.06550000
2026-03-27 05:42:32,4.00,61.60000000,4260667.45740000
2026-03-27 05:42:32,5.00,61.91700000,4283455.38850000
2026-03-27 05:43:00,-5.00,66.56400000,4532190.92310000
2026-03-27 05:43:00,-4.00,65.96700000,4493073.35720000
2026-03-27 05:43:00,-3.00,64.27300000,4380909.71510000
2026-03-27 05:43:00,-2.00,61.07800000,4167732.83900000
2026-03-27 05:43:00,-1.00,50.19000000,3432063.23850000
2026-03-27 05:43:00,-0.20,7.54200000,516989.80400000
2026-03-27 05:43:00,0.20,4.26300000,292905.69080000
2026-03-27 05:43:00,1.00,49.70900000,3424555.62550000
2026-03-27 05:43:00,2.00,54.98400000,3792936.54190000
2026-03-27 05:43:00,3.00,58.46100000,4038053.31910000
2026-03-27 05:43:00,4.00,61.72700000,4269988.97140000
2026-03-27 05:43:00,5.00,62.04400000,4292776.90250000
2026-03-27 05:43:30,-5.00,67.39300000,4588689.52130000
2026-03-27 05:43:30,-4.00,66.79600000,4549571.95540000
2026-03-27 05:43:30,-3.00,64.05600000,4367880.40770000
2026-03-27 05:43:30,-2.00,61.45500000,4194251.81400000
2026-03-27 05:43:30,-1.00,50.56500000,3458446.30980000
2026-03-27 05:43:30,-0.20,6.43600000,441323.39360000
2026-03-27 05:43:30,0.20,7.56700000,520203.97830000
2026-03-27 05:43:30,1.00,49.77400000,3429432.68570000
2026-03-27 05:43:30,2.00,55.04800000,3797774.28260000
2026-03-27 05:43:30,3.00,58.52500000,4042890.16150000
2026-03-27 05:43:30,4.00,61.79100000,4274825.81380000
2026-03-27 05:43:30,5.00,62.10800000,4297613.74490000
2026-03-27 05:44:03,-5.00,67.16900000,4573111.91330000
2026-03-27 05:44:03,-4.00,66.57200000,4533994.34740000
2026-03-27 05:44:03,-3.00,64.42600000,4391851.08210000
2026-03-27 05:44:03,-2.00,61.23100000,4178674.20600000
2026-03-27 05:44:03,-1.00,50.34300000,3443004.60550000
2026-03-27 05:44:03,-0.20,9.26000000,634710.73650000
2026-03-27 05:44:03,0.20,3.65700000,251234.60440000
2026-03-27 05:44:03,1.00,49.83300000,3433196.85360000
2026-03-27 05:44:03,2.00,55.10700000,3801537.77620000
2026-03-27 05:44:03,3.00,58.58500000,4046724.31490000
2026-03-27 05:44:03,4.00,61.85100000,4278659.96720000
2026-03-27 05:44:03,5.00,62.16800000,4301447.89830000
2026-03-27 05:44:31,-5.00,67.18900000,4574248.71560000
2026-03-27 05:44:31,-4.00,66.59200000,4535131.14970000
2026-03-27 05:44:31,-3.00,64.44800000,4393121.02720000
2026-03-27 05:44:31,-2.00,61.27300000,4181290.61830000
2026-03-27 05:44:31,-1.00,50.36300000,3444141.40780000
2026-03-27 05:44:31,-0.20,9.28000000,636074.33880000
2026-03-27 05:44:31,0.20,3.75300000,257816.58040000
2026-03-27 05:44:31,1.00,49.93000000,3439636.89210000
2026-03-27 05:44:31,2.00,55.16300000,3805107.81470000
2026-03-27 05:44:31,3.00,58.66900000,4052248.67630000
2026-03-27 05:44:31,4.00,61.93500000,4284184.32860000
2026-03-27 05:44:31,5.00,62.25200000,4306972.25970000
2026-03-27 05:45:04,-5.00,67.01400000,4561946.04580000
2026-03-27 05:45:04,-4.00,66.41700000,4522828.47990000
2026-03-27 05:45:04,-3.00,64.35800000,4386476.15290000
2026-03-27 05:45:04,-2.00,61.09800000,4168987.94850000
2026-03-27 05:45:04,-1.00,50.18800000,3431838.73800000
2026-03-27 05:45:04,-0.20,13.90600000,952752.17610000
2026-03-27 05:45:04,0.20,3.98500000,273716.44330000
2026-03-27 05:45:04,1.00,49.94000000,3440034.18860000
2026-03-27 05:45:04,2.00,55.17400000,3805574.41120000
2026-03-27 05:45:04,3.00,58.68000000,4052714.88020000
2026-03-27 05:45:04,4.00,61.94600000,4284650.53250000
2026-03-27 05:45:04,5.00,62.25700000,4307006.16360000
2026-03-27 05:45:32,-5.00,67.15700000,4571280.40470000
2026-03-27 05:45:32,-4.00,66.51000000,4528903.84380000
2026-03-27 05:45:32,-3.00,64.45100000,4392551.51680000
2026-03-27 05:45:32,-2.00,61.19100000,4175063.31240000
2026-03-27 05:45:32,-1.00,50.28100000,3437914.10190000
2026-03-27 05:45:32,-0.20,13.99800000,958974.50460000
2026-03-27 05:45:32,0.20,6.06500000,416688.04530000
2026-03-27 05:45:32,1.00,49.95300000,3440685.05710000
2026-03-27 05:45:32,2.00,55.18800000,3806294.57580000
2026-03-27 05:45:32,3.00,58.70700000,4054349.55320000
2026-03-27 05:45:32,4.00,61.97300000,4286285.20550000
2026-03-27 05:45:32,5.00,62.28400000,4308640.83660000
2026-03-27 05:46:02,-5.00,67.16700000,4572100.42470000
2026-03-27 05:46:02,-4.00,66.57000000,4532982.85880000
2026-03-27 05:46:02,-3.00,64.51100000,4396630.53180000
2026-03-27 05:46:02,-2.00,61.25100000,4179142.32740000
2026-03-27 05:46:02,-1.00,50.34100000,3441993.11690000
2026-03-27 05:46:02,-0.20,6.23800000,427576.84290000
2026-03-27 05:46:02,0.20,7.57900000,520787.65260000
2026-03-27 05:46:02,1.00,49.78800000,3429194.21780000
2026-03-27 05:46:02,2.00,55.02100000,3794665.14040000
2026-03-27 05:46:02,3.00,58.54000000,4042720.70800000
2026-03-27 05:46:02,4.00,61.80600000,4274656.36030000
2026-03-27 05:46:02,5.00,62.11700000,4297011.99140000
2026-03-27 05:46:32,-5.00,67.06100000,4564430.34820000
2026-03-27 05:46:32,-4.00,66.54800000,4530878.35940000
2026-03-27 05:46:32,-3.00,64.35500000,4385701.46030000
2026-03-27 05:46:32,-2.00,61.09500000,4168213.25590000
2026-03-27 05:46:32,-1.00,50.18600000,3431131.96360000
2026-03-27 05:46:32,-0.20,13.90100000,952226.95910000
2026-03-27 05:46:32,0.20,3.74700000,257286.31760000
2026-03-27 05:46:32,1.00,49.94000000,3439573.32270000
2026-03-27 05:46:32,2.00,55.17500000,3805182.84140000
2026-03-27 05:46:32,3.00,57.84100000,3992970.57490000
2026-03-27 05:46:32,4.00,61.94700000,4284257.43520000
2026-03-27 05:46:32,5.00,62.25800000,4306613.06630000
2026-03-27 05:47:01,-5.00,67.17000000,4572242.06700000
2026-03-27 05:47:01,-4.00,66.57300000,4533124.50110000
2026-03-27 05:47:01,-3.00,64.51400000,4396772.17410000
2026-03-27 05:47:01,-2.00,61.25400000,4179283.96970000
2026-03-27 05:47:01,-1.00,50.34400000,3442134.75920000
2026-03-27 05:47:01,-0.20,6.23800000,427572.46620000
2026-03-27 05:47:01,0.20,7.38000000,507099.95890000
2026-03-27 05:47:01,1.00,49.80700000,3430675.75250000
2026-03-27 05:47:01,2.00,55.04000000,3796146.67510000
2026-03-27 05:47:01,3.00,58.55900000,4044203.03050000
2026-03-27 05:47:01,4.00,61.82500000,4276138.68280000
2026-03-27 05:47:01,5.00,62.13600000,4298494.31390000
2026-03-27 05:47:31,-5.00,66.95300000,4557609.89220000
2026-03-27 05:47:31,-4.00,66.35600000,4518492.32630000
2026-03-27 05:47:31,-3.00,64.21200000,4376482.20380000
2026-03-27 05:47:31,-2.00,61.01500000,4163172.18490000
2026-03-27 05:47:31,-1.00,50.12700000,3427502.58440000
2026-03-27 05:47:31,-0.20,9.04000000,619534.45030000
2026-03-27 05:47:31,0.20,9.07600000,623762.55530000
2026-03-27 05:47:31,1.00,49.72900000,3425541.19930000
2026-03-27 05:47:31,2.00,55.00300000,3793882.12190000
2026-03-27 05:47:31,3.00,58.48100000,4039067.47630000
2026-03-27 05:47:31,4.00,61.74700000,4271003.12860000
2026-03-27 05:47:31,5.00,62.06400000,4293791.05970000
2026-03-27 05:48:01,-5.00,67.33100000,4583727.86960000
2026-03-27 05:48:01,-4.00,66.73400000,4544610.30370000
2026-03-27 05:48:01,-3.00,64.58800000,4402467.03840000
2026-03-27 05:48:01,-2.00,61.39300000,4189290.16230000
2026-03-27 05:48:01,-1.00,50.50500000,3453620.56180000
2026-03-27 05:48:01,-0.20,9.41800000,645476.92770000
2026-03-27 05:48:01,0.20,7.34400000,504743.86500000
2026-03-27 05:48:01,1.00,49.67600000,3422219.64150000
2026-03-27 05:48:01,2.00,54.95100000,3790630.56870000
2026-03-27 05:48:01,3.00,58.42800000,4035746.46840000
2026-03-27 05:48:01,4.00,61.69400000,4267682.12070000
2026-03-27 05:48:01,5.00,62.01100000,4290470.05180000
2026-03-27 05:48:32,-5.00,67.24700000,4578019.66600000
2026-03-27 05:48:32,-4.00,66.65000000,4538902.10010000
2026-03-27 05:48:32,-3.00,64.50600000,4396891.97760000
2026-03-27 05:48:32,-2.00,61.33100000,4185061.56870000
2026-03-27 05:48:32,-1.00,50.42100000,3447912.35820000
2026-03-27 05:48:32,-0.20,9.33400000,639727.32410000
2026-03-27 05:48:32,0.20,4.03000000,276877.09700000
2026-03-27 05:48:32,1.00,49.49500000,3409884.72860000
2026-03-27 05:48:32,2.00,54.72800000,3775355.65120000
2026-03-27 05:48:32,3.00,58.24700000,4023413.00890000
2026-03-27 05:48:32,4.00,61.51300000,4255348.66120000
2026-03-27 05:48:32,5.00,61.83000000,4278136.59230000
2026-03-27 05:49:01,-5.00,67.12700000,4569490.42380000
2026-03-27 05:49:01,-4.00,66.53000000,4530372.85790000
2026-03-27 05:49:01,-3.00,64.47100000,4394020.53090000
2026-03-27 05:49:01,-2.00,61.21100000,4176532.32650000
2026-03-27 05:49:01,-1.00,50.30100000,3439383.11600000
2026-03-27 05:49:01,-0.20,9.21400000,631461.78190000
2026-03-27 05:49:01,0.20,4.37700000,300678.21650000
2026-03-27 05:49:01,1.00,49.85500000,3434277.31900000
2026-03-27 05:49:01,2.00,55.08800000,3799748.24160000
2026-03-27 05:49:01,3.00,58.60700000,4047802.47020000
2026-03-27 05:49:01,4.00,61.87300000,4279738.12250000
2026-03-27 05:49:01,5.00,62.19000000,4302526.05360000
2026-03-27 05:49:32,-5.00,49.23100000,3345777.48320000
2026-03-27 05:49:32,-4.00,48.58400000,3303400.92230000
2026-03-27 05:49:32,-3.00,46.52500000,3167048.59530000
2026-03-27 05:49:32,-2.00,43.26500000,2949560.39090000
2026-03-27 05:49:32,-1.00,32.35500000,2212411.18040000
2026-03-27 05:49:32,-0.20,14.06900000,963770.46410000
2026-03-27 05:49:32,0.20,4.50200000,309208.69620000
2026-03-27 05:49:32,1.00,31.94800000,2200189.08000000
2026-03-27 05:49:32,2.00,37.18300000,2565798.59870000
2026-03-27 05:49:32,3.00,40.70200000,2813852.82730000
2026-03-27 05:49:32,4.00,43.96800000,3045788.47960000
2026-03-27 05:49:32,5.00,44.27900000,3068144.11070000
2026-03-27 05:50:04,-5.00,67.13500000,4569605.46070000
2026-03-27 05:50:04,-4.00,66.48600000,4527091.56410000
2026-03-27 05:50:04,-3.00,64.42700000,4390739.23710000
2026-03-27 05:50:04,-2.00,61.16700000,4173251.03270000
2026-03-27 05:50:04,-1.00,50.25700000,3436101.82220000
2026-03-27 05:50:04,-0.20,13.97100000,957071.10590000
2026-03-27 05:50:04,0.20,5.99300000,411719.57890000
2026-03-27 05:50:04,1.00,49.87700000,3435370.30460000
2026-03-27 05:50:04,2.00,55.11200000,3800979.82330000
2026-03-27 05:50:04,3.00,58.63100000,4049034.15200000
2026-03-27 05:50:04,4.00,61.89700000,4280969.80430000
2026-03-27 05:50:04,5.00,62.20800000,4303325.43540000
2026-03-27 05:50:33,-5.00,67.16100000,4571719.61220000
2026-03-27 05:50:33,-4.00,66.56200000,4532464.71060000
2026-03-27 05:50:33,-3.00,64.50300000,4396112.38360000
2026-03-27 05:50:33,-2.00,61.24300000,4178624.17920000
2026-03-27 05:50:33,-1.00,50.33300000,3441474.96870000
2026-03-27 05:50:33,-0.20,6.22700000,426831.08190000
2026-03-27 05:50:33,0.20,7.32500000,503339.31540000
2026-03-27 05:50:33,1.00,49.75300000,3427120.63830000
2026-03-27 05:50:33,2.00,54.98600000,3792591.56090000
2026-03-27 05:50:33,3.00,58.49200000,4039731.38120000
2026-03-27 05:50:33,4.00,61.75800000,4271667.03350000
2026-03-27 05:50:33,5.00,62.06900000,4294022.66460000
2026-03-27 05:51:03,-5.00,67.12600000,4568644.25470000
2026-03-27 05:51:03,-4.00,66.61100000,4534954.93020000
2026-03-27 05:51:03,-3.00,64.41800000,4389778.03110000
2026-03-27 05:51:03,-2.00,61.15800000,4172289.82670000
2026-03-27 05:51:03,-1.00,50.24900000,3435208.53440000
2026-03-27 05:51:03,-0.20,12.50600000,856634.14050000
2026-03-27 05:51:03,0.20,4.02900000,276631.96310000
2026-03-27 05:51:03,1.00,49.99000000,3442728.44650000
2026-03-27 05:51:03,2.00,55.22500000,3808310.12600000
2026-03-27 05:51:03,3.00,57.90400000,3997013.43910000
2026-03-27 05:51:03,4.00,61.61000000,4259767.09940000
2026-03-27 05:51:03,5.00,62.32100000,4310655.93050000
2026-03-27 05:51:32,-5.00,66.91900000,4554473.03810000
2026-03-27 05:51:32,-4.00,66.40400000,4520783.71360000
2026-03-27 05:51:32,-3.00,64.21200000,4375622.94480000
2026-03-27 05:51:32,-2.00,60.95200000,4158134.74040000
2026-03-27 05:51:32,-1.00,50.04300000,3421053.44810000
2026-03-27 05:51:32,-0.20,10.73700000,735492.48570000
2026-03-27 05:51:32,0.20,9.04300000,621220.39900000
2026-03-27 05:51:32,1.00,49.71300000,3423486.79740000
2026-03-27 05:51:32,2.00,54.94800000,3789068.47690000
2026-03-27 05:51:32,3.00,57.62700000,3977772.44520000
2026-03-27 05:51:32,4.00,61.73300000,4269059.30550000
2026-03-27 05:51:32,5.00,62.04400000,4291414.93660000
2026-03-27 05:52:02,-5.00,67.15500000,4570585.05620000
2026-03-27 05:52:02,-4.00,66.64000000,4536895.73170000
2026-03-27 05:52:02,-3.00,64.44800000,4391734.96290000
2026-03-27 05:52:02,-2.00,61.18800000,4174246.75850000
2026-03-27 05:52:02,-1.00,50.28400000,3437504.96620000
2026-03-27 05:52:02,-0.20,14.09400000,965229.90150000
2026-03-27 05:52:02,0.20,4.41500000,303117.39140000
2026-03-27 05:52:02,1.00,49.88200000,3435055.18140000
2026-03-27 05:52:02,2.00,55.11700000,3800636.86090000
2026-03-27 05:52:02,3.00,57.79600000,3989337.93670000
2026-03-27 05:52:02,4.00,61.41600000,4245957.30300000
2026-03-27 05:52:02,5.00,62.21300000,4302980.42810000
2026-03-27 05:52:31,-5.00,49.21300000,3344395.96510000
2026-03-27 05:52:31,-4.00,48.69800000,3310706.64060000
2026-03-27 05:52:31,-3.00,46.50600000,3165545.87180000
2026-03-27 05:52:31,-2.00,43.24600000,2948057.66740000
2026-03-27 05:52:31,-1.00,32.33700000,2210976.37510000
2026-03-27 05:52:31,-0.20,11.03100000,755629.95630000
2026-03-27 05:52:31,0.20,9.01600000,619376.25910000
2026-03-27 05:52:31,1.00,31.68600000,2181816.15750000
2026-03-27 05:52:31,2.00,36.92100000,2547397.83700000
2026-03-27 05:52:31,3.00,39.60000000,2736101.78580000
2026-03-27 05:52:31,4.00,43.70600000,3027388.64610000
2026-03-27 05:52:31,5.00,44.01700000,3049744.27720000
2026-03-27 05:54:00,-5.00,67.14500000,4570690.49220000
2026-03-27 05:54:00,-4.00,66.54600000,4531435.59060000
2026-03-27 05:54:00,-3.00,64.48800000,4395099.39390000
2026-03-27 05:54:00,-2.00,61.22800000,4177611.18950000
2026-03-27 05:54:00,-1.00,50.31800000,3440461.97900000
2026-03-27 05:54:00,-0.20,14.03200000,961320.76150000
2026-03-27 05:54:00,0.20,6.00100000,412314.26390000
2026-03-27 05:54:00,1.00,49.89000000,3436267.38750000
2026-03-27 05:54:00,2.00,55.12400000,3801779.77090000
2026-03-27 05:54:00,3.00,58.64300000,4049834.96670000
2026-03-27 05:54:00,4.00,61.90900000,4281770.61900000
2026-03-27 05:54:00,5.00,62.22000000,4304126.25010000
2026-03-27 05:55:00,-5.00,49.22900000,3345976.23910000
2026-03-27 05:55:00,-4.00,48.63000000,3306721.33750000
2026-03-27 05:55:00,-3.00,46.57200000,3170385.14080000
2026-03-27 05:55:00,-2.00,43.31200000,2952896.93640000
2026-03-27 05:55:00,-1.00,32.40200000,2215747.72590000
2026-03-27 05:55:00,-0.20,7.75300000,531365.24220000
2026-03-27 05:55:00,0.20,7.48700000,514483.05200000
2026-03-27 05:55:00,1.00,31.92400000,2198506.21190000
2026-03-27 05:55:00,2.00,37.15700000,2563949.29530000
2026-03-27 05:55:00,3.00,40.67600000,2812004.18690000
2026-03-27 05:55:00,4.00,43.94200000,3043939.83920000
2026-03-27 05:55:00,5.00,44.25300000,3066295.47030000
2026-03-27 05:55:30,-5.00,67.28000000,4580071.33140000
2026-03-27 05:55:30,-4.00,66.68100000,4540816.42980000
2026-03-27 05:55:30,-3.00,64.53800000,4398822.43760000
2026-03-27 05:55:30,-2.00,61.36300000,4186992.02870000
2026-03-27 05:55:30,-1.00,50.45300000,3449842.81820000
2026-03-27 05:55:30,-0.20,6.34700000,435074.55040000
2026-03-27 05:55:30,0.20,8.99700000,618341.71220000
2026-03-27 05:55:30,1.00,49.87800000,3435617.60050000
2026-03-27 05:55:30,2.00,55.11100000,3801060.68390000
2026-03-27 05:55:30,3.00,58.61700000,4048202.37750000
2026-03-27 05:55:30,4.00,61.88300000,4280138.02980000
2026-03-27 05:55:30,5.00,62.20000000,4302925.96090000
2026-03-27 05:56:01,-5.00,67.26800000,4579141.36190000
2026-03-27 05:56:01,-4.00,66.66900000,4539886.46030000
2026-03-27 05:56:01,-3.00,64.61100000,4403550.26360000
2026-03-27 05:56:01,-2.00,61.35100000,4186062.05920000
2026-03-27 05:56:01,-1.00,50.44100000,3448912.84870000
2026-03-27 05:56:01,-0.20,14.15500000,969786.34840000
2026-03-27 05:56:01,0.20,4.54200000,312003.93170000
2026-03-27 05:56:01,1.00,49.98800000,3443327.66160000
2026-03-27 05:56:01,2.00,55.22100000,3808770.74500000
2026-03-27 05:56:01,3.00,58.74000000,4056827.90510000
2026-03-27 05:56:01,4.00,62.00600000,4288763.55740000
2026-03-27 05:56:01,5.00,62.31700000,4311119.18850000
2026-03-27 05:56:32,-5.00,66.13000000,4501292.17950000
2026-03-27 05:56:32,-4.00,65.53100000,4462037.27790000
2026-03-27 05:56:32,-3.00,63.37700000,4319266.20650000
2026-03-27 05:56:32,-2.00,60.19100000,4106669.37120000
2026-03-27 05:56:32,-1.00,49.27000000,3368748.01590000
2026-03-27 05:56:32,-0.20,8.18300000,560783.99780000
2026-03-27 05:56:32,0.20,3.37700000,232007.03190000
2026-03-27 05:56:32,1.00,48.82300000,3363380.26180000
2026-03-27 05:56:32,2.00,54.06700000,3729577.46930000
2026-03-27 05:56:32,3.00,57.59700000,3978396.61510000
2026-03-27 05:56:32,4.00,60.87400000,4211099.71650000
2026-03-27 05:56:32,5.00,61.19100000,4233887.64760000
2026-03-27 05:57:02,-5.00,67.36100000,4585745.19140000
2026-03-27 05:57:02,-4.00,66.76200000,4546490.28980000
2026-03-27 05:57:02,-3.00,64.60600000,4403586.07560000
2026-03-27 05:57:02,-2.00,61.40000000,4189642.77310000
2026-03-27 05:57:02,-1.00,50.50100000,3453201.02780000
2026-03-27 05:57:02,-0.20,9.41400000,645237.00970000
2026-03-27 05:57:02,0.20,4.55500000,312974.05780000
2026-03-27 05:57:02,1.00,49.77600000,3428875.23020000
2026-03-27 05:57:02,2.00,55.06200000,3798012.44230000
2026-03-27 05:57:02,3.00,58.53700000,4042974.65970000
2026-03-27 05:57:02,4.00,61.81400000,4275677.76110000
2026-03-27 05:57:02,5.00,62.13100000,4298465.69220000
2026-03-27 05:57:32,-5.00,67.26000000,4578882.54210000
2026-03-27 05:57:32,-4.00,66.66100000,4539627.64050000
2026-03-27 05:57:32,-3.00,64.50500000,4396723.42630000
2026-03-27 05:57:32,-2.00,61.29900000,4182780.12380000
2026-03-27 05:57:32,-1.00,50.40000000,3446338.37850000
2026-03-27 05:57:32,-0.20,9.31300000,638374.36040000
2026-03-27 05:57:32,0.20,3.69500000,253854.02560000
2026-03-27 05:57:32,1.00,49.87900000,3436049.10200000
2026-03-27 05:57:32,2.00,55.16700000,3805345.72700000
2026-03-27 05:57:32,3.00,58.65600000,4051295.99860000
2026-03-27 05:57:32,4.00,61.93300000,4283999.10000000
2026-03-27 05:57:32,5.00,62.25000000,4306787.03110000
2026-03-27 05:58:01,-5.00,67.25200000,4578697.77840000
2026-03-27 05:58:01,-4.00,66.65300000,4539442.87680000
2026-03-27 05:58:01,-3.00,63.90300000,4356990.38020000
2026-03-27 05:58:01,-2.00,61.29100000,4182595.36010000
2026-03-27 05:58:01,-1.00,50.39000000,3446017.71110000
2026-03-27 05:58:01,-0.20,7.81700000,535906.60970000
2026-03-27 05:58:01,0.20,5.45800000,375114.85930000
2026-03-27 05:58:01,1.00,49.85100000,3434488.68850000
2026-03-27 05:58:01,2.00,55.14000000,3803855.31810000
2026-03-27 05:58:01,3.00,58.62800000,4049734.06930000
2026-03-27 05:58:01,4.00,61.90500000,4282437.17070000
2026-03-27 05:58:01,5.00,62.22200000,4305225.10180000
2026-03-27 05:58:32,-5.00,66.09800000,4499512.89400000
2026-03-27 05:58:32,-4.00,65.49900000,4460257.99240000
2026-03-27 05:58:32,-3.00,63.34300000,4317353.77820000
2026-03-27 05:58:32,-2.00,60.13700000,4103410.47570000
2026-03-27 05:58:32,-1.00,49.23800000,3366968.73040000
2026-03-27 05:58:32,-0.20,8.15100000,558674.41230000
2026-03-27 05:58:32,0.20,3.11500000,214044.25970000
2026-03-27 05:58:32,1.00,48.55000000,3345076.05800000
2026-03-27 05:58:32,2.00,53.83900000,3714442.68760000
2026-03-27 05:58:32,3.00,57.31400000,3959407.98080000
2026-03-27 05:58:32,4.00,60.59100000,4192111.08220000
2026-03-27 05:58:32,5.00,60.90800000,4214899.01330000
2026-03-27 05:59:01,-5.00,67.31300000,4583358.17430000
2026-03-27 05:59:01,-4.00,66.71400000,4544103.27270000
2026-03-27 05:59:01,-3.00,63.96400000,4361650.77610000
2026-03-27 05:59:01,-2.00,61.35200000,4187255.75600000
2026-03-27 05:59:01,-1.00,50.45100000,3450678.10700000
2026-03-27 05:59:01,-0.20,6.32100000,433450.28500000
2026-03-27 05:59:01,0.20,7.51300000,516452.93920000
2026-03-27 05:59:01,1.00,49.72100000,3425661.24400000
2026-03-27 05:59:01,2.00,55.01000000,3795027.87360000
2026-03-27 05:59:01,3.00,58.49800000,4040908.36810000
2026-03-27 05:59:01,4.00,61.77500000,4273611.46950000
2026-03-27 05:59:01,5.00,62.09200000,4296399.40060000
2026-03-27 05:59:33,-5.00,66.11100000,4502969.23430000
2026-03-27 05:59:33,-4.00,65.81700000,4483646.08270000
2026-03-27 05:59:33,-3.00,63.51800000,4331157.07900000
2026-03-27 05:59:33,-2.00,60.90600000,4156762.05890000
2026-03-27 05:59:33,-1.00,50.00500000,3420184.40990000
2026-03-27 05:59:33,-0.20,7.43900000,509999.05860000
2026-03-27 05:59:33,0.20,5.91300000,406401.57070000
2026-03-27 05:59:33,1.00,49.79300000,3430563.59900000
2026-03-27 05:59:33,2.00,55.08200000,3799930.22860000
2026-03-27 05:59:33,3.00,58.57000000,4045810.72310000
2026-03-27 05:59:33,4.00,61.84700000,4278513.82450000
2026-03-27 05:59:33,5.00,62.16400000,4301301.75560000
2026-03-27 06:00:06,-5.00,66.54900000,4532944.71020000
2026-03-27 06:00:06,-4.00,66.25500000,4513621.55860000
2026-03-27 06:00:06,-3.00,63.95600000,4361132.55490000
2026-03-27 06:00:06,-2.00,61.34400000,4186737.53480000
2026-03-27 06:00:06,-1.00,50.44300000,3450159.88580000
2026-03-27 06:00:06,-0.20,6.31600000,433096.56370000
2026-03-27 06:00:06,0.20,7.28700000,500900.81500000
2026-03-27 06:00:06,1.00,49.71000000,3424801.09730000
2026-03-27 06:00:06,2.00,54.99900000,3794167.72690000
2026-03-27 06:00:06,3.00,58.44800000,4037299.57160000
2026-03-27 06:00:06,4.00,61.72500000,4270002.67300000
2026-03-27 06:00:06,5.00,62.04200000,4292790.60410000
2026-03-27 06:00:43,-5.00,48.09000000,3270581.24950000
2026-03-27 06:00:43,-4.00,47.79600000,3251258.09790000
2026-03-27 06:00:43,-3.00,46.09300000,3138450.51940000
2026-03-27 06:00:43,-2.00,42.88500000,2924374.07410000
2026-03-27 06:00:43,-1.00,31.98700000,2187974.56810000
2026-03-27 06:00:43,-0.20,8.90700000,610561.20010000
2026-03-27 06:00:43,0.20,3.35200000,230281.97240000
2026-03-27 06:00:43,1.00,31.53900000,2172528.72910000
2026-03-27 06:00:43,2.00,36.82700000,2541825.35410000
2026-03-27 06:00:43,3.00,40.30300000,2786858.63170000
2026-03-27 06:00:43,4.00,43.58000000,3019561.73310000
2026-03-27 06:00:43,5.00,43.89700000,3042349.66420000
2026-03-27 06:01:02,-5.00,66.53500000,4532193.63070000
2026-03-27 06:01:02,-4.00,66.24100000,4512870.47910000
2026-03-27 06:01:02,-3.00,63.94200000,4360381.47540000
2026-03-27 06:01:02,-2.00,61.33000000,4185986.45530000
2026-03-27 06:01:02,-1.00,50.43000000,3449451.04560000
2026-03-27 06:01:02,-0.20,7.86400000,539197.28740000
2026-03-27 06:01:02,0.20,5.95100000,409080.80040000
2026-03-27 06:01:02,1.00,49.71300000,3425264.20450000
2026-03-27 06:01:02,2.00,55.00100000,3794561.50380000
2026-03-27 06:01:02,3.00,58.47600000,4039524.77680000
2026-03-27 06:01:02,4.00,61.75300000,4272227.87820000
2026-03-27 06:01:02,5.00,62.07000000,4295015.80930000
2026-03-27 06:01:30,-5.00,49.25400000,3348290.45760000
2026-03-27 06:01:30,-4.00,48.65400000,3308967.20720000
2026-03-27 06:01:30,-3.00,46.58600000,3171878.33920000
2026-03-27 06:01:30,-2.00,43.31500000,2953623.70840000
2026-03-27 06:01:30,-1.00,32.39500000,2215744.59240000
2026-03-27 06:01:30,-0.20,9.31500000,638410.77660000
2026-03-27 06:01:30,0.20,3.66500000,251745.81970000
2026-03-27 06:01:30,1.00,31.84000000,2193126.53130000
2026-03-27 06:01:30,2.00,37.08700000,2559553.15630000
2026-03-27 06:01:30,3.00,40.60400000,2807456.43390000
2026-03-27 06:01:30,4.00,43.88100000,3040159.53530000
2026-03-27 06:01:30,5.00,44.19800000,3062947.46640000
2026-03-27 06:02:03,-5.00,67.26100000,4579328.45570000
2026-03-27 06:02:03,-4.00,66.66100000,4540005.20530000
2026-03-27 06:02:03,-3.00,64.50800000,4397258.54180000
2026-03-27 06:02:03,-2.00,61.32200000,4184661.70650000
2026-03-27 06:02:03,-1.00,50.40200000,3446782.59050000
2026-03-27 06:02:03,-0.20,9.32200000,638909.37470000
2026-03-27 06:02:03,0.20,4.58500000,315015.09330000
2026-03-27 06:02:03,1.00,49.80500000,3430870.49260000
2026-03-27 06:02:03,2.00,55.05200000,3797297.11760000
2026-03-27 06:02:03,3.00,58.58200000,4046116.69630000
2026-03-27 06:02:03,4.00,61.85900000,4278819.79770000
2026-03-27 06:02:03,5.00,62.17600000,4301607.72880000
2026-03-27 06:02:32,-5.00,67.32800000,4583913.05690000
2026-03-27 06:02:32,-4.00,66.72800000,4544589.80650000
2026-03-27 06:02:32,-3.00,64.57500000,4401843.14300000
2026-03-27 06:02:32,-2.00,61.38900000,4189246.30770000
2026-03-27 06:02:32,-1.00,50.46900000,3451367.19170000
2026-03-27 06:02:32,-0.20,9.38900000,643493.97590000
2026-03-27 06:02:32,0.20,4.32700000,297272.10250000
2026-03-27 06:02:32,1.00,49.77100000,3428530.10020000
2026-03-27 06:02:32,2.00,55.01800000,3794956.72520000
2026-03-27 06:02:32,3.00,58.54800000,4043776.30390000
2026-03-27 06:02:32,4.00,61.82500000,4276479.40530000
2026-03-27 06:02:32,5.00,62.14200000,4299267.33640000
2026-03-27 06:03:01,-5.00,67.28000000,4580289.66960000
2026-03-27 06:03:01,-4.00,66.63000000,4537707.42420000
2026-03-27 06:03:01,-3.00,64.56200000,4400618.55620000
2026-03-27 06:03:01,-2.00,61.29100000,4182363.92540000
2026-03-27 06:03:01,-1.00,50.37100000,3444484.80940000
2026-03-27 06:03:01,-0.20,14.09100000,965365.82170000
2026-03-27 06:03:01,0.20,4.50400000,309389.58300000
2026-03-27 06:03:01,1.00,49.94700000,3440577.73350000
2026-03-27 06:03:01,2.00,55.19600000,3807142.95460000
2026-03-27 06:03:01,3.00,58.72600000,4055962.53330000
2026-03-27 06:03:01,4.00,62.00300000,4288665.63470000
2026-03-27 06:03:01,5.00,62.31400000,4311021.26580000
2026-03-27 06:03:30,-5.00,67.22400000,4576608.69740000
2026-03-27 06:03:30,-4.00,66.62400000,4537285.44700000
2026-03-27 06:03:30,-3.00,64.55600000,4400196.57900000
2026-03-27 06:03:30,-2.00,61.28500000,4181941.94820000
2026-03-27 06:03:30,-1.00,50.36500000,3444062.83220000
2026-03-27 06:03:30,-0.20,12.62800000,865197.60930000
2026-03-27 06:03:30,0.20,4.41200000,303081.87750000
2026-03-27 06:03:30,1.00,49.85600000,3434346.17520000
2026-03-27 06:03:30,2.00,55.10300000,3800772.80020000
2026-03-27 06:03:30,3.00,58.63300000,4049592.37890000
2026-03-27 06:03:30,4.00,61.91000000,4282295.48030000
2026-03-27 06:03:30,5.00,62.22100000,4304651.11140000
2026-03-27 06:04:01,-5.00,49.22900000,3346452.80000000
2026-03-27 06:04:01,-4.00,48.62900000,3307129.54960000
2026-03-27 06:04:01,-3.00,46.47600000,3164382.88610000
2026-03-27 06:04:01,-2.00,43.29000000,2951786.05080000
2026-03-27 06:04:01,-1.00,32.37000000,2213906.93480000
2026-03-27 06:04:01,-0.20,7.83200000,536784.67840000
2026-03-27 06:04:01,0.20,4.60400000,316287.98260000
2026-03-27 06:04:01,1.00,31.82400000,2191961.56400000
2026-03-27 06:04:01,2.00,37.07100000,2558388.18900000
2026-03-27 06:04:01,3.00,40.60100000,2807207.76770000
2026-03-27 06:04:01,4.00,43.87800000,3039910.86910000
2026-03-27 06:04:01,5.00,44.19500000,3062698.80020000
2026-03-27 06:04:33,-5.00,67.40300000,4589499.00740000
2026-03-27 06:04:33,-4.00,66.80300000,4550175.75700000
2026-03-27 06:04:33,-3.00,64.05400000,4367747.66830000
2026-03-27 06:04:33,-2.00,61.44200000,4193352.64820000
2026-03-27 06:04:33,-1.00,50.54200000,3456817.23850000
2026-03-27 06:04:33,-0.20,7.87200000,539646.60780000
2026-03-27 06:04:33,0.20,5.15900000,354557.71390000
2026-03-27 06:04:33,1.00,49.77000000,3428961.36230000
2026-03-27 06:04:33,2.00,55.05900000,3798327.99190000
2026-03-27 06:04:33,3.00,58.54700000,4044207.56600000
2026-03-27 06:04:33,4.00,61.82400000,4276910.66740000
2026-03-27 06:04:33,5.00,62.14100000,4299698.59850000
2026-03-27 06:05:04,-5.00,67.24400000,4578127.75890000
2026-03-27 06:05:04,-4.00,66.64400000,4538804.50850000
2026-03-27 06:05:04,-3.00,64.57600000,4401715.64050000
2026-03-27 06:05:04,-2.00,61.30500000,4183461.00970000
2026-03-27 06:05:04,-1.00,50.38500000,3445581.89370000
2026-03-27 06:05:04,-0.20,9.30400000,637623.58820000
2026-03-27 06:05:04,0.20,3.96100000,272097.08270000
2026-03-27 06:05:04,1.00,49.92000000,3438815.24910000
2026-03-27 06:05:04,2.00,55.16700000,3805241.87410000
2026-03-27 06:05:04,3.00,58.69700000,4054061.45280000
2026-03-27 06:05:04,4.00,61.97400000,4286764.55420000
2026-03-27 06:05:04,5.00,62.28500000,4309120.18530000
2026-03-27 06:05:33,-5.00,58.13700000,3954907.18820000
2026-03-27 06:05:33,-4.00,57.62100000,3921149.51490000
2026-03-27 06:05:33,-3.00,55.41900000,3775236.07480000
2026-03-27 06:05:33,-2.00,52.14800000,3556981.44400000
2026-03-27 06:05:33,-1.00,41.22900000,2819170.24620000
2026-03-27 06:05:33,-0.20,13.94400000,955214.43370000
2026-03-27 06:05:33,0.20,3.83800000,263540.57940000
2026-03-27 06:05:33,1.00,32.03300000,2206016.51060000
2026-03-27 06:05:33,2.00,37.28200000,2572581.73170000
2026-03-27 06:05:33,3.00,39.95900000,2761134.75810000
2026-03-27 06:05:33,4.00,44.07600000,3053189.06750000
2026-03-27 06:05:33,5.00,44.38700000,3075544.69860000
2026-03-27 06:06:01,-5.00,67.32000000,4582572.73980000
2026-03-27 06:06:01,-4.00,66.72000000,4543249.48940000
2026-03-27 06:06:01,-3.00,64.65200000,4406160.62140000
2026-03-27 06:06:01,-2.00,61.38100000,4187905.99060000
2026-03-27 06:06:01,-1.00,50.46000000,3449984.45280000
2026-03-27 06:06:01,-0.20,12.71700000,871211.50480000
2026-03-27 06:06:01,0.20,6.12100000,420528.18770000
2026-03-27 06:06:01,1.00,49.88800000,3435923.38060000
2026-03-27 06:06:01,2.00,55.13600000,3802419.30560000
2026-03-27 06:06:01,3.00,58.65300000,4050320.82170000
2026-03-27 06:06:01,4.00,61.94300000,4283943.62240000
2026-03-27 06:06:01,5.00,62.25400000,4306299.25350000
2026-03-27 06:06:31,-5.00,67.39100000,4588624.93830000
2026-03-27 06:06:31,-4.00,66.79100000,4549301.68790000
2026-03-27 06:06:31,-3.00,64.04200000,4366873.59920000
2026-03-27 06:06:31,-2.00,61.43000000,4192478.57910000
2026-03-27 06:06:31,-1.00,50.52900000,3455900.74760000
2026-03-27 06:06:31,-0.20,7.96300000,545891.64680000
2026-03-27 06:06:31,0.20,7.35500000,505596.32380000
2026-03-27 06:06:31,1.00,49.78600000,3429984.36600000
2026-03-27 06:06:31,2.00,55.07400000,3799281.66530000
2026-03-27 06:06:31,3.00,58.56200000,4045160.05250000
2026-03-27 06:06:31,4.00,61.83900000,4277863.15390000
2026-03-27 06:06:31,5.00,62.15600000,4300651.08500000
2026-03-27 06:07:00,-5.00,63.09500000,4302642.71550000
2026-03-27 06:07:00,-4.00,62.49500000,4263319.46510000
2026-03-27 06:07:00,-3.00,61.10300000,4170743.77440000
2026-03-27 06:07:00,-2.00,59.82700000,4085537.95780000
2026-03-27 06:07:00,-1.00,50.26600000,3439213.55360000
2026-03-27 06:07:00,-0.20,6.04300000,414528.83650000
2026-03-27 06:07:00,0.20,7.54000000,518542.68430000
2026-03-27 06:07:00,1.00,49.74200000,3428562.74770000
2026-03-27 06:07:00,2.00,53.73900000,3707649.98830000
2026-03-27 06:07:00,3.00,55.95100000,3863607.14280000
2026-03-27 06:07:00,4.00,57.96400000,4006509.86060000
2026-03-27 06:07:00,5.00,58.32600000,4032542.97680000
2026-03-27 06:07:33,-5.00,63.33500000,4319993.80440000
2026-03-27 06:07:33,-4.00,62.73500000,4280670.55400000
2026-03-27 06:07:33,-3.00,61.93300000,4227376.64210000
2026-03-27 06:07:33,-2.00,60.06700000,4102826.79550000
2026-03-27 06:07:33,-1.00,50.28500000,3441474.39130000
2026-03-27 06:07:33,-0.20,7.95300000,545626.14350000
2026-03-27 06:07:33,0.20,8.29900000,570971.04700000
2026-03-27 06:07:33,1.00,49.57000000,3417341.81930000
2026-03-27 06:07:33,2.00,53.57000000,3696663.31520000
2026-03-27 06:07:33,3.00,55.76500000,3851427.84070000
2026-03-27 06:07:33,4.00,57.77800000,3994330.55850000
2026-03-27 06:07:33,5.00,58.14000000,4020363.67470000
2026-03-27 06:08:01,-5.00,63.23000000,4312954.01630000
2026-03-27 06:08:01,-4.00,62.63300000,4273804.05970000
2026-03-27 06:08:01,-3.00,61.83100000,4220510.14780000
2026-03-27 06:08:01,-2.00,59.96500000,4095960.30120000
2026-03-27 06:08:01,-1.00,50.18300000,3434607.89700000
2026-03-27 06:08:01,-0.20,9.30900000,638686.48980000
2026-03-27 06:08:01,0.20,5.16600000,355341.19670000
2026-03-27 06:08:01,1.00,49.66500000,3424168.29220000
2026-03-27 06:08:01,2.00,53.66100000,3703209.52250000
2026-03-27 06:08:01,3.00,55.87300000,3859171.65600000
2026-03-27 06:08:01,4.00,57.88600000,4002074.37380000
2026-03-27 06:08:01,5.00,58.24800000,4028107.49000000
2026-03-27 06:08:32,-5.00,63.26200000,4315178.60630000
2026-03-27 06:08:32,-4.00,62.66100000,4275764.81610000
2026-03-27 06:08:32,-3.00,61.86300000,4222734.73780000
2026-03-27 06:08:32,-2.00,59.99500000,4098050.22460000
2026-03-27 06:08:32,-1.00,50.21400000,3436764.46620000
2026-03-27 06:08:32,-0.20,7.77700000,533670.11320000
2026-03-27 06:08:32,0.20,4.29600000,295498.21580000
2026-03-27 06:08:32,1.00,49.65700000,3423816.51890000
2026-03-27 06:08:32,2.00,53.51300000,3693145.35080000
2026-03-27 06:08:32,3.00,55.72100000,3848827.21870000
2026-03-27 06:08:32,4.00,57.73400000,3991729.93650000
2026-03-27 06:08:32,5.00,58.09600000,4017763.05270000
2026-03-27 06:09:01,-5.00,63.22200000,4312659.80820000
2026-03-27 06:09:01,-4.00,62.62500000,4273509.85160000
2026-03-27 06:09:01,-3.00,61.82300000,4220215.93970000
2026-03-27 06:09:01,-2.00,59.95700000,4095666.09310000
2026-03-27 06:09:01,-1.00,50.17500000,3434313.68890000
2026-03-27 06:09:01,-0.20,9.30100000,638138.48170000
2026-03-27 06:09:01,0.20,4.20000000,288865.79770000
2026-03-27 06:09:01,1.00,49.62000000,3421407.19310000
2026-03-27 06:09:01,2.00,53.62000000,3700728.68900000
2026-03-27 06:09:01,3.00,55.82800000,3856410.55690000
2026-03-27 06:09:01,4.00,57.84100000,3999313.27470000
2026-03-27 06:09:01,5.00,58.20300000,4025346.39090000
2026-03-27 06:09:32,-5.00,67.30300000,4585669.12120000
2026-03-27 06:09:32,-4.00,66.70600000,4546519.16460000
2026-03-27 06:09:32,-3.00,64.54700000,4403308.25800000
2026-03-27 06:09:32,-2.00,61.33600000,4188875.28940000
2026-03-27 06:09:32,-1.00,50.22100000,3437617.50050000
2026-03-27 06:09:32,-0.20,9.34500000,641171.06960000
2026-03-27 06:09:32,0.20,4.10600000,282404.41320000
2026-03-27 06:09:32,1.00,49.53800000,3415819.71460000
2026-03-27 06:09:32,2.00,54.82300000,3785024.13350000
2026-03-27 06:09:32,3.00,58.30500000,4030607.21280000
2026-03-27 06:09:32,4.00,61.58200000,4263400.17540000
2026-03-27 06:09:32,5.00,61.94400000,4289433.29160000
2026-03-27 06:10:04,-5.00,67.36500000,4590655.97800000
2026-03-27 06:10:04,-4.00,66.76400000,4551242.18780000
2026-03-27 06:10:04,-3.00,64.60600000,4408095.14980000
2026-03-27 06:10:04,-2.00,61.39600000,4193727.47960000
2026-03-27 06:10:04,-1.00,50.28200000,3442536.33650000
2026-03-27 06:10:04,-0.20,9.39900000,645090.16510000
2026-03-27 06:10:04,0.20,4.24900000,292332.13370000
2026-03-27 06:10:04,1.00,50.31900000,3470601.62000000
2026-03-27 06:10:04,2.00,55.45900000,3829743.97620000
2026-03-27 06:10:04,3.00,58.94500000,4075608.44320000
2026-03-27 06:10:04,4.00,62.21800000,4308118.30340000
2026-03-27 06:10:04,5.00,62.58000000,4334151.41960000
2026-03-27 06:10:33,-5.00,49.49800000,3368640.28900000
2026-03-27 06:10:33,-4.00,48.90100000,3329487.68880000
2026-03-27 06:10:33,-3.00,45.85000000,3126801.14000000
2026-03-27 06:10:33,-2.00,43.38500000,2962004.17420000
2026-03-27 06:10:33,-1.00,32.41200000,2220305.50150000
2026-03-27 06:10:33,-0.20,9.42800000,647195.11420000
2026-03-27 06:10:33,0.20,3.18400000,219114.65120000
2026-03-27 06:10:33,1.00,30.81100000,2125552.66740000
2026-03-27 06:10:33,2.00,35.96100000,2485396.02360000
2026-03-27 06:10:33,3.00,39.43700000,2730559.49060000
2026-03-27 06:10:33,4.00,42.71000000,2963069.35080000
2026-03-27 06:10:33,5.00,43.07200000,2989102.46700000
2026-03-27 06:11:00,-5.00,67.37100000,4593232.44350000
2026-03-27 06:11:00,-4.00,66.77400000,4554079.84330000
2026-03-27 06:11:00,-3.00,63.67300000,4348059.29950000
2026-03-27 06:11:00,-2.00,61.25800000,4186596.32870000
2026-03-27 06:11:00,-1.00,50.28400000,3444802.70140000
2026-03-27 06:11:00,-0.20,7.85100000,539079.35310000
2026-03-27 06:11:00,0.20,4.19500000,288684.26880000
2026-03-27 06:11:00,1.00,50.30900000,3471378.48180000
2026-03-27 06:11:00,2.00,55.45800000,3831152.40950000
2026-03-27 06:11:00,3.00,58.93400000,4076348.47350000
2026-03-27 06:11:00,4.00,62.21100000,4309144.30130000
2026-03-27 06:11:00,5.00,62.56900000,4334891.44990000
2026-03-27 06:11:32,-5.00,64.98600000,4429628.88920000
2026-03-27 06:11:32,-4.00,64.38500000,4390215.09900000
2026-03-27 06:11:32,-3.00,62.22500000,4246934.72780000
2026-03-27 06:11:32,-2.00,59.01700000,4032700.39080000
2026-03-27 06:11:32,-1.00,47.90300000,3281482.34810000
2026-03-27 06:11:32,-0.20,11.81600000,810936.65920000
2026-03-27 06:11:32,0.20,2.55200000,175575.14960000
2026-03-27 06:11:32,1.00,48.89600000,3374284.15380000
2026-03-27 06:11:32,2.00,54.04600000,3734127.51000000
2026-03-27 06:11:32,3.00,57.52200000,3979323.45960000
2026-03-27 06:11:32,4.00,60.79500000,4211833.31980000
2026-03-27 06:11:32,5.00,61.15700000,4237866.43600000
2026-03-27 06:12:01,-5.00,48.90300000,3328043.47730000
2026-03-27 06:12:01,-4.00,48.30200000,3288629.68710000
2026-03-27 06:12:01,-3.00,46.14700000,3145682.61410000
2026-03-27 06:12:01,-2.00,42.93400000,2931114.97890000
2026-03-27 06:12:01,-1.00,31.82000000,2179896.93620000
2026-03-27 06:12:01,-0.20,13.73300000,942387.49030000
2026-03-27 06:12:01,0.20,3.93500000,270690.23670000
2026-03-27 06:12:01,1.00,32.31300000,2229072.70990000
2026-03-27 06:12:01,2.00,37.45300000,2588215.06610000
2026-03-27 06:12:01,3.00,40.92600000,2833196.86250000
2026-03-27 06:12:01,4.00,44.21200000,3066626.97710000
2026-03-27 06:12:01,5.00,44.57400000,3092660.09330000
2026-03-27 06:12:30,-5.00,67.25800000,4584587.56440000
2026-03-27 06:12:30,-4.00,66.66100000,4545437.60780000
2026-03-27 06:12:30,-3.00,64.50200000,4402226.70120000
2026-03-27 06:12:30,-2.00,61.29100000,4187793.73260000
2026-03-27 06:12:30,-1.00,50.17600000,3436509.04410000
2026-03-27 06:12:30,-0.20,14.08600000,966511.06720000
2026-03-27 06:12:30,0.20,3.56600000,245270.62930000
2026-03-27 06:12:30,1.00,49.76700000,3433323.31130000
2026-03-27 06:12:30,2.00,55.05200000,3802527.73020000
2026-03-27 06:12:30,3.00,58.52100000,4047222.81020000
2026-03-27 06:12:30,4.00,61.81100000,4280936.50040000
2026-03-27 06:12:30,5.00,62.17300000,4306969.61660000
2026-03-27 06:13:00,-5.00,49.35800000,3358809.65170000
2026-03-27 06:13:00,-4.00,48.76100000,3319659.69510000
2026-03-27 06:13:00,-3.00,46.60200000,3176448.78850000
2026-03-27 06:13:00,-2.00,43.39100000,2962015.81990000
2026-03-27 06:13:00,-1.00,32.27600000,2210731.13140000
2026-03-27 06:13:00,-0.20,14.18500000,973249.03300000
2026-03-27 06:13:00,0.20,4.79600000,329891.17580000
2026-03-27 06:13:00,1.00,32.03300000,2209183.24570000
2026-03-27 06:13:00,2.00,37.31800000,2578387.66460000
2026-03-27 06:13:00,3.00,40.80000000,2824002.23200000
2026-03-27 06:13:00,4.00,44.07700000,3056795.19460000
2026-03-27 06:13:00,5.00,44.43900000,3082828.31080000
2026-03-27 06:13:30,-5.00,66.32800000,4520226.49170000
2026-03-27 06:13:30,-4.00,65.72700000,4480812.70150000
2026-03-27 06:13:30,-3.00,63.56900000,4337665.66350000
2026-03-27 06:13:30,-2.00,60.35900000,4123297.99330000
2026-03-27 06:13:30,-1.00,49.24500000,3372079.95060000
2026-03-27 06:13:30,-0.20,11.69900000,802702.27050000
2026-03-27 06:13:30,0.20,5.20000000,357796.15270000
2026-03-27 06:13:30,1.00,49.02700000,3381825.71460000
2026-03-27 06:13:30,2.00,54.16700000,3740968.07080000
2026-03-27 06:13:30,3.00,57.65300000,3986865.15950000
2026-03-27 06:13:30,4.00,60.92600000,4219375.01970000
2026-03-27 06:13:30,5.00,61.28800000,4245408.13590000
2026-03-27 06:14:01,-5.00,48.32400000,3288259.85680000
2026-03-27 06:14:01,-4.00,47.72700000,3249107.25660000
2026-03-27 06:14:01,-3.00,44.67600000,3046420.70780000
2026-03-27 06:14:01,-2.00,42.21100000,2881623.74200000
2026-03-27 06:14:01,-1.00,31.23800000,2139898.16970000
2026-03-27 06:14:01,-0.20,8.30000000,569731.21580000
2026-03-27 06:14:01,0.20,4.71800000,324776.90150000
2026-03-27 06:14:01,1.00,30.89800000,2131551.57050000
2026-03-27 06:14:01,2.00,36.04800000,2491394.92670000
2026-03-27 06:14:01,3.00,39.52400000,2736590.63970000
2026-03-27 06:14:01,4.00,42.79700000,2969100.49990000
2026-03-27 06:14:01,5.00,43.15900000,2995133.61610000
2026-03-27 06:14:33,-5.00,48.04500000,3269601.79090000
2026-03-27 06:14:33,-4.00,47.43400000,3229525.19070000
2026-03-27 06:14:33,-3.00,43.75300000,2984818.11330000
2026-03-27 06:14:33,-2.00,41.93200000,2862965.67610000
2026-03-27 06:14:33,-1.00,30.95600000,2121035.93260000
2026-03-27 06:14:33,-0.20,6.56900000,451113.47840000
2026-03-27 06:14:33,0.20,5.07200000,349251.73530000
2026-03-27 06:14:33,1.00,30.89200000,2131547.05090000
2026-03-27 06:14:33,2.00,36.04000000,2491272.45290000
2026-03-27 06:14:33,3.00,39.51600000,2736496.50400000
2026-03-27 06:14:33,4.00,42.79900000,2969721.33180000
2026-03-27 06:14:33,5.00,43.15500000,2995328.28040000
2026-03-27 06:15:04,-5.00,48.26900000,3285075.97550000
2026-03-27 06:15:04,-4.00,47.65700000,3244933.36100000
2026-03-27 06:15:04,-3.00,43.97700000,3000292.29790000
2026-03-27 06:15:04,-2.00,42.15600000,2878439.86070000
2026-03-27 06:15:04,-1.00,31.18000000,2136510.11720000
2026-03-27 06:15:04,-0.20,6.65800000,457215.68170000
2026-03-27 06:15:04,0.20,3.43100000,236231.61280000
2026-03-27 06:15:04,1.00,31.04000000,2142003.77450000
2026-03-27 06:15:04,2.00,36.18800000,2501729.17650000
2026-03-27 06:15:04,3.00,39.65100000,2746123.67160000
2026-03-27 06:15:04,4.00,42.94700000,2980269.73010000
2026-03-27 06:15:04,5.00,43.30300000,3005876.67870000
2026-03-27 06:16:00,-5.00,48.17800000,3278464.19390000
2026-03-27 06:16:00,-4.00,47.57700000,3239050.40370000
2026-03-27 06:16:00,-3.00,45.41700000,3095770.03250000
2026-03-27 06:16:00,-2.00,42.06100000,2871566.88910000
2026-03-27 06:16:00,-1.00,31.09500000,2130317.65280000
2026-03-27 06:16:00,-0.20,13.02200000,893671.55870000
2026-03-27 06:16:00,0.20,3.59200000,247195.80560000
2026-03-27 06:16:00,1.00,31.19900000,2152642.58290000
2026-03-27 06:16:00,2.00,36.34900000,2512506.84630000
2026-03-27 06:16:00,3.00,39.82500000,2757820.10600000
2026-03-27 06:16:00,4.00,43.09800000,2990329.96620000
2026-03-27 06:16:00,5.00,43.46000000,3016363.08240000
2026-03-27 06:16:32,-5.00,47.96400000,3264172.70500000
2026-03-27 06:16:32,-4.00,47.35200000,3224030.09050000
2026-03-27 06:16:32,-3.00,43.67200000,2979389.02740000
2026-03-27 06:16:32,-2.00,41.85100000,2857536.59020000
2026-03-27 06:16:32,-1.00,30.87500000,2115606.84670000
2026-03-27 06:16:32,-0.20,6.41300000,440403.42510000
2026-03-27 06:16:32,0.20,5.12400000,352897.31800000
2026-03-27 06:16:32,1.00,30.94400000,2135294.45860000
2026-03-27 06:16:32,2.00,36.09300000,2495090.00340000
2026-03-27 06:16:32,3.00,39.55500000,2739413.53540000
2026-03-27 06:16:32,4.00,42.85100000,2973560.82890000
2026-03-27 06:16:32,5.00,43.20700000,2999167.77750000
2026-03-27 06:17:00,-5.00,48.34000000,3290033.64240000
2026-03-27 06:17:00,-4.00,47.72800000,3249891.02790000
2026-03-27 06:17:00,-3.00,44.04800000,3005249.96480000
2026-03-27 06:17:00,-2.00,42.22700000,2883397.52760000
2026-03-27 06:17:00,-1.00,31.25100000,2141467.78410000
2026-03-27 06:17:00,-0.20,8.34800000,573243.25430000
2026-03-27 06:17:00,0.20,3.43100000,236229.06930000
2026-03-27 06:17:00,1.00,31.02300000,2140729.04990000
2026-03-27 06:17:00,2.00,36.17200000,2500524.59470000
2026-03-27 06:17:00,3.00,39.63400000,2744848.12670000
2026-03-27 06:17:00,4.00,42.93000000,2978994.99510000
2026-03-27 06:17:00,5.00,43.28600000,3004601.94370000
2026-03-27 06:17:31,-5.00,48.05300000,3270124.82710000
2026-03-27 06:17:31,-4.00,47.45200000,3230711.03690000
2026-03-27 06:17:31,-3.00,45.29200000,3087430.66570000
2026-03-27 06:17:31,-2.00,41.93600000,2863227.52230000
2026-03-27 06:17:31,-1.00,30.97000000,2121978.28600000
2026-03-27 06:17:31,-0.20,12.90000000,885355.82900000
2026-03-27 06:17:31,0.20,3.87700000,266810.66650000
2026-03-27 06:17:31,1.00,31.25200000,2156318.14900000
2026-03-27 06:17:31,2.00,36.40200000,2516182.41240000
2026-03-27 06:17:31,3.00,39.87800000,2761496.58600000
2026-03-27 06:17:31,4.00,43.15100000,2994006.44620000
2026-03-27 06:17:31,5.00,43.51300000,3020039.56240000
2026-03-27 06:18:00,-5.00,48.06600000,3271019.91240000
2026-03-27 06:18:00,-4.00,47.46500000,3231606.12220000
2026-03-27 06:18:00,-3.00,45.30500000,3088331.56890000
2026-03-27 06:18:00,-2.00,41.94900000,2864128.42550000
2026-03-27 06:18:00,-1.00,30.98300000,2122879.18920000
2026-03-27 06:18:00,-0.20,12.91300000,886256.73220000
2026-03-27 06:18:00,0.20,2.28300000,157109.32230000
2026-03-27 06:18:00,1.00,29.67200000,2047507.60400000
2026-03-27 06:18:00,2.00,34.82200000,2407371.86740000
2026-03-27 06:18:00,3.00,38.28500000,2651767.60530000
2026-03-27 06:18:00,4.00,41.57100000,2885199.86230000
2026-03-27 06:18:00,5.00,41.93300000,2911232.97850000
2026-03-27 06:18:31,-5.00,47.59500000,3238867.02650000
2026-03-27 06:18:31,-4.00,46.98200000,3198649.00580000
2026-03-27 06:18:31,-3.00,43.30200000,2954013.76060000
2026-03-27 06:18:31,-2.00,41.48100000,2832161.32340000
2026-03-27 06:18:31,-1.00,30.50500000,2090231.57990000
2026-03-27 06:18:31,-0.20,7.60100000,521935.07290000
2026-03-27 06:18:31,0.20,5.17000000,356073.55810000
2026-03-27 06:18:31,1.00,30.99000000,2138476.25650000
2026-03-27 06:18:31,2.00,36.13900000,2498271.80130000
2026-03-27 06:18:31,3.00,39.61400000,2743517.65340000
2026-03-27 06:18:31,4.00,42.89700000,2976742.48120000
2026-03-27 06:18:31,5.00,43.25300000,3002349.42980000
2026-03-27 06:19:00,-5.00,48.27200000,3285399.50890000
2026-03-27 06:19:00,-4.00,47.65900000,3245181.48820000
2026-03-27 06:19:00,-3.00,43.97900000,3000546.24300000
2026-03-27 06:19:00,-2.00,42.15800000,2878693.80580000
2026-03-27 06:19:00,-1.00,31.18200000,2136764.06230000
2026-03-27 06:19:00,-0.20,8.27700000,568398.91890000
2026-03-27 06:19:00,0.20,6.49200000,447179.66280000
2026-03-27 06:19:00,1.00,30.97600000,2137518.23720000
2026-03-27 06:19:00,2.00,36.12500000,2497313.78200000
2026-03-27 06:19:00,3.00,39.60000000,2742558.01170000
2026-03-27 06:19:00,4.00,42.88300000,2975782.83950000
2026-03-27 06:19:00,5.00,43.23900000,3001389.78810000
2026-03-27 06:19:33,-5.00,48.24700000,3283685.87000000
2026-03-27 06:19:33,-4.00,47.63400000,3243467.84930000
2026-03-27 06:19:33,-3.00,43.95400000,2998832.60410000
2026-03-27 06:19:33,-2.00,42.12800000,2876643.16690000
2026-03-27 06:19:33,-1.00,31.15600000,2134982.33420000
2026-03-27 06:19:33,-0.20,6.79800000,466884.31250000
2026-03-27 06:19:33,0.20,6.69800000,461387.46110000
2026-03-27 06:19:33,1.00,31.06400000,2143625.06290000
2026-03-27 06:19:33,2.00,36.21300000,2503420.60770000
2026-03-27 06:19:33,3.00,39.67500000,2747746.20280000
2026-03-27 06:19:33,4.00,42.97100000,2981892.22490000
2026-03-27 06:19:33,5.00,43.33100000,3007788.03550000
2026-03-27 06:20:04,-5.00,48.19000000,3279895.25360000
2026-03-27 06:20:04,-4.00,47.57000000,3239215.01660000
2026-03-27 06:20:04,-3.00,43.89700000,2995041.98770000
2026-03-27 06:20:04,-2.00,42.07100000,2872852.55050000
2026-03-27 06:20:04,-1.00,31.09900000,2131191.71780000
2026-03-27 06:20:04,-0.20,8.19600000,562963.29660000
2026-03-27 06:20:04,0.20,5.27800000,363558.17290000
2026-03-27 06:20:04,1.00,31.19200000,2152782.74760000
2026-03-27 06:20:04,2.00,36.34000000,2512508.82530000
2026-03-27 06:20:04,3.00,39.81500000,2757752.83790000
2026-03-27 06:20:04,4.00,43.09800000,2990977.66570000
2026-03-27 06:20:04,5.00,43.45800000,3016873.47630000
2026-03-27 06:20:33,-5.00,48.22000000,3282565.08320000
2026-03-27 06:20:33,-4.00,47.60000000,3241884.84620000
2026-03-27 06:20:33,-3.00,44.81800000,3057117.99490000
2026-03-27 06:20:33,-2.00,42.10100000,2875429.18150000
2026-03-27 06:20:33,-1.00,31.12900000,2133768.34880000
2026-03-27 06:20:33,-0.20,8.22900000,565248.13070000
2026-03-27 06:20:33,0.20,5.15400000,355015.74460000
2026-03-27 06:20:33,1.00,31.05200000,2143722.92130000
2026-03-27 06:20:33,2.00,36.20000000,2503448.99900000
2026-03-27 06:20:33,3.00,39.67500000,2748693.01160000
2026-03-27 06:20:33,4.00,42.95800000,2981917.83940000
2026-03-27 06:20:33,5.00,43.31800000,3007813.65000000
2026-03-27 06:21:02,-5.00,48.03000000,3269480.42940000
2026-03-27 06:21:02,-4.00,47.41700000,3229262.40870000
2026-03-27 06:21:02,-3.00,44.62800000,3044033.34110000
2026-03-27 06:21:02,-2.00,41.91600000,2862681.52770000
2026-03-27 06:21:02,-1.00,30.94000000,2120751.78420000
2026-03-27 06:21:02,-0.20,8.04000000,552232.11330000
2026-03-27 06:21:02,0.20,3.57200000,245956.48080000
2026-03-27 06:21:02,1.00,31.13500000,2149411.95780000
2026-03-27 06:21:02,2.00,36.28300000,2509137.35980000
2026-03-27 06:21:02,3.00,39.74600000,2753534.97880000
2026-03-27 06:21:02,4.00,43.02900000,2986759.80660000
2026-03-27 06:21:02,5.00,43.38500000,3012366.75520000
2026-03-27 06:21:32,-5.00,48.28900000,3287185.74300000
2026-03-27 06:21:32,-4.00,47.67600000,3246967.72230000
2026-03-27 06:21:32,-3.00,44.88700000,3061738.65470000
2026-03-27 06:21:32,-2.00,42.17000000,2880049.84130000
2026-03-27 06:21:32,-1.00,31.19800000,2138389.00860000
2026-03-27 06:21:32,-0.20,8.29800000,569868.79050000
2026-03-27 06:21:32,0.20,5.26900000,362915.23560000
2026-03-27 06:21:32,1.00,31.06800000,2144624.46280000
2026-03-27 06:21:32,2.00,36.21700000,2504420.00760000
2026-03-27 06:21:32,3.00,39.69200000,2749665.77000000
2026-03-27 06:21:32,4.00,42.97500000,2982890.59780000
2026-03-27 06:21:32,5.00,43.33500000,3008786.40840000
2026-03-27 06:22:01,-5.00,48.11200000,3275071.06030000
2026-03-27 06:22:01,-4.00,47.50000000,3234919.05390000
2026-03-27 06:22:01,-3.00,44.71000000,3049623.97200000
2026-03-27 06:22:01,-2.00,41.99800000,2868272.15860000
2026-03-27 06:22:01,-1.00,31.02200000,2126342.41510000
2026-03-27 06:22:01,-0.20,8.12200000,557822.74420000
2026-03-27 06:22:01,0.20,2.81800000,193987.74470000
2026-03-27 06:22:01,1.00,31.22600000,2155593.68150000
2026-03-27 06:22:01,2.00,36.37400000,2515319.08350000
2026-03-27 06:22:01,3.00,39.85000000,2760633.56260000
2026-03-27 06:22:01,4.00,43.13300000,2993858.39040000
2026-03-27 06:22:01,5.00,43.48900000,3019465.33900000
2026-03-27 06:22:30,-5.00,47.98500000,3266192.78120000
2026-03-27 06:22:30,-4.00,47.37300000,3226040.77480000
2026-03-27 06:22:30,-3.00,44.58300000,3040745.69290000
2026-03-27 06:22:30,-2.00,41.87100000,2859393.87950000
2026-03-27 06:22:30,-1.00,30.89500000,2117464.13600000
2026-03-27 06:22:30,-0.20,7.99600000,549013.07970000
2026-03-27 06:22:30,0.20,2.70500000,186168.05870000
2026-03-27 06:22:30,1.00,31.12000000,2148136.58250000
2026-03-27 06:22:30,2.00,36.26800000,2507861.98450000
2026-03-27 06:22:30,3.00,39.74400000,2753176.46360000
2026-03-27 06:22:30,4.00,43.02700000,2986401.29140000
2026-03-27 06:22:30,5.00,43.37900000,3011719.44000000
2026-03-27 06:23:01,-5.00,48.08200000,3272669.73370000
2026-03-27 06:23:01,-4.00,47.48400000,3233441.72730000
2026-03-27 06:23:01,-3.00,45.27400000,3086833.17900000
2026-03-27 06:23:01,-2.00,41.96800000,2865870.83200000
2026-03-27 06:23:01,-1.00,30.99200000,2123941.08850000
2026-03-27 06:23:01,-0.20,12.93000000,887542.19350000
2026-03-27 06:23:01,0.20,2.54200000,174961.74070000
2026-03-27 06:23:01,1.00,30.91000000,2133523.08860000
2026-03-27 06:23:01,2.00,36.05800000,2493248.49060000
2026-03-27 06:23:01,3.00,39.52100000,2737642.96750000
2026-03-27 06:23:01,4.00,42.79800000,2970438.79530000
2026-03-27 06:23:01,5.00,43.15600000,2996185.94390000
2026-03-27 06:23:32,-5.00,47.97500000,3265311.42190000
2026-03-27 06:23:32,-4.00,47.37700000,3226083.41550000
2026-03-27 06:23:32,-3.00,45.21700000,3082808.86220000
2026-03-27 06:23:32,-2.00,41.86100000,2858512.52020000
2026-03-27 06:23:32,-1.00,30.88800000,2116786.94790000
2026-03-27 06:23:32,-0.20,12.82400000,880252.48890000
2026-03-27 06:23:32,0.20,2.87900000,198135.11750000
2026-03-27 06:23:32,1.00,31.23400000,2155799.78760000
2026-03-27 06:23:32,2.00,36.38400000,2515664.05100000
2026-03-27 06:23:32,3.00,39.86000000,2760974.15820000
2026-03-27 06:23:32,4.00,43.13300000,2993484.01840000
2026-03-27 06:23:32,5.00,43.49500000,3019517.13460000
2026-03-27 06:24:00,-5.00,48.12300000,3275481.13040000
2026-03-27 06:24:00,-4.00,47.52500000,3236253.12400000
2026-03-27 06:24:00,-3.00,44.72100000,3050034.04210000
2026-03-27 06:24:00,-2.00,42.00900000,2868682.22870000
2026-03-27 06:24:00,-1.00,31.03300000,2126752.48520000
2026-03-27 06:24:00,-0.20,8.13100000,558276.83420000
2026-03-27 06:24:00,0.20,2.81000000,193383.02620000
2026-03-27 06:24:00,1.00,31.14300000,2149533.29370000
2026-03-27 06:24:00,2.00,36.29100000,2509258.69570000
2026-03-27 06:24:00,3.00,39.76700000,2754568.80290000
2026-03-27 06:24:00,4.00,43.04400000,2987364.63070000
2026-03-27 06:24:00,5.00,43.40200000,3013111.77930000
2026-03-27 06:24:32,-5.00,48.30700000,3288543.58230000
2026-03-27 06:24:32,-4.00,47.68700000,3247863.34530000
2026-03-27 06:24:32,-3.00,44.90500000,3063096.49400000
2026-03-27 06:24:32,-2.00,42.18800000,2881407.68060000
2026-03-27 06:24:32,-1.00,31.21300000,2139542.54790000
2026-03-27 06:24:32,-0.20,6.86000000,471286.20600000
2026-03-27 06:24:32,0.20,5.01700000,345606.31920000
2026-03-27 06:24:32,1.00,30.93700000,2135585.45920000
2026-03-27 06:24:32,2.00,36.08500000,2495311.53690000
2026-03-27 06:24:32,3.00,39.56000000,2740556.16180000
2026-03-27 06:24:32,4.00,42.84300000,2973780.98960000
2026-03-27 06:24:32,5.00,43.20300000,2999676.80020000
2026-03-27 06:25:01,-5.00,48.23600000,3284632.51360000
2026-03-27 06:25:01,-4.00,47.61600000,3243952.27660000
2026-03-27 06:25:01,-3.00,45.42800000,3098795.95890000
2026-03-27 06:25:01,-2.00,42.11900000,2877565.98550000
2026-03-27 06:25:01,-1.00,31.14400000,2135675.34940000
2026-03-27 06:25:01,-0.20,6.84900000,470727.21260000
2026-03-27 06:25:01,0.20,3.67300000,253072.62140000
2026-03-27 06:25:01,1.00,31.26000000,2158451.32530000
2026-03-27 06:25:01,2.00,36.40300000,2517855.95760000
2026-03-27 06:25:01,3.00,41.37900000,2869487.30170000
2026-03-27 06:25:01,4.00,43.16100000,2996327.12240000
2026-03-27 06:25:01,5.00,43.52100000,3022222.93300000
2026-03-27 06:25:32,-5.00,48.07600000,3273543.05970000
2026-03-27 06:25:32,-4.00,47.45600000,3232862.82270000
2026-03-27 06:25:32,-3.00,45.26800000,3087706.50500000
2026-03-27 06:25:32,-2.00,41.95900000,2866476.53160000
2026-03-27 06:25:32,-1.00,30.98500000,2124654.01890000
2026-03-27 06:25:32,-0.20,12.92900000,888149.24270000
2026-03-27 06:25:32,0.20,3.00700000,207092.28220000
2026-03-27 06:25:32,1.00,31.09600000,2147034.17460000
2026-03-27 06:25:32,2.00,36.24100000,2506577.80820000
2026-03-27 06:25:32,3.00,39.71600000,2751822.20040000
2026-03-27 06:25:32,4.00,42.99900000,2985047.02820000
2026-03-27 06:25:32,5.00,43.35900000,3010942.83880000
2026-03-27 06:26:01,-5.00,48.11800000,3276116.17200000
2026-03-27 06:26:01,-4.00,47.50500000,3235898.15130000
2026-03-27 06:26:01,-3.00,45.31000000,3090279.61730000
2026-03-27 06:26:01,-2.00,42.00600000,2869386.64390000
2026-03-27 06:26:01,-1.00,31.03100000,2127499.52040000
2026-03-27 06:26:01,-0.20,12.97300000,891000.44280000
2026-03-27 06:26:01,0.20,3.55300000,244676.91050000
2026-03-27 06:26:01,1.00,31.14800000,2150518.91290000
2026-03-27 06:26:01,2.00,36.29400000,2510132.01360000
2026-03-27 06:26:01,3.00,39.76900000,2755377.16630000
2026-03-27 06:26:01,4.00,43.05200000,2988601.99410000
2026-03-27 06:26:01,5.00,43.40800000,3014208.94270000
2026-03-27 06:27:02,-5.00,48.21500000,3282407.12970000
2026-03-27 06:27:02,-4.00,47.59500000,3241726.89270000
2026-03-27 06:27:02,-3.00,45.40800000,3096581.46820000
2026-03-27 06:27:02,-2.00,42.09900000,2875351.49480000
2026-03-27 06:27:02,-1.00,31.12500000,2133528.98210000
2026-03-27 06:27:02,-0.20,6.87800000,472531.37190000
2026-03-27 06:27:02,0.20,5.22900000,360223.62870000
2026-03-27 06:27:02,1.00,31.14300000,2150165.77200000
2026-03-27 06:27:02,2.00,36.28800000,2509709.40560000
2026-03-27 06:27:02,3.00,39.76400000,2755024.49760000
2026-03-27 06:27:02,4.00,43.04600000,2988178.46830000
2026-03-27 06:27:02,5.00,43.40600000,3014074.27890000
2026-03-27 06:27:31,-5.00,48.25400000,3285810.19600000
2026-03-27 06:27:31,-4.00,47.63600000,3245239.93580000
2026-03-27 06:27:31,-3.00,45.44900000,3100094.51130000
2026-03-27 06:27:31,-2.00,42.14000000,2878864.53790000
2026-03-27 06:27:31,-1.00,31.16600000,2137042.02520000
2026-03-27 06:27:31,-0.20,11.55200000,793564.61620000
2026-03-27 06:27:31,0.20,2.79600000,192608.26170000
2026-03-27 06:27:31,1.00,31.14400000,2150431.80960000
2026-03-27 06:27:31,2.00,36.28900000,2509975.44320000
2026-03-27 06:27:31,3.00,39.75200000,2754371.74200000
2026-03-27 06:27:31,4.00,43.03400000,2987525.71270000
2026-03-27 06:27:31,5.00,43.39400000,3013421.52330000
2026-03-27 06:28:00,-5.00,48.21000000,3282886.46960000
2026-03-27 06:28:00,-4.00,47.59200000,3242316.20940000
2026-03-27 06:28:00,-3.00,45.40500000,3097170.78490000
2026-03-27 06:28:00,-2.00,42.09600000,2875940.81150000
2026-03-27 06:28:00,-1.00,31.12200000,2134118.29880000
2026-03-27 06:28:00,-0.20,13.06700000,897681.72950000
2026-03-27 06:28:00,0.20,4.99300000,344080.45850000
2026-03-27 06:28:00,1.00,31.12200000,2148922.23380000
2026-03-27 06:28:00,2.00,36.26700000,2508465.86740000
2026-03-27 06:28:00,3.00,39.74300000,2753783.97150000
2026-03-27 06:28:00,4.00,43.02500000,2986937.94220000
2026-03-27 06:28:00,5.00,43.38500000,3012833.75280000
2026-03-27 06:28:31,-5.00,48.15000000,3279048.71470000
2026-03-27 06:28:31,-4.00,47.53200000,3238478.45450000
2026-03-27 06:28:31,-3.00,45.34500000,3093333.03000000
2026-03-27 06:28:31,-2.00,40.69800000,2781860.43190000
2026-03-27 06:28:31,-1.00,31.06000000,2130144.27760000
2026-03-27 06:28:31,-0.20,8.23500000,566069.58190000
2026-03-27 06:28:31,0.20,4.95900000,341839.06120000
2026-03-27 06:28:31,1.00,31.06700000,2145341.97770000
2026-03-27 06:28:31,2.00,36.21000000,2504746.61000000
2026-03-27 06:28:31,3.00,41.17300000,2855458.12220000
2026-03-27 06:28:31,4.00,42.97700000,2983864.31710000
2026-03-27 06:28:31,5.00,43.32800000,3009115.91630000
2026-03-27 06:29:00,-5.00,48.24100000,3285500.22970000
2026-03-27 06:29:00,-4.00,47.62300000,3244929.96950000
2026-03-27 06:29:00,-3.00,45.43600000,3099784.54500000
2026-03-27 06:29:00,-2.00,40.78900000,2788311.94690000
2026-03-27 06:29:00,-1.00,31.15100000,2136595.79260000
2026-03-27 06:29:00,-0.20,6.87300000,472528.79990000
2026-03-27 06:29:00,0.20,5.06800000,349373.26120000
2026-03-27 06:29:00,1.00,30.96100000,2138046.12420000
2026-03-27 06:29:00,2.00,36.10400000,2497450.75650000
2026-03-27 06:29:00,3.00,41.08000000,2849082.25790000
2026-03-27 06:29:00,4.00,42.87100000,2976566.29000000
2026-03-27 06:29:00,5.00,43.42900000,3016779.84920000
2026-03-27 06:29:31,-5.00,48.12200000,3277494.77310000
2026-03-27 06:29:31,-4.00,47.50400000,3236924.51290000
2026-03-27 06:29:31,-3.00,45.31700000,3091779.08840000
2026-03-27 06:29:31,-2.00,40.67000000,2780306.49030000
2026-03-27 06:29:31,-1.00,31.03200000,2128590.33600000
2026-03-27 06:29:31,-0.20,6.75900000,464694.10270000
2026-03-27 06:29:31,0.20,4.92500000,339511.40670000
2026-03-27 06:29:31,1.00,31.02700000,2143178.35070000
2026-03-27 06:29:31,2.00,36.17000000,2502582.98300000
2026-03-27 06:29:31,3.00,41.13200000,2853256.43550000
2026-03-27 06:29:31,4.00,42.93600000,2981663.35580000
2026-03-27 06:29:31,5.00,43.28700000,3006914.95500000
2026-03-27 06:30:05,-5.00,48.17300000,3280493.20550000
2026-03-27 06:30:05,-4.00,47.55500000,3239922.94530000
2026-03-27 06:30:05,-3.00,45.36800000,3094777.52080000
2026-03-27 06:30:05,-2.00,42.05900000,2873547.54740000
2026-03-27 06:30:05,-1.00,31.08500000,2131725.03470000
2026-03-27 06:30:05,-0.20,8.32700000,572130.36130000
2026-03-27 06:30:05,0.20,3.37200000,232324.86610000
2026-03-27 06:30:05,1.00,30.93400000,2137101.19860000
2026-03-27 06:30:05,2.00,36.07900000,2496644.83220000
2026-03-27 06:30:05,3.00,39.26100000,2721190.26690000
2026-03-27 06:30:05,4.00,42.83500000,2975041.36680000
2026-03-27 06:30:05,5.00,43.19500000,3000937.17740000
2026-03-27 06:30:39,-5.00,48.10800000,3276398.35890000
2026-03-27 06:30:39,-4.00,47.49000000,3235828.09870000
2026-03-27 06:30:39,-3.00,45.30300000,3090682.67420000
2026-03-27 06:30:39,-2.00,40.65600000,2779210.07610000
2026-03-27 06:30:39,-1.00,31.01800000,2127493.92180000
2026-03-27 06:30:39,-0.20,8.26100000,567810.89930000
2026-03-27 06:30:39,0.20,2.61800000,180413.37880000
2026-03-27 06:30:39,1.00,30.89000000,2133977.67050000
2026-03-27 06:30:39,2.00,36.03300000,2493382.30280000
2026-03-27 06:30:39,3.00,40.99400000,2844014.91820000
2026-03-27 06:30:39,4.00,42.79800000,2972423.36340000
2026-03-27 06:30:39,5.00,43.14900000,2997674.96260000
2026-03-27 06:31:02,-5.00,48.18500000,3281383.18560000
2026-03-27 06:31:02,-4.00,47.56700000,3240812.92540000
2026-03-27 06:31:02,-3.00,45.38000000,3095667.50090000
2026-03-27 06:31:02,-2.00,42.07100000,2874437.52750000
2026-03-27 06:31:02,-1.00,31.09600000,2132546.89140000
2026-03-27 06:31:02,-0.20,3.75600000,258249.35620000
2026-03-27 06:31:02,0.20,3.01800000,207939.62960000
2026-03-27 06:31:02,1.00,31.08000000,2147008.47630000
2026-03-27 06:31:02,2.00,36.22300000,2506413.10860000
2026-03-27 06:31:02,3.00,41.19700000,2857966.62190000
2026-03-27 06:31:02,4.00,42.98000000,2984878.01400000
2026-03-27 06:31:02,5.00,43.33900000,3010702.25320000
2026-03-27 06:31:32,-5.00,48.13600000,3277989.40820000
2026-03-27 06:31:32,-4.00,47.51800000,3237419.14800000
2026-03-27 06:31:32,-3.00,45.33100000,3092273.72350000
2026-03-27 06:31:32,-2.00,42.02200000,2871043.75010000
2026-03-27 06:31:32,-1.00,31.04700000,2129153.11400000
2026-03-27 06:31:32,-0.20,5.17500000,355680.75640000
2026-03-27 06:31:32,0.20,3.43400000,236597.20040000
2026-03-27 06:31:32,1.00,30.96700000,2139175.07360000
2026-03-27 06:31:32,2.00,36.11000000,2498579.70590000
2026-03-27 06:31:32,3.00,41.07100000,2849212.32130000
2026-03-27 06:31:32,4.00,42.86600000,2976973.62490000
2026-03-27 06:31:32,5.00,43.22600000,3002869.43550000
2026-03-27 06:32:02,-5.00,47.96900000,3266478.99210000
2026-03-27 06:32:02,-4.00,47.35100000,3225908.73190000
2026-03-27 06:32:02,-3.00,45.16400000,3080763.30740000
2026-03-27 06:32:02,-2.00,41.85500000,2859533.33400000
2026-03-27 06:32:02,-1.00,30.88100000,2117710.82130000
2026-03-27 06:32:02,-0.20,8.12300000,558100.90160000
2026-03-27 06:32:02,0.20,3.62800000,249931.06800000
2026-03-27 06:32:02,1.00,31.19400000,2154517.68970000
2026-03-27 06:32:02,2.00,36.33900000,2514061.32330000
2026-03-27 06:32:02,3.00,39.53400000,2739524.20180000
2026-03-27 06:32:02,4.00,43.09500000,2992452.13010000
2026-03-27 06:32:02,5.00,43.45500000,3018347.94070000
2026-03-27 06:32:32,-5.00,48.17800000,3279540.11300000
2026-03-27 06:32:32,-4.00,47.56700000,3239432.06910000
2026-03-27 06:32:32,-3.00,45.37300000,3093824.42830000
2026-03-27 06:32:32,-2.00,42.06900000,2872931.45490000
2026-03-27 06:32:32,-1.00,31.09400000,2131044.33140000
2026-03-27 06:32:32,-0.20,9.91900000,681054.53020000
2026-03-27 06:32:32,0.20,3.65500000,251648.73140000
2026-03-27 06:32:32,1.00,31.21800000,2155264.42080000
2026-03-27 06:32:32,2.00,36.36400000,2514852.77800000
2026-03-27 06:32:32,3.00,39.26600000,2719558.22150000
2026-03-27 06:32:32,4.00,43.12000000,2993245.76100000
2026-03-27 06:32:32,5.00,43.47600000,3018852.70960000
2026-03-27 06:33:01,-5.00,48.16300000,3278567.13650000
2026-03-27 06:33:01,-4.00,47.55200000,3238459.09260000
2026-03-27 06:33:01,-3.00,45.35800000,3092851.45180000
2026-03-27 06:33:01,-2.00,42.04900000,2871621.47840000
2026-03-27 06:33:01,-1.00,31.07900000,2130071.35490000
2026-03-27 06:33:01,-0.20,5.18800000,356350.19020000
2026-03-27 06:33:01,0.20,3.57000000,245804.58440000
2026-03-27 06:33:01,1.00,31.14500000,2150308.49220000
2026-03-27 06:33:01,2.00,36.29100000,2509896.84940000
2026-03-27 06:33:01,3.00,39.20600000,2715522.98150000
2026-03-27 06:33:01,4.00,43.04700000,2988288.74950000
2026-03-27 06:33:01,5.00,43.40300000,3013895.69810000
2026-03-27 06:33:31,-5.00,47.96100000,3264598.47830000
2026-03-27 06:33:31,-4.00,47.35100000,3224556.44870000
2026-03-27 06:33:31,-3.00,45.15600000,3078882.79360000
2026-03-27 06:33:31,-2.00,41.85200000,2857989.82020000
2026-03-27 06:33:31,-1.00,30.87700000,2116102.69670000
2026-03-27 06:33:31,-0.20,11.32000000,777114.56050000
2026-03-27 06:33:31,0.20,3.07400000,211582.57530000
2026-03-27 06:33:31,1.00,31.18300000,2152788.22530000
2026-03-27 06:33:31,2.00,36.32800000,2512306.43970000
2026-03-27 06:33:31,3.00,39.23100000,2717084.72740000
2026-03-27 06:33:31,4.00,43.07200000,2989850.49540000
2026-03-27 06:33:31,5.00,43.42400000,3015168.64400000
2026-03-27 06:34:02,-5.00,48.01100000,3268047.26880000
2026-03-27 06:34:02,-4.00,47.40100000,3228005.23920000
2026-03-27 06:34:02,-3.00,45.20600000,3082331.58410000
2026-03-27 06:34:02,-2.00,41.90200000,2861438.61070000
2026-03-27 06:34:02,-1.00,30.92700000,2119551.48720000
2026-03-27 06:34:02,-0.20,9.91600000,680793.21520000
2026-03-27 06:34:02,0.20,3.61500000,248859.02250000
2026-03-27 06:34:02,1.00,31.20400000,2153897.32440000
2026-03-27 06:34:02,2.00,36.34900000,2513415.53880000
2026-03-27 06:34:02,3.00,39.26500000,2719112.92000000
2026-03-27 06:34:02,4.00,43.10600000,2991878.68800000
2026-03-27 06:34:02,5.00,43.45800000,3017196.83660000
2026-03-27 06:34:32,-5.00,48.01100000,3267955.12040000
2026-03-27 06:34:32,-4.00,47.40100000,3227913.09080000
2026-03-27 06:34:32,-3.00,45.20600000,3082251.72070000
2026-03-27 06:34:32,-2.00,41.90200000,2861358.74730000
2026-03-27 06:34:32,-1.00,30.92700000,2119471.62380000
2026-03-27 06:34:32,-0.20,9.91600000,680793.61740000
2026-03-27 06:34:32,0.20,3.59800000,247685.53230000
2026-03-27 06:34:32,1.00,31.18700000,2152723.83420000
2026-03-27 06:34:32,2.00,36.33200000,2512242.04860000
2026-03-27 06:34:32,3.00,39.24800000,2717935.02150000
2026-03-27 06:34:32,4.00,43.08900000,2990700.78950000
2026-03-27 06:34:32,5.00,43.44100000,3016018.93810000
2026-03-27 06:35:01,-5.00,47.84000000,3257150.54020000
2026-03-27 06:35:01,-4.00,47.22200000,3216580.28000000
2026-03-27 06:35:01,-3.00,45.03500000,3071447.14050000
2026-03-27 06:35:01,-2.00,41.72600000,2850217.16710000
2026-03-27 06:35:01,-1.00,30.75200000,2108394.65440000
2026-03-27 06:35:01,-0.20,4.87100000,334752.51730000
2026-03-27 06:35:01,0.20,6.70400000,461971.27100000
2026-03-27 06:35:01,1.00,30.94400000,2136832.54490000
2026-03-27 06:35:01,2.00,36.08900000,2496351.43500000
2026-03-27 06:35:01,3.00,39.27100000,2720893.73410000
2026-03-27 06:35:01,4.00,42.83200000,2973821.66240000
2026-03-27 06:35:01,5.00,43.19200000,2999717.47300000
2026-03-27 06:35:30,-5.00,44.98000000,3060606.87810000
2026-03-27 06:35:30,-4.00,44.36200000,3020036.61790000
2026-03-27 06:35:30,-3.00,42.17500000,2874903.47840000
2026-03-27 06:35:30,-2.00,38.86600000,2653673.50500000
2026-03-27 06:35:30,-1.00,27.89500000,1912055.29230000
2026-03-27 06:35:30,-0.20,5.12900000,352324.36920000
2026-03-27 06:35:30,0.20,1.35400000,93208.74350000
2026-03-27 06:35:30,1.00,29.65300000,2047877.05540000
2026-03-27 06:35:30,2.00,34.79800000,2407395.94550000
2026-03-27 06:35:30,3.00,37.70000000,2612100.40490000
2026-03-27 06:35:30,4.00,41.55400000,2885787.25540000
2026-03-27 06:35:30,5.00,41.91400000,2911683.06600000
2026-03-27 06:36:01,-5.00,47.95400000,3264993.06170000
2026-03-27 06:36:01,-4.00,47.33600000,3224422.80150000
2026-03-27 06:36:01,-3.00,45.14900000,3079289.66200000
2026-03-27 06:36:01,-2.00,41.84000000,2858059.68860000
2026-03-27 06:36:01,-1.00,30.86600000,2116237.17590000
2026-03-27 06:36:01,-0.20,6.54400000,449655.75190000
2026-03-27 06:36:01,0.20,3.60300000,248212.98300000
2026-03-27 06:36:01,1.00,31.18000000,2153193.10880000
2026-03-27 06:36:01,2.00,36.32500000,2512711.99890000
2026-03-27 06:36:01,3.00,39.50700000,2737254.29800000
2026-03-27 06:36:01,4.00,43.08100000,2991107.11650000
2026-03-27 06:36:01,5.00,43.44100000,3017002.92710000
2026-03-27 06:36:30,-5.00,47.95300000,3264926.69700000
2026-03-27 06:36:30,-4.00,47.33500000,3224356.43680000
2026-03-27 06:36:30,-3.00,45.14800000,3079223.29730000
2026-03-27 06:36:30,-2.00,41.83900000,2857993.32390000
2026-03-27 06:36:30,-1.00,30.86500000,2116170.81120000
2026-03-27 06:36:30,-0.20,6.54300000,449589.38720000
2026-03-27 06:36:30,0.20,3.62100000,249446.46950000
2026-03-27 06:36:30,1.00,31.18600000,2153599.16530000
2026-03-27 06:36:30,2.00,36.33100000,2513118.05540000
2026-03-27 06:36:30,3.00,39.51300000,2737660.35450000
2026-03-27 06:36:30,4.00,43.08700000,2991510.04910000
2026-03-27 06:36:30,5.00,43.44700000,3017405.85970000
2026-03-27 06:37:01,-5.00,47.94900000,3264667.04360000
2026-03-27 06:37:01,-4.00,47.33100000,3224096.78340000
2026-03-27 06:37:01,-3.00,45.14400000,3078963.64390000
2026-03-27 06:37:01,-2.00,41.83500000,2857733.67050000
2026-03-27 06:37:01,-1.00,30.86100000,2115911.15780000
2026-03-27 06:37:01,-0.20,6.53800000,449261.06320000
2026-03-27 06:37:01,0.20,3.57200000,246062.98670000
2026-03-27 06:37:01,1.00,31.14800000,2150974.16110000
2026-03-27 06:37:01,2.00,36.29300000,2510493.05120000
2026-03-27 06:37:01,3.00,39.76700000,2755728.12320000
2026-03-27 06:37:01,4.00,43.04900000,2988882.09390000
2026-03-27 06:37:01,5.00,43.40900000,3014777.90450000
2026-03-27 06:38:02,-5.00,47.93000000,3263264.20040000
2026-03-27 06:38:02,-4.00,47.31000000,3222561.52820000
2026-03-27 06:38:02,-3.00,45.12300000,3077428.38870000
2026-03-27 06:38:02,-2.00,41.81400000,2856198.41530000
2026-03-27 06:38:02,-1.00,30.84300000,2114580.20260000
2026-03-27 06:38:02,-0.20,8.07700000,554849.27950000
2026-03-27 06:38:02,0.20,2.83600000,195259.04770000
2026-03-27 06:38:02,1.00,31.11200000,2148338.44600000
2026-03-27 06:38:02,2.00,36.25700000,2507857.33610000
2026-03-27 06:38:02,3.00,39.17200000,2713477.94320000
2026-03-27 06:38:02,4.00,43.01300000,2986243.71120000
2026-03-27 06:38:02,5.00,43.37300000,3012139.52180000
2026-03-27 06:38:33,-5.00,47.88000000,3259621.54630000
2026-03-27 06:38:33,-4.00,47.26700000,3219381.09040000
2026-03-27 06:38:33,-3.00,45.07300000,3073785.73460000
2026-03-27 06:38:33,-2.00,41.76900000,2852892.76120000
2026-03-27 06:38:33,-1.00,30.79400000,2111005.63770000
2026-03-27 06:38:33,-0.20,12.80000000,878890.68080000
2026-03-27 06:38:33,0.20,2.85700000,196670.74570000
2026-03-27 06:38:33,1.00,31.15100000,2150800.10930000
2026-03-27 06:38:33,2.00,36.29700000,2510388.46650000
2026-03-27 06:38:33,3.00,39.21200000,2716009.27380000
2026-03-27 06:38:33,4.00,43.05300000,2988775.04180000
2026-03-27 06:38:33,5.00,43.40900000,3014381.99040000
2026-03-27 06:39:01,-5.00,48.06000000,3271900.03140000
2026-03-27 06:39:01,-4.00,47.44700000,3231659.57550000
2026-03-27 06:39:01,-3.00,45.25300000,3086064.21970000
2026-03-27 06:39:01,-2.00,41.94400000,2864834.24630000
2026-03-27 06:39:01,-1.00,30.97300000,2123216.03360000
2026-03-27 06:39:01,-0.20,7.90000000,542552.70140000
2026-03-27 06:39:01,0.20,5.85400000,403198.64800000
2026-03-27 06:39:01,1.00,31.11800000,2148529.02790000
2026-03-27 06:39:01,2.00,36.26400000,2508117.38510000
2026-03-27 06:39:01,3.00,39.17900000,2713738.19240000
2026-03-27 06:39:01,4.00,43.02000000,2986503.96040000
2026-03-27 06:39:01,5.00,43.38000000,3012399.77100000
2026-03-27 06:39:33,-5.00,47.93000000,3263356.30030000
2026-03-27 06:39:33,-4.00,47.31700000,3223115.84440000
2026-03-27 06:39:33,-3.00,45.12400000,3077482.02520000
2026-03-27 06:39:33,-2.00,41.81700000,2856280.95300000
2026-03-27 06:39:33,-1.00,30.84900000,2114761.10470000
2026-03-27 06:39:33,-0.20,8.08000000,554904.95080000
2026-03-27 06:39:33,0.20,5.84000000,402235.28270000
2026-03-27 06:39:33,1.00,31.02500000,2142043.05470000
2026-03-27 06:39:33,2.00,36.17000000,2501655.58130000
2026-03-27 06:39:33,3.00,39.35000000,2726127.50910000
2026-03-27 06:39:33,4.00,42.91100000,2979142.29730000
2026-03-27 06:39:33,5.00,43.26700000,3004749.24590000
2026-03-27 06:40:04,-5.00,47.86000000,3258293.38380000
2026-03-27 06:40:04,-4.00,47.24800000,3218118.94220000
2026-03-27 06:40:04,-3.00,45.05400000,3072419.10870000
2026-03-27 06:40:04,-2.00,41.75200000,2851555.03650000
2026-03-27 06:40:04,-1.00,30.77900000,2109698.18820000
2026-03-27 06:40:04,-0.20,12.78500000,877645.04040000
2026-03-27 06:40:04,0.20,2.66400000,183328.89850000
2026-03-27 06:40:04,1.00,30.99300000,2139301.78110000
2026-03-27 06:40:04,2.00,36.13700000,2498844.16490000
2026-03-27 06:40:04,3.00,39.33100000,2724301.73710000
2026-03-27 06:40:04,4.00,42.89200000,2977316.52530000
2026-03-27 06:40:04,5.00,43.24400000,3002634.67390000
2026-03-27 06:40:33,-5.00,48.10000000,3274743.34930000
2026-03-27 06:40:33,-4.00,47.48800000,3234568.90770000
2026-03-27 06:40:33,-3.00,45.29400000,3088869.07420000
2026-03-27 06:40:33,-2.00,41.99200000,2868005.00200000
2026-03-27 06:40:33,-1.00,31.01800000,2126106.62570000
2026-03-27 06:40:33,-0.20,10.01000000,687240.74940000
2026-03-27 06:40:33,0.20,6.35300000,437454.76810000
2026-03-27 06:40:33,1.00,30.81900000,2127241.79160000
2026-03-27 06:40:33,2.00,35.96300000,2486784.17540000
2026-03-27 06:40:33,3.00,39.43700000,2732049.00170000
2026-03-27 06:40:33,4.00,42.71900000,2965296.80730000
2026-03-27 06:40:33,5.00,43.07100000,2990614.95590000
2026-03-27 06:41:00,-5.00,48.15300000,3278459.26770000
2026-03-27 06:41:00,-4.00,47.54000000,3238218.81180000
2026-03-27 06:41:00,-3.00,45.34700000,3092584.99260000
2026-03-27 06:41:00,-2.00,42.04500000,2871720.92040000
2026-03-27 06:41:00,-1.00,31.07100000,2129822.54410000
2026-03-27 06:41:00,-0.20,9.95800000,683737.91640000
2026-03-27 06:41:00,0.20,8.03600000,553525.16250000
2026-03-27 06:41:00,1.00,30.83000000,2128106.16740000
2026-03-27 06:41:00,2.00,35.97500000,2487718.69400000
2026-03-27 06:41:00,3.00,39.44800000,2732913.37750000
2026-03-27 06:41:00,4.00,42.73000000,2966161.18310000
2026-03-27 06:41:00,5.00,43.08600000,2991768.13170000
2026-03-27 06:41:33,-5.00,48.05100000,3271564.57950000
2026-03-27 06:41:33,-4.00,47.43800000,3231324.12360000
2026-03-27 06:41:33,-3.00,45.24500000,3085690.30440000
2026-03-27 06:41:33,-2.00,41.94300000,2864826.23220000
2026-03-27 06:41:33,-1.00,30.96900000,2122927.85590000
2026-03-27 06:41:33,-0.20,12.97400000,890805.22110000
2026-03-27 06:41:33,0.20,6.36400000,438311.61150000
2026-03-27 06:41:33,1.00,30.83000000,2128142.36350000
2026-03-27 06:41:33,2.00,35.97500000,2487754.89010000
2026-03-27 06:41:33,3.00,39.44800000,2732949.57360000
2026-03-27 06:41:33,4.00,42.73000000,2966197.37920000
2026-03-27 06:41:33,5.00,43.08600000,2991804.32780000
2026-03-27 06:42:00,-5.00,48.01800000,3269280.57030000
2026-03-27 06:42:00,-4.00,47.40500000,3229040.11440000
2026-03-27 06:42:00,-3.00,45.21200000,3083406.29520000
2026-03-27 06:42:00,-2.00,41.91000000,2862542.22300000
2026-03-27 06:42:00,-1.00,30.93600000,2120643.84670000
2026-03-27 06:42:00,-0.20,12.94100000,888521.21190000
2026-03-27 06:42:00,0.20,4.83700000,333087.21570000
2026-03-27 06:42:00,1.00,30.85600000,2129910.23630000
2026-03-27 06:42:00,2.00,36.00000000,2489452.62010000
2026-03-27 06:42:00,3.00,39.47400000,2734717.44640000
2026-03-27 06:42:00,4.00,42.75600000,2967965.25200000
2026-03-27 06:42:00,5.00,43.11200000,2993572.20060000
2026-03-27 06:42:32,-5.00,48.09600000,3274563.70870000
2026-03-27 06:42:32,-4.00,47.48300000,3234323.25280000
2026-03-27 06:42:32,-3.00,45.29000000,3088689.43360000
2026-03-27 06:42:32,-2.00,41.98800000,2867825.36140000
2026-03-27 06:42:32,-1.00,31.01400000,2125926.98510000
2026-03-27 06:42:32,-0.20,5.23100000,359288.74370000
2026-03-27 06:42:32,0.20,6.31000000,434596.22900000
2026-03-27 06:42:32,1.00,30.77700000,2124475.12000000
2026-03-27 06:42:32,2.00,35.92200000,2484087.64660000
2026-03-27 06:42:32,3.00,39.39500000,2729285.38900000
2026-03-27 06:42:32,4.00,42.67700000,2962533.19460000
2026-03-27 06:42:32,5.00,43.03300000,2988140.14320000
2026-03-27 06:43:00,-5.00,48.09600000,3274593.72710000
2026-03-27 06:43:00,-4.00,47.48300000,3234353.27120000
2026-03-27 06:43:00,-3.00,45.29000000,3088696.81700000
2026-03-27 06:43:00,-2.00,41.98800000,2867832.74480000
2026-03-27 06:43:00,-1.00,31.01400000,2125934.36850000
2026-03-27 06:43:00,-0.20,11.45900000,786765.14090000
2026-03-27 06:43:00,0.20,6.39800000,440648.92800000
2026-03-27 06:43:00,1.00,30.86500000,2130532.90800000
2026-03-27 06:43:00,2.00,36.01000000,2490145.43460000
2026-03-27 06:43:00,3.00,39.47000000,2734423.39710000
2026-03-27 06:43:00,4.00,42.75200000,2967671.20270000
2026-03-27 06:43:00,5.00,43.10800000,2993278.15130000
2026-03-27 06:43:33,-5.00,48.16900000,3279829.29970000
2026-03-27 06:43:33,-4.00,47.55600000,3239588.84380000
2026-03-27 06:43:33,-3.00,45.36300000,3093932.38960000
2026-03-27 06:43:33,-2.00,42.05600000,2872731.31740000
2026-03-27 06:43:33,-1.00,31.08600000,2131101.85190000
2026-03-27 06:43:33,-0.20,6.75900000,464235.91340000
2026-03-27 06:43:33,0.20,6.53100000,449848.29960000
2026-03-27 06:43:33,1.00,30.77900000,2124650.13850000
2026-03-27 06:43:33,2.00,35.92300000,2484193.19800000
2026-03-27 06:43:33,3.00,39.39600000,2729393.17640000
2026-03-27 06:43:33,4.00,42.67800000,2962640.98200000
2026-03-27 06:43:33,5.00,43.03800000,2988536.79260000
2026-03-27 06:44:02,-5.00,48.06700000,3272716.92360000
2026-03-27 06:44:02,-4.00,47.45400000,3232476.46770000
2026-03-27 06:44:02,-3.00,45.26100000,3086820.01350000
2026-03-27 06:44:02,-2.00,41.95900000,2865955.94130000
2026-03-27 06:44:02,-1.00,30.98500000,2124057.56500000
2026-03-27 06:44:02,-0.20,12.99100000,891957.76540000
2026-03-27 06:44:02,0.20,4.87500000,335698.49750000
2026-03-27 06:44:02,1.00,30.89000000,2132259.71010000
2026-03-27 06:44:02,2.00,36.03500000,2491872.23670000
2026-03-27 06:44:02,3.00,39.50800000,2737069.89200000
2026-03-27 06:44:02,4.00,42.79000000,2970317.69760000
2026-03-27 06:44:02,5.00,43.14600000,2995924.64620000
2026-03-27 06:44:33,-5.00,47.94000000,3263974.55120000
2026-03-27 06:44:33,-4.00,47.32800000,3223800.10960000
2026-03-27 06:44:33,-3.00,45.13400000,3078077.64110000
2026-03-27 06:44:33,-2.00,41.83200000,2857213.56890000
2026-03-27 06:44:33,-1.00,30.85800000,2115315.19260000
2026-03-27 06:44:33,-0.20,12.86400000,883215.39300000
2026-03-27 06:44:33,0.20,3.45600000,237898.84790000
2026-03-27 06:44:33,1.00,31.02700000,2141671.25530000
2026-03-27 06:44:33,2.00,36.17100000,2501213.63910000
2026-03-27 06:44:33,3.00,39.64500000,2746479.96430000
2026-03-27 06:44:33,4.00,42.92700000,2979727.76990000
2026-03-27 06:44:33,5.00,43.27900000,3005045.91850000
2026-03-27 06:45:04,-5.00,47.77800000,3252606.78170000
2026-03-27 06:45:04,-4.00,47.18000000,3213356.34010000
2026-03-27 06:45:04,-3.00,45.02200000,3070043.86660000
2026-03-27 06:45:04,-2.00,41.67000000,2845845.79940000
2026-03-27 06:45:04,-1.00,30.69900000,2104151.59430000
2026-03-27 06:45:04,-0.20,12.70300000,871976.44820000
2026-03-27 06:45:04,0.20,2.78900000,191908.20660000
2026-03-27 06:45:04,1.00,29.57100000,2041257.26000000
2026-03-27 06:45:04,2.00,34.71700000,2400938.50520000
2026-03-27 06:45:04,3.00,38.19100000,2646205.53890000
2026-03-27 06:45:04,4.00,41.46300000,2878738.37690000
2026-03-27 06:45:04,5.00,41.82500000,2904771.49310000
2026-03-27 06:45:32,-5.00,48.00400000,3266920.65460000
2026-03-27 06:45:32,-4.00,47.40800000,3227828.85480000
2026-03-27 06:45:32,-3.00,45.25100000,3084585.84590000
2026-03-27 06:45:32,-2.00,42.04400000,2870157.95350000
2026-03-27 06:45:32,-1.00,30.93100000,2118904.63220000
2026-03-27 06:45:32,-0.20,12.92000000,886279.23110000
2026-03-27 06:45:32,0.20,2.68500000,184638.10060000
2026-03-27 06:45:32,1.00,30.85700000,2128621.37920000
2026-03-27 06:45:32,2.00,36.13800000,2497663.68710000
2026-03-27 06:45:32,3.00,39.05800000,2703712.39910000
2026-03-27 06:45:32,4.00,42.89400000,2976160.63150000
2026-03-27 06:45:32,5.00,43.25600000,3002193.74770000
2026-03-27 06:46:03,-5.00,47.93600000,3262082.23840000
2026-03-27 06:46:03,-4.00,47.34000000,3222990.43860000
2026-03-27 06:46:03,-3.00,45.18700000,3080013.93330000
2026-03-27 06:46:03,-2.00,41.97600000,2865319.53730000
2026-03-27 06:46:03,-1.00,31.08400000,2129094.21600000
2026-03-27 06:46:03,-0.20,12.85200000,881440.81490000
2026-03-27 06:46:03,0.20,2.60000000,178746.12910000
2026-03-27 06:46:03,1.00,30.78800000,2123476.22440000
2026-03-27 06:46:03,2.00,36.06500000,2492238.26670000
2026-03-27 06:46:03,3.00,38.14900000,2639133.97550000
2026-03-27 06:46:03,4.00,42.82500000,2971016.54790000
2026-03-27 06:46:03,5.00,43.18700000,2997049.66410000
2026-03-27 06:46:32,-5.00,48.19100000,3279619.78490000
2026-03-27 06:46:32,-4.00,47.59500000,3240527.98510000
2026-03-27 06:46:32,-3.00,45.43800000,3097284.97620000
2026-03-27 06:46:32,-2.00,42.23100000,2882857.08380000
2026-03-27 06:46:32,-1.00,31.11800000,2131603.76250000
2026-03-27 06:46:32,-0.20,10.03300000,688232.41730000
2026-03-27 06:46:32,0.20,5.58800000,384439.57100000
2026-03-27 06:46:32,1.00,30.75200000,2121095.13750000
2026-03-27 06:46:32,2.00,36.03300000,2490110.78490000
2026-03-27 06:46:32,3.00,38.94000000,2695243.28680000
2026-03-27 06:46:32,4.00,42.77600000,2967691.51920000
2026-03-27 06:46:32,5.00,43.13800000,2993724.63540000
2026-03-27 06:47:01,-5.00,48.09400000,3273205.12530000
2026-03-27 06:47:01,-4.00,47.49400000,3233849.49190000
2026-03-27 06:47:01,-3.00,45.33800000,3090670.35160000
2026-03-27 06:47:01,-2.00,42.13200000,2876307.75760000
2026-03-27 06:47:01,-1.00,31.02000000,2125121.08210000
2026-03-27 06:47:01,-0.20,8.22400000,564353.71030000
2026-03-27 06:47:01,0.20,3.34800000,230350.49040000
2026-03-27 06:47:01,1.00,30.96100000,2135973.72490000
2026-03-27 06:47:01,2.00,36.09700000,2494927.30960000
2026-03-27 06:47:01,3.00,39.56800000,2739975.20590000
2026-03-27 06:47:01,4.00,42.84000000,2972508.04390000
2026-03-27 06:47:01,5.00,43.20200000,2998541.16010000
2026-03-27 06:47:30,-5.00,48.21700000,3281665.10370000
2026-03-27 06:47:30,-4.00,47.61700000,3242309.47030000
2026-03-27 06:47:30,-3.00,45.45900000,3098996.99680000
2026-03-27 06:47:30,-2.00,42.10700000,2874798.92960000
2026-03-27 06:47:30,-1.00,31.14300000,2133581.06050000
2026-03-27 06:47:30,-0.20,3.76100000,258248.41970000
2026-03-27 06:47:30,0.20,4.79500000,330014.98180000
2026-03-27 06:47:30,1.00,30.84400000,2127936.64180000
2026-03-27 06:47:30,2.00,35.99000000,2487591.22650000
2026-03-27 06:47:30,3.00,39.45100000,2731938.12280000
2026-03-27 06:47:30,4.00,42.72300000,2964470.96080000
2026-03-27 06:47:30,5.00,43.08500000,2990504.07700000
2026-03-27 06:48:00,-5.00,47.96700000,3263668.58290000
2026-03-27 06:48:00,-4.00,47.37100000,3224576.78310000
2026-03-27 06:48:00,-3.00,45.66800000,3111576.89280000
2026-03-27 06:48:00,-2.00,42.00500000,2866837.45860000
2026-03-27 06:48:00,-1.00,31.11300000,2130637.47170000
2026-03-27 06:48:00,-0.20,12.87600000,883004.69940000
2026-03-27 06:48:00,0.20,3.42200000,235275.73190000
2026-03-27 06:48:00,1.00,30.88100000,2129808.95180000
2026-03-27 06:48:00,2.00,36.16300000,2498891.15570000
2026-03-27 06:48:00,3.00,38.23400000,2644869.58320000
2026-03-27 06:48:00,4.00,42.92300000,2977672.70510000
2026-03-27 06:48:00,5.00,43.28500000,3003705.82130000
2026-03-27 06:49:01,-5.00,48.19300000,3278760.86710000
2026-03-27 06:49:01,-4.00,47.59700000,3239669.06730000
2026-03-27 06:49:01,-3.00,45.44000000,3096426.05840000
2026-03-27 06:49:01,-2.00,42.23100000,2882027.96070000
2026-03-27 06:49:01,-1.00,31.11800000,2130799.97380000
2026-03-27 06:49:01,-0.20,5.21500000,357822.83970000
2026-03-27 06:49:01,0.20,3.43400000,236175.49350000
2026-03-27 06:49:01,1.00,30.66900000,2115064.51280000
2026-03-27 06:49:01,2.00,35.95000000,2484080.16020000
2026-03-27 06:49:01,3.00,38.59000000,2670318.17090000
2026-03-27 06:49:01,4.00,42.70600000,2962579.65130000
2026-03-27 06:49:01,5.00,43.06800000,2988612.76750000
2026-03-27 06:49:32,-5.00,48.19100000,3278622.39110000
2026-03-27 06:49:32,-4.00,47.59500000,3239530.59130000
2026-03-27 06:49:32,-3.00,45.43800000,3096287.58240000
2026-03-27 06:49:32,-2.00,42.22900000,2881889.48470000
2026-03-27 06:49:32,-1.00,31.11600000,2130661.49780000
2026-03-27 06:49:32,-0.20,5.21300000,357684.36370000
2026-03-27 06:49:32,0.20,3.42100000,235285.65340000
2026-03-27 06:49:32,1.00,30.66900000,2115069.55500000
2026-03-27 06:49:32,2.00,35.95000000,2484085.20240000
2026-03-27 06:49:32,3.00,38.31000000,2650508.60040000
2026-03-27 06:49:32,4.00,42.70600000,2962582.79680000
2026-03-27 06:49:32,5.00,43.06800000,2988615.91300000
2026-03-27 06:50:04,-5.00,48.17700000,3278301.78280000
2026-03-27 06:50:04,-4.00,47.57600000,3238901.74880000
2026-03-27 06:50:04,-3.00,45.42000000,3095722.60850000
2026-03-27 06:50:04,-2.00,42.21200000,2881389.80920000
2026-03-27 06:50:04,-1.00,31.10000000,2130228.46810000
2026-03-27 06:50:04,-0.20,6.75900000,463818.30310000
2026-03-27 06:50:04,0.20,6.45800000,444428.30470000
2026-03-27 06:50:04,1.00,30.94900000,2134629.15520000
2026-03-27 06:50:04,2.00,36.08500000,2493582.73990000
2026-03-27 06:50:04,3.00,39.56900000,2739547.49630000
2026-03-27 06:50:04,4.00,42.84100000,2972080.33430000
2026-03-27 06:50:04,5.00,43.20300000,2998113.45050000
2026-03-27 06:50:32,-5.00,48.08600000,3272049.89100000
2026-03-27 06:50:32,-4.00,47.48500000,3232649.85700000
2026-03-27 06:50:32,-3.00,45.33200000,3089670.68170000
2026-03-27 06:50:32,-2.00,42.12100000,2875137.91740000
2026-03-27 06:50:32,-1.00,31.00900000,2123976.57630000
2026-03-27 06:50:32,-0.20,8.22800000,564550.58730000
2026-03-27 06:50:32,0.20,5.89400000,405575.98260000
2026-03-27 06:50:32,1.00,31.10500000,2145352.28910000
2026-03-27 06:50:32,2.00,36.24100000,2504305.87380000
2026-03-27 06:50:32,3.00,39.68600000,2747523.32980000
2026-03-27 06:50:32,4.00,42.97100000,2980976.30650000
2026-03-27 06:50:32,5.00,43.33300000,3007009.42270000
2026-03-27 06:51:03,-5.00,48.10300000,3273355.80950000
2026-03-27 06:51:03,-4.00,47.50200000,3233955.77550000
2026-03-27 06:51:03,-3.00,45.34600000,3090776.63520000
2026-03-27 06:51:03,-2.00,42.13800000,2876443.83590000
2026-03-27 06:51:03,-1.00,31.02600000,2125282.49480000
2026-03-27 06:51:03,-0.20,5.12400000,351699.41610000
2026-03-27 06:51:03,0.20,6.75500000,464883.60040000
2026-03-27 06:51:03,1.00,31.02700000,2140004.72410000
2026-03-27 06:51:03,2.00,36.17300000,2499659.30880000
2026-03-27 06:51:03,3.00,39.64700000,2744932.11060000
2026-03-27 06:51:03,4.00,42.91900000,2977464.94860000
2026-03-27 06:51:03,5.00,43.28100000,3003498.06480000
2026-03-27 06:51:30,-5.00,47.99600000,3265941.57440000
2026-03-27 06:51:30,-4.00,47.39500000,3226541.54040000
2026-03-27 06:51:30,-3.00,45.24100000,3083551.67440000
2026-03-27 06:51:30,-2.00,42.03000000,2869018.91010000
2026-03-27 06:51:30,-1.00,30.91800000,2117857.56900000
2026-03-27 06:51:30,-0.20,8.13700000,558313.14300000
2026-03-27 06:51:30,0.20,5.87200000,404067.03780000
2026-03-27 06:51:30,1.00,31.08200000,2143774.44350000
2026-03-27 06:51:30,2.00,36.21800000,2502728.02820000
2026-03-27 06:51:30,3.00,39.70200000,2748701.83000000
2026-03-27 06:51:30,4.00,42.97400000,2981234.66800000
2026-03-27 06:51:30,5.00,43.33600000,3007267.78420000
2026-03-27 06:52:02,-5.00,48.14100000,3275885.10000000
2026-03-27 06:52:02,-4.00,47.54000000,3236485.06600000
2026-03-27 06:52:02,-3.00,45.38300000,3093295.23500000
2026-03-27 06:52:02,-2.00,42.17500000,2878962.43570000
2026-03-27 06:52:02,-1.00,31.06300000,2127801.09460000
2026-03-27 06:52:02,-0.20,6.72200000,461272.49260000
2026-03-27 06:52:02,0.20,6.54900000,450687.15190000
2026-03-27 06:52:02,1.00,31.03900000,2140809.93510000
2026-03-27 06:52:02,2.00,36.17500000,2499763.51980000
2026-03-27 06:52:02,3.00,39.65900000,2745729.31490000
2026-03-27 06:52:02,4.00,42.93100000,2978262.15290000
2026-03-27 06:52:02,5.00,43.29300000,3004295.26910000
2026-03-27 06:52:32,-5.00,43.48900000,2957011.57550000
2026-03-27 06:52:32,-4.00,42.88800000,2917611.54150000
2026-03-27 06:52:32,-3.00,40.73400000,2774621.67550000
2026-03-27 06:52:32,-2.00,37.52300000,2560088.91120000
2026-03-27 06:52:32,-1.00,26.41100000,1808927.57010000
2026-03-27 06:52:32,-0.20,6.54000000,448742.38780000
2026-03-27 06:52:32,0.20,5.57100000,383372.89570000
2026-03-27 06:52:32,1.00,26.41700000,1822271.73990000
2026-03-27 06:52:32,2.00,31.55300000,2181225.32460000
2026-03-27 06:52:32,3.00,34.75300000,2407090.79330000
2026-03-27 06:52:32,4.00,38.30900000,2659723.95770000
2026-03-27 06:52:32,5.00,38.67100000,2685757.07390000
2026-03-27 06:53:00,-5.00,44.31800000,3013985.23900000
2026-03-27 06:53:00,-4.00,43.71700000,2974585.20500000
2026-03-27 06:53:00,-3.00,41.56300000,2831595.33900000
2026-03-27 06:53:00,-2.00,38.35200000,2617062.57470000
2026-03-27 06:53:00,-1.00,27.24000000,1865901.23360000
2026-03-27 06:53:00,-0.20,7.36900000,505716.05130000
2026-03-27 06:53:00,0.20,5.56500000,382958.85990000
2026-03-27 06:53:00,1.00,26.41100000,1821857.70410000
2026-03-27 06:53:00,2.00,31.54700000,2180811.28880000
2026-03-27 06:53:00,3.00,34.74700000,2406676.75750000
2026-03-27 06:53:00,4.00,38.30300000,2659309.92190000
2026-03-27 06:53:00,5.00,38.66500000,2685343.03810000
2026-03-27 06:53:31,-5.00,48.48600000,3299505.92660000
2026-03-27 06:53:31,-4.00,47.88500000,3260105.89260000
2026-03-27 06:53:31,-3.00,45.73100000,3117116.02660000
2026-03-27 06:53:31,-2.00,42.52000000,2902583.26230000
2026-03-27 06:53:31,-1.00,31.40800000,2151421.92120000
2026-03-27 06:53:31,-0.20,8.62700000,591960.81190000
2026-03-27 06:53:31,0.20,5.87800000,404452.21910000
2026-03-27 06:53:31,1.00,31.08900000,2144255.83030000
2026-03-27 06:53:31,2.00,36.22500000,2503209.41500000
2026-03-27 06:53:31,3.00,39.42500000,2729075.79760000
2026-03-27 06:53:31,4.00,42.98100000,2981708.96200000
2026-03-27 06:53:31,5.00,43.34300000,3007742.07820000
2026-03-27 06:54:00,-5.00,48.04500000,3269190.96580000
2026-03-27 06:54:00,-4.00,47.44800000,3230054.76540000
2026-03-27 06:54:00,-3.00,45.29000000,3086801.06580000
2026-03-27 06:54:00,-2.00,42.08100000,2872402.96810000
2026-03-27 06:54:00,-1.00,30.96800000,2121174.98120000
2026-03-27 06:54:00,-0.20,12.95200000,888481.91810000
2026-03-27 06:54:00,0.20,2.86400000,196955.54070000
2026-03-27 06:54:00,1.00,31.03800000,2140654.60640000
2026-03-27 06:54:00,2.00,36.31900000,2509670.25380000
2026-03-27 06:54:00,3.00,38.67900000,2676094.81790000
2026-03-27 06:54:00,4.00,43.07500000,2988169.01430000
2026-03-27 06:54:00,5.00,43.43700000,3014202.13050000
2026-03-27 06:54:32,-5.00,48.18700000,3278949.61040000
2026-03-27 06:54:32,-4.00,47.58600000,3239549.57640000
2026-03-27 06:54:32,-3.00,45.42900000,3096359.74540000
2026-03-27 06:54:32,-2.00,42.22100000,2882026.94610000
2026-03-27 06:54:32,-1.00,31.10900000,2130865.60500000
2026-03-27 06:54:32,-0.20,5.20800000,357434.42770000
2026-03-27 06:54:32,0.20,7.95900000,547766.13920000
2026-03-27 06:54:32,1.00,30.99800000,2137953.86690000
2026-03-27 06:54:32,2.00,36.13400000,2496907.45160000
2026-03-27 06:54:32,3.00,39.61800000,2742873.59900000
2026-03-27 06:54:32,4.00,42.89000000,2975406.43700000
2026-03-27 06:54:32,5.00,43.25200000,3001439.55320000
2026-03-27 06:55:01,-5.00,48.06300000,3270667.13720000
2026-03-27 06:55:01,-4.00,47.46300000,3231309.87300000
2026-03-27 06:55:01,-3.00,45.30900000,3088320.00700000
2026-03-27 06:55:01,-2.00,42.09800000,2873787.24270000
2026-03-27 06:55:01,-1.00,30.98600000,2122625.90160000
2026-03-27 06:55:01,-0.20,8.20700000,563128.15880000
2026-03-27 06:55:01,0.20,4.08200000,280879.66180000
2026-03-27 06:55:01,1.00,30.84900000,2127834.24820000
2026-03-27 06:55:01,2.00,35.98500000,2486787.83290000
2026-03-27 06:55:01,3.00,39.46900000,2732754.54970000
2026-03-27 06:55:01,4.00,42.74100000,2965287.38770000
2026-03-27 06:55:01,5.00,43.10300000,2991320.50390000
2026-03-27 06:55:31,-5.00,48.28600000,3285424.65790000
2026-03-27 06:55:31,-4.00,47.68600000,3246067.39370000
2026-03-27 06:55:31,-3.00,45.53200000,3103077.52770000
2026-03-27 06:55:31,-2.00,42.32100000,2888544.76340000
2026-03-27 06:55:31,-1.00,31.20900000,2137383.42230000
2026-03-27 06:55:31,-0.20,5.26700000,361457.90330000
2026-03-27 06:55:31,0.20,5.93100000,408129.37930000
2026-03-27 06:55:31,1.00,30.92300000,2132850.63250000
2026-03-27 06:55:31,2.00,36.05900000,2491804.21720000
2026-03-27 06:55:31,3.00,39.53000000,2736853.28870000
2026-03-27 06:55:31,4.00,42.81500000,2970309.16960000
2026-03-27 06:55:31,5.00,43.17700000,2996342.28580000
2026-03-27 06:56:00,-5.00,49.14700000,3344600.93610000
2026-03-27 06:56:00,-4.00,48.54700000,3305243.67190000
2026-03-27 06:56:00,-3.00,46.39300000,3162253.80590000
2026-03-27 06:56:00,-2.00,43.18200000,2947721.04160000
2026-03-27 06:56:00,-1.00,32.07000000,2196559.70050000
2026-03-27 06:56:00,-0.20,6.12800000,420634.18150000
2026-03-27 06:56:00,0.20,5.91700000,407167.19240000
2026-03-27 06:56:00,1.00,30.90900000,2131931.51360000
2026-03-27 06:56:00,2.00,36.04500000,2490885.09830000
2026-03-27 06:56:00,3.00,39.52900000,2736853.79630000
2026-03-27 06:56:00,4.00,42.80100000,2969386.63430000
2026-03-27 06:56:00,5.00,43.16300000,2995419.75050000
2026-03-27 06:56:32,-5.00,49.20800000,3348885.97920000
2026-03-27 06:56:32,-4.00,48.60800000,3309528.71500000
2026-03-27 06:56:32,-3.00,46.15200000,3146405.60030000
2026-03-27 06:56:32,-2.00,43.24300000,2952006.08470000
2026-03-27 06:56:32,-1.00,32.13100000,2200844.74360000
2026-03-27 06:56:32,-0.20,4.71000000,323446.39980000
2026-03-27 06:56:32,0.20,6.70700000,461626.48010000
2026-03-27 06:56:32,1.00,31.05100000,2141775.02930000
2026-03-27 06:56:32,2.00,36.19700000,2501429.61400000
2026-03-27 06:56:32,3.00,39.67100000,2746695.01750000
2026-03-27 06:56:32,4.00,42.94300000,2979227.85550000
2026-03-27 06:56:32,5.00,43.30500000,3005260.97170000
2026-03-27 06:57:02,-5.00,49.10600000,3341866.36880000
2026-03-27 06:57:02,-4.00,48.50600000,3302509.10460000
2026-03-27 06:57:02,-3.00,46.34900000,3159319.27360000
2026-03-27 06:57:02,-2.00,43.14100000,2944986.47430000
2026-03-27 06:57:02,-1.00,32.02900000,2193825.13320000
2026-03-27 06:57:02,-0.20,7.64700000,524860.07820000
2026-03-27 06:57:02,0.20,5.35500000,368501.06720000
2026-03-27 06:57:02,1.00,31.18000000,2150593.50830000
2026-03-27 06:57:02,2.00,36.31600000,2509547.09300000
2026-03-27 06:57:02,3.00,39.78700000,2754599.10510000
2026-03-27 06:57:02,4.00,43.05900000,2987131.94310000
2026-03-27 06:57:02,5.00,43.42100000,3013165.05930000
2026-03-27 06:57:32,-5.00,48.76200000,3318172.92240000
2026-03-27 06:57:32,-4.00,48.16200000,3278815.65820000
2026-03-27 06:57:32,-3.00,46.00800000,3135825.79220000
2026-03-27 06:57:32,-2.00,42.79700000,2921293.02790000
2026-03-27 06:57:32,-1.00,31.68500000,2170131.68680000
2026-03-27 06:57:32,-0.20,7.30300000,501166.63180000
2026-03-27 06:57:32,0.20,4.06300000,279540.28820000
2026-03-27 06:57:32,1.00,30.82300000,2126001.71050000
2026-03-27 06:57:32,2.00,35.95900000,2484955.29520000
2026-03-27 06:57:32,3.00,39.15900000,2710821.19940000
2026-03-27 06:57:32,4.00,42.71500000,2963454.36380000
2026-03-27 06:57:32,5.00,43.07700000,2989487.48000000
2026-03-27 06:58:01,-5.00,48.85300000,3324416.88550000
2026-03-27 06:58:01,-4.00,48.25300000,3285059.62130000
2026-03-27 06:58:01,-3.00,46.09900000,3142069.75530000
2026-03-27 06:58:01,-2.00,42.88800000,2927536.99100000
2026-03-27 06:58:01,-1.00,31.77600000,2176375.64990000
2026-03-27 06:58:01,-0.20,7.39400000,507410.59490000
2026-03-27 06:58:01,0.20,4.07700000,280504.33680000
2026-03-27 06:58:01,1.00,30.83700000,2126965.75910000
2026-03-27 06:58:01,2.00,35.97300000,2485919.34380000
2026-03-27 06:58:01,3.00,39.17300000,2711785.24800000
2026-03-27 06:58:01,4.00,42.72900000,2964418.41240000
2026-03-27 06:58:01,5.00,43.09100000,2990451.52860000
2026-03-27 06:58:33,-5.00,48.14900000,3275432.30530000
2026-03-27 06:58:33,-4.00,47.55300000,3236338.87470000
2026-03-27 06:58:33,-3.00,45.39900000,3093351.67870000
2026-03-27 06:58:33,-2.00,42.19500000,2879292.77860000
2026-03-27 06:58:33,-1.00,31.29500000,2142555.07710000
2026-03-27 06:58:33,-0.20,13.04100000,894212.79940000
2026-03-27 06:58:33,0.20,4.18700000,287913.40830000
2026-03-27 06:58:33,1.00,30.80300000,2124091.46280000
2026-03-27 06:58:33,2.00,36.08500000,2493173.66670000
2026-03-27 06:58:33,3.00,37.53400000,2595477.05790000
2026-03-27 06:58:33,4.00,42.21000000,2927359.63030000
2026-03-27 06:58:33,5.00,42.57200000,2953392.74650000
2026-03-27 06:59:01,-5.00,47.74800000,3248541.10310000
2026-03-27 06:59:01,-4.00,47.15100000,3209403.53920000
2026-03-27 06:59:01,-3.00,45.44800000,3096403.64890000
2026-03-27 06:59:01,-2.00,42.24400000,2882344.74880000
2026-03-27 06:59:01,-1.00,31.34800000,2145878.97290000
2026-03-27 06:59:01,-0.20,11.52800000,790411.32880000
2026-03-27 06:59:01,0.20,4.41200000,303334.90800000
2026-03-27 06:59:01,1.00,30.81900000,2124394.59040000
2026-03-27 06:59:01,2.00,36.10100000,2493476.79430000
2026-03-27 06:59:01,3.00,38.67000000,2674905.30350000
2026-03-27 06:59:01,4.00,42.22500000,2927458.20500000
2026-03-27 06:59:01,5.00,42.54200000,2950246.13610000
2026-03-27 07:00:06,-5.00,47.54900000,3236079.71950000
2026-03-27 07:00:06,-4.00,47.25500000,3216756.56790000
2026-03-27 07:00:06,-3.00,45.55200000,3103756.67760000
2026-03-27 07:00:06,-2.00,42.33900000,2889092.07630000
2026-03-27 07:00:06,-1.00,31.44700000,2152892.08940000
2026-03-27 07:00:06,-0.20,11.63100000,797559.25020000
2026-03-27 07:00:06,0.20,5.52300000,379836.28770000
2026-03-27 07:00:06,1.00,30.60500000,2109727.41300000
2026-03-27 07:00:06,2.00,35.88700000,2478809.61690000
2026-03-27 07:00:06,3.00,38.41700000,2657489.65310000
2026-03-27 07:00:06,4.00,41.97300000,2910113.96950000
2026-03-27 07:00:06,5.00,42.33500000,2936147.08570000
2026-03-27 07:00:43,-5.00,37.05600000,2519390.01140000
2026-03-27 07:00:43,-4.00,36.76200000,2500066.85980000
2026-03-27 07:00:43,-3.00,35.05900000,2387066.96950000
2026-03-27 07:00:43,-2.00,31.84600000,2172402.36820000
2026-03-27 07:00:43,-1.00,23.74200000,1625080.73850000
2026-03-27 07:00:43,-0.20,8.27600000,567484.60440000
2026-03-27 07:00:43,0.20,1.37300000,94361.88000000
2026-03-27 07:00:43,1.00,23.67700000,1632503.92530000
2026-03-27 07:00:43,2.00,26.17100000,1806716.91760000
2026-03-27 07:00:43,3.00,28.70100000,1985396.95380000
2026-03-27 07:00:43,4.00,32.25700000,2238021.27020000
2026-03-27 07:00:43,5.00,32.61900000,2264054.38640000
2026-03-27 07:01:01,-5.00,37.03300000,2517811.50690000
2026-03-27 07:01:01,-4.00,36.73900000,2498488.35530000
2026-03-27 07:01:01,-3.00,35.03600000,2385488.46500000
2026-03-27 07:01:01,-2.00,31.82300000,2170823.86370000
2026-03-27 07:01:01,-1.00,23.71900000,1623502.23400000
2026-03-27 07:01:01,-0.20,8.25300000,565906.09990000
2026-03-27 07:01:01,0.20,1.29300000,88867.94690000
2026-03-27 07:01:01,1.00,23.58400000,1626115.39460000
2026-03-27 07:01:01,2.00,26.07800000,1800328.38690000
2026-03-27 07:01:01,3.00,28.60800000,1979008.42310000
2026-03-27 07:01:01,4.00,32.16400000,2231632.73950000
2026-03-27 07:01:01,5.00,32.52600000,2257665.85570000
2026-03-27 07:01:30,-5.00,37.71000000,2563363.83390000
2026-03-27 07:01:30,-4.00,37.41600000,2544040.68230000
2026-03-27 07:01:30,-3.00,35.25900000,2400840.73840000
2026-03-27 07:01:30,-2.00,32.05000000,2186442.64070000
2026-03-27 07:01:30,-1.00,23.65200000,1619132.66100000
2026-03-27 07:01:30,-0.20,8.40700000,576564.52690000
2026-03-27 07:01:30,0.20,3.57500000,245940.96130000
2026-03-27 07:01:30,1.00,23.47700000,1618781.11140000
2026-03-27 07:01:30,2.00,25.96600000,1792647.28160000
2026-03-27 07:01:30,3.00,28.77600000,1991135.69380000
2026-03-27 07:01:30,4.00,32.05200000,2223951.63420000
2026-03-27 07:01:30,5.00,32.41400000,2249984.75040000
2026-03-27 07:02:01,-5.00,37.95900000,2579466.80480000
2026-03-27 07:02:01,-4.00,37.36000000,2540192.77970000
2026-03-27 07:02:01,-3.00,35.20300000,2396992.83580000
2026-03-27 07:02:01,-2.00,31.99400000,2182594.73810000
2026-03-27 07:02:01,-1.00,23.59600000,1615284.75840000
2026-03-27 07:02:01,-0.20,8.35100000,572716.62430000
2026-03-27 07:02:01,0.20,2.20200000,151440.39820000
2026-03-27 07:02:01,1.00,23.57100000,1625362.23930000
2026-03-27 07:02:01,2.00,26.06400000,1799508.67510000
2026-03-27 07:02:01,3.00,28.87000000,1997716.82170000
2026-03-27 07:02:01,4.00,32.14600000,2230532.76210000
2026-03-27 07:02:01,5.00,32.50800000,2256565.87830000
2026-03-27 07:02:32,-5.00,38.03300000,2584555.90160000
2026-03-27 07:02:32,-4.00,37.43400000,2545281.87650000
2026-03-27 07:02:32,-3.00,35.27700000,2402081.93260000
2026-03-27 07:02:32,-2.00,32.06800000,2187683.83490000
2026-03-27 07:02:32,-1.00,23.67000000,1620373.85520000
2026-03-27 07:02:32,-0.20,3.63200000,249202.91280000
2026-03-27 07:02:32,0.20,3.30000000,227053.25790000
2026-03-27 07:02:32,1.00,23.41400000,1614580.49200000
2026-03-27 07:02:32,2.00,25.90700000,1788726.92780000
2026-03-27 07:02:32,3.00,28.71300000,1986935.07440000
2026-03-27 07:02:32,4.00,31.98900000,2219751.01480000
2026-03-27 07:02:32,5.00,32.35100000,2245784.13100000
2026-03-27 07:03:01,-5.00,38.04700000,2585513.65480000
2026-03-27 07:03:01,-4.00,37.44800000,2546239.62970000
2026-03-27 07:03:01,-3.00,35.29100000,2403039.68580000
2026-03-27 07:03:01,-2.00,32.08200000,2188641.58810000
2026-03-27 07:03:01,-1.00,23.68400000,1621331.60840000
2026-03-27 07:03:01,-0.20,3.63400000,249337.95800000
2026-03-27 07:03:01,0.20,1.88300000,129497.50980000
2026-03-27 07:03:01,1.00,23.46500000,1618083.33060000
2026-03-27 07:03:01,2.00,25.95800000,1792229.76640000
2026-03-27 07:03:01,3.00,28.76400000,1990437.91300000
2026-03-27 07:03:01,4.00,32.04000000,2223253.85340000
2026-03-27 07:03:01,5.00,32.40200000,2249286.96960000
2026-03-27 07:03:32,-5.00,38.20000000,2596014.16500000
2026-03-27 07:03:32,-4.00,37.60100000,2556740.13990000
2026-03-27 07:03:32,-3.00,35.44400000,2413540.19600000
2026-03-27 07:03:32,-2.00,32.23500000,2199142.09830000
2026-03-27 07:03:32,-1.00,23.83700000,1631832.11860000
2026-03-27 07:03:32,-0.20,8.59200000,589263.98450000
2026-03-27 07:03:32,0.20,1.88500000,129633.26350000
2026-03-27 07:03:32,1.00,23.47100000,1618492.16970000
2026-03-27 07:03:32,2.00,25.96400000,1792638.60550000
2026-03-27 07:03:32,3.00,28.77000000,1990846.75210000
2026-03-27 07:03:32,4.00,32.04600000,2223662.69250000
2026-03-27 07:03:32,5.00,32.40800000,2249695.80870000
2026-03-27 07:04:02,-5.00,38.08000000,2587723.06400000
2026-03-27 07:04:02,-4.00,37.48100000,2548449.03890000
2026-03-27 07:04:02,-3.00,35.32800000,2405515.59860000
2026-03-27 07:04:02,-2.00,32.11500000,2190850.99730000
2026-03-27 07:04:02,-1.00,23.93800000,1638569.01760000
2026-03-27 07:04:02,-0.20,7.01600000,481173.83870000
2026-03-27 07:04:02,0.20,1.97200000,135603.88240000
2026-03-27 07:04:02,1.00,23.53300000,1622741.91600000
2026-03-27 07:04:02,2.00,26.02200000,1796608.08620000
2026-03-27 07:04:02,3.00,28.55200000,1975288.12240000
2026-03-27 07:04:02,4.00,32.10800000,2227912.43880000
2026-03-27 07:04:02,5.00,32.47000000,2253945.55500000
2026-03-27 07:04:30,-5.00,27.96000000,1895361.47660000
2026-03-27 07:04:30,-4.00,27.36100000,1856087.45150000
2026-03-27 07:04:30,-3.00,25.20400000,1712887.50760000
2026-03-27 07:04:30,-2.00,21.99500000,1498489.40990000
2026-03-27 07:04:30,-1.00,13.59700000,931179.43020000
2026-03-27 07:04:30,-0.20,1.71200000,117519.16820000
2026-03-27 07:04:30,0.20,1.20100000,82561.22070000
2026-03-27 07:04:30,1.00,13.13900000,905072.88320000
2026-03-27 07:04:30,2.00,15.63200000,1079219.31900000
2026-03-27 07:04:30,3.00,18.43800000,1277427.46560000
2026-03-27 07:04:30,4.00,21.71400000,1510243.40600000
2026-03-27 07:04:30,5.00,22.07600000,1536276.52220000
2026-03-27 07:05:00,-5.00,23.96500000,1621935.80800000
2026-03-27 07:05:00,-4.00,23.36600000,1582661.78290000
2026-03-27 07:05:00,-3.00,21.20900000,1439461.83900000
2026-03-27 07:05:00,-2.00,18.00000000,1225063.74130000
2026-03-27 07:05:00,-1.00,9.60200000,657753.76160000
2026-03-27 07:05:00,-0.20,2.85700000,196018.11960000
2026-03-27 07:05:00,0.20,1.44700000,99497.90380000
2026-03-27 07:05:00,1.00,5.87300000,404524.99570000
2026-03-27 07:05:00,2.00,8.36600000,578671.43150000
2026-03-27 07:05:00,3.00,11.17200000,776879.57810000
2026-03-27 07:05:00,4.00,12.94800000,903381.36850000
2026-03-27 07:05:00,5.00,13.31000000,929414.48470000
2026-03-27 07:05:31,-5.00,24.10800000,1631758.82840000
2026-03-27 07:05:31,-4.00,23.50500000,1592220.96970000
2026-03-27 07:05:31,-3.00,21.35200000,1449284.85940000
2026-03-27 07:05:31,-2.00,18.14100000,1234752.09510000
2026-03-27 07:05:31,-1.00,9.74400000,667508.76120000
2026-03-27 07:05:31,-0.20,1.51800000,104219.93780000
2026-03-27 07:05:31,0.20,4.31100000,296563.67620000
2026-03-27 07:05:31,1.00,7.42600000,511419.77710000
2026-03-27 07:05:31,2.00,9.77500000,675573.54890000
2026-03-27 07:05:31,3.00,12.58100000,873781.69550000
2026-03-27 07:05:31,4.00,14.35700000,1000283.48590000
2026-03-27 07:05:31,5.00,14.71900000,1026316.60210000
2026-03-27 07:06:00,-5.00,24.12100000,1632652.86440000
2026-03-27 07:06:00,-4.00,23.51800000,1593115.00570000
2026-03-27 07:06:00,-3.00,21.36500000,1450178.89540000
2026-03-27 07:06:00,-2.00,18.15400000,1235646.13110000
2026-03-27 07:06:00,-1.00,9.75700000,668402.79720000
2026-03-27 07:06:00,-0.20,1.54300000,105936.68780000
2026-03-27 07:06:00,0.20,4.39900000,302613.94950000
2026-03-27 07:06:00,1.00,7.51400000,517470.05040000
2026-03-27 07:06:00,2.00,9.86300000,681623.82220000
2026-03-27 07:06:00,3.00,12.66900000,879831.96880000
2026-03-27 07:06:00,4.00,14.44500000,1006333.75920000
2026-03-27 07:06:00,5.00,14.80700000,1032366.87540000
2026-03-27 07:06:31,-5.00,24.21300000,1638974.44710000
2026-03-27 07:06:31,-4.00,23.61000000,1599436.58840000
2026-03-27 07:06:31,-3.00,21.45700000,1456500.47810000
2026-03-27 07:06:31,-2.00,18.24600000,1241967.71380000
2026-03-27 07:06:31,-1.00,9.84900000,674724.37990000
2026-03-27 07:06:31,-0.20,1.63500000,112258.27050000
2026-03-27 07:06:31,0.20,4.27900000,294371.36460000
2026-03-27 07:06:31,1.00,7.38200000,508401.31110000
2026-03-27 07:06:31,2.00,9.73100000,672555.08290000
2026-03-27 07:06:31,3.00,12.53700000,870763.22950000
2026-03-27 07:06:31,4.00,14.31300000,997265.01990000
2026-03-27 07:06:31,5.00,14.67500000,1023298.13610000
2026-03-27 07:07:00,-5.00,23.90800000,1617959.51740000
2026-03-27 07:07:00,-4.00,23.30900000,1578685.49230000
2026-03-27 07:07:00,-3.00,21.15600000,1435752.05200000
2026-03-27 07:07:00,-2.00,17.94300000,1221087.45070000
2026-03-27 07:07:00,-1.00,9.76600000,668805.47100000
2026-03-27 07:07:00,-0.20,1.34400000,92243.28730000
2026-03-27 07:07:00,0.20,4.47700000,307905.39970000
2026-03-27 07:07:00,1.00,7.45000000,512826.88960000
2026-03-27 07:07:00,2.00,9.93900000,686693.05980000
2026-03-27 07:07:00,3.00,12.74900000,885181.47200000
2026-03-27 07:07:00,4.00,14.52500000,1011683.26240000
2026-03-27 07:07:00,5.00,14.88700000,1037716.37860000
2026-03-27 07:07:31,-5.00,23.84600000,1613700.25560000
2026-03-27 07:07:31,-4.00,23.24700000,1574426.23050000
2026-03-27 07:07:31,-3.00,21.09400000,1431492.79020000
2026-03-27 07:07:31,-2.00,17.88100000,1216828.18890000
2026-03-27 07:07:31,-1.00,9.70400000,664546.20920000
2026-03-27 07:07:31,-0.20,2.75100000,188673.84070000
2026-03-27 07:07:31,0.20,4.50600000,309896.58370000
2026-03-27 07:07:31,1.00,7.48700000,515366.02400000
2026-03-27 07:07:31,2.00,9.98100000,689579.01630000
2026-03-27 07:07:31,3.00,12.51100000,868259.05250000
2026-03-27 07:07:31,4.00,14.56700000,1014569.21890000
2026-03-27 07:07:31,5.00,14.92900000,1040602.33510000
2026-03-27 07:08:02,-5.00,24.02100000,1625515.98280000
2026-03-27 07:08:02,-4.00,23.42200000,1586241.95770000
2026-03-27 07:08:02,-3.00,21.26900000,1443308.51740000
2026-03-27 07:08:02,-2.00,18.06500000,1229249.61730000
2026-03-27 07:08:02,-1.00,9.88400000,676701.84860000
2026-03-27 07:08:02,-0.20,2.92600000,200649.76320000
2026-03-27 07:08:02,0.20,2.82700000,194334.41590000
2026-03-27 07:08:02,1.00,7.48400000,515134.72420000
2026-03-27 07:08:02,2.00,9.97800000,689347.71650000
2026-03-27 07:08:02,3.00,12.50800000,868027.75270000
2026-03-27 07:08:02,4.00,14.56300000,1014266.50420000
2026-03-27 07:08:02,5.00,14.88000000,1037054.43530000
2026-03-27 07:08:33,-5.00,23.97700000,1622607.16810000
2026-03-27 07:08:33,-4.00,23.37800000,1583333.14300000
2026-03-27 07:08:33,-3.00,21.22500000,1440399.70270000
2026-03-27 07:08:33,-2.00,18.02100000,1226340.80260000
2026-03-27 07:08:33,-1.00,9.84000000,673793.03390000
2026-03-27 07:08:33,-0.20,2.84700000,195228.60510000
2026-03-27 07:08:33,0.20,2.89300000,198869.35080000
2026-03-27 07:08:33,1.00,7.53700000,518775.25780000
2026-03-27 07:08:33,2.00,10.03100000,692988.25010000
2026-03-27 07:08:33,3.00,12.56100000,871668.28630000
2026-03-27 07:08:33,4.00,14.61600000,1017907.03780000
2026-03-27 07:08:33,5.00,14.93300000,1040694.96890000
2026-03-27 07:09:01,-5.00,23.90400000,1617452.47570000
2026-03-27 07:09:01,-4.00,23.30500000,1578178.45060000
2026-03-27 07:09:01,-3.00,21.15200000,1435245.01030000
2026-03-27 07:09:01,-2.00,17.94900000,1221253.39590000
2026-03-27 07:09:01,-1.00,9.76700000,668638.34150000
2026-03-27 07:09:01,-0.20,2.76100000,189265.09780000
2026-03-27 07:09:01,0.20,4.37800000,300985.54820000
2026-03-27 07:09:01,1.00,7.33900000,504909.21860000
2026-03-27 07:09:01,2.00,8.54900000,589215.11850000
2026-03-27 07:09:01,3.00,12.64300000,877580.99910000
2026-03-27 07:09:01,4.00,14.41800000,1004011.37460000
2026-03-27 07:09:01,5.00,14.73500000,1026799.30570000
2026-03-27 07:09:32,-5.00,20.28100000,1368666.47370000
2026-03-27 07:09:32,-4.00,19.68200000,1329392.44860000
2026-03-27 07:09:32,-3.00,17.61200000,1192224.82640000
2026-03-27 07:09:32,-2.00,14.34100000,973926.97030000
2026-03-27 07:09:32,-1.00,6.20900000,424931.68890000
2026-03-27 07:09:32,-0.20,2.82400000,193522.34000000
2026-03-27 07:09:32,0.20,2.66200000,182759.53660000
2026-03-27 07:09:32,1.00,7.32500000,503738.38020000
2026-03-27 07:09:32,2.00,9.78000000,675042.24360000
2026-03-27 07:09:32,3.00,12.63500000,876474.32920000
2026-03-27 07:09:32,4.00,14.41200000,1002868.46710000
2026-03-27 07:09:32,5.00,14.72900000,1025656.39820000
2026-03-27 07:10:04,-5.00,20.17200000,1361192.32620000
2026-03-27 07:10:04,-4.00,19.57300000,1321918.30110000
2026-03-27 07:10:04,-3.00,17.41800000,1179092.88340000
2026-03-27 07:10:04,-2.00,14.23200000,966452.82280000
2026-03-27 07:10:04,-1.00,6.10000000,417457.54140000
2026-03-27 07:10:04,-0.20,1.24600000,85444.16700000
2026-03-27 07:10:04,0.20,2.61700000,179673.37040000
2026-03-27 07:10:04,1.00,7.28000000,500652.28160000
2026-03-27 07:10:04,2.00,9.73500000,671956.14500000
2026-03-27 07:10:04,3.00,12.59000000,873388.23060000
2026-03-27 07:10:04,4.00,14.36700000,999782.36850000
2026-03-27 07:10:04,5.00,14.68400000,1022570.29960000
2026-03-27 07:12:00,-5.00,20.53500000,1386862.09790000
2026-03-27 07:12:00,-4.00,19.92200000,1346661.42920000
2026-03-27 07:12:00,-3.00,16.23900000,1101946.16400000
2026-03-27 07:12:00,-2.00,13.08300000,890255.73440000
2026-03-27 07:12:00,-1.00,6.15500000,422148.10880000
2026-03-27 07:12:00,-0.20,1.58100000,108612.83760000
2026-03-27 07:12:00,0.20,2.81700000,193940.09220000
2026-03-27 07:12:00,1.00,5.93000000,408777.77420000
2026-03-27 07:12:00,2.00,8.28800000,573411.49780000
2026-03-27 07:12:00,3.00,11.09100000,771351.79960000
2026-03-27 07:12:00,4.00,12.87500000,898249.21760000
2026-03-27 07:12:00,5.00,13.22700000,923567.36620000
2026-03-27 07:12:31,-5.00,20.65400000,1395837.87400000
2026-03-27 07:12:31,-4.00,20.03600000,1355259.76180000
2026-03-27 07:12:31,-3.00,16.50000000,1120234.33450000
2026-03-27 07:12:31,-2.00,13.20000000,898801.07510000
2026-03-27 07:12:31,-1.00,6.27700000,431000.13290000
2026-03-27 07:12:31,-0.20,1.70500000,117277.55080000
2026-03-27 07:12:31,0.20,2.81900000,194329.99730000
2026-03-27 07:12:31,1.00,5.91100000,407885.10210000
2026-03-27 07:12:31,2.00,8.25200000,571632.91690000
2026-03-27 07:12:31,3.00,11.04000000,768791.86900000
2026-03-27 07:12:31,4.00,12.81700000,895472.28130000
2026-03-27 07:12:31,5.00,13.37500000,935685.84050000
2026-03-27 07:13:00,-5.00,20.29600000,1371273.56840000
2026-03-27 07:13:00,-4.00,19.67800000,1330695.45620000
2026-03-27 07:13:00,-3.00,16.14200000,1095670.02890000
2026-03-27 07:13:00,-2.00,12.84200000,874236.76950000
2026-03-27 07:13:00,-1.00,5.91800000,406367.66970000
2026-03-27 07:13:00,-0.20,2.80100000,192594.08120000
2026-03-27 07:13:00,0.20,1.03400000,71248.23550000
2026-03-27 07:13:00,1.00,5.77400000,398672.94830000
2026-03-27 07:13:00,2.00,8.11400000,562351.22760000
2026-03-27 07:13:00,3.00,10.90000000,759428.19690000
2026-03-27 07:13:00,4.00,12.67700000,886108.60920000
2026-03-27 07:13:00,5.00,13.23600000,926394.45410000
2026-03-27 07:13:33,-5.00,20.36400000,1377061.73560000
2026-03-27 07:13:33,-4.00,19.73000000,1335425.93540000
2026-03-27 07:13:33,-3.00,17.57300000,1192136.16400000
2026-03-27 07:13:33,-2.00,8.87100000,606679.53150000
2026-03-27 07:13:33,-1.00,6.00700000,412640.67480000
2026-03-27 07:13:33,-0.20,1.32100000,90936.10520000
2026-03-27 07:13:33,0.20,1.89500000,130637.65870000
2026-03-27 07:13:33,1.00,6.64500000,459090.37920000
2026-03-27 07:13:33,2.00,8.98600000,622856.57110000
2026-03-27 07:13:33,3.00,11.76900000,819816.95460000
2026-03-27 07:13:33,4.00,13.54600000,946497.36690000
2026-03-27 07:13:33,5.00,14.11100000,987217.01180000
2026-03-27 07:14:00,-5.00,20.24700000,1368995.94030000
2026-03-27 07:14:00,-4.00,19.61300000,1327360.14010000
2026-03-27 07:14:00,-3.00,17.45600000,1184070.36870000
2026-03-27 07:14:00,-2.00,8.75400000,598613.73620000
2026-03-27 07:14:00,-1.00,5.91700000,406416.27130000
2026-03-27 07:14:00,-0.20,1.22500000,84313.44340000
2026-03-27 07:14:00,0.20,1.99800000,137732.60860000
2026-03-27 07:14:00,1.00,6.74600000,465816.22530000
2026-03-27 07:14:00,2.00,9.08800000,629651.98690000
2026-03-27 07:14:00,3.00,11.87100000,826612.37040000
2026-03-27 07:14:00,4.00,13.64800000,953292.78270000
2026-03-27 07:14:00,5.00,14.21300000,994012.42760000
2026-03-27 07:14:32,-5.00,20.34500000,1375647.74030000
2026-03-27 07:14:32,-4.00,19.72700000,1335069.62810000
2026-03-27 07:14:32,-3.00,17.55400000,1190722.16870000
2026-03-27 07:14:32,-2.00,14.25700000,970035.26610000
2026-03-27 07:14:32,-1.00,6.01500000,413094.71550000
2026-03-27 07:14:32,-0.20,1.35600000,93292.05850000
2026-03-27 07:14:32,0.20,2.83200000,195230.27220000
2026-03-27 07:14:32,1.00,6.22300000,429457.03020000
2026-03-27 07:14:32,2.00,8.56500000,593292.79180000
2026-03-27 07:14:32,3.00,11.34800000,790253.17530000
2026-03-27 07:14:32,4.00,13.12500000,916933.58760000
2026-03-27 07:14:32,5.00,13.68400000,957219.43250000
2026-03-27 07:15:04,-5.00,20.27000000,1370560.76660000
2026-03-27 07:15:04,-4.00,19.63600000,1328924.96640000
2026-03-27 07:15:04,-3.00,17.47900000,1185635.19500000
2026-03-27 07:15:04,-2.00,8.77700000,600178.56250000
2026-03-27 07:15:04,-1.00,5.94000000,408007.74180000
2026-03-27 07:15:04,-0.20,1.33900000,92151.15570000
2026-03-27 07:15:04,0.20,2.95000000,203458.19380000
2026-03-27 07:15:04,1.00,6.02500000,416047.61310000
2026-03-27 07:15:04,2.00,8.36700000,579883.37470000
2026-03-27 07:15:04,3.00,11.15000000,776843.75820000
2026-03-27 07:15:04,4.00,12.92700000,903524.17050000
2026-03-27 07:15:04,5.00,13.49200000,944243.81540000
2026-03-27 07:15:32,-5.00,19.93400000,1347419.51030000
2026-03-27 07:15:32,-4.00,19.31600000,1306841.39810000
2026-03-27 07:15:32,-3.00,17.14300000,1162493.93870000
2026-03-27 07:15:32,-2.00,13.84600000,941807.03610000
2026-03-27 07:15:32,-1.00,5.60500000,384934.64310000
2026-03-27 07:15:32,-0.20,2.45600000,168866.90280000
2026-03-27 07:15:32,0.20,1.36900000,94323.59110000
2026-03-27 07:15:32,1.00,6.12300000,422639.38770000
2026-03-27 07:15:32,2.00,8.46600000,586544.68480000
2026-03-27 07:15:32,3.00,11.24900000,783505.06830000
2026-03-27 07:15:32,4.00,13.02600000,910185.48060000
2026-03-27 07:15:32,5.00,13.58500000,950471.32550000
2026-03-27 07:16:00,-5.00,19.92000000,1346454.17010000
2026-03-27 07:16:00,-4.00,19.30200000,1305876.05790000
2026-03-27 07:16:00,-3.00,17.12900000,1161528.59850000
2026-03-27 07:16:00,-2.00,13.83200000,940841.69590000
2026-03-27 07:16:00,-1.00,5.59100000,383969.30290000
2026-03-27 07:16:00,-0.20,2.44400000,168038.96950000
2026-03-27 07:16:00,0.20,2.76000000,190261.51010000
2026-03-27 07:16:00,1.00,6.05400000,417830.95460000
2026-03-27 07:16:00,2.00,8.39700000,581736.25170000
2026-03-27 07:16:00,3.00,11.18000000,778696.63520000
2026-03-27 07:16:00,4.00,12.95700000,905377.04750000
2026-03-27 07:16:00,5.00,13.30800000,930628.64670000
2026-03-27 07:16:30,-5.00,20.17400000,1363796.43400000
2026-03-27 07:16:30,-4.00,19.55600000,1323218.32180000
2026-03-27 07:16:30,-3.00,17.38300000,1178870.86240000
2026-03-27 07:16:30,-2.00,14.09100000,958521.19980000
2026-03-27 07:16:30,-1.00,5.84600000,401379.70970000
2026-03-27 07:16:30,-0.20,2.69800000,185432.05340000
2026-03-27 07:16:30,0.20,1.35500000,93324.63720000
2026-03-27 07:16:30,1.00,6.10400000,421247.69740000
2026-03-27 07:16:30,2.00,8.44700000,585152.99450000
2026-03-27 07:16:30,3.00,11.23000000,782113.37800000
2026-03-27 07:16:30,4.00,12.99800000,908149.57890000
2026-03-27 07:16:30,5.00,13.35800000,934045.38950000
2026-03-27 07:17:00,-5.00,20.27100000,1370548.91240000
2026-03-27 07:17:00,-4.00,19.64500000,1329442.00020000
2026-03-27 07:17:00,-3.00,17.48000000,1185623.34080000
2026-03-27 07:17:00,-2.00,14.18300000,964936.43820000
2026-03-27 07:17:00,-1.00,5.94100000,407995.88760000
2026-03-27 07:17:00,-0.20,2.79300000,192047.12490000
2026-03-27 07:17:00,0.20,1.20600000,83098.39950000
2026-03-27 07:17:00,1.00,5.95400000,410997.67380000
2026-03-27 07:17:00,2.00,8.29600000,574833.43540000
2026-03-27 07:17:00,3.00,11.07900000,771793.81890000
2026-03-27 07:17:00,4.00,12.85600000,898474.23120000
2026-03-27 07:17:00,5.00,13.41500000,938760.07610000
2026-03-27 07:17:30,-5.00,18.33400000,1237352.21480000
2026-03-27 07:17:30,-4.00,17.71600000,1196774.10260000
2026-03-27 07:17:30,-3.00,15.54300000,1052426.64320000
2026-03-27 07:17:30,-2.00,12.24600000,831739.74060000
2026-03-27 07:17:30,-1.00,4.00500000,274867.34760000
2026-03-27 07:17:30,-0.20,0.81600000,56105.27340000
2026-03-27 07:17:30,0.20,1.17000000,80593.20020000
2026-03-27 07:17:30,1.00,5.91900000,408560.90280000
2026-03-27 07:17:30,2.00,8.26200000,572466.19990000
2026-03-27 07:17:30,3.00,11.04500000,769426.58340000
2026-03-27 07:17:30,4.00,12.82200000,896106.99570000
2026-03-27 07:17:30,5.00,13.17300000,921358.59490000
2026-03-27 07:18:01,-5.00,20.45300000,1383037.85010000
2026-03-27 07:18:01,-4.00,19.83500000,1342459.73790000
2026-03-27 07:18:01,-3.00,17.66200000,1198118.72780000
2026-03-27 07:18:01,-2.00,14.36500000,977431.82520000
2026-03-27 07:18:01,-1.00,6.12300000,420491.27460000
2026-03-27 07:18:01,-0.20,2.97500000,204542.51190000
2026-03-27 07:18:01,0.20,1.26600000,87232.14200000
2026-03-27 07:18:01,1.00,5.79600000,400124.75630000
2026-03-27 07:18:01,2.00,8.13800000,563960.51790000
2026-03-27 07:18:01,3.00,10.92100000,760920.90140000
2026-03-27 07:18:01,4.00,12.69800000,887601.31370000
2026-03-27 07:18:01,5.00,13.25700000,927887.15860000
2026-03-27 07:18:31,-5.00,20.39200000,1379137.79840000
2026-03-27 07:18:31,-4.00,19.75800000,1337501.99820000
2026-03-27 07:18:31,-3.00,17.60100000,1194218.67610000
2026-03-27 07:18:31,-2.00,8.89900000,608762.04360000
2026-03-27 07:18:31,-1.00,6.03500000,414749.83110000
2026-03-27 07:18:31,-0.20,1.38800000,95540.23380000
2026-03-27 07:18:31,0.20,2.65300000,183003.63740000
2026-03-27 07:18:31,1.00,5.72800000,395648.14460000
2026-03-27 07:18:31,2.00,8.06900000,559414.33650000
2026-03-27 07:18:31,3.00,10.85200000,756374.72000000
2026-03-27 07:18:31,4.00,12.62900000,883055.13230000
2026-03-27 07:18:31,5.00,13.19400000,923774.77720000
2026-03-27 07:19:00,-5.00,20.29700000,1372611.01670000
2026-03-27 07:19:00,-4.00,19.66300000,1330975.21650000
2026-03-27 07:19:00,-3.00,17.50600000,1187691.89440000
2026-03-27 07:19:00,-2.00,8.80400000,602235.26190000
2026-03-27 07:19:00,-1.00,5.94000000,408223.04940000
2026-03-27 07:19:00,-0.20,1.35900000,93550.96580000
2026-03-27 07:19:00,0.20,0.97400000,67136.95850000
2026-03-27 07:19:00,1.00,5.72300000,395370.14020000
2026-03-27 07:19:00,2.00,8.06400000,559136.33210000
2026-03-27 07:19:00,3.00,10.84700000,756096.71560000
2026-03-27 07:19:00,4.00,12.62400000,882777.12790000
2026-03-27 07:19:00,5.00,13.18900000,923496.77280000
2026-03-27 07:19:32,-5.00,20.03900000,1355201.26390000
2026-03-27 07:19:32,-4.00,19.40500000,1313541.15270000
2026-03-27 07:19:32,-3.00,17.24200000,1169856.76400000
2026-03-27 07:19:32,-2.00,8.42100000,576191.51570000
2026-03-27 07:19:32,-1.00,5.67800000,390322.60380000
2026-03-27 07:19:32,-0.20,2.56000000,176231.87430000
2026-03-27 07:19:32,0.20,1.04000000,71734.59990000
2026-03-27 07:19:32,1.00,5.78700000,400103.55430000
2026-03-27 07:19:32,2.00,8.23000000,571059.10380000
2026-03-27 07:19:32,3.00,10.90600000,760497.37930000
2026-03-27 07:19:32,4.00,12.68300000,887177.79160000
2026-03-27 07:19:32,5.00,13.26600000,929200.06850000
2026-03-27 07:20:04,-5.00,20.06400000,1356917.14680000
2026-03-27 07:20:04,-4.00,19.43000000,1315257.03560000
2026-03-27 07:20:04,-3.00,17.26700000,1171572.64690000
2026-03-27 07:20:04,-2.00,8.44600000,577907.39860000
2026-03-27 07:20:04,-1.00,5.70300000,392038.48670000
2026-03-27 07:20:04,-0.20,2.58500000,177947.75720000
2026-03-27 07:20:04,0.20,1.20000000,82789.08850000
2026-03-27 07:20:04,1.00,5.72600000,395809.52700000
2026-03-27 07:20:04,2.00,8.16900000,566765.07650000
2026-03-27 07:20:04,3.00,10.84500000,756203.35200000
2026-03-27 07:20:04,4.00,12.62200000,882883.76430000
2026-03-27 07:20:04,5.00,13.20500000,924906.04120000
2026-03-27 07:20:33,-5.00,20.16300000,1364163.81120000
2026-03-27 07:20:33,-4.00,19.47400000,1318828.78460000
2026-03-27 07:20:33,-3.00,17.41600000,1182094.31170000
2026-03-27 07:20:33,-2.00,7.27300000,499088.97040000
2026-03-27 07:20:33,-1.00,5.84800000,402287.12340000
2026-03-27 07:20:33,-0.20,2.73500000,188344.73920000
2026-03-27 07:20:33,0.20,0.97400000,67207.70500000
2026-03-27 07:20:33,1.00,5.71500000,395210.65730000
2026-03-27 07:20:33,2.00,8.15800000,566166.89280000
2026-03-27 07:20:33,3.00,10.83700000,755978.15180000
2026-03-27 07:20:33,4.00,12.61600000,882804.70970000
2026-03-27 07:20:33,5.00,13.19700000,924686.38660000
2026-03-27 07:21:01,-5.00,20.24500000,1369834.08410000
2026-03-27 07:21:01,-4.00,19.55600000,1324499.05750000
2026-03-27 07:21:01,-3.00,17.49800000,1187764.58460000
2026-03-27 07:21:01,-2.00,7.35500000,504759.24330000
2026-03-27 07:21:01,-1.00,5.92800000,407820.85290000
2026-03-27 07:21:01,-0.20,2.81700000,194015.01210000
2026-03-27 07:21:01,0.20,0.92800000,64037.35610000
2026-03-27 07:21:01,1.00,5.66900000,392040.30840000
2026-03-27 07:21:01,2.00,8.11200000,562996.54390000
2026-03-27 07:21:01,3.00,10.79100000,752807.80290000
2026-03-27 07:21:01,4.00,12.57000000,879634.36080000
2026-03-27 07:21:01,5.00,13.15100000,921516.03770000
2026-03-27 07:21:31,-5.00,19.96100000,1350255.04390000
2026-03-27 07:21:31,-4.00,19.27200000,1304920.01730000
2026-03-27 07:21:31,-3.00,17.21400000,1168185.54440000
2026-03-27 07:21:31,-2.00,7.07100000,485180.20310000
2026-03-27 07:21:31,-1.00,5.64600000,388378.35610000
2026-03-27 07:21:31,-0.20,2.53200000,174367.18690000
2026-03-27 07:21:31,0.20,1.36000000,93860.36130000
2026-03-27 07:21:31,1.00,5.88500000,406942.24540000
2026-03-27 07:21:31,2.00,8.32800000,577898.48090000
2026-03-27 07:21:31,3.00,11.00700000,767709.73990000
2026-03-27 07:21:31,4.00,12.78600000,894536.29780000
2026-03-27 07:21:31,5.00,13.36700000,936417.97470000
2026-03-27 07:22:03,-5.00,19.92300000,1347333.17700000
2026-03-27 07:22:03,-4.00,19.23500000,1302099.35000000
2026-03-27 07:22:03,-3.00,17.12600000,1161988.67710000
2026-03-27 07:22:03,-2.00,8.30500000,568323.42880000
2026-03-27 07:22:03,-1.00,5.56200000,382454.51690000
2026-03-27 07:22:03,-0.20,2.44800000,168524.48000000
2026-03-27 07:22:03,0.20,1.08200000,74634.01090000
2026-03-27 07:22:03,1.00,5.82700000,402796.79780000
2026-03-27 07:22:03,2.00,8.27000000,573752.34730000
2026-03-27 07:22:03,3.00,10.94600000,763349.87600000
2026-03-27 07:22:03,4.00,12.72300000,890030.28830000
2026-03-27 07:22:03,5.00,13.30600000,932052.56520000
2026-03-27 07:25:00,-5.00,20.04900000,1355849.82600000
2026-03-27 07:25:00,-4.00,19.41500000,1314189.71480000
2026-03-27 07:25:00,-3.00,17.25600000,1170772.72610000
2026-03-27 07:25:00,-2.00,8.55600000,585283.73380000
2026-03-27 07:25:00,-1.00,5.68800000,390971.16590000
2026-03-27 07:25:00,-0.20,2.57600000,177239.00720000
2026-03-27 07:25:00,0.20,0.90800000,62601.69660000
2026-03-27 07:25:00,1.00,5.64900000,390327.32920000
2026-03-27 07:25:00,2.00,7.99000000,554108.76500000
2026-03-27 07:25:00,3.00,9.37800000,652218.16510000
2026-03-27 07:25:00,4.00,12.55000000,877908.81400000
2026-03-27 07:25:00,5.00,13.11500000,918628.45890000
2026-03-27 07:25:32,-5.00,19.88600000,1344639.84200000
2026-03-27 07:25:32,-4.00,19.25200000,1302979.73080000
2026-03-27 07:25:32,-3.00,17.09300000,1159562.74210000
2026-03-27 07:25:32,-2.00,8.38900000,573803.64380000
2026-03-27 07:25:32,-1.00,5.52500000,379761.18190000
2026-03-27 07:25:32,-0.20,0.96200000,66251.29840000
2026-03-27 07:25:32,0.20,2.42100000,167043.44400000
2026-03-27 07:25:32,1.00,5.49800000,379861.80800000
2026-03-27 07:25:32,2.00,7.83500000,543364.85340000
2026-03-27 07:25:32,3.00,10.61800000,740484.49010000
2026-03-27 07:25:32,4.00,12.39500000,867164.90240000
2026-03-27 07:25:32,5.00,12.96000000,907884.54730000
2026-03-27 07:26:02,-5.00,19.85400000,1342484.82480000
2026-03-27 07:26:02,-4.00,19.22000000,1300824.71360000
2026-03-27 07:26:02,-3.00,17.05700000,1157140.32490000
2026-03-27 07:26:02,-2.00,8.35700000,571648.62660000
2026-03-27 07:26:02,-1.00,5.49300000,377606.16470000
2026-03-27 07:26:02,-0.20,2.37900000,163736.44780000
2026-03-27 07:26:02,0.20,2.39200000,165089.58520000
2026-03-27 07:26:02,1.00,5.48300000,378878.34260000
2026-03-27 07:26:02,2.00,7.92200000,549552.68410000
2026-03-27 07:26:02,3.00,10.60200000,739431.42080000
2026-03-27 07:26:02,4.00,12.37900000,866111.83310000
2026-03-27 07:26:02,5.00,12.95800000,907844.60200000
2026-03-27 07:26:32,-5.00,19.73800000,1334601.76390000
2026-03-27 07:26:32,-4.00,19.10400000,1292941.65270000
2026-03-27 07:26:32,-3.00,16.94700000,1149545.49510000
2026-03-27 07:26:32,-2.00,8.24700000,564056.50280000
2026-03-27 07:26:32,-1.00,5.37900000,369743.93490000
2026-03-27 07:26:32,-0.20,2.26500000,155874.45420000
2026-03-27 07:26:32,0.20,0.96300000,66399.01500000
2026-03-27 07:26:32,1.00,5.50200000,380177.27400000
2026-03-27 07:26:32,2.00,7.84300000,543958.70980000
2026-03-27 07:26:32,3.00,9.23100000,642068.10990000
2026-03-27 07:26:32,4.00,12.40300000,867758.75880000
2026-03-27 07:26:32,5.00,12.96800000,908478.40370000
2026-03-27 07:27:02,-5.00,19.82200000,1340343.86190000
2026-03-27 07:27:02,-4.00,19.18800000,1298683.75070000
2026-03-27 07:27:02,-3.00,17.03100000,1155287.59310000
2026-03-27 07:27:02,-2.00,8.33100000,569798.60080000
2026-03-27 07:27:02,-1.00,5.46300000,375486.03290000
2026-03-27 07:27:02,-0.20,0.89800000,61842.01960000
2026-03-27 07:27:02,0.20,1.07400000,74047.88290000
2026-03-27 07:27:02,1.00,5.61300000,387826.14190000
2026-03-27 07:27:02,2.00,7.95400000,551607.57770000
2026-03-27 07:27:02,3.00,9.34200000,649716.97780000
2026-03-27 07:27:02,4.00,12.51400000,875407.62670000
2026-03-27 07:27:02,5.00,13.07900000,916127.27160000
2026-03-27 07:27:31,-5.00,19.76700000,1336558.59810000
2026-03-27 07:27:31,-4.00,19.13300000,1294898.48690000
2026-03-27 07:27:31,-3.00,16.97600000,1151502.32930000
2026-03-27 07:27:31,-2.00,8.27200000,565743.23100000
2026-03-27 07:27:31,-1.00,5.40800000,371700.76910000
2026-03-27 07:27:31,-0.20,0.84300000,58056.75580000
2026-03-27 07:27:31,0.20,1.04200000,71845.50510000
2026-03-27 07:27:31,1.00,5.58500000,385902.15450000
2026-03-27 07:27:31,2.00,7.92200000,549405.19990000
2026-03-27 07:27:31,3.00,10.70500000,746524.83660000
2026-03-27 07:27:31,4.00,12.48200000,873205.24890000
2026-03-27 07:27:31,5.00,13.04700000,913924.89380000
2026-03-27 07:28:01,-5.00,19.98300000,1351490.75210000
2026-03-27 07:28:01,-4.00,19.34900000,1309830.64090000
2026-03-27 07:28:01,-3.00,17.18800000,1166167.08330000
2026-03-27 07:28:01,-2.00,8.48800000,580675.38500000
2026-03-27 07:28:01,-1.00,5.62400000,386632.92310000
2026-03-27 07:28:01,-0.20,2.50800000,172625.88420000
2026-03-27 07:28:01,0.20,2.41700000,166825.89140000
2026-03-27 07:28:01,1.00,5.50800000,380614.64880000
2026-03-27 07:28:01,2.00,7.95100000,551570.19830000
2026-03-27 07:28:01,3.00,10.62700000,741167.72700000
2026-03-27 07:28:01,4.00,12.40400000,867848.13930000
2026-03-27 07:28:01,5.00,12.98300000,909580.90820000
2026-03-27 07:28:32,-5.00,19.95300000,1349421.88060000
2026-03-27 07:28:32,-4.00,19.31900000,1307761.76940000
2026-03-27 07:28:32,-3.00,17.15800000,1164098.21180000
2026-03-27 07:28:32,-2.00,8.33700000,570432.96350000
2026-03-27 07:28:32,-1.00,5.59400000,384564.05160000
2026-03-27 07:28:32,-0.20,1.02700000,70742.28740000
2026-03-27 07:28:32,0.20,2.35900000,162829.28850000
2026-03-27 07:28:32,1.00,5.45000000,376618.04590000
2026-03-27 07:28:32,2.00,7.89300000,547573.59540000
2026-03-27 07:28:32,3.00,10.56900000,737171.12410000
2026-03-27 07:28:32,4.00,12.34600000,863851.53640000
2026-03-27 07:28:32,5.00,12.92500000,905584.30530000
2026-03-27 07:29:00,-5.00,19.89300000,1345524.67280000
2026-03-27 07:29:00,-4.00,19.25500000,1303565.84620000
2026-03-27 07:29:00,-3.00,17.14800000,1163476.00440000
2026-03-27 07:29:00,-2.00,8.32700000,569810.75610000
2026-03-27 07:29:00,-1.00,5.58000000,383668.81610000
2026-03-27 07:29:00,-0.20,1.01700000,70080.62290000
2026-03-27 07:29:00,0.20,2.59700000,179331.54860000
2026-03-27 07:29:00,1.00,5.68800000,393231.48820000
2026-03-27 07:29:00,2.00,8.13100000,564187.72370000
2026-03-27 07:29:00,3.00,10.81000000,753998.98270000
2026-03-27 07:29:00,4.00,12.58900000,880825.54060000
2026-03-27 07:29:00,5.00,13.17000000,922707.21750000
2026-03-27 07:29:32,-5.00,19.88400000,1344734.34710000
2026-03-27 07:29:32,-4.00,19.19500000,1299423.90780000
2026-03-27 07:29:32,-3.00,17.08800000,1159334.06600000
2026-03-27 07:29:32,-2.00,8.26700000,565668.81770000
2026-03-27 07:29:32,-1.00,5.52300000,379731.65410000
2026-03-27 07:29:32,-0.20,2.40800000,165792.86690000
2026-03-27 07:29:32,0.20,0.90700000,62572.80540000
2026-03-27 07:29:32,1.00,5.44800000,376658.06280000
2026-03-27 07:29:32,2.00,7.89100000,547613.61230000
2026-03-27 07:29:32,3.00,10.56700000,737211.14100000
2026-03-27 07:29:32,4.00,12.34400000,863891.55330000
2026-03-27 07:29:32,5.00,12.92700000,905913.83020000
2026-03-27 07:30:05,-5.00,15.36200000,1033876.06070000
2026-03-27 07:30:05,-4.00,14.72700000,992139.33720000
2026-03-27 07:30:05,-3.00,12.56600000,848475.77960000
2026-03-27 07:30:05,-2.00,3.74500000,254810.53130000
2026-03-27 07:30:05,-1.00,1.00200000,68941.61940000
2026-03-27 07:30:05,-0.20,0.78600000,54147.47050000
2026-03-27 07:30:05,0.20,0.78400000,54087.47520000
2026-03-27 07:30:05,1.00,0.97400000,67269.20210000
2026-03-27 07:30:05,2.00,3.41700000,238224.75160000
2026-03-27 07:30:05,3.00,6.09300000,427822.28030000
2026-03-27 07:30:05,4.00,7.87000000,554502.69260000
2026-03-27 07:30:05,5.00,8.45300000,596524.96950000
2026-03-27 07:30:39,-5.00,15.37300000,1034816.56180000
2026-03-27 07:30:39,-4.00,14.68300000,989404.92290000
2026-03-27 07:30:39,-3.00,12.62700000,852691.28110000
2026-03-27 07:30:39,-2.00,2.48400000,169685.93980000
2026-03-27 07:30:39,-1.00,1.05700000,72747.54940000
2026-03-27 07:30:39,-0.20,0.84500000,58225.33840000
2026-03-27 07:30:39,0.20,0.61800000,42658.34120000
2026-03-27 07:30:39,1.00,0.80800000,55840.61530000
2026-03-27 07:30:39,2.00,3.25100000,226796.85080000
2026-03-27 07:30:39,3.00,5.93000000,416608.10980000
2026-03-27 07:30:39,4.00,7.70900000,543434.66770000
2026-03-27 07:30:39,5.00,8.29000000,585316.34460000
2026-03-27 07:31:00,-5.00,15.25400000,1026438.98660000
2026-03-27 07:31:00,-4.00,14.56500000,981128.54730000
2026-03-27 07:31:00,-3.00,12.45800000,841038.70550000
2026-03-27 07:31:00,-2.00,3.63700000,247373.45720000
2026-03-27 07:31:00,-1.00,0.89300000,61436.29360000
2026-03-27 07:31:00,-0.20,0.67800000,46710.39640000
2026-03-27 07:31:00,0.20,0.78300000,54026.75240000
2026-03-27 07:31:00,1.00,0.97300000,67208.47930000
2026-03-27 07:31:00,2.00,3.41600000,238164.02880000
2026-03-27 07:31:00,3.00,6.09200000,427761.55750000
2026-03-27 07:31:00,4.00,7.87500000,554872.16980000
2026-03-27 07:31:00,5.00,8.45200000,596464.24670000
2026-03-27 07:31:30,-5.00,15.29900000,1029789.01070000
2026-03-27 07:31:30,-4.00,14.66000000,987753.57180000
2026-03-27 07:31:30,-3.00,12.55300000,847663.73000000
2026-03-27 07:31:30,-2.00,3.73200000,253998.48170000
2026-03-27 07:31:30,-1.00,1.05800000,72816.89170000
2026-03-27 07:31:30,-0.20,0.84500000,58226.96350000
2026-03-27 07:31:30,0.20,0.70000000,48306.46100000
2026-03-27 07:31:30,1.00,0.89000000,61488.73510000
2026-03-27 07:31:30,2.00,3.33300000,232444.97060000
2026-03-27 07:31:30,3.00,6.01200000,422256.22960000
2026-03-27 07:31:30,4.00,7.79100000,549082.78750000
2026-03-27 07:31:30,5.00,8.37200000,590964.46440000
2026-03-27 07:32:01,-5.00,15.28200000,1028608.61180000
2026-03-27 07:32:01,-4.00,14.64300000,986573.17290000
2026-03-27 07:32:01,-3.00,12.53600000,846483.33110000
2026-03-27 07:32:01,-2.00,3.71500000,252818.08280000
2026-03-27 07:32:01,-1.00,1.04100000,71636.49280000
2026-03-27 07:32:01,-0.20,0.82800000,57046.56460000
2026-03-27 07:32:01,0.20,0.60700000,41884.49610000
2026-03-27 07:32:01,1.00,0.79800000,55135.86110000
2026-03-27 07:32:01,2.00,3.24100000,226092.09660000
2026-03-27 07:32:01,3.00,5.92000000,415903.35560000
2026-03-27 07:32:01,4.00,7.69900000,542729.91350000
2026-03-27 07:32:01,5.00,8.27600000,584321.99040000
2026-03-27 07:32:30,-5.00,15.21800000,1024025.08770000
2026-03-27 07:32:30,-4.00,14.52900000,978714.64840000
2026-03-27 07:32:30,-3.00,12.42200000,838624.80660000
2026-03-27 07:32:30,-2.00,3.60100000,244959.55830000
2026-03-27 07:32:30,-1.00,0.93100000,64050.99640000
2026-03-27 07:32:30,-0.20,0.71500000,49256.84750000
2026-03-27 07:32:30,0.20,0.78000000,53813.18270000
2026-03-27 07:32:30,1.00,0.97000000,66994.90960000
2026-03-27 07:32:30,2.00,3.41300000,237950.45910000
2026-03-27 07:32:30,3.00,6.08900000,427547.98780000
2026-03-27 07:32:30,4.00,7.86600000,554228.40010000
2026-03-27 07:32:30,5.00,8.44900000,596250.67700000
2026-03-27 07:33:01,-5.00,15.08700000,1014993.34530000
2026-03-27 07:33:01,-4.00,14.45200000,973256.62180000
2026-03-27 07:33:01,-3.00,12.29500000,829860.46420000
2026-03-27 07:33:01,-2.00,3.59100000,244101.36590000
2026-03-27 07:33:01,-1.00,0.80000000,55019.25400000
2026-03-27 07:33:01,-0.20,0.58500000,40293.89010000
2026-03-27 07:33:01,0.20,0.81800000,56420.88070000
2026-03-27 07:33:01,1.00,1.00900000,69671.66430000
2026-03-27 07:33:01,2.00,3.34500000,233105.10580000
2026-03-27 07:33:01,3.00,6.12800000,430224.74250000
2026-03-27 07:33:01,4.00,7.90500000,556905.15480000
2026-03-27 07:33:01,5.00,8.47000000,597624.79970000
2026-03-27 07:33:32,-5.00,15.14900000,1019213.75140000
2026-03-27 07:33:32,-4.00,14.51500000,977563.99880000
2026-03-27 07:33:32,-3.00,12.36000000,834301.50780000
2026-03-27 07:33:32,-2.00,3.69300000,251041.34880000
2026-03-27 07:33:32,-1.00,0.89400000,61440.86280000
2026-03-27 07:33:32,-0.20,0.65000000,44738.77930000
2026-03-27 07:33:32,0.20,0.87900000,60587.16770000
2026-03-27 07:33:32,1.00,1.06700000,73627.47930000
2026-03-27 07:33:32,2.00,3.40900000,237478.48480000
2026-03-27 07:33:32,3.00,4.79700000,335587.88490000
2026-03-27 07:33:32,4.00,7.96900000,561278.53380000
2026-03-27 07:33:32,5.00,8.53400000,601998.17870000
2026-03-27 07:34:01,-5.00,15.63200000,1052196.77160000
2026-03-27 07:34:01,-4.00,15.01400000,1011604.70700000
2026-03-27 07:34:01,-3.00,12.84300000,867284.52800000
2026-03-27 07:34:01,-2.00,9.54600000,646598.30620000
2026-03-27 07:34:01,-1.00,1.37800000,94688.55010000
2026-03-27 07:34:01,-0.20,1.13400000,77987.01380000
2026-03-27 07:34:01,0.20,0.46500000,32033.70050000
2026-03-27 07:34:01,1.00,0.65300000,45073.45540000
2026-03-27 07:34:01,2.00,2.99400000,208824.21670000
2026-03-27 07:34:01,3.00,5.78000000,405984.62100000
2026-03-27 07:34:01,4.00,7.55700000,532665.03330000
2026-03-27 07:34:01,5.00,7.90800000,557916.63250000
2026-03-27 07:34:31,-5.00,15.10500000,1015799.01450000
2026-03-27 07:34:31,-4.00,14.49400000,975696.79920000
2026-03-27 07:34:31,-3.00,12.31400000,830873.18760000
2026-03-27 07:34:31,-2.00,9.02200000,610524.20580000
2026-03-27 07:34:31,-1.00,0.85500000,58685.86520000
2026-03-27 07:34:31,-0.20,0.63500000,43635.44080000
2026-03-27 07:34:31,0.20,0.61800000,42547.00860000
2026-03-27 07:34:31,1.00,0.91700000,63267.75210000
2026-03-27 07:34:31,2.00,3.26100000,227226.98180000
2026-03-27 07:34:31,3.00,4.64800000,325265.52480000
2026-03-27 07:34:31,4.00,7.81500000,550423.58700000
2026-03-27 07:34:31,5.00,8.17100000,576030.53560000
2026-03-27 07:35:00,-5.00,15.04400000,1011607.55920000
2026-03-27 07:35:00,-4.00,14.43300000,971505.34390000
2026-03-27 07:35:00,-3.00,12.25300000,826681.73230000
2026-03-27 07:35:00,-2.00,8.96600000,606669.75050000
2026-03-27 07:35:00,-1.00,0.79400000,54494.40990000
2026-03-27 07:35:00,-0.20,0.57400000,39443.98550000
2026-03-27 07:35:00,0.20,0.65300000,44956.25150000
2026-03-27 07:35:00,1.00,0.95200000,65676.99500000
2026-03-27 07:35:00,2.00,3.29600000,229636.22470000
2026-03-27 07:35:00,3.00,4.68300000,327674.76770000
2026-03-27 07:35:00,4.00,7.85000000,552832.82990000
2026-03-27 07:35:00,5.00,8.20600000,578439.77850000
2026-03-27 07:38:31,-5.00,14.77600000,993075.04140000
2026-03-27 07:38:31,-4.00,14.17900000,953919.32030000
2026-03-27 07:38:31,-3.00,12.06000000,813168.68940000
2026-03-27 07:38:31,-2.00,8.71900000,589686.69760000
2026-03-27 07:38:31,-1.00,0.57100000,39161.68780000
2026-03-27 07:38:31,-0.20,0.32000000,21987.05720000
2026-03-27 07:38:31,0.20,0.16600000,11414.99270000
2026-03-27 07:38:31,1.00,0.44800000,30954.69570000
2026-03-27 07:38:31,2.00,2.79300000,194957.97150000
2026-03-27 07:38:31,3.00,5.58100000,392100.55730000
2026-03-27 07:38:31,4.00,7.34000000,517492.64770000
2026-03-27 07:38:31,5.00,7.66100000,540569.66390000
2026-03-27 07:39:03,-5.00,14.63700000,983474.24090000
2026-03-27 07:39:03,-4.00,14.03600000,944057.32980000
2026-03-27 07:39:03,-3.00,11.91700000,803306.69890000
2026-03-27 07:39:03,-2.00,8.72300000,589757.86770000
2026-03-27 07:39:03,-1.00,0.43400000,29740.38750000
2026-03-27 07:39:03,-0.20,0.17600000,12089.42090000
2026-03-27 07:39:03,0.20,0.20200000,13889.43700000
2026-03-27 07:39:03,1.00,0.47800000,33015.38000000
2026-03-27 07:39:03,2.00,2.82300000,197018.65580000
2026-03-27 07:39:03,3.00,5.61100000,394161.24160000
2026-03-27 07:39:03,4.00,7.37000000,519553.33200000
2026-03-27 07:39:03,5.00,7.69100000,542630.34820000
2026-03-27 07:39:33,-5.00,14.69600000,987528.92790000
2026-03-27 07:39:33,-4.00,14.09500000,948112.01680000
2026-03-27 07:39:33,-3.00,11.97800000,807494.71910000
2026-03-27 07:39:33,-2.00,8.78200000,593812.55470000
2026-03-27 07:39:33,-1.00,0.49300000,33795.07450000
2026-03-27 07:39:33,-0.20,0.23500000,16144.10790000
2026-03-27 07:39:33,0.20,0.13300000,9144.60310000
2026-03-27 07:39:33,1.00,0.40900000,28270.54610000
2026-03-27 07:39:33,2.00,2.75400000,192273.82190000
2026-03-27 07:39:33,3.00,5.54200000,389416.40770000
2026-03-27 07:39:33,4.00,7.30100000,514808.49810000
2026-03-27 07:39:33,5.00,7.62200000,537885.51430000
2026-03-27 07:40:04,-5.00,14.69400000,987385.67830000
2026-03-27 07:40:04,-4.00,14.09300000,947968.76720000
2026-03-27 07:40:04,-3.00,11.97900000,807551.43450000
2026-03-27 07:40:04,-2.00,8.78000000,593669.30510000
2026-03-27 07:40:04,-1.00,0.49100000,33651.82490000
2026-03-27 07:40:04,-0.20,0.22700000,15591.06930000
2026-03-27 07:40:04,0.20,0.23200000,15944.73670000
2026-03-27 07:40:04,1.00,0.51000000,35207.84630000
2026-03-27 07:40:04,2.00,1.57500000,109483.56470000
2026-03-27 07:40:04,3.00,5.64000000,396140.00420000
2026-03-27 07:40:04,4.00,7.40300000,521815.19700000
2026-03-27 07:40:04,5.00,7.72400000,544892.21320000
2026-03-27 07:40:33,-5.00,14.66400000,984274.01350000
2026-03-27 07:40:33,-4.00,14.06700000,945148.41810000
2026-03-27 07:40:33,-3.00,11.94800000,804727.63210000
2026-03-27 07:40:33,-2.00,8.75300000,591456.10690000
2026-03-27 07:40:33,-1.00,0.67300000,45984.96990000
2026-03-27 07:40:33,-0.20,0.22500000,15436.56440000
2026-03-27 07:40:33,0.20,0.30500000,20945.33910000
2026-03-27 07:40:33,1.00,0.44000000,30281.58110000
2026-03-27 07:40:33,2.00,1.65200000,114714.75380000
2026-03-27 07:40:33,3.00,3.62100000,253073.91090000
2026-03-27 07:40:33,4.00,7.48300000,527190.52880000
2026-03-27 07:40:33,5.00,7.80000000,549978.45990000
2026-03-27 07:41:01,-5.00,14.63500000,982227.35180000
2026-03-27 07:41:01,-4.00,14.03800000,943101.75640000
2026-03-27 07:41:01,-3.00,11.91900000,802680.97040000
2026-03-27 07:41:01,-2.00,8.72400000,589443.33290000
2026-03-27 07:41:01,-1.00,0.64700000,44204.58210000
2026-03-27 07:41:01,-0.20,0.24700000,16944.17970000
2026-03-27 07:41:01,0.20,0.24000000,16484.78130000
2026-03-27 07:41:01,1.00,0.37400000,25752.24220000
2026-03-27 07:41:01,2.00,1.58600000,110185.41490000
2026-03-27 07:41:01,3.00,4.39500000,307862.43200000
2026-03-27 07:41:01,4.00,7.41700000,522571.64590000
2026-03-27 07:41:01,5.00,7.73400000,545359.57700000
2026-03-27 07:41:32,-5.00,14.65100000,983331.03010000
2026-03-27 07:41:32,-4.00,14.05400000,944205.43470000
2026-03-27 07:41:32,-3.00,11.93500000,803784.64870000
2026-03-27 07:41:32,-2.00,8.73000000,589874.02430000
2026-03-27 07:41:32,-1.00,0.65600000,44832.44450000
2026-03-27 07:41:32,-0.20,0.22600000,15513.22810000
2026-03-27 07:41:32,0.20,0.28100000,19308.32490000
2026-03-27 07:41:32,1.00,0.42300000,29128.46310000
2026-03-27 07:41:32,2.00,1.63400000,113492.30550000
2026-03-27 07:41:32,3.00,5.70300000,400274.75860000
2026-03-27 07:41:32,4.00,7.46600000,525949.95140000
2026-03-27 07:41:32,5.00,7.78700000,549026.96760000
2026-03-27 07:42:01,-5.00,14.64700000,983054.72400000
2026-03-27 07:42:01,-4.00,14.05000000,943929.12860000
2026-03-27 07:42:01,-3.00,11.93100000,803508.34260000
2026-03-27 07:42:01,-2.00,8.73600000,590270.70510000
2026-03-27 07:42:01,-1.00,0.65700000,44896.05060000
2026-03-27 07:42:01,-0.20,0.22600000,15511.04880000
2026-03-27 07:42:01,0.20,0.28100000,19301.91630000
2026-03-27 07:42:01,1.00,0.42300000,29122.05450000
2026-03-27 07:42:01,2.00,2.91800000,203361.01770000
2026-03-27 07:42:01,3.00,5.72900000,401834.08260000
2026-03-27 07:42:01,4.00,7.50400000,528230.98860000
2026-03-27 07:42:01,5.00,7.82100000,551018.91970000
2026-03-27 07:42:31,-5.00,14.65200000,983399.46000000
2026-03-27 07:42:31,-4.00,14.05500000,944273.86460000
2026-03-27 07:42:31,-3.00,11.93600000,803853.07860000
2026-03-27 07:42:31,-2.00,8.74000000,590548.15540000
2026-03-27 07:42:31,-1.00,0.65800000,44968.86100000
2026-03-27 07:42:31,-0.20,0.22800000,15650.19180000
2026-03-27 07:42:31,0.20,0.28300000,19444.51810000
2026-03-27 07:42:31,1.00,0.42500000,29264.65630000
2026-03-27 07:42:31,2.00,2.92000000,203503.61950000
2026-03-27 07:42:31,3.00,5.73100000,401976.68440000
2026-03-27 07:42:31,4.00,7.50700000,528445.00530000
2026-03-27 07:42:31,5.00,7.82800000,551522.02150000
2026-03-27 07:43:00,-5.00,14.61800000,981015.28320000
2026-03-27 07:43:00,-4.00,14.02100000,941889.68780000
2026-03-27 07:43:00,-3.00,11.90100000,801453.77550000
2026-03-27 07:43:00,-2.00,8.69600000,587543.15110000
2026-03-27 07:43:00,-1.00,0.62200000,42501.57130000
2026-03-27 07:43:00,-0.20,0.19200000,13182.35490000
2026-03-27 07:43:00,0.20,0.24300000,16693.23370000
2026-03-27 07:43:00,1.00,0.38500000,26513.37190000
2026-03-27 07:43:00,2.00,2.88000000,200752.33510000
2026-03-27 07:43:00,3.00,5.69100000,399225.40000000
2026-03-27 07:43:00,4.00,7.46700000,525693.72090000
2026-03-27 07:43:00,5.00,7.78800000,548770.73710000
2026-03-27 07:43:33,-5.00,14.64900000,983164.82460000
2026-03-27 07:43:33,-4.00,14.05200000,944039.22920000
2026-03-27 07:43:33,-3.00,11.93200000,803603.31690000
2026-03-27 07:43:33,-2.00,8.73600000,590298.39370000
2026-03-27 07:43:33,-1.00,0.65800000,44965.29010000
2026-03-27 07:43:33,-0.20,0.22700000,15580.28830000
2026-03-27 07:43:33,0.20,0.24200000,16627.59880000
2026-03-27 07:43:33,1.00,0.38400000,26447.73700000
2026-03-27 07:43:33,2.00,2.87900000,200686.70020000
2026-03-27 07:43:33,3.00,5.69000000,399159.76510000
2026-03-27 07:43:33,4.00,7.46500000,525556.67110000
2026-03-27 07:43:33,5.00,7.78200000,548344.60220000
2026-03-27 07:44:03,-5.00,14.61000000,980492.22490000
2026-03-27 07:44:03,-4.00,14.01300000,941366.62950000
2026-03-27 07:44:03,-3.00,11.29900000,761356.89280000
2026-03-27 07:44:03,-2.00,8.68800000,587020.09280000
2026-03-27 07:44:03,-1.00,0.61400000,41952.77820000
2026-03-27 07:44:03,-0.20,0.18300000,12565.01850000
2026-03-27 07:44:03,0.20,0.20100000,13809.49260000
2026-03-27 07:44:03,1.00,0.34600000,23838.81940000
2026-03-27 07:44:03,2.00,2.83600000,197730.96050000
2026-03-27 07:44:03,3.00,5.64700000,396204.02540000
2026-03-27 07:44:03,4.00,7.42300000,522672.34630000
2026-03-27 07:44:03,5.00,7.74400000,545749.36250000
2026-03-27 07:44:32,-5.00,14.61600000,980901.01790000
2026-03-27 07:44:32,-4.00,14.01900000,941775.42250000
2026-03-27 07:44:32,-3.00,11.89900000,801339.51020000
2026-03-27 07:44:32,-2.00,8.70300000,588034.58700000
2026-03-27 07:44:32,-1.00,0.62500000,42701.48340000
2026-03-27 07:44:32,-0.20,0.19400000,13316.48160000
2026-03-27 07:44:32,0.20,0.15600000,10717.12870000
2026-03-27 07:44:32,1.00,0.29800000,20537.26690000
2026-03-27 07:44:32,2.00,2.79300000,194776.23010000
2026-03-27 07:44:32,3.00,5.60400000,393249.29500000
2026-03-27 07:44:32,4.00,7.37900000,519646.20100000
2026-03-27 07:44:32,5.00,7.70100000,542794.63210000
2026-03-27 07:45:04,-5.00,14.61700000,980969.71590000
2026-03-27 07:45:04,-4.00,14.02000000,941844.12050000
2026-03-27 07:45:04,-3.00,11.90000000,801408.20820000
2026-03-27 07:45:04,-2.00,8.70400000,588103.28500000
2026-03-27 07:45:04,-1.00,0.62200000,42498.25580000
2026-03-27 07:45:04,-0.20,0.19200000,13179.58660000
2026-03-27 07:45:04,0.20,0.31600000,21705.55920000
2026-03-27 07:45:04,1.00,0.45800000,31525.69740000
2026-03-27 07:45:04,2.00,2.95300000,205764.66060000
2026-03-27 07:45:04,3.00,5.76400000,404237.72550000
2026-03-27 07:45:04,4.00,7.54000000,530706.04640000
2026-03-27 07:45:04,5.00,7.86000000,553710.96260000
2026-03-27 07:45:32,-5.00,14.68800000,985845.62100000
2026-03-27 07:45:32,-4.00,14.09100000,946720.02560000
2026-03-27 07:45:32,-3.00,11.97100000,806284.11330000
2026-03-27 07:45:32,-2.00,8.76600000,592373.48890000
2026-03-27 07:45:32,-1.00,0.69200000,47306.17430000
2026-03-27 07:45:32,-0.20,0.26200000,17986.95790000
2026-03-27 07:45:32,0.20,0.21500000,14770.06530000
2026-03-27 07:45:32,1.00,0.35700000,24590.20350000
2026-03-27 07:45:32,2.00,2.85200000,198829.16670000
2026-03-27 07:45:32,3.00,5.66300000,397302.23160000
2026-03-27 07:45:32,4.00,7.43900000,523770.55250000
2026-03-27 07:45:32,5.00,7.75900000,546775.46870000
2026-03-27 07:46:02,-5.00,14.61500000,980831.64580000
2026-03-27 07:46:02,-4.00,14.01800000,941706.05040000
2026-03-27 07:46:02,-3.00,11.89800000,801270.13810000
2026-03-27 07:46:02,-2.00,8.70200000,587965.21490000
2026-03-27 07:46:02,-1.00,0.62400000,42632.11130000
2026-03-27 07:46:02,-0.20,0.19300000,13247.10950000
2026-03-27 07:46:02,0.20,0.24100000,16551.40700000
2026-03-27 07:46:02,1.00,0.38300000,26371.54520000
2026-03-27 07:46:02,2.00,2.87800000,200610.50840000
2026-03-27 07:46:02,3.00,5.68900000,399083.57330000
2026-03-27 07:46:02,4.00,7.46400000,525480.47930000
2026-03-27 07:46:02,5.00,7.78100000,548268.41040000
2026-03-27 07:46:32,-5.00,14.61700000,980970.16730000
2026-03-27 07:46:32,-4.00,14.02000000,941844.57190000
2026-03-27 07:46:32,-3.00,11.90000000,801408.65960000
2026-03-27 07:46:32,-2.00,8.70400000,588103.73640000
2026-03-27 07:46:32,-1.00,0.62200000,42498.70720000
2026-03-27 07:46:32,-0.20,0.19200000,13180.03800000
2026-03-27 07:46:32,0.20,0.21000000,14425.52510000
2026-03-27 07:46:32,1.00,0.35200000,24245.66330000
2026-03-27 07:46:32,2.00,2.84700000,198484.62650000
2026-03-27 07:46:32,3.00,5.65800000,396957.69140000
2026-03-27 07:46:32,4.00,7.43400000,523426.01230000
2026-03-27 07:46:32,5.00,7.75400000,546430.92850000
2026-03-27 07:47:01,-5.00,14.62000000,981176.53290000
2026-03-27 07:47:01,-4.00,14.02300000,942050.93750000
2026-03-27 07:47:01,-3.00,11.90300000,801615.02520000
2026-03-27 07:47:01,-2.00,8.69800000,587704.40080000
2026-03-27 07:47:01,-1.00,0.62400000,42637.08620000
2026-03-27 07:47:01,-0.20,0.19400000,13317.86980000
2026-03-27 07:47:01,0.20,0.13700000,9412.71210000
2026-03-27 07:47:01,1.00,0.27900000,19232.85030000
2026-03-27 07:47:01,2.00,2.77400000,193471.81350000
2026-03-27 07:47:01,3.00,5.58500000,391944.87840000
2026-03-27 07:47:01,4.00,7.36100000,518413.19930000
2026-03-27 07:47:01,5.00,7.68100000,541418.11550000
2026-03-27 07:47:32,-5.00,14.62000000,981175.95250000
2026-03-27 07:47:32,-4.00,14.02300000,942050.35710000
2026-03-27 07:47:32,-3.00,11.90300000,801614.44480000
2026-03-27 07:47:32,-2.00,8.70700000,588309.52160000
2026-03-27 07:47:32,-1.00,0.62900000,42976.41800000
2026-03-27 07:47:32,-0.20,0.19800000,13591.41620000
2026-03-27 07:47:32,0.20,0.33300000,22873.34520000
2026-03-27 07:47:32,1.00,0.47500000,32693.48340000
2026-03-27 07:47:32,2.00,2.97000000,206932.44660000
2026-03-27 07:47:32,3.00,5.78100000,405405.51150000
2026-03-27 07:47:32,4.00,7.55600000,531802.41750000
2026-03-27 07:47:32,5.00,7.87700000,554878.74860000
2026-03-27 07:48:00,-5.00,14.46000000,970190.65750000
2026-03-27 07:48:00,-4.00,13.86300000,931065.06210000
2026-03-27 07:48:00,-3.00,11.74300000,790629.14980000
2026-03-27 07:48:00,-2.00,8.54800000,577391.51230000
2026-03-27 07:48:00,-1.00,0.46900000,31991.12300000
2026-03-27 07:48:00,-0.20,0.03800000,2606.12120000
2026-03-27 07:48:00,0.20,0.29600000,20331.32130000
2026-03-27 07:48:00,1.00,0.43800000,30151.45950000
2026-03-27 07:48:00,2.00,2.93300000,204390.42270000
2026-03-27 07:48:00,3.00,5.74400000,402863.48760000
2026-03-27 07:48:00,4.00,7.51900000,529260.39360000
2026-03-27 07:48:00,5.00,7.83600000,552048.32470000
2026-03-27 07:48:30,-5.00,14.62100000,981240.28730000
2026-03-27 07:48:30,-4.00,14.02400000,942114.69190000
2026-03-27 07:48:30,-3.00,11.90400000,801678.77960000
2026-03-27 07:48:30,-2.00,8.70800000,588373.85640000
2026-03-27 07:48:30,-1.00,0.63000000,43040.75280000
2026-03-27 07:48:30,-0.20,0.17900000,12286.49900000
2026-03-27 07:48:30,0.20,0.22900000,15728.14390000
2026-03-27 07:48:30,1.00,0.37100000,25548.28210000
2026-03-27 07:48:30,2.00,2.86600000,199787.24530000
2026-03-27 07:48:30,3.00,5.67700000,398260.31020000
2026-03-27 07:48:30,4.00,7.45200000,524657.21620000
2026-03-27 07:48:30,5.00,7.76900000,547445.14730000
2026-03-27 07:49:31,-5.00,14.69100000,986011.64650000
2026-03-27 07:49:31,-4.00,14.09400000,946886.05110000
2026-03-27 07:49:31,-3.00,11.97400000,806450.13880000
2026-03-27 07:49:31,-2.00,8.77900000,593243.89420000
2026-03-27 07:49:31,-1.00,0.70000000,47843.50490000
2026-03-27 07:49:31,-0.20,0.24800000,17020.74800000
2026-03-27 07:49:31,0.20,0.16100000,11058.63660000
2026-03-27 07:49:31,1.00,0.30300000,20878.77480000
2026-03-27 07:49:31,2.00,2.79800000,195117.73800000
2026-03-27 07:49:31,3.00,5.60900000,393590.80290000
2026-03-27 07:49:31,4.00,7.38400000,519987.70890000
2026-03-27 07:49:31,5.00,7.70100000,542775.64000000
2026-03-27 07:50:04,-5.00,14.57700000,978205.20170000
2026-03-27 07:50:04,-4.00,13.98000000,939079.60630000
2026-03-27 07:50:04,-3.00,11.86000000,798643.69400000
2026-03-27 07:50:04,-2.00,8.66400000,585370.16370000
2026-03-27 07:50:04,-1.00,0.59700000,40782.65550000
2026-03-27 07:50:04,-0.20,0.16100000,11052.06530000
2026-03-27 07:50:04,0.20,0.24300000,16688.44280000
2026-03-27 07:50:04,1.00,0.36900000,25403.40020000
2026-03-27 07:50:04,2.00,2.85300000,198877.47290000
2026-03-27 07:50:04,3.00,5.66400000,397350.53780000
2026-03-27 07:50:04,4.00,7.43900000,523747.44380000
2026-03-27 07:50:04,5.00,7.75600000,546535.37490000
2026-03-27 07:50:33,-5.00,14.15900000,950490.38680000
2026-03-27 07:50:33,-4.00,13.86500000,931167.23520000
2026-03-27 07:50:33,-3.00,11.74500000,790731.32290000
2026-03-27 07:50:33,-2.00,8.55000000,577525.07830000
2026-03-27 07:50:33,-1.00,0.48200000,32870.28440000
2026-03-27 07:50:33,-0.20,0.00600000,411.40620000
2026-03-27 07:50:33,0.20,0.05400000,3708.70190000
2026-03-27 07:50:33,1.00,0.18000000,12423.65930000
2026-03-27 07:50:33,2.00,2.66400000,185897.73200000
2026-03-27 07:50:33,3.00,5.47500000,384370.79690000
2026-03-27 07:50:33,4.00,7.25000000,510767.70290000
2026-03-27 07:50:33,5.00,7.56700000,533555.63400000
2026-03-27 07:51:02,-5.00,14.20300000,953526.26280000
2026-03-27 07:51:02,-4.00,13.90900000,934203.11120000
2026-03-27 07:51:02,-3.00,11.78900000,793767.19890000
2026-03-27 07:51:02,-2.00,8.59400000,580560.95430000
2026-03-27 07:51:02,-1.00,0.52600000,35906.16040000
2026-03-27 07:51:02,-0.20,0.09000000,6175.57020000
2026-03-27 07:51:02,0.20,0.05400000,3708.70190000
2026-03-27 07:51:02,1.00,0.18000000,12423.65930000
2026-03-27 07:51:02,2.00,2.66400000,185897.73200000
2026-03-27 07:51:02,3.00,5.47500000,384370.79690000
2026-03-27 07:51:02,4.00,7.25000000,510767.70290000
2026-03-27 07:51:02,5.00,7.56700000,533555.63400000
2026-03-27 07:51:33,-5.00,13.70700000,920499.16800000
2026-03-27 07:51:33,-4.00,13.41300000,901176.01640000
2026-03-27 07:51:33,-3.00,11.74500000,790734.77890000
2026-03-27 07:51:33,-2.00,8.55000000,577528.53430000
2026-03-27 07:51:33,-1.00,0.48200000,32873.74040000
2026-03-27 07:51:33,-0.20,0.00600000,411.40620000
2026-03-27 07:51:33,0.20,0.05400000,3708.70190000
2026-03-27 07:51:33,1.00,0.18000000,12423.65930000
2026-03-27 07:51:33,2.00,2.66400000,185897.73200000
2026-03-27 07:51:33,3.00,5.47500000,384370.79690000
2026-03-27 07:51:33,4.00,7.25000000,510767.70290000
2026-03-27 07:51:33,5.00,7.56700000,533555.63400000
2026-03-27 07:52:01,-5.00,13.70700000,920499.13000000
2026-03-27 07:52:01,-4.00,13.41300000,901175.97840000
2026-03-27 07:52:01,-3.00,11.74500000,790734.74090000
2026-03-27 07:52:01,-2.00,8.55000000,577528.49630000
2026-03-27 07:52:01,-1.00,0.48200000,32873.70240000
2026-03-27 07:52:01,-0.20,0.00600000,411.36820000
2026-03-27 07:52:01,0.20,0.05400000,3708.70190000
2026-03-27 07:52:01,1.00,0.18000000,12423.65930000
2026-03-27 07:52:01,2.00,2.66400000,185897.73200000
2026-03-27 07:52:01,3.00,5.47500000,384370.79690000
2026-03-27 07:52:01,4.00,7.25000000,510767.70290000
2026-03-27 07:52:01,5.00,7.56700000,533555.63400000
2026-03-27 07:52:31,-5.00,7.75900000,523227.64410000
2026-03-27 07:52:31,-4.00,7.37800000,498107.90580000
2026-03-27 07:52:31,-3.00,6.96200000,470343.98850000
2026-03-27 07:52:31,-2.00,1.00400000,68284.15520000
2026-03-27 07:52:31,-1.00,0.17100000,11710.33850000
2026-03-27 07:52:31,-0.20,0E-8,0E-8
2026-03-27 07:52:31,0.20,0E-8,0E-8
2026-03-27 07:52:31,1.00,0.16200000,11244.64050000
2026-03-27 07:52:31,2.00,0.96900000,67647.61240000
2026-03-27 07:52:31,3.00,0.99300000,69343.89880000
2026-03-27 07:52:31,4.00,1.53700000,108161.16890000
2026-03-27 07:52:31,5.00,2.10100000,148837.20900000
2026-03-27 07:53:01,-5.00,7.75900000,523227.64410000
2026-03-27 07:53:01,-4.00,7.37800000,498107.90580000
2026-03-27 07:53:01,-3.00,6.96200000,470343.98850000
2026-03-27 07:53:01,-2.00,1.00400000,68284.15520000
2026-03-27 07:53:01,-1.00,0.17100000,11710.33850000
2026-03-27 07:53:01,-0.20,0E-8,0E-8
2026-03-27 07:53:01,0.20,0E-8,0E-8
2026-03-27 07:53:01,1.00,0.16200000,11244.64050000
2026-03-27 07:53:01,2.00,0.96900000,67647.61240000
2026-03-27 07:53:01,3.00,0.99300000,69343.89880000
2026-03-27 07:53:01,4.00,1.53700000,108161.16890000
2026-03-27 07:53:01,5.00,2.10100000,148837.20900000
2026-03-27 07:53:32,-5.00,7.75900000,523227.64410000
2026-03-27 07:53:32,-4.00,7.38100000,498306.87240000
2026-03-27 07:53:32,-3.00,7.13800000,482135.65170000
2026-03-27 07:53:32,-2.00,1.14200000,77621.92120000
2026-03-27 07:53:32,-1.00,0.17300000,11847.04750000
2026-03-27 07:53:32,-0.20,0E-8,0E-8
2026-03-27 07:53:32,0.20,0E-8,0E-8
2026-03-27 07:53:32,1.00,0.23500000,16295.16010000
2026-03-27 07:53:32,2.00,1.04200000,72698.13200000
2026-03-27 07:53:32,3.00,1.06600000,74394.41840000
2026-03-27 07:53:32,4.00,1.61000000,113211.68850000
2026-03-27 07:53:32,5.00,2.16200000,153017.66140000
2026-03-27 07:54:00,-5.00,7.75900000,523227.64410000
2026-03-27 07:54:00,-4.00,7.38100000,498306.87240000
2026-03-27 07:54:00,-3.00,7.13800000,482135.65170000
2026-03-27 07:54:00,-2.00,1.14200000,77621.92120000
2026-03-27 07:54:00,-1.00,0.17300000,11847.04750000
2026-03-27 07:54:00,-0.20,0E-8,0E-8
2026-03-27 07:54:00,0.20,0E-8,0E-8
2026-03-27 07:54:00,1.00,0.23300000,16156.78970000
2026-03-27 07:54:00,2.00,1.04000000,72559.76160000
2026-03-27 07:54:00,3.00,1.06400000,74256.04800000
2026-03-27 07:54:00,4.00,1.60800000,113073.31810000
2026-03-27 07:54:00,5.00,2.16000000,152879.29100000
2026-03-27 07:54:31,-5.00,7.75900000,523227.64410000
2026-03-27 07:54:31,-4.00,7.38100000,498306.87240000
2026-03-27 07:54:31,-3.00,7.13800000,482135.65170000
2026-03-27 07:54:31,-2.00,1.14200000,77621.92120000
2026-03-27 07:54:31,-1.00,0.17300000,11847.04750000
2026-03-27 07:54:31,-0.20,0E-8,0E-8
2026-03-27 07:54:31,0.20,0E-8,0E-8
2026-03-27 07:54:31,1.00,0.23100000,16018.41930000
2026-03-27 07:54:31,2.00,1.03800000,72421.39120000
2026-03-27 07:54:31,3.00,1.06200000,74117.67760000
2026-03-27 07:54:31,4.00,1.60600000,112934.94770000
2026-03-27 07:54:31,5.00,2.15800000,152740.92060000
2026-03-27 07:55:01,-5.00,7.75900000,523227.70320000
2026-03-27 07:55:01,-4.00,7.38100000,498306.93150000
2026-03-27 07:55:01,-3.00,7.13800000,482135.71080000
2026-03-27 07:55:01,-2.00,1.14200000,77621.98030000
2026-03-27 07:55:01,-1.00,0.17300000,11847.10660000
2026-03-27 07:55:01,-0.20,0E-8,0E-8
2026-03-27 07:55:01,0.20,0E-8,0E-8
2026-03-27 07:55:01,1.00,0.23100000,16018.41930000
2026-03-27 07:55:01,2.00,1.03800000,72421.39120000
2026-03-27 07:55:01,3.00,1.06200000,74117.67760000
2026-03-27 07:55:01,4.00,1.60600000,112934.94770000
2026-03-27 07:55:01,5.00,2.15800000,152740.92060000
2026-03-27 07:55:31,-5.00,7.71100000,519750.36340000
2026-03-27 07:55:31,-4.00,7.41700000,500427.21180000
2026-03-27 07:55:31,-3.00,7.09100000,478801.38490000
2026-03-27 07:55:31,-2.00,6.71000000,453268.24950000
2026-03-27 07:55:31,-1.00,0.11400000,7789.16530000
2026-03-27 07:55:31,-0.20,0E-8,0E-8
2026-03-27 07:55:31,0.20,0E-8,0E-8
2026-03-27 07:55:31,1.00,0.08200000,5672.66560000
2026-03-27 07:55:31,2.00,0.92600000,64539.54550000
2026-03-27 07:55:31,3.00,1.06000000,73960.69290000
2026-03-27 07:55:31,4.00,1.57300000,110549.26070000
2026-03-27 07:55:31,5.00,1.89300000,133554.17690000
2026-03-27 07:56:01,-5.00,7.71100000,519750.36340000
2026-03-27 07:56:01,-4.00,7.41700000,500427.21180000
2026-03-27 07:56:01,-3.00,7.09100000,478801.38490000
2026-03-27 07:56:01,-2.00,6.71000000,453268.24950000
2026-03-27 07:56:01,-1.00,0.11400000,7789.16530000
2026-03-27 07:56:01,-0.20,0E-8,0E-8
2026-03-27 07:56:01,0.20,0E-8,0E-8
2026-03-27 07:56:01,1.00,0.08200000,5672.66560000
2026-03-27 07:56:01,2.00,0.92600000,64539.54550000
2026-03-27 07:56:01,3.00,1.06000000,73960.69290000
2026-03-27 07:56:01,4.00,1.57300000,110549.26070000
2026-03-27 07:56:01,5.00,1.89300000,133554.17690000
2026-03-27 07:56:31,-5.00,4.61400000,311055.77790000
2026-03-27 07:56:31,-4.00,4.16700000,281227.98430000
2026-03-27 07:56:31,-3.00,0.06900000,4716.80540000
2026-03-27 07:56:31,-2.00,0.02600000,1794.02860000
2026-03-27 07:56:31,-1.00,0.00800000,555.75040000
2026-03-27 07:56:31,-0.20,0E-8,0E-8
2026-03-27 07:56:31,0.20,0E-8,0E-8
2026-03-27 07:56:31,1.00,0.00800000,561.88360000
2026-03-27 07:56:31,2.00,0.04800000,3392.69720000
2026-03-27 07:56:31,3.00,0.06200000,4393.97460000
2026-03-27 07:56:31,4.00,0.41100000,29614.50870000
2026-03-27 07:56:31,5.00,1.06100000,76989.39880000
2026-03-27 07:57:01,-5.00,13.90100000,936977.60530000
2026-03-27 07:57:01,-4.00,13.68200000,922659.71490000
2026-03-27 07:57:01,-3.00,13.34700000,900531.94290000
2026-03-27 07:57:01,-2.00,12.94400000,873623.95090000
2026-03-27 07:57:01,-1.00,0.00800000,544.76560000
2026-03-27 07:57:01,-0.20,0E-8,0E-8
2026-03-27 07:57:01,0.20,0E-8,0E-8
2026-03-27 07:57:01,1.00,0.01000000,687.99300000
2026-03-27 07:57:01,2.00,0.02500000,1729.05450000
2026-03-27 07:57:01,3.00,0.09500000,6631.56410000
2026-03-27 07:57:01,4.00,0.10600000,7411.21640000
2026-03-27 07:57:01,5.00,0.12000000,8412.49380000
2026-03-27 07:57:33,-5.00,13.81200000,931234.50760000
2026-03-27 07:57:33,-4.00,13.52000000,912027.24980000
2026-03-27 07:57:33,-3.00,13.14700000,887244.00090000
2026-03-27 07:57:33,-2.00,0.03700000,2513.77080000
2026-03-27 07:57:33,-1.00,0.00900000,616.73480000
2026-03-27 07:57:33,-0.20,0E-8,0E-8
2026-03-27 07:57:33,0.20,0E-8,0E-8
2026-03-27 07:57:33,1.00,0.02500000,1731.87110000
2026-03-27 07:57:33,2.00,0.09500000,6630.86310000
2026-03-27 07:57:33,3.00,0.10600000,7406.96900000
2026-03-27 07:57:33,4.00,0.12000000,8404.67160000
2026-03-27 07:57:33,5.00,0.40600000,29057.70250000
2026-03-27 07:58:01,-5.00,13.87700000,935626.39010000
2026-03-27 07:58:01,-4.00,13.58500000,916419.13230000
2026-03-27 07:58:01,-3.00,13.21200000,891635.88340000
2026-03-27 07:58:01,-2.00,0.10200000,6905.65330000
2026-03-27 07:58:01,-1.00,0.00900000,616.73480000
2026-03-27 07:58:01,-0.20,0E-8,0E-8
2026-03-27 07:58:01,0.20,0E-8,0E-8
2026-03-27 07:58:01,1.00,0.02500000,1731.87110000
2026-03-27 07:58:01,2.00,0.09500000,6630.86310000
2026-03-27 07:58:01,3.00,0.10600000,7406.96900000
2026-03-27 07:58:01,4.00,0.12000000,8404.67160000
2026-03-27 07:58:01,5.00,0.40600000,29057.70250000
2026-03-27 07:58:33,-5.00,13.80200000,930684.18540000
2026-03-27 07:58:33,-4.00,13.46300000,908325.56970000
2026-03-27 07:58:33,-3.00,13.01300000,878298.77140000
2026-03-27 07:58:33,-2.00,0.02600000,1776.11600000
2026-03-27 07:58:33,-1.00,0.01200000,824.03600000
2026-03-27 07:58:33,-0.20,0E-8,0E-8
2026-03-27 07:58:33,0.20,0E-8,0E-8
2026-03-27 07:58:33,1.00,0.02200000,1526.39350000
2026-03-27 07:58:33,2.00,0.09200000,6428.90310000
2026-03-27 07:58:33,3.00,0.10300000,7208.55540000
2026-03-27 07:58:33,4.00,0.11700000,8209.83280000
2026-03-27 07:58:33,5.00,0.46100000,33067.36690000
2026-03-27 07:59:00,-5.00,13.80200000,930684.18540000
2026-03-27 07:59:00,-4.00,13.46300000,908325.56970000
2026-03-27 07:59:00,-3.00,13.01300000,878298.77140000
2026-03-27 07:59:00,-2.00,0.02600000,1776.11600000
2026-03-27 07:59:00,-1.00,0.01200000,824.03600000
2026-03-27 07:59:00,-0.20,0E-8,0E-8
2026-03-27 07:59:00,0.20,0E-8,0E-8
2026-03-27 07:59:00,1.00,0.02200000,1526.39350000
2026-03-27 07:59:00,2.00,0.09200000,6428.90310000
2026-03-27 07:59:00,3.00,0.10300000,7208.55540000
2026-03-27 07:59:00,4.00,0.11700000,8209.83280000
2026-03-27 07:59:00,5.00,0.55900000,40119.97610000
2026-03-27 07:59:30,-5.00,13.80200000,930684.18540000
2026-03-27 07:59:30,-4.00,13.46300000,908325.56970000
2026-03-27 07:59:30,-3.00,13.01300000,878298.77140000
2026-03-27 07:59:30,-2.00,0.02600000,1776.11600000
2026-03-27 07:59:30,-1.00,0.01200000,824.03600000
2026-03-27 07:59:30,-0.20,0E-8,0E-8
2026-03-27 07:59:30,0.20,0E-8,0E-8
2026-03-27 07:59:30,1.00,0.02200000,1526.39350000
2026-03-27 07:59:30,2.00,0.09200000,6428.90310000
2026-03-27 07:59:30,3.00,0.10300000,7208.55540000
2026-03-27 07:59:30,4.00,0.11700000,8209.83280000
2026-03-27 07:59:30,5.00,0.55900000,40119.97610000
2026-03-27 08:00:06,-5.00,13.80200000,930684.18540000
2026-03-27 08:00:06,-4.00,13.46300000,908325.56970000
2026-03-27 08:00:06,-3.00,13.01300000,878298.77140000
2026-03-27 08:00:06,-2.00,0.02600000,1776.11600000
2026-03-27 08:00:06,-1.00,0.01200000,824.03600000
2026-03-27 08:00:06,-0.20,0E-8,0E-8
2026-03-27 08:00:06,0.20,0E-8,0E-8
2026-03-27 08:00:06,1.00,0.12300000,8521.65350000
2026-03-27 08:00:06,2.00,0.54300000,37889.26810000
2026-03-27 08:00:06,3.00,0.55400000,38668.92040000
2026-03-27 08:00:06,4.00,0.56800000,39670.19780000
2026-03-27 08:00:06,5.00,1.01000000,71580.34110000
2026-03-27 08:00:43,-5.00,13.80200000,930684.18540000
2026-03-27 08:00:43,-4.00,13.46300000,908325.56970000
2026-03-27 08:00:43,-3.00,13.01300000,878298.77140000
2026-03-27 08:00:43,-2.00,0.02600000,1776.11600000
2026-03-27 08:00:43,-1.00,0.01200000,824.03600000
2026-03-27 08:00:43,-0.20,0E-8,0E-8
2026-03-27 08:00:43,0.20,0E-8,0E-8
2026-03-27 08:00:43,1.00,0.12300000,8521.65350000
2026-03-27 08:00:43,2.00,0.54300000,37889.26810000
2026-03-27 08:00:43,3.00,0.55400000,38668.92040000
2026-03-27 08:00:43,4.00,0.56800000,39670.19780000
2026-03-27 08:00:43,5.00,1.01000000,71580.34110000
2026-03-27 08:01:02,-5.00,13.80200000,930684.18540000
2026-03-27 08:01:02,-4.00,13.46300000,908325.56970000
2026-03-27 08:01:02,-3.00,13.01300000,878298.77140000
2026-03-27 08:01:02,-2.00,0.02600000,1776.11600000
2026-03-27 08:01:02,-1.00,0.01200000,824.03600000
2026-03-27 08:01:02,-0.20,0E-8,0E-8
2026-03-27 08:01:02,0.20,0E-8,0E-8
2026-03-27 08:01:02,1.00,0.12300000,8521.65350000
2026-03-27 08:01:02,2.00,0.54300000,37889.26810000
2026-03-27 08:01:02,3.00,0.55400000,38668.92040000
2026-03-27 08:01:02,4.00,0.56800000,39670.19780000
2026-03-27 08:01:02,5.00,1.01000000,71580.34110000
2026-03-27 08:01:30,-5.00,13.80200000,930684.18540000
2026-03-27 08:01:30,-4.00,13.46300000,908325.56970000
2026-03-27 08:01:30,-3.00,13.01300000,878298.77140000
2026-03-27 08:01:30,-2.00,0.02600000,1776.11600000
2026-03-27 08:01:30,-1.00,0.01200000,824.03600000
2026-03-27 08:01:30,-0.20,0E-8,0E-8
2026-03-27 08:01:30,0.20,0E-8,0E-8
2026-03-27 08:01:30,1.00,0.12300000,8521.65350000
2026-03-27 08:01:30,2.00,0.54300000,37889.26810000
2026-03-27 08:01:30,3.00,0.55400000,38668.92040000
2026-03-27 08:01:30,4.00,0.56800000,39670.19780000
2026-03-27 08:01:30,5.00,1.01000000,71580.34110000
